Match_ID,Date,Time,Comp,Round,Day,Season,GF,GA,Home_Team,Away_Team,Result,Home_Elo,Venue_Code,Hour,Home_GF_rolling,Home_GA_rolling,Home_xG_rolling,Home_xGA_rolling,Home_Poss_rolling,Home_Sh_rolling,Home_SoT_rolling,Home_SoT%_rolling,Home_npxG_rolling,Home_npxG/Sh_rolling,Home_SoTA_rolling,Home_PSxG_rolling,Home_PSxG+/-_rolling,Home_Opp_rolling,Home_1/3_rolling,Home_xAG_rolling,Home_xA_rolling,Home_KP_rolling,Home_CrsPA_rolling,Home_PrgP_rolling,Home_PPA_rolling,Home_FK_y_rolling,Home_TB_rolling,Home_Crs_rolling,Home_CK_rolling,Home_GCA_rolling,Home_PassLive_rolling,Home_PassDead_rolling,Home_SCA_rolling,Home_Att Pen_rolling,Home_PrgC_rolling,Home_Schedule_Strength_rolling,Away_Elo,Away_GF_rolling,Away_GA_rolling,Away_xG_rolling,Away_xGA_rolling,Away_Poss_rolling,Away_Sh_rolling,Away_SoT_rolling,Away_SoT%_rolling,Away_npxG_rolling,Away_npxG/Sh_rolling,Away_SoTA_rolling,Away_PSxG_rolling,Away_PSxG+/-_rolling,Away_Opp_rolling,Away_1/3_rolling,Away_xAG_rolling,Away_xA_rolling,Away_KP_rolling,Away_CrsPA_rolling,Away_PrgP_rolling,Away_PPA_rolling,Away_FK_y_rolling,Away_TB_rolling,Away_Crs_rolling,Away_CK_rolling,Away_GCA_rolling,Away_PassLive_rolling,Away_PassDead_rolling,Away_SCA_rolling,Away_Att Pen_rolling,Away_PrgC_rolling,Away_Schedule_Strength_rolling,Target,Relative_Elo
2020-12-11_Eint Frankfurt_Wolfsburg,2020-12-11,20:30,Bundesliga,Matchweek 11,Fri,2021,2.0,1.0,Wolfsburg,Eint Frankfurt,Home Win,1755.21142578,1,20.0,2.0562,1.1502,1.54126,1.2522399999999998,52.4616,13.447,5.0232,36.46998,1.4093800000000003,0.10963200000000001,2.9322,1.16714,0.26114000000000004,15.1276,35.770999999999994,1.22432,1.1889,10.6822,1.6199999999999999,51.191,10.1676,12.8904,0.9536,17.6908,4.2274,3.9146,17.461599999999997,1.9032,24.1512,24.0902,17.904600000000002,1684.9181101812762,1736.00598145,1.8308,2.4994,1.70286,2.0803,52.0864,12.723799999999999,3.7898,29.1396,1.4323,0.104386,6.4398,2.38266,0.04346,16.0386,36.9014,1.38246,1.4331200000000002,10.8496,2.2372,40.9166,7.5346,15.616,0.1978,20.4582,5.477399999999999,3.4174,17.046599999999998,2.9736,24.0986,18.5524,12.464,1712.797018190666,0,19.205444329999864
2020-12-12_Bayern Munich_Union Berlin,2020-12-12,18:30,Bundesliga,Matchweek 11,Sat,2021,1.0,1.0,Union Berlin,Bayern Munich,Draw,1665.65759277,1,18.0,2.9016,1.411,1.9793999999999998,0.76086,50.3942,13.9558,6.3348,48.259479999999996,1.6081999999999999,0.12062,3.0330000000000004,1.1468800000000001,-0.26412,10.984599999999999,28.5368,1.0955,1.03884,10.7932,3.4985999999999997,34.6114,6.4396,11.8566,0.4396,19.868,4.8606,5.4472000000000005,18.413,2.262,24.9348,17.615,18.156,1645.0016417959118,2057.17626953,2.6598,1.7004,1.4772,1.60716,60.0754,13.074200000000001,5.6798,45.76214,1.3189600000000001,0.09359999999999999,4.643,1.63032,-0.07008000000000002,12.4462,41.476,1.11038,1.36072,10.9086,4.834199999999999,60.21379999999999,15.5918,14.3924,0.3978,23.771199999999997,4.3309999999999995,4.7658000000000005,20.378999999999998,1.1118000000000001,24.773600000000002,34.2602,25.7138,1681.2622571027039,1,-391.51867675999983
2020-12-12_Arminia_Freiburg,2020-12-12,15:30,Bundesliga,Matchweek 11,Sat,2021,2.0,0.0,Freiburg,Arminia,Home Win,1661.7220459,1,15.0,1.442,2.2772,1.99574,1.60598,52.7462,17.7104,5.6064,35.395979999999994,1.80038,0.111954,5.1522,1.7503000000000002,-0.5269,10.5672,30.828000000000003,1.14866,0.90528,13.500799999999998,2.3912000000000004,41.15,7.582599999999999,14.2764,0.5934,25.3914,6.1442000000000005,2.242,20.1416,3.9236,30.2716,25.514599999999998,19.2808,1725.485535155992,1570.84143066,0.6022,2.3212,0.8795200000000001,1.9249200000000002,48.4358,10.042200000000001,2.503,24.329979999999995,0.8795200000000001,0.086516,5.5518,2.27926,-0.04193999999999998,13.8596,27.232000000000003,0.63478,0.69532,6.742999999999999,1.6576,25.0036,4.7616000000000005,15.780000000000001,0.3204,14.229799999999997,3.1812000000000005,0.8,11.6818,1.7802,17.1784,14.3718,9.4244,1718.872107592738,0,90.88061524
2020-12-12_Gladbach_Hertha BSC,2020-12-12,15:30,Bundesliga,Matchweek 11,Sat,2021,1.0,1.0,Gladbach,Hertha BSC,Draw,1811.22509766,1,15.0,1.7326000000000001,0.8022,1.8998599999999999,0.93122,53.2556,12.8406,5.2492,41.8574,1.75746,0.12957200000000002,3.5692,0.9405399999999999,0.13833999999999996,13.135199999999998,28.6132,1.23088,1.11452,8.5656,1.3974,43.2384,7.4826,14.8744,0.8815999999999999,15.355,4.0676000000000005,2.3348,13.799600000000002,2.6114,21.6352,23.365000000000002,16.3878,1677.358041529808,1684.52600098,2.032,1.2678,1.27248,1.6459800000000002,43.2962,9.281600000000001,3.8586,43.34512,1.09664,0.115246,4.6096,1.59294,0.32514,16.702,18.2742,0.90938,0.9209400000000001,6.6926,2.263,24.1092,6.9041999999999994,13.5306,1.1226,12.342199999999998,2.9752,3.2443999999999997,10.755400000000002,1.76,14.833400000000001,15.0912,12.1326,1801.912661328402,1,126.69909668000014
2020-12-12_Dortmund_Stuttgart,2020-12-12,15:30,Bundesliga,Matchweek 11,Sat,2021,1.0,5.0,Dortmund,Stuttgart,Away Win,1863.82189941,1,15.0,2.4698,1.1478,2.29238,0.85474,62.1344,15.054399999999998,5.4312000000000005,35.78828,2.1642200000000003,0.145512,3.436,1.06854,-0.07926,8.4732,43.86,2.00706,1.7620399999999998,13.0122,1.3754,47.270399999999995,10.915,11.782399999999999,1.4991999999999999,12.8008,4.4232000000000005,4.3242,21.167,1.714,26.7498,29.258200000000002,20.4226,1739.329817287832,1639.22668457,2.3424,1.2615999999999998,1.85332,1.06734,49.199200000000005,14.6848,5.8414,40.0619,1.5195,0.12253800000000001,3.919,0.9812600000000001,-0.28034,14.8294,29.8168,1.0013200000000002,1.1093,11.5792,1.4002,46.356399999999994,8.583000000000002,11.755799999999999,0.4984,16.205000000000002,4.801,3.5067999999999997,18.1334,2.1138000000000003,25.39,21.597999999999995,20.253800000000002,1666.8350520746121,2,224.59521483999993
2020-12-12_RB Leipzig_Werder Bremen,2020-12-12,15:30,Bundesliga,Matchweek 11,Sat,2021,2.0,0.0,RB Leipzig,Werder Bremen,Home Win,1884.46508789,1,15.0,2.736,0.6022,2.7708800000000005,0.9086799999999999,62.9656,18.7034,6.274000000000001,34.60784,1.98868,0.11000599999999999,2.1258,0.80342,0.20122,9.9944,43.7786,1.86694,1.76274,16.251399999999997,2.6528,51.6216,13.3262,13.7786,0.4222,17.9044,6.0546,4.1404,24.8046,2.7880000000000003,35.7614,32.195800000000006,22.645,1625.0358333993843,1658.47631836,1.8088000000000002,1.9768000000000001,1.4453799999999999,1.62328,34.047000000000004,9.6346,3.9226,46.62284,1.1748200000000002,0.145896,4.2466,1.5316200000000002,-0.4451799999999999,19.1604,17.428199999999997,1.0685200000000001,0.7955599999999999,7.519399999999999,2.5934,22.6892,3.7118,14.383200000000002,0.2442,14.0366,3.6664000000000003,2.8850000000000002,12.0368,1.8188,17.6512,13.191,9.737,1774.5667613783357,0,225.9887695299999
2020-12-13_Augsburg_Schalke 04,2020-12-13,15:30,Bundesliga,Matchweek 11,Sun,2021,2.0,2.0,Augsburg,Schalke 04,Draw,1645.67004395,1,15.0,1.1580000000000001,1.4574,0.9340999999999999,1.53888,43.6224,8.623000000000001,2.8918000000000004,34.575199999999995,0.9340999999999999,0.11813399999999999,4.7844,1.53038,0.07298000000000004,16.0932,20.7388,0.79454,0.6763399999999999,6.159000000000001,1.084,26.8904,3.8901999999999997,11.983799999999999,0.3382,13.1504,3.5782,1.4696,9.907,1.9582,14.2696,12.2448,11.9994,1712.298067650246,1593.82263184,0.6838,4.0034,0.7446,3.14176,42.4156,10.0748,1.486,13.66782,0.7446,0.064668,8.1292,3.14752,-0.67788,11.691399999999998,21.1026,0.55204,0.71174,6.9844,1.392,28.8624,5.9968,11.947999999999999,0.9690000000000001,11.785,3.8489999999999998,0.6838,12.0422,1.1014,16.790599999999998,15.156600000000001,9.174800000000001,1814.417225855336,1,51.84741211000005
2020-12-15_Hertha BSC_Mainz 05,2020-12-15,20:30,Bundesliga,Matchweek 12,Tue,2021,0.0,0.0,Hertha BSC,Mainz 05,Draw,1689.67272949,1,20.0,1.5302,2.3776,1.12604,1.27908,56.286,12.7488,4.8111999999999995,40.2966,0.9501999999999999,0.07900399999999999,3.6304000000000003,1.64112,-0.73648,9.3442,29.553200000000004,0.6799200000000001,0.9531799999999999,8.790799999999999,2.7272,40.9348,7.7863999999999995,13.6448,0.2198,23.053,6.3682,1.7875999999999999,13.609200000000001,2.4336,20.75,21.6966,21.9498,1713.786614697496,1620.72814941,1.2615999999999998,2.4941999999999998,1.7646199999999999,2.00202,42.3482,12.171,3.9308,27.484399999999997,1.7646199999999999,0.134432,6.4144000000000005,1.8640999999999999,-0.6301,16.7918,24.922,1.21438,0.8633,9.1226,1.9954,34.938199999999995,6.6472,11.9302,1.224,15.4544,2.9666,2.0592,13.5286,2.1544,19.7046,14.846,15.339,1654.6125328128921,1,68.94458007999992
2020-12-15_Stuttgart_Union Berlin,2020-12-15,20:30,Bundesliga,Matchweek 12,Tue,2021,2.0,2.0,Stuttgart,Union Berlin,Draw,1668.22045898,1,20.0,1.3800000000000001,2.0286,1.4498000000000002,1.92968,49.4236,14.623800000000001,3.9644,29.369640000000004,1.2739600000000002,0.085798,5.4442,1.70828,-0.32032000000000005,18.488400000000002,31.1856,1.0319800000000001,0.85698,11.3808,1.3204,42.6618,7.1508,14.480800000000002,0.5778,15.3694,6.135599999999999,2.2198,18.6774,2.2476000000000003,25.9958,20.978,19.6182,1781.856421116928,1674.37487793,1.6154,1.4884,1.4871400000000001,1.0514000000000001,41.2296,8.762599999999999,3.0612000000000004,34.733360000000005,1.15306,0.140066,4.8332,1.15404,-0.33436,13.9918,21.6912,0.90366,0.8593200000000001,6.168,1.8175999999999999,29.4994,5.1336,14.321200000000001,0.6374,16.474600000000002,4.601400000000001,2.8508,10.295,1.3381999999999998,15.832,14.554200000000002,11.7428,1676.2939149675722,1,-6.154418949999808
2020-12-15_Dortmund_Werder Bremen,2020-12-15,20:30,Bundesliga,Matchweek 12,Tue,2021,1.0,2.0,Werder Bremen,Dortmund,Away Win,1655.95910645,1,20.0,1.0,1.5468,0.7653,1.30712,51.578599999999994,11.489600000000001,3.1048000000000004,28.78356,0.58946,0.052442,4.1494,1.16006,-0.16694000000000006,12.1162,33.3544,0.36085999999999996,0.5708,7.2172,2.8386,40.6262,6.0672,17.720399999999998,0.0,18.089599999999997,2.3834,1.7802,13.6432,1.1602000000000001,18.7278,15.770600000000002,13.434999999999999,1639.452278173362,1836.7911377,1.9168,1.0042,2.00314,1.03908,64.16839999999999,17.1314,6.6306,38.135999999999996,2.00314,0.119554,2.474,0.8692000000000001,-0.13499999999999998,9.5926,39.9238,1.64008,1.7152600000000002,13.672,1.6982,60.00880000000001,16.93,12.3592,1.8022,17.2194,7.0842,3.1961999999999997,25.8042,1.2984,31.544600000000003,30.309800000000003,23.0554,1674.430087842122,2,-180.83203125
2020-12-15_Eint Frankfurt_Gladbach,2020-12-15,18:30,Bundesliga,Matchweek 12,Tue,2021,3.0,3.0,Eint Frankfurt,Gladbach,Draw,1730.42956543,1,18.0,1.178,1.0,1.74426,0.9800600000000002,52.08520000000001,12.654800000000002,3.9218,29.549519999999998,1.74426,0.144476,3.8046,1.05374,0.053739999999999996,11.4286,35.1062,1.62462,1.4834399999999999,10.5166,2.8344,47.4744,8.3366,12.786200000000001,0.38,23.406,6.686,2.356,17.3932,2.1968,22.413600000000002,20.381199999999996,18.5382,1759.240177830904,1800.79248047,2.2752000000000003,2.4218,2.0230799999999998,1.9358399999999998,54.6084,13.7372,5.9761999999999995,41.31912,1.58616,0.117288,4.970000000000001,1.5753400000000002,-0.84646,12.9988,31.0878,1.2863,1.0608,10.908599999999998,1.0,37.8198,5.9864,14.844199999999999,1.1738,14.77,5.3058,3.9349999999999996,15.3784,2.461,23.7576,18.865000000000002,17.8398,1701.3501591317843,1,-70.36291504000019
2020-12-16_Koln_Leverkusen,2020-12-16,20:30,Bundesliga,Matchweek 12,Wed,2021,0.0,4.0,Koln,Leverkusen,Away Win,1634.18078613,1,20.0,1.2442,1.9822,0.9765999999999999,1.7518200000000002,41.986999999999995,8.1072,2.9979999999999998,37.8223,0.9765999999999999,0.124092,5.2298,1.69084,-0.29136,15.4312,22.6798,0.75212,0.69592,6.554600000000001,1.2698,29.044,3.7403999999999997,14.883000000000001,0.0,16.416600000000003,3.8174,2.1304,10.7372,2.055,14.3236,10.2664,11.294400000000001,1785.1114330317341,1849.29199219,2.3016,0.7756000000000001,1.4409200000000002,0.7607999999999999,61.6072,15.4288,6.3128,43.78042000000001,1.4409200000000002,0.096156,2.2862,0.79702,0.24121999999999996,10.7112,33.1316,1.26092,1.31516,12.3936,2.5912,40.7512,7.4948,12.7048,0.6862,24.6944,7.6168,3.4993999999999996,17.588,2.3128,24.2964,23.553800000000003,22.2636,1606.3559673324862,2,-215.1112060600001
2020-12-16_Bayern Munich_Wolfsburg,2020-12-16,20:30,Bundesliga,Matchweek 12,Wed,2021,2.0,1.0,Bayern Munich,Wolfsburg,Home Win,2051.1171875,1,20.0,3.935,1.4864000000000002,2.49662,1.04692,64.18860000000001,16.6126,6.466799999999999,40.01782,2.2260600000000004,0.135682,3.082,1.5644,0.07800000000000001,9.1762,52.9712,2.01994,2.36074,13.8766,2.712,62.864799999999995,13.6858,15.366600000000002,0.9690000000000001,26.7562,8.468399999999999,7.156,24.8236,2.4574000000000003,31.027399999999997,33.7652,22.365000000000002,1714.765658862614,1762.75073242,1.464,1.0244,1.46146,1.2942200000000001,53.1964,13.991,5.183400000000001,36.03264,1.46146,0.099356,4.7376,1.3649600000000002,0.34056,16.3994,27.7544,1.10578,0.9648199999999999,9.6408,1.7106,37.912,6.0586,14.0176,0.0,17.1662,4.8918,2.928,17.8796,1.0596,23.933200000000003,21.529400000000003,16.9446,1654.7972038088399,0,288.3664550799999
2020-12-16_Freiburg_Schalke 04,2020-12-16,18:30,Bundesliga,Matchweek 12,Wed,2021,0.0,2.0,Schalke 04,Freiburg,Away Win,1594.80407715,1,18.0,0.536,2.0286,1.02986,2.03896,47.432599999999994,12.364,4.0196,33.89872,0.8345,0.06594,7.5081999999999995,2.15016,0.36576,13.2136,21.852800000000002,0.7125199999999999,0.5255,8.349,1.7356,27.0616,4.9952,13.7438,0.0,16.5576,4.5722000000000005,1.072,12.9604,4.2782,22.17,15.307400000000001,13.784799999999999,1694.053340991304,1670.69116211,0.9226,2.1338,0.77996,1.7836600000000002,41.818999999999996,7.9722,3.8286,47.708180000000006,0.77996,0.10412800000000001,5.6188,1.70876,-0.42504,14.0146,20.425,0.60292,0.5698799999999999,6.2404,2.4362000000000004,24.800200000000004,5.1618,12.3708,0.4044,16.3806,2.1954000000000002,1.685,11.129,1.0638,13.7926,12.249200000000002,11.326,1708.9370634516758,2,-75.88708496000004
2020-12-16_Hoffenheim_RB Leipzig,2020-12-16,20:30,Bundesliga,Matchweek 12,Wed,2021,0.0,1.0,Hoffenheim,RB Leipzig,Away Win,1765.09240723,1,20.0,2.2306,1.8352,1.62722,1.86382,47.4062,11.2228,5.694599999999999,50.7645,1.32322,0.124448,4.626200000000001,1.49944,-0.33576,14.0814,26.7596,1.02988,1.1850200000000002,9.087,2.0198,37.379799999999996,7.6188,14.8328,1.178,17.634999999999998,3.4222,3.7608000000000006,15.4208,1.318,20.026600000000002,21.6544,18.6458,1733.614302148012,1888.94519043,1.4686,1.3104,1.21836,0.8653,51.7334,10.8438,3.0422,31.32754,1.21836,0.130524,3.4706,0.91238,-0.39802000000000004,13.0274,29.5488,1.06918,1.22386,8.7564,2.0728,41.0672,7.5451999999999995,14.130000000000003,1.0464,16.5016,4.1826,2.9372,15.5872,1.0376,18.9232,20.0544,14.544599999999999,1813.8781604752817,2,-123.85278319999998
2020-12-16_Arminia_Augsburg,2020-12-16,20:30,Bundesliga,Matchweek 12,Wed,2021,0.0,1.0,Arminia,Augsburg,Away Win,1570.84143066,1,20.0,1.0464,1.7913999999999999,0.63362,2.19832,37.061800000000005,6.998799999999999,2.827,,0.63362,,6.0006,1.7683,-0.02309999999999998,21.8186,19.498199999999997,0.45541999999999994,0.3849,4.7442,0.6838,25.1334,3.335,14.009599999999999,0.9384,11.8476,2.1972,1.409,8.6432,0.8266,12.6172,7.0594,10.5252,1782.37400573907,1646.65148926,1.1424,1.706,0.9088599999999999,1.67284,41.2408,8.9612,3.1598,37.32114,0.9088599999999999,0.10154,5.961400000000001,1.6093199999999999,-0.09668000000000002,17.6164,19.767400000000002,0.66372,0.60448,6.6884,2.1834,30.459000000000003,7.1958,14.744399999999999,0.46399999999999997,13.658199999999999,2.062,1.9048,11.2736,1.411,16.496,15.168199999999999,13.9966,1745.998013352504,2,-75.81005860000005
2020-12-18_Dortmund_Union Berlin,2020-12-18,20:30,Bundesliga,Matchweek 13,Fri,2021,2.0,1.0,Union Berlin,Dortmund,Home Win,1675.11608887,1,20.0,2.7114000000000003,1.0816,1.92588,0.73714,44.9056,13.3276,6.489599999999999,50.73174,1.5918,0.123884,3.2298,1.19666,0.11506000000000001,13.5166,24.166800000000002,1.1447800000000001,0.9128400000000001,10.813799999999999,2.9162,30.666600000000003,5.663,11.082600000000001,0.884,16.0092,4.1978,5.102400000000001,17.250600000000002,2.6242,24.0086,17.165,18.8728,1750.5679509017882,1841.10339355,2.2134,0.8595999999999999,2.2514000000000003,0.8354,59.5466,16.2414,7.0558,43.4637,2.0072,0.127364,2.3824,0.7181,-0.14150000000000001,10.4544,37.3796,1.66046,1.7137000000000002,12.3396,1.44,56.56779999999999,15.1832,12.2674,1.5778,12.316,5.7664,3.3648,22.549,1.4686,29.880599999999998,29.4692,21.7402,1677.009269263592,0,-165.98730467999985
2020-12-19_Mainz 05_Werder Bremen,2020-12-19,15:30,Bundesliga,Matchweek 13,Sat,2021,0.0,1.0,Mainz 05,Werder Bremen,Away Win,1623.55310059,1,15.0,0.9714,1.5538,1.88494,1.4270600000000002,42.46,11.4482,3.8712,31.151980000000002,1.58824,0.135534,5.6968000000000005,1.63412,0.2781199999999999,15.9722,29.729999999999997,1.28254,1.18454,9.3762,1.5626,39.2928,6.87,11.8976,1.2134,20.6416,5.9252,1.7648000000000001,16.6512,1.1038,21.0392,20.9608,14.702000000000002,1696.5559014154737,1651.64672852,1.1954,2.1234,1.1013000000000002,1.8163,36.58460000000001,8.806000000000001,3.1536,41.43782,0.97314,0.13153800000000002,4.954599999999999,1.69826,-0.42514,16.2136,17.4738,0.91072,0.6795,6.7906,2.7782,22.864599999999996,4.229,14.4566,0.2198,14.7774,4.332400000000001,1.7314,12.433,1.6486,16.1558,12.8952,11.1726,1824.61233325291,2,-28.09362792999991
2020-12-19_Gladbach_Hoffenheim,2020-12-19,15:30,Bundesliga,Matchweek 13,Sat,2021,1.0,2.0,Gladbach,Hoffenheim,Away Win,1799.69140625,1,15.0,1.6594,0.822,1.8655,0.82042,52.276799999999994,13.4452,4.5918,36.076240000000006,1.73734,0.12473200000000001,3.6564,1.00416,0.18216,11.3124,26.91,1.27224,1.18634,9.341800000000001,1.4576,43.970200000000006,8.499400000000001,15.475399999999999,1.0376,20.2594,5.8262,2.3014,16.061799999999998,2.6504,23.4816,25.5148,18.591,1690.906097610276,1751.18005371,1.0,2.0906,1.58862,1.7827199999999999,51.284000000000006,12.265600000000001,4.0,33.3876,1.4501600000000001,0.12216199999999999,5.3148,1.8275199999999998,-0.26308,11.6058,33.9898,1.2289400000000001,1.12218,9.2976,4.3258,46.5274,9.1876,16.2624,0.1978,21.122999999999998,5.538,2.0,18.353,1.4562,23.667,21.2836,19.5668,1715.90493073811,2,48.51135253999996
2020-12-19_Augsburg_Eint Frankfurt,2020-12-19,15:30,Bundesliga,Matchweek 13,Sat,2021,0.0,2.0,Augsburg,Eint Frankfurt,Away Win,1651.78442383,1,15.0,1.2422,1.8,1.0095199999999998,1.68708,46.2438,9.0932,3.0026,32.34258,1.0095199999999998,0.11266999999999999,4.4176,1.41638,-0.38361999999999996,12.6004,20.441399999999998,0.87392,0.65986,6.675599999999999,1.464,27.4104,4.1894,13.539,0.1602,14.244800000000001,3.2762,1.3783999999999998,10.2928,1.7182,14.719199999999999,12.2644,12.7322,1663.365341113084,1731.53063965,1.4594,2.5936,1.68256,2.40738,51.7662,11.474599999999999,3.855,35.55156,1.3590400000000002,0.110714,7.1284,2.83044,0.23684,15.458,34.6016,1.34302,1.2721,10.2204,1.9691999999999998,40.1688,7.237,14.6218,0.4222,18.9354,4.7412,2.6990000000000003,16.630200000000002,2.3878,22.8002,17.464399999999998,12.850000000000001,1729.3690715101839,2,-79.74621582000009
2020-12-19_Koln_RB Leipzig,2020-12-19,15:30,Bundesliga,Matchweek 13,Sat,2021,0.0,0.0,RB Leipzig,Koln,Draw,1894.21618652,1,15.0,2.5181999999999998,0.3978,2.67612,0.79132,59.7178,17.0794,5.958200000000001,36.37438,1.89214,0.115332,2.2574,0.6177400000000001,0.21994000000000002,11.0278,44.689,1.7725800000000003,1.47342,14.961,2.4874,50.6502,11.684000000000001,13.1122,0.38,15.716000000000001,4.684,3.9821999999999997,25.112399999999997,1.7882,32.9664,26.6828,22.968600000000002,1628.423591943778,1627.33898926,1.0596,0.7558,1.22006,1.56546,39.2538,9.3156,3.6164000000000005,43.910560000000004,1.07766,0.131578,3.8994,0.98252,0.20694,16.6274,21.6728,0.6708,0.75152,7.0854,1.7384,25.1152,5.026999999999999,14.3192,0.0,17.0878,3.777,1.5038,12.0316,1.8001999999999998,16.5988,13.5016,8.982399999999998,1675.3647737298681,1,266.87719726
2020-12-19_Bayern Munich_Leverkusen,2020-12-19,18:30,Bundesliga,Matchweek 13,Sat,2021,1.0,2.0,Leverkusen,Bayern Munich,Away Win,1864.77526855,1,18.0,2.4622,1.1758,1.6295200000000003,1.25424,60.270399999999995,13.2728,4.4292,35.18132,1.29176,0.100844,3.6773999999999996,1.1289,-0.0469,8.983,29.5146,1.15152,1.0854,11.6266,1.5335999999999999,39.921,8.1324,13.0844,0.1978,18.1734,5.1456,3.8358,17.4332,2.2174,23.8936,21.427400000000002,20.416800000000002,1744.29346369545,2052.91455078,2.4938000000000002,1.1978,1.3962200000000002,1.389,60.1914,12.3902,5.9002,48.657140000000005,1.2538200000000002,0.09468199999999999,4.2462,1.45546,0.25766,12.0572,43.882200000000005,1.01726,1.4723400000000002,9.7086,3.5856000000000003,56.6972,12.613999999999999,15.33,0.358,23.1734,4.7422,4.4892,18.4994,1.1006,23.6314,29.618000000000002,23.412399999999998,1668.5538407937202,2,-188.13928222999994
2020-12-19_Arminia_Schalke 04,2020-12-19,15:30,Bundesliga,Matchweek 13,Sat,2021,0.0,1.0,Schalke 04,Arminia,Away Win,1587.34777832,1,15.0,0.3382,1.8816,0.81828,1.7820399999999998,46.50339999999999,10.9742,3.5292,32.190960000000004,0.64244,0.055694,6.4806,1.88212,0.22032,12.5598,23.388800000000003,0.49824,0.4697,7.6373999999999995,1.3736,28.5326,4.9956,12.260000000000002,0.0,14.615599999999999,3.4497999999999998,0.6764,13.1644,3.0852000000000004,20.267,13.667200000000001,16.6366,1698.215396215516,1570.84143066,0.3978,2.4332,0.72508,1.98686,50.8106,8.5288,2.1644,26.86366,0.72508,0.07754,5.8408,2.17924,-0.25396,11.899199999999999,24.7786,0.53364,0.6413800000000001,6.0362,1.736,25.835800000000003,4.6296,16.5346,0.2442,15.472,3.4074,0.5758,10.104399999999998,1.558,15.163,13.546399999999998,9.682,1706.886116309574,2,16.506347660000074
2020-12-20_Freiburg_Hertha BSC,2020-12-20,15:30,Bundesliga,Matchweek 13,Sun,2021,4.0,1.0,Freiburg,Hertha BSC,Home Win,1680.52380371,1,15.0,1.642,1.9052,2.19482,1.42208,51.550200000000004,16.8628,5.501600000000001,36.317280000000004,1.82362,0.117526,4.8368,1.65522,-0.24998,12.1082,31.6542,1.15706,0.86032,13.539200000000001,2.4962,42.9324,8.201,14.6814,0.534,23.5544,5.453,2.462,20.2158,3.543,29.1238,24.5426,16.8106,1688.19886994529,1686.84777832,1.4962000000000002,1.241,0.9833400000000001,1.79556,42.0248,8.1882,3.3402,42.8257,0.8251,0.095744,4.016,1.6501199999999998,0.40912,18.7414,17.657999999999998,0.6077400000000001,0.6614,5.2698,1.3158,24.9306,4.6276,12.8892,0.5778,10.5544,2.5892000000000004,2.1548000000000003,9.426200000000001,1.3956,12.5754,13.9724,11.4424,1827.7803691661143,0,-6.32397461000005
2020-12-20_Stuttgart_Wolfsburg,2020-12-20,18:00,Bundesliga,Matchweek 13,Sun,2021,1.0,0.0,Wolfsburg,Stuttgart,Home Win,1760.95349121,1,18.0,2.339,1.2794,1.9655,1.42118,54.4902,14.9558,6.3302,42.723679999999995,1.6514600000000002,0.11599400000000001,3.1832,1.32904,0.26944,13.5494,37.7572,1.2651400000000002,1.34096,10.9024,1.558,53.5234,11.560199999999998,12.412999999999998,1.2024,20.352,5.1814,4.2558,18.236600000000003,2.2012,26.1222,28.353400000000004,18.0026,1681.560775319664,1667.47924805,2.7524,1.2354,2.05012,0.99292,44.0066,15.2044,6.4456,42.24022,1.5543200000000001,0.11851999999999999,4.2154,1.07078,-0.16462000000000002,14.402400000000002,24.6418,1.1112000000000002,0.9785999999999999,12.1094,1.116,41.3596,8.1804,12.2126,0.4044,12.877399999999998,3.5116,4.1004,19.4848,1.4698,27.0598,20.916999999999998,21.793799999999997,1716.51447861226,0,93.47424316000001
2021-01-02_Eint Frankfurt_Leverkusen,2021-01-02,15:30,Bundesliga,Matchweek 14,Sat,2021,2.0,1.0,Eint Frankfurt,Leverkusen,Home Win,1741.04675293,1,15.0,1.6486,1.4884,1.7021600000000001,1.10858,47.7042,10.991599999999998,3.1527999999999996,27.21342,1.53122,0.14302800000000002,4.0684000000000005,1.28374,-0.20466,13.139199999999999,29.602,1.3647000000000002,1.1643800000000002,8.523,1.83,40.003,7.237800000000001,13.540000000000001,0.6862,18.9488,4.9756,3.053,15.023599999999998,1.2562,20.0978,17.968400000000003,16.3422,1796.5527342039782,1860.7076416,2.904,0.5538,1.47128,0.66706,64.065,15.142,6.5258,45.84412,1.47128,0.098982,1.7691999999999999,0.6019599999999999,0.24595999999999998,10.696,34.904399999999995,1.24044,1.2304000000000002,11.665999999999999,2.2438000000000002,43.7504,8.5222,12.822799999999999,0.6175999999999999,21.217599999999997,6.590000000000001,4.5704,17.4176,2.2816,24.111199999999997,22.933600000000002,18.386000000000003,1616.0561510482198,0,-119.66088867000008
2021-01-02_Freiburg_Hoffenheim,2021-01-02,15:30,Bundesliga,Matchweek 14,Sat,2021,1.0,3.0,Hoffenheim,Freiburg,Away Win,1761.13891602,1,15.0,1.4308,1.7516,1.2361199999999999,1.5976000000000004,49.47239999999999,9.2586,4.6042000000000005,47.50426,1.07788,0.123004,4.4634,1.52708,-0.22452,12.3874,28.914,0.87156,1.1765400000000001,7.769,2.262,40.1492,7.0242,14.9936,0.916,17.6158,3.8684000000000003,2.6638,12.704200000000002,1.242,16.8168,20.079800000000002,18.3256,1726.07485231948,1693.30249023,0.8862,1.632,0.72106,1.3524600000000002,43.5346,8.851799999999999,3.4574000000000003,39.308820000000004,0.72106,0.080206,4.68,1.3848,-0.24720000000000003,11.827,18.9614,0.5949800000000001,0.61732,6.949,3.0252,26.1736,5.9224,13.2106,0.9524,17.9402,2.42,1.7724,12.2372,1.0574000000000001,15.4228,12.9568,11.870000000000001,1700.8540882085501,2,67.8364257899998
2021-01-02_Arminia_Gladbach,2021-01-02,15:30,Bundesliga,Matchweek 14,Sat,2021,0.0,1.0,Arminia,Gladbach,Away Win,1570.84143066,1,15.0,0.7976,1.8564,0.6879599999999999,1.8743,38.3006,8.2202,2.7444,,0.6879599999999999,,5.6004000000000005,1.54936,-0.30704,19.826999999999998,23.712,0.51758,0.42525999999999997,5.6468,0.6154,25.776400000000002,3.9342,14.208799999999998,0.9446,12.7074,1.645,0.9798,10.5328,1.0882,14.609599999999999,9.0072,11.638,1775.12116320959,1789.73242188,2.7802000000000002,2.4796,2.07606,1.94672,56.3014,12.918999999999999,6.0668,47.52548,1.4875,0.11844199999999999,4.6288,1.6666400000000001,-0.81296,13.564,28.572400000000002,1.14438,1.05914,9.2966,1.2442,35.7754,5.4994,15.7806,1.0564,16.2024,5.5636,4.7623999999999995,14.3522,2.4148,23.0256,18.578200000000002,16.4352,1688.4555877205898,2,-218.89099121999993
2021-01-02_RB Leipzig_Stuttgart,2021-01-02,20:30,Bundesliga,Matchweek 14,Sat,2021,0.0,1.0,Stuttgart,RB Leipzig,Away Win,1662.48730469,1,20.0,1.442,1.8816,1.41832,1.63362,50.5372,12.831400000000002,3.9238,31.819020000000002,1.26008,0.09942799999999999,5.399800000000001,1.6774200000000001,-0.20417999999999997,18.6042,30.3814,1.06438,0.87246,10.4336,1.0,40.644999999999996,7.0474,14.3886,0.3758,13.246400000000001,5.001,2.6862,16.9798,2.3228,23.4012,19.671,20.3774,1772.2940587154599,1887.23913574,1.4218,1.0352000000000001,1.0888600000000002,0.79552,54.0782,9.726600000000001,3.1822000000000004,42.386579999999995,1.0888600000000002,0.129034,3.0352,0.7734800000000001,-0.26171999999999995,11.8598,28.937800000000003,0.98344,1.17588,7.648,1.8654,41.1694,6.9904,14.328400000000002,0.7976,16.2512,4.841,2.8436,14.0956,0.9338,16.7654,18.560000000000002,13.945599999999999,1804.624021925656,2,-224.75183104999996
2021-01-02_Augsburg_Koln,2021-01-02,15:30,Bundesliga,Matchweek 14,Sat,2021,0.0,1.0,Koln,Augsburg,Away Win,1634.31591797,1,15.0,0.9756,2.3282,0.8901,1.6645599999999998,40.178799999999995,7.8522,2.4097999999999997,30.43546,0.8901,0.11379999999999998,4.9744,1.7962000000000002,-0.5319999999999999,13.923000000000002,20.7144,0.73574,0.6518999999999999,6.6874,1.0986,27.7302,3.1338,15.283000000000001,0.0,15.498,3.3471999999999995,1.7732,10.1192,2.1936,14.135199999999998,10.2398,10.7324,1805.3253065189022,1642.26843262,0.8398,1.3912,0.69938,1.4789999999999999,43.903,8.9652,2.6111999999999997,30.992079999999998,0.69938,0.078084,5.421,1.41512,0.023920000000000014,15.2804,22.5098,0.54084,0.57962,6.6196,2.1652,34.4972,7.3648,14.8142,0.41759999999999997,15.9788,2.4442,1.4818,12.267199999999999,1.0816,16.6908,14.8958,14.5296,1723.43275646681,2,-7.952514650000012
2021-01-02_Hertha BSC_Schalke 04,2021-01-02,18:30,Bundesliga,Matchweek 14,Sat,2021,3.0,0.0,Hertha BSC,Schalke 04,Home Win,1674.06896973,1,18.0,1.233,1.7072,1.03574,1.1302,58.211600000000004,12.429599999999999,3.465,29.05834,0.8775,0.07622,2.8346,1.2174,-0.4898,9.5098,29.065800000000003,0.70634,1.03994,9.3442,3.1428000000000003,41.0858,8.7286,12.6592,0.1978,21.494200000000003,6.3756,1.6088,12.8714,2.4344,20.2864,22.492,20.5458,1692.728955126664,1578.56005859,1.1038,2.938,1.20294,2.60712,47.2462,12.2534,2.17,15.522460000000002,1.20294,0.08662,6.707,2.41926,-0.11433999999999994,10.945599999999999,22.5458,0.89754,0.85148,8.4394,1.9854000000000003,31.162200000000002,7.9508,12.397400000000001,0.6838,13.5486,3.9082000000000003,1.1038,14.8566,1.4796,20.2068,17.471,11.5994,1739.988451247652,0,95.50891114000001
2021-01-02_Union Berlin_Werder Bremen,2021-01-02,15:30,Bundesliga,Matchweek 14,Sat,2021,0.0,2.0,Werder Bremen,Union Berlin,Away Win,1659.71704102,1,15.0,1.0,1.3038,0.66108,1.62508,51.16459999999999,9.4988,2.6618,32.70774,0.50284,0.049756,5.0672,1.3317999999999999,0.2258,11.271799999999999,32.0302,0.2771,0.51488,5.7862,2.899,36.9886,5.716399999999999,17.404,0.0,16.339,2.1126,1.8022,12.846400000000001,0.7558,16.369,14.917,14.6568,1685.520124512534,1686.4699707,1.798,1.6838,1.39392,1.1751,41.0504,9.5306,3.6875999999999998,37.32876,1.09328,0.12961,4.7058,1.16658,-0.51722,12.4834,20.1452,0.86324,0.8621800000000001,6.6954,2.4684,27.5074,5.9528,15.2658,0.5736,14.6292,4.1528,3.3982,11.542200000000001,1.4044,16.793,15.5312,13.8102,1662.4293763193182,2,-26.75292968000008
2021-01-03_Bayern Munich_Mainz 05,2021-01-03,18:00,Bundesliga,Matchweek 14,Sun,2021,5.0,2.0,Bayern Munich,Mainz 05,Home Win,2056.98217773,1,18.0,2.8764,1.582,2.12414,1.15758,63.0928,14.7534,4.8666,33.25144,1.9959799999999999,0.13811400000000001,4.0948,1.701,0.11900000000000005,11.6888,50.8404,1.72722,2.1116,12.479400000000002,3.3734,61.333800000000004,12.407799999999998,16.8392,0.4396,26.268600000000003,8.0332,5.010199999999999,21.389599999999998,2.5558,27.573,31.3696,23.969800000000003,1741.058235132152,1615.48278809,0.9912000000000001,1.8122,1.61048,1.5934199999999998,42.867000000000004,10.876999999999999,3.3933999999999997,23.134539999999998,1.61048,0.137432,4.4752,1.2451,-0.5671,16.7566,25.6162,1.11966,0.8425400000000001,8.466000000000001,1.7516,35.8752,6.3824,14.1676,0.8132,15.6534,2.9258,1.5648,13.1198,1.6506,17.913,13.972999999999999,12.9632,1635.096618480588,0,441.4993896399999
2021-01-03_Dortmund_Wolfsburg,2021-01-03,15:30,Bundesliga,Matchweek 14,Sun,2021,2.0,0.0,Dortmund,Wolfsburg,Home Win,1829.74938965,1,15.0,2.0344,2.254,2.02338,1.43978,66.3374,15.1814,5.4322,35.5393,2.02338,0.130752,5.246,2.115,-0.13899999999999998,7.0164,52.86279999999999,1.85752,1.91002,12.9992,1.4378,52.38120000000001,13.3096,12.825000000000001,1.8376,14.718399999999999,5.7902,3.515,21.959400000000002,1.7426,27.484,32.4276,22.799,1711.0659259786241,1765.94543457,1.4176,1.2662,1.4873999999999998,1.4169,51.1116,15.5896,5.8418,37.44438,1.4873999999999998,0.09542,3.7427999999999995,1.3885,0.12230000000000003,15.8384,27.2466,1.1617000000000002,0.9527599999999999,10.6418,1.6396,36.9882,5.852799999999999,13.671600000000002,0.0,19.035800000000002,5.9678,2.8352,19.1452,1.6862,26.214400000000005,22.385800000000003,14.508,1748.703041772322,0,63.80395507999992
2021-01-08_Bayern Munich_Gladbach,2021-01-08,20:30,Bundesliga,Matchweek 15,Fri,2021,3.0,2.0,Gladbach,Bayern Munich,Home Win,1793.81665039,1,20.0,1.5934,1.084,1.8689200000000004,1.04932,51.9932,13.789000000000001,4.965,38.25456,1.6735600000000004,0.118814,3.6466000000000003,1.13584,0.05183999999999998,10.26,26.3304,1.2449999999999999,0.98352,9.9402,1.3117999999999999,43.0612,7.372599999999999,17.1374,1.4222,18.424599999999998,5.2554,2.4154,17.2208,2.5412,23.8218,23.565600000000003,19.552999999999997,1703.456756300492,2058.26416016,2.156,1.178,1.07824,1.12146,56.6214,12.1186,4.745,41.389160000000004,0.95008,0.078796,3.589,1.1136199999999998,-0.06438000000000002,11.7514,36.848,0.8281000000000001,1.18002,9.261000000000001,3.0944,49.348400000000005,10.0338,16.7946,0.178,20.5492,4.5356000000000005,3.9076000000000004,18.0726,0.8022,23.0472,27.937599999999996,23.959400000000002,1730.556102170332,0,-264.4475097699999
2021-01-09_Hoffenheim_Schalke 04,2021-01-09,15:30,Bundesliga,Matchweek 15,Sat,2021,4.0,0.0,Schalke 04,Hoffenheim,Home Win,1569.90808105,1,15.0,0.1602,1.7933999999999999,0.77642,1.7037799999999999,45.444199999999995,10.9208,3.0878,27.183000000000003,0.61818,0.054124,5.6998,1.5852400000000002,-0.010359999999999994,11.9712,22.128999999999998,0.4784,0.50156,7.0851999999999995,1.5804,27.935200000000002,4.751799999999999,13.5108,0.0,14.353800000000001,2.628,0.3204,12.159399999999998,3.0766000000000004,19.007399999999997,13.356,16.2172,1679.3253041006121,1746.43688965,1.2442,1.8374,1.74068,1.65028,51.9318,13.215799999999998,4.2442,32.890499999999996,1.6160800000000002,0.124388,5.139200000000001,1.6550399999999998,-0.18236000000000008,10.524,33.334199999999996,1.39256,1.00902,10.200399999999998,4.481399999999999,47.5274,9.9896,15.026800000000001,0.178,20.222,4.7074,2.2442,19.7828,1.2222,24.921200000000002,21.6316,16.5352,1736.5450022959617,0,-176.52880860000005
2021-01-09_Union Berlin_Wolfsburg,2021-01-09,15:30,Bundesliga,Matchweek 15,Sat,2021,2.0,2.0,Union Berlin,Wolfsburg,Draw,1697.76452637,1,15.0,2.3518,1.2176,1.61698,0.9376200000000001,40.5308,13.339,6.0522,46.67038,1.31634,0.097868,3.6393999999999997,1.3455800000000002,0.12797999999999998,13.6534,20.642799999999998,1.0338,0.79944,10.532399999999999,2.6804,28.257599999999996,5.4524,10.0974,0.7956,15.675799999999999,5.1548,4.4594,16.0928,2.4176,22.3866,17.1926,17.9854,1789.081634176488,1757.94897461,1.1316,1.4838,1.64956,1.44082,48.3696,16.9958,5.6134,33.74388,1.64956,0.095876,4.7894000000000005,1.6526800000000001,0.16887999999999997,16.043,25.4124,1.2531800000000002,1.0983999999999998,11.4102,3.0408,38.186800000000005,7.8652,12.4392,0.0,19.909,6.0152,2.2632,22.061,2.106,29.1674,23.456200000000003,13.824200000000001,1767.287039453742,1,-60.18444823999994
2021-01-09_Eint Frankfurt_Mainz 05,2021-01-09,15:30,Bundesliga,Matchweek 15,Sat,2021,0.0,2.0,Mainz 05,Eint Frankfurt,Away Win,1614.20080566,1,15.0,0.8742,1.4984,1.77522,1.45642,43.3356,11.391799999999998,3.7282,31.08824,1.5082200000000001,0.13086,6.115600000000001,1.8870000000000002,0.5666,16.5516,26.150599999999997,1.19868,1.2670199999999998,8.982800000000001,2.5831999999999997,35.889599999999994,7.1272,11.852,1.092,20.8218,4.955800000000001,1.5882,15.153599999999999,1.4818,19.547,20.308799999999998,14.2436,1672.359702954232,1751.17407227,1.6576,2.19,1.7775400000000001,2.35548,51.124199999999995,11.6828,4.502000000000001,39.0533,1.6017000000000001,0.126176,6.6714,2.45436,0.26436,14.623800000000001,33.4434,1.45518,1.15274,10.254,2.1164,40.94,7.3132,12.717600000000001,0.6242,19.197400000000002,4.090199999999999,2.629,16.678600000000003,1.9163999999999999,22.254799999999996,17.6176,14.4302,1731.133926588402,2,-136.97326660999988
2021-01-09_Leverkusen_Werder Bremen,2021-01-09,15:30,Bundesliga,Matchweek 15,Sat,2021,1.0,1.0,Leverkusen,Werder Bremen,Draw,1850.58032227,1,15.0,2.3160000000000003,1.4024,1.41006,1.26764,58.189800000000005,12.068600000000002,3.898,33.39958,1.1060599999999998,0.088992,3.7538,1.1147999999999998,-0.2876000000000001,9.8174,28.1862,0.99426,0.9403199999999999,10.8754,1.5802,36.7192,6.898199999999999,12.0432,1.1548,17.6232,5.2752,3.6522,16.313,1.9514,22.3272,19.3312,18.4774,1803.60961679613,1648.42248535,1.1758,1.7668,1.00464,1.56932,41.2662,9.3698,4.115,46.82544,1.00464,0.12537800000000002,4.1266,1.38422,-0.3825799999999999,15.8154,20.0684,0.9384600000000001,0.71596,7.6442,2.9446,26.4852,4.4504,15.087800000000001,0.1978,16.4092,4.5434,1.7582,12.690000000000001,1.6838,17.273200000000003,12.417399999999999,13.397400000000001,1798.548460840976,1,202.1578369199999
2021-01-09_Dortmund_RB Leipzig,2021-01-09,18:30,Bundesliga,Matchweek 15,Sat,2021,1.0,3.0,RB Leipzig,Dortmund,Away Win,1890.69140625,1,18.0,1.6896,0.358,2.35898,0.781,59.7136,16.738999999999997,5.9624,36.74454,1.75434,0.10758999999999999,2.1316,0.52268,0.16468,10.6132,49.672200000000004,1.53906,1.53166,14.776599999999998,2.7828,60.065200000000004,12.304,13.4334,0.1978,17.998,5.0156,2.863,25.878,1.6652,32.249,28.8122,23.072000000000003,1632.047382373282,1837.74584961,2.092,1.262,2.05534,0.823,62.7548,16.3614,6.505999999999999,39.858200000000004,1.83554,0.11541799999999999,2.9326,0.98932,-0.27268,10.809000000000001,43.235,1.54674,1.69674,11.9172,1.296,60.1742,13.3112,11.8522,1.6199999999999999,12.428600000000001,5.7898000000000005,3.2281999999999997,21.516999999999996,1.9102000000000001,29.5924,30.0992,22.7194,1665.224958472678,2,52.94555663999995
2021-01-09_Freiburg_Koln,2021-01-09,15:30,Bundesliga,Matchweek 15,Sat,2021,5.0,0.0,Freiburg,Koln,Home Win,1708.0045166,1,15.0,2.3104,1.8146,2.4716,1.51308,47.81119999999999,16.1996,6.328200000000001,42.01158,1.9421599999999999,0.12742399999999998,4.5088,1.60524,-0.20936,11.997399999999999,30.711800000000004,1.3322800000000001,1.1284800000000001,12.52,3.3792,39.2996,9.413599999999999,15.1016,0.7248,23.1662,6.0402000000000005,3.5368000000000004,19.329,3.7328,28.146,24.1232,14.442999999999998,1694.703334056146,1625.92907715,0.9536,0.536,0.99386,1.89284,36.477599999999995,7.6306,3.2106000000000003,43.216080000000005,0.8657,0.123092,4.6862,1.01632,0.46252,17.73,16.800800000000002,0.59046,0.60542,5.5676000000000005,1.5204,20.3992,3.4707999999999997,14.6756,0.0,12.7072,2.8783999999999996,1.3534000000000002,9.254,1.7202,12.887800000000002,9.9118,8.495800000000001,1743.873742357604,0,82.07543944999998
2021-01-10_Augsburg_Stuttgart,2021-01-10,15:30,Bundesliga,Matchweek 15,Sun,2021,1.0,4.0,Augsburg,Stuttgart,Away Win,1650.65527344,1,15.0,1.1179999999999999,1.8199999999999998,1.15512,1.7528200000000003,48.0934,11.1258,3.3907999999999996,29.8615,1.15512,0.10087199999999999,4.8642,1.38148,-0.19432,12.8962,25.069200000000002,0.8765600000000001,0.8048200000000001,7.773199999999999,1.6618,35.4484,4.703,13.5852,0.4884,14.897,2.7159999999999997,1.2406000000000001,12.938,1.3579999999999999,17.4218,16.2334,17.8196,1652.254525194886,1659.03503418,2.1888,1.356,1.9506999999999999,1.07688,46.968199999999996,14.8722,6.001,39.313219999999994,1.50448,0.11246,4.438000000000001,1.28672,-0.06928,12.864400000000002,26.8752,1.0957000000000001,0.92308,11.742600000000001,0.9601999999999999,43.4534,8.3506,12.6356,0.7081999999999999,14.843,4.0488,3.4019999999999997,19.7014,1.5228,26.8188,22.9996,21.5586,1736.2230410146121,2,-8.379760739999938
2021-01-10_Arminia_Hertha BSC,2021-01-10,18:00,Bundesliga,Matchweek 15,Sun,2021,1.0,0.0,Arminia,Hertha BSC,Home Win,1570.84143066,1,18.0,0.5736,1.3381999999999998,0.63708,1.85034,39.824200000000005,7.521600000000001,1.749,,0.63708,,5.2078,1.36814,0.029939999999999994,19.3232,24.794599999999996,0.59908,0.49158,5.1938,0.7979999999999999,25.743000000000002,3.5524,14.7088,0.41759999999999997,13.6136,1.3479999999999999,0.5934,9.3146,1.0794,13.0954,10.1394,11.33,1742.9899150413019,1682.72094727,1.1582000000000001,1.517,1.19034,1.78072,46.8386,8.1252,3.0178,39.464920000000006,1.04794,0.121588,4.5146,1.5889199999999999,0.07192000000000001,18.5352,23.8294,0.63696,0.67524,5.587,0.9958,31.995799999999996,4.5645999999999995,12.2676,0.3758,11.043,2.9186,1.5626,9.872,1.8444000000000003,13.738799999999998,15.4286,12.0748,1763.392930517776,0,-111.87951660999988
2021-01-15_Leverkusen_Union Berlin,2021-01-15,20:30,Bundesliga,Matchweek 16,Fri,2021,1.0,0.0,Union Berlin,Leverkusen,Home Win,1698.5456543,1,20.0,2.4608,1.44,1.46874,1.26456,40.845200000000006,12.44,5.9028,47.9787,1.19818,0.093638,3.9196,1.85264,0.41264,13.776200000000001,23.032000000000004,0.94274,0.98044,9.514,1.7913999999999999,32.283,5.263,10.1434,1.2044,16.0642,5.2836,4.457599999999999,14.397400000000001,2.3758,20.6176,16.884999999999998,15.512200000000002,1800.253444675458,1844.68579102,2.7136000000000005,0.9868,1.4473799999999999,0.9233800000000001,64.73519999999999,14.039200000000001,5.6406,40.22670000000001,1.4473799999999999,0.108734,2.569,0.78594,0.22133999999999998,9.9056,37.3676,1.1319399999999997,1.2261600000000001,10.566600000000001,2.3194,44.7406,8.1258,11.286999999999999,0.5558000000000001,21.5396,7.351800000000001,4.313400000000001,15.7546,2.3976,22.811400000000003,22.9608,17.1818,1646.380125609272,0,-146.14013671999987
2021-01-16_RB Leipzig_Wolfsburg,2021-01-16,15:30,Bundesliga,Matchweek 16,Sat,2021,2.0,2.0,Wolfsburg,RB Leipzig,Draw,1757.16796875,1,15.0,2.3492,1.1514,1.9666399999999997,1.3990399999999998,51.5342,14.039399999999999,6.053,43.050760000000004,1.684,0.122604,3.2089999999999996,1.1772400000000003,0.22364,14.9476,34.8068,1.26746,1.3957199999999998,9.747,1.8464,47.8896,10.195,11.639,1.1822,17.8104,3.91,4.3184000000000005,17.1478,1.6044,24.756600000000002,26.5324,16.6488,1683.6868474875819,1876.30651855,1.2354,0.9316,1.3609200000000001,0.79154,52.4404,11.575,3.9966000000000004,42.67524,1.1655600000000002,0.11792,2.6874000000000002,0.654,-0.27760000000000007,11.8178,27.8256,0.91858,1.13178,8.5716,2.6114,38.9688,7.935600000000001,13.563199999999998,1.062,16.549599999999998,4.6686000000000005,1.9824000000000002,16.363,0.9404,19.7984,18.839,11.709,1793.249039137322,1,-119.13854979999996
2021-01-16_Arminia_Hoffenheim,2021-01-16,15:30,Bundesliga,Matchweek 16,Sat,2021,0.0,0.0,Hoffenheim,Arminia,Draw,1723.33520508,1,15.0,1.5318,2.1648,1.23248,1.6378400000000002,54.88579999999999,10.6978,5.1762,47.71874,1.09008,0.11005200000000001,4.6612,1.88392,-0.036680000000000004,11.516,32.9624,0.90882,1.36866,9.1572,2.6242,43.053000000000004,7.7985999999999995,16.6036,0.7802,20.0402,4.8584,2.8855999999999997,13.6104,2.1946000000000003,19.221,23.1344,18.8694,1702.088611521868,1570.84143066,0.6022,2.0456,0.73814,1.8281399999999999,49.9764,8.575800000000001,2.1038,25.9076,0.73814,0.077902,5.4566,1.95798,-0.08761999999999999,10.832600000000001,25.8776,0.56586,0.67724,6.0884,1.7624,28.0502,4.3782,17.3138,0.2198,15.513200000000001,4.3876,1.0066,9.705400000000001,1.6021999999999998,14.469800000000003,14.468399999999999,7.3396,1687.660644190214,1,152.4937744199999
2021-01-16_Augsburg_Werder Bremen,2021-01-16,15:30,Bundesliga,Matchweek 16,Sat,2021,2.0,0.0,Werder Bremen,Augsburg,Home Win,1654.3170166,1,15.0,0.7558,1.6618,0.7326199999999999,1.5481800000000001,54.4872,10.225399999999999,2.5955999999999997,29.758020000000002,0.59022,0.054664000000000004,4.472200000000001,1.4107399999999999,-0.07305999999999999,11.8772,32.4032,0.3038,0.47454,6.295799999999999,2.5648000000000004,39.6958,5.6446000000000005,17.1194,0.0,17.3258,3.0782,1.3336000000000001,12.5614,0.7802,16.2758,14.1366,13.9468,1702.292284985908,1635.84936523,1.0,1.2520000000000002,0.79828,1.33338,47.752399999999994,9.6012,3.1826,34.9785,0.79828,0.080392,4.502000000000001,1.12494,-0.12706,14.154800000000002,22.503,0.7321,0.72258,7.146,2.2928,36.4454,7.328200000000001,17.262999999999998,0.8642000000000001,16.1134,2.644,1.822,12.1846,1.2176,16.5216,15.2502,12.723,1701.8936232642818,0,18.467651369999885
2021-01-16_Dortmund_Mainz 05,2021-01-16,15:30,Bundesliga,Matchweek 16,Sat,2021,1.0,1.0,Dortmund,Mainz 05,Draw,1852.13085938,1,15.0,1.7426,2.0286,1.90006,1.7365400000000002,64.5946,14.774800000000003,5.589,37.87966,1.90006,0.12779000000000001,5.654,2.10446,0.07586000000000001,9.4124,49.49079999999999,1.75962,1.69482,12.755,1.5382,51.7432,12.3462,12.642599999999998,1.7538,15.3234,7.2206,2.9867999999999997,19.6214,2.1126,26.1262,29.643,19.9006,1729.64835556805,1606.75634766,1.3804,2.2752,1.72354,2.12364,38.208,11.9982,4.763199999999999,35.05648,1.72354,0.143338,5.7044,2.0932000000000004,-0.18200000000000005,18.5784,24.7214,1.25742,1.13014,9.484200000000001,1.6764000000000001,31.835800000000003,5.655600000000001,13.2742,0.976,13.5344,2.8332,2.385,15.8702,1.9738,21.1164,13.531199999999998,11.989799999999999,1743.084118186096,1,245.37451171999987
2021-01-16_Gladbach_Stuttgart,2021-01-16,18:30,Bundesliga,Matchweek 16,Sat,2021,2.0,2.0,Stuttgart,Gladbach,Draw,1673.84094238,1,18.0,1.1536,1.7933999999999999,1.3809,1.9376799999999998,49.5514,12.2598,3.4872000000000005,28.67092,1.2385000000000002,0.105254,5.9482,1.8806200000000002,0.08722000000000002,18.4994,28.0576,1.00352,0.85522,9.6576,1.2442,39.248000000000005,6.986800000000001,13.673,0.3382,12.9892,4.223999999999999,2.1292,14.8722,2.0022,21.7958,21.013,19.983600000000003,1796.913903977958,1807.28344727,2.3138000000000005,2.0873999999999997,2.17612,1.8852600000000002,56.3274,15.469000000000001,5.6276,39.60692,1.76176,0.12048,3.8773999999999997,1.48554,-0.6018600000000001,13.119000000000002,33.3434,1.34528,1.3995199999999999,10.687800000000001,1.2198,41.815,7.514799999999999,14.237400000000001,1.2508,18.824399999999997,6.9841999999999995,3.9094,18.0798,2.5734,26.7418,22.1952,16.159,1673.071937694692,1,-133.44250489
2021-01-16_Hertha BSC_Koln,2021-01-16,15:30,Bundesliga,Matchweek 16,Sat,2021,0.0,0.0,Koln,Hertha BSC,Draw,1614.52490234,1,15.0,0.7338,2.1954000000000002,0.7457199999999999,1.566,41.381600000000006,8.6996,1.9362,23.45198,0.7457199999999999,0.091556,4.877,1.82426,-0.37114,12.476999999999999,19.2892,0.65888,0.6411,6.9628,0.9446,26.5478,2.8762,15.3106,0.2442,17.5018,4.6776,1.3074,9.6746,3.051,16.1752,10.6042,12.1684,1777.880888696838,1673.28430176,0.8982,1.3212,1.1025,1.3843,49.8504,8.7012,3.4044,41.205119999999994,0.97434,0.111106,3.3981999999999997,1.0996199999999998,-0.22157999999999997,18.2374,26.221600000000002,0.57002,0.69656,5.8726,1.6288,33.8712,4.5081999999999995,11.364,0.3382,12.936599999999999,2.9268,1.1179999999999999,9.9408,2.0042,14.3536,16.218600000000002,13.188400000000001,1702.5689594968421,1,-58.759399420000136
2021-01-17_Eint Frankfurt_Schalke 04,2021-01-17,18:00,Bundesliga,Matchweek 16,Sun,2021,3.0,1.0,Eint Frankfurt,Schalke 04,Home Win,1758.61865234,1,18.0,1.6838,1.4396,1.48012,0.99122,43.982600000000005,10.2716,2.9492,27.97368,1.32626,0.128308,3.5732,1.11446,-0.32514,14.4464,26.7232,1.10872,0.7430800000000001,7.6056,1.7027999999999999,38.0492,6.349,12.8418,1.1059999999999999,17.544600000000003,4.2454,2.6594,13.5236,0.7979999999999999,18.258,16.741799999999998,15.343,1816.477515233702,1593.0098877,0.9934,2.8000000000000003,1.2491599999999998,2.2968200000000003,47.04220000000001,12.993,2.7856,19.9754,1.2491599999999998,0.090726,7.2246,2.151,-0.4292,12.528,25.086,0.9642999999999999,0.93724,9.5046,2.2752000000000003,33.1524,7.888199999999999,12.857799999999997,0.8595999999999999,15.567800000000002,4.594,0.9934,17.2894,1.3316,21.816,19.241999999999997,13.5256,1707.318976053376,0,165.6087646399999
2021-01-17_Bayern Munich_Freiburg,2021-01-17,15:30,Bundesliga,Matchweek 16,Sun,2021,2.0,1.0,Bayern Munich,Freiburg,Home Win,2044.79736328,1,15.0,3.233,1.4796,2.44272,1.2006400000000002,64.8486,14.1572,5.6684,39.69454,2.24736,0.15784,4.6738,1.7841200000000002,0.30452,10.1108,54.0066,2.05314,2.3558000000000003,12.199000000000002,2.6594,67.7166,13.1554,14.325200000000002,0.3956,26.729800000000004,8.8066,5.8418,21.4182,2.1118,26.129800000000003,35.007400000000004,26.9916,1722.1529104016217,1719.40869141,1.5302,1.1362,1.06526,1.1497600000000001,41.8484,9.299199999999999,3.8,41.41802,0.8699,0.094838,4.6678,1.20444,0.06824,14.0744,19.1092,0.6920000000000001,0.62442,7.9192,2.9668,26.576999999999998,5.918399999999999,13.910400000000001,0.8572,17.1018,2.6222,1.8394,12.690199999999999,1.44,16.634,15.868000000000002,11.883000000000001,1696.4678628432177,0,325.3886718699998
2021-01-19_Hertha BSC_Hoffenheim,2021-01-19,20:30,Bundesliga,Matchweek 17,Tue,2021,0.0,3.0,Hertha BSC,Hoffenheim,Away Win,1672.53881836,1,20.0,1.8422,1.2479999999999998,1.2863600000000002,1.0250599999999999,58.446600000000004,14.152,4.7394,32.77718,1.14396,0.081482,3.2394,1.50746,0.2594600000000001,10.3916,27.3056,0.9210800000000001,1.06596,9.71,2.4960000000000004,39.7798,7.3024,14.202599999999999,0.4222,22.245,7.0706,2.6688,15.138000000000002,2.8352000000000004,23.3442,20.8246,20.014400000000002,1680.0250447015578,1719.20471191,0.9756,2.4862,1.8864000000000003,1.9303599999999999,54.0364,14.5154,4.2198,30.629619999999996,1.7742600000000002,0.126274,5.5578,2.11998,-0.36622,11.092200000000002,34.1096,1.41658,1.14464,10.380600000000001,4.7216,47.4186,10.178999999999998,15.945,0.4044,19.523,4.6366,1.7314,20.4932,1.4442,26.5946,22.5012,18.102600000000002,1709.9845720458698,2,-46.665893549999964
2021-01-19_Mainz 05_Wolfsburg,2021-01-19,20:30,Bundesliga,Matchweek 17,Tue,2021,0.0,2.0,Mainz 05,Wolfsburg,Away Win,1613.4005127,1,20.0,0.4984,1.4044,1.51906,1.43988,43.246,10.287400000000002,2.5902000000000003,23.955879999999997,1.2787600000000001,0.121004,5.6274,1.55348,0.30928,17.717399999999998,22.4396,1.1011000000000002,1.15262,8.5518,2.1366,33.9022,6.3378,12.9436,0.8386,20.8718,4.76,0.9968,13.796199999999999,1.3336000000000001,17.805999999999997,17.8032,11.8772,1680.349418971408,1759.6027832,1.3626,1.6796,1.8620599999999998,1.3679,49.4534,15.907800000000002,5.452,35.96284,1.6911199999999997,0.10938200000000001,5.0548,1.5918200000000002,-0.08778000000000002,16.583000000000002,26.0476,1.3243800000000001,1.0341399999999998,11.0692,2.6926,35.4494,7.0462,13.5162,0.2442,18.8854,5.281,2.481,21.1108,2.2396000000000003,28.439,22.810399999999998,14.6628,1768.73884743727,2,-146.20227049999994
2021-01-19_Gladbach_Werder Bremen,2021-01-19,18:30,Bundesliga,Matchweek 17,Tue,2021,1.0,0.0,Gladbach,Werder Bremen,Home Win,1804.46533203,1,18.0,2.0224,1.464,1.9173399999999998,1.1953600000000002,47.7864,13.642399999999999,5.0126,37.987500000000004,1.7415,0.133466,3.5820000000000003,1.22878,-0.23522,13.8086,24.9646,1.34582,0.99398,10.0786,1.2806,39.7568,6.6026,16.247,1.6242,16.316399999999998,5.1738,3.1064,17.8078,2.3870000000000005,24.0926,22.564400000000003,18.2208,1768.5998847192102,1663.6776123,1.1582000000000001,1.6899999999999997,0.86208,1.2948999999999997,39.5512,7.3352,3.3710000000000004,49.10382,0.86208,0.13549,3.7254,1.1227,-0.5672999999999999,17.3228,17.2756,0.80252,0.7232,5.6822,1.9292,25.1042,3.6286,16.888399999999997,0.178,14.6472,3.9006000000000007,1.7824,9.114,1.6154,13.006400000000001,11.1546,11.792599999999998,1823.196063650044,0,140.78771972999994
2021-01-19_Dortmund_Leverkusen,2021-01-19,20:30,Bundesliga,Matchweek 17,Tue,2021,2.0,1.0,Leverkusen,Dortmund,Home Win,1833.80163574,1,20.0,1.896,1.3621999999999999,1.0939,1.1708600000000002,60.6802,11.773200000000001,3.3756000000000004,29.97858,0.9356599999999999,0.07744,3.1900000000000004,1.04772,-0.31448,9.579799999999999,34.5284,0.82946,0.98512,9.8668,2.3548,41.254,7.785,13.059600000000001,1.2836,21.035600000000002,5.0476,3.1986,16.1374,1.9561999999999997,22.0058,19.0654,18.4854,1789.094543016436,1845.48669434,2.327,1.3800000000000001,2.04096,1.1125800000000001,56.8982,15.3602,5.8786,38.77602,1.8431600000000001,0.123202,3.3278,1.15018,-0.22982000000000002,12.8142,37.119,1.5976600000000003,1.6882400000000002,11.9372,1.2222,52.922399999999996,12.2708,10.501800000000001,1.8022,10.1114,4.2132,3.9379999999999997,20.956200000000003,1.675,28.1914,28.6918,20.994,1733.8910968032421,0,-11.685058600000048
2021-01-20_Augsburg_Bayern Munich,2021-01-20,20:30,Bundesliga,Matchweek 17,Wed,2021,0.0,1.0,Augsburg,Bayern Munich,Away Win,1626.48864746,1,20.0,0.8178,2.4706,1.00986,2.28804,46.5746,11.0692,2.9192,26.31848,1.00986,0.088692,6.243,1.875,-0.3758,14.804400000000001,23.6092,0.77798,0.69784,7.851800000000001,1.3514,34.571600000000004,5.077,13.4266,0.4396,15.051400000000001,2.8444,0.884,12.179400000000001,1.6663999999999999,17.8358,15.8662,18.2146,1660.090909130642,2044.79736328,2.1404,1.6486,1.1781,1.23022,58.379999999999995,13.8486,4.3262,31.846040000000002,0.98274,0.074474,3.9183999999999997,1.55944,-0.08915999999999996,8.8134,39.9606,0.83854,1.30852,10.2,3.0850000000000004,55.3974,9.2536,16.0708,0.1602,24.3338,5.8914,3.8168,20.684,0.822,26.482000000000003,28.5766,22.1982,1765.994715671498,2,-418.30871581999986
2021-01-20_Koln_Schalke 04,2021-01-20,18:30,Bundesliga,Matchweek 17,Wed,2021,1.0,2.0,Schalke 04,Koln,Away Win,1593.0098877,1,18.0,0.9768,1.4698,1.10064,1.76664,44.0346,11.4612,3.7116000000000002,31.44666,0.95824,0.08013200000000001,4.952999999999999,1.5911000000000002,0.2993,13.4392,22.336599999999997,0.84686,0.66234,8.297600000000001,1.2782,29.339,5.065,13.4158,0.7326,13.7742,3.1536,1.7094,12.6758,2.9248,19.7832,14.8298,16.872,1706.706813768832,1615.27038574,0.714,1.5592000000000001,0.6260800000000001,2.1986600000000003,39.083600000000004,6.0698,2.9452000000000003,45.57452,0.6260800000000001,0.100802,5.106,1.6451799999999999,0.06995999999999997,17.101,18.009,0.45487999999999995,0.5071800000000001,4.4456,1.18,22.2802,2.7028,15.7732,0.0,11.838799999999999,2.6022000000000003,0.9296,7.4866,1.2156,9.9918,8.7112,8.501999999999999,1756.072851682888,2,-22.260498039999902
2021-01-20_Arminia_Stuttgart,2021-01-20,20:30,Bundesliga,Matchweek 17,Wed,2021,3.0,0.0,Arminia,Stuttgart,Home Win,1570.84143066,1,20.0,0.7604,0.916,0.70104,1.4657799999999999,44.202000000000005,8.9786,1.7739999999999998,,0.70104,,4.2219999999999995,1.16716,0.25115999999999994,17.4376,27.321599999999997,0.58358,0.53568,5.9510000000000005,1.2066,28.575400000000002,4.418,15.9146,0.3758,16.026600000000002,3.1668000000000003,0.7782,11.036399999999999,1.2156,15.6158,12.2116,12.0736,1714.1699549098598,1676.65905762,2.8024,1.3204,2.37956,1.12688,48.4046,16.7502,6.589199999999999,38.865660000000005,1.88356,0.12086400000000001,4.4384,1.32132,0.0009199999999999833,12.477800000000002,29.974400000000003,1.5056800000000001,1.1994,13.2452,0.82,44.497,8.8598,10.962799999999998,1.1258,16.324199999999998,5.753399999999999,4.626799999999999,22.1966,1.6705999999999999,30.378999999999998,27.983800000000002,24.5212,1736.219330859254,0,-105.8176269600001
2021-01-20_RB Leipzig_Union Berlin,2021-01-20,20:30,Bundesliga,Matchweek 17,Wed,2021,1.0,0.0,RB Leipzig,Union Berlin,Home Win,1873.87158203,1,20.0,1.4764,0.9106000000000001,2.14888,1.1247600000000002,57.267999999999994,14.3908,5.3336,37.164,1.7200800000000003,0.126808,3.0952,1.18532,0.27472,10.684,44.345,1.3309600000000001,1.2955,11.591999999999999,3.1929999999999996,54.0222,10.2436,12.525,0.178,17.0894,4.2374,2.3882000000000003,22.094800000000003,0.7778,27.087,22.429,19.4812,1681.73940520083,1709.42980957,1.9624,1.3712,1.35452,1.1952800000000001,40.6686,9.1894,2.9422,31.159080000000003,1.08396,0.132974,4.146800000000001,1.0310800000000002,-0.34012000000000003,13.2116,20.1538,0.94902,0.8503799999999999,6.626,2.2774,27.7448,6.0018,16.5928,0.5162,14.622,3.9492000000000003,3.5026,11.876600000000002,1.2198,16.714,14.7898,13.6292,1671.651256593052,0,164.4417724599998
2021-01-20_Eint Frankfurt_Freiburg,2021-01-20,20:30,Bundesliga,Matchweek 17,Wed,2021,2.0,2.0,Freiburg,Eint Frankfurt,Draw,1719.40869141,1,20.0,3.012,1.0564,2.66186,1.2376,49.2278,16.6004,6.4396,40.08084,2.1853800000000003,0.13945000000000002,3.5370000000000004,1.1519200000000003,0.09552000000000002,11.8534,30.6848,1.50442,1.10008,12.8446,2.9972000000000003,40.0788,8.239799999999999,13.770399999999999,0.2198,22.3054,5.1036,4.56,18.9402,4.3362,28.928800000000003,24.6642,14.3428,1661.8636889400282,1758.61865234,1.9802,1.25,2.10376,1.86826,54.7956,12.0472,4.9844,42.653600000000004,1.5548000000000002,0.123442,4.9506000000000006,1.7574400000000001,0.50744,13.7962,32.7992,1.42292,1.24398,10.5612,2.5932,40.0578,8.347,13.3342,0.41759999999999997,22.096600000000002,4.958,3.3427999999999995,17.676000000000002,2.169,23.8272,22.5166,14.531600000000001,1660.8191142820779,1,-39.20996092999985
2021-01-22_Dortmund_Gladbach,2021-01-22,20:30,Bundesliga,Matchweek 18,Fri,2021,4.0,2.0,Gladbach,Dortmund,Home Win,1808.32897949,1,20.0,1.9202,1.1734,1.5693,1.22908,50.161,12.9454,5.111400000000001,41.312380000000005,1.41106,0.10781800000000001,2.9911999999999996,1.04054,-0.13286000000000003,14.549199999999999,28.998600000000003,1.11704,1.05342,9.970600000000001,0.82,37.641400000000004,6.0656,15.9662,1.6618,18.870399999999997,6.0771999999999995,3.14,16.2616,3.3692,22.9062,23.2962,19.5636,1761.0690545901498,1838.21154785,1.6176,1.442,1.8238400000000001,1.24904,55.398599999999995,15.424199999999999,4.6256,30.7412,1.64584,0.109348,5.737,1.29168,-0.15031999999999998,11.656,34.4994,1.50582,1.6617600000000001,12.0878,1.2,51.4202,10.8462,11.24,1.3336000000000001,10.6886,4.5802,2.6350000000000002,20.3842,1.9958,28.0282,30.4878,19.2644,1767.2169068855221,0,-29.88256836000005
2021-01-23_Hertha BSC_Werder Bremen,2021-01-23,18:30,Bundesliga,Matchweek 18,Sat,2021,1.0,4.0,Hertha BSC,Werder Bremen,Away Win,1659.50939941,1,18.0,1.5138,1.7116000000000002,1.39986,1.1535,58.8784,12.783600000000002,3.7888,27.92128,1.07634,0.081776,3.8040000000000003,1.7398000000000002,0.028199999999999975,9.4316,29.5608,0.8457399999999999,1.0061200000000001,9.0624,2.1580000000000004,42.6438,7.0838,14.1384,0.38,21.7882,5.9426,2.1136,16.0572,2.3192,22.7894,19.533,23.2758,1684.540278343158,1659.81408691,0.8982,1.621,0.7993600000000001,1.06678,41.0372,8.7666,3.0896000000000003,41.76832,0.7993600000000001,0.10687400000000001,4.5296,1.14926,-0.47174,17.2026,19.145400000000002,0.6725,0.66762,5.8138000000000005,1.9362,25.870199999999997,4.1982,17.6206,0.1602,15.2588,4.2988,1.3158,10.0348,2.0422000000000002,14.9588,12.3158,10.636199999999999,1783.561084694132,2,-0.3046875
2021-01-23_Freiburg_Stuttgart,2021-01-23,15:30,Bundesliga,Matchweek 18,Sat,2021,2.0,1.0,Freiburg,Stuttgart,Home Win,1718.31677246,1,15.0,3.055,1.0066,2.30262,0.98872,43.59120000000001,14.7426,5.9072000000000005,40.635360000000006,1.8738199999999998,0.12818,2.7624,0.7595000000000001,-0.002899999999999986,13.5216,28.1536,1.39514,0.9347,11.450800000000001,2.3648000000000002,35.1778,6.561999999999999,14.1816,0.1978,20.400399999999998,4.2722,4.9366,16.371599999999997,3.8142,25.873,22.0114,11.7576,1692.259607004928,1661.06054688,2.0896,1.4884,2.2527799999999996,1.20862,51.218399999999995,14.3452,5.509399999999999,37.05616,1.8063799999999999,0.131428,3.5736000000000003,1.31152,0.06731999999999999,11.1648,33.4962,1.5528,1.37484,12.055800000000001,1.2264,47.5132,9.4624,10.1454,1.0131999999999999,17.3688,6.0666,3.4432,21.3006,1.2152,27.1788,26.476599999999998,24.8018,1693.196222753256,0,57.25622558000009
2021-01-23_Leverkusen_Wolfsburg,2021-01-23,15:30,Bundesliga,Matchweek 18,Sat,2021,0.0,1.0,Leverkusen,Wolfsburg,Away Win,1841.07678223,1,15.0,1.6179999999999999,1.0376,1.26102,1.05516,57.82640000000001,14.338,5.6358,36.33604,1.11862,0.074812,2.4941999999999998,0.62248,-0.41512000000000004,9.91,31.890200000000004,0.82768,0.8368599999999999,10.9128,2.2194000000000003,37.5222,6.8298,11.3444,1.4994,17.713800000000003,5.1428,2.702,19.21,1.6164,26.601,18.238,20.6906,1799.1460851804482,1766.89160156,1.4264,1.5116,1.584,1.2433999999999998,51.4296,13.919,4.385800000000001,32.1789,1.43014,0.11000400000000002,3.54,1.27398,-0.23762000000000003,14.527000000000001,23.5568,1.03566,0.8797799999999999,9.3086,2.6674000000000007,35.160199999999996,6.7414000000000005,14.5974,0.46399999999999997,18.0082,5.397,1.9004,17.8248,2.2156000000000002,24.543400000000002,19.178,12.334,1754.00382282892,2,74.18518066999991
2021-01-23_Arminia_Eint Frankfurt,2021-01-23,15:30,Bundesliga,Matchweek 18,Sat,2021,1.0,5.0,Arminia,Eint Frankfurt,Away Win,1570.84143066,1,15.0,1.2728000000000002,0.536,1.0704799999999999,1.48802,43.8584,10.278400000000001,2.3292,21.455460000000002,1.0704799999999999,0.11266200000000001,3.9556,1.1216,0.5856,15.763599999999999,28.6752,0.86708,0.7218800000000001,7.065199999999999,1.286,28.5062,4.7646,15.3232,0.3382,15.323799999999999,3.3386,1.433,12.863,1.3381999999999998,17.4728,14.320599999999999,11.1778,1688.631413821236,1763.2199707,1.9822,1.325,1.7250200000000002,1.58836,55.7048,12.1984,4.3534,37.8646,1.23094,0.101794,4.7112,1.4942,0.1692,14.593399999999999,30.024,1.08784,1.38522,10.2726,3.3224,40.908,8.7566,11.791599999999999,0.3758,22.0548,4.5298,2.9202,17.1318,2.3522,23.079600000000003,24.4424,18.0972,1681.314570288958,2,-192.37854003999996
2021-01-23_Augsburg_Union Berlin,2021-01-23,15:30,Bundesliga,Matchweek 18,Sat,2021,2.0,1.0,Augsburg,Union Berlin,Home Win,1625.31750488,1,15.0,0.736,2.0352,1.15862,2.15716,44.175200000000004,10.762199999999998,2.4829999999999997,21.88346,0.98768,0.08870399999999999,5.8746,1.56242,-0.27498,16.2776,23.836599999999997,0.74458,0.70246,7.8107999999999995,1.5604,32.3606,4.5367999999999995,13.672199999999998,0.3956,16.1114,3.4926000000000004,0.7956,12.105599999999999,1.5997999999999999,17.7406,14.458400000000001,16.2718,1754.8808653808542,1705.93139648,1.3336000000000001,1.334,0.74886,1.279,38.8926,8.0936,2.1712000000000002,25.136300000000002,0.6207,0.082424,4.3762,1.19328,-0.14072,13.9672,21.448,0.47484,0.49698,5.2982,2.0496,26.937800000000003,4.6364,13.514800000000001,0.3204,12.4622,2.9334000000000002,2.2872000000000003,10.1354,0.9536,13.912199999999999,11.591999999999999,12.6778,1708.3510038823001,0,-80.61389160000022
2021-01-23_Mainz 05_RB Leipzig,2021-01-23,15:30,Bundesliga,Matchweek 18,Sat,2021,3.0,2.0,Mainz 05,RB Leipzig,Home Win,1606.11181641,1,15.0,0.1602,1.464,1.0046,1.29058,43.44180000000001,9.626000000000001,1.6102,14.99954,1.0046,0.099602,5.1204,1.5914,0.1274,15.9364,22.571800000000003,0.8823799999999999,0.9863999999999999,7.764,2.4112,30.6136,5.527200000000001,14.026200000000001,0.178,20.516800000000003,4.1956,0.3204,12.2514,1.8885999999999998,17.0486,15.380799999999999,10.2798,1710.6667035414198,1877.36999512,1.6002,1.1826,1.69558,0.85006,52.5408,11.429599999999999,5.117999999999999,50.540440000000004,1.51974,0.146312,2.4744,0.73626,-0.44634000000000007,12.756799999999998,28.464399999999998,1.09208,1.26514,8.2822,2.4062,39.049,8.186599999999999,13.5186,0.9558,17.1276,5.0902,2.5166,15.017999999999999,1.5348000000000002,19.5868,20.621,10.1404,1787.99388767205,0,-271.25817871000004
2021-01-24_Hoffenheim_Koln,2021-01-24,18:00,Bundesliga,Matchweek 18,Sun,2021,3.0,0.0,Hoffenheim,Koln,Home Win,1732.23413086,1,18.0,1.2344000000000002,1.5158,1.0683,1.12596,53.6884,11.1166,5.3027999999999995,47.36154,0.94014,0.091068,3.8184,1.26418,-0.03181999999999999,10.6316,36.341,0.82026,1.2108599999999998,9.530000000000001,2.6618,47.38740000000001,6.8096,18.6412,0.558,23.099200000000003,5.161,2.3086,14.0496,2.2194000000000003,20.176000000000002,23.3536,18.9148,1682.6607047100501,1623.42480469,0.9868,1.5033999999999998,0.8965000000000001,2.06554,39.452200000000005,7.628,3.2390000000000003,44.59528,0.8965000000000001,0.111372,5.4838,1.73284,0.22944,15.9254,17.4642,0.708,0.5453,5.2336,1.262,24.294400000000003,3.1768,13.1656,0.2442,13.220199999999998,3.863,1.5692,9.3032,1.3381999999999998,12.4904,9.4286,9.717,1729.572350463588,0,108.80932617000008
2021-01-24_Bayern Munich_Schalke 04,2021-01-24,15:30,Bundesliga,Matchweek 18,Sun,2021,0.0,4.0,Schalke 04,Bayern Munich,Away Win,1579.90454102,1,15.0,1.1234,1.5228,1.1494600000000001,1.62024,48.8148,11.8594,3.7964,31.021279999999997,1.0213,0.085006,4.181,1.23806,-0.12453999999999998,13.583800000000002,21.037599999999998,0.80338,0.79264,8.7564,0.8178,34.1332,5.4586,13.3742,1.1478,12.555,3.1942,1.5386,12.375800000000002,2.1556,19.6726,17.2566,17.329,1679.905266869134,2047.41003418,1.738,1.1954,1.3024,1.03978,60.8608,13.3754,3.6168,27.556440000000002,0.9312,0.073584,2.8056,1.1295600000000001,-0.06583999999999998,9.132,43.20440000000001,0.767,1.41418,9.6916,2.1556,58.754,9.3842,15.531,0.2442,24.9332,6.579000000000001,3.0584000000000002,19.5948,1.084,25.313,29.8842,21.6898,1717.2229467020459,2,-467.50549316
2021-01-29_Mainz 05_Stuttgart,2021-01-29,20:30,Bundesliga,Matchweek 19,Fri,2021,2.0,0.0,Stuttgart,Mainz 05,Home Win,1655.44543457,1,20.0,1.3824,1.9582,1.6158199999999998,1.76862,51.028800000000004,14.2756,3.7826000000000004,25.382540000000002,1.2923,0.09740199999999999,5.9976,1.9558600000000004,-0.0023399999999999463,14.021600000000001,28.6958,1.08524,1.13714,11.3894,2.685,40.3554,9.23,15.359200000000001,0.4044,16.5092,4.59,2.6046,18.7242,2.2462,25.7556,24.9514,20.6176,1830.1048450924159,1619.88269043,1.3424,1.8594,1.5534799999999997,2.19904,34.0146,11.6984,4.442799999999999,33.2816,1.5534799999999997,0.12635,5.978400000000001,1.8754000000000002,0.016,18.941599999999998,22.339399999999998,1.1139999999999999,1.00388,9.1358,1.3204,29.7862,4.4248,13.346599999999999,0.8784000000000001,13.0922,2.894,2.3466,14.939,2.3648000000000002,21.0374,13.478,11.213999999999999,1785.378179979322,0,35.56274414000018
2021-01-30_Eint Frankfurt_Hertha BSC,2021-01-30,15:30,Bundesliga,Matchweek 19,Sat,2021,3.0,1.0,Eint Frankfurt,Hertha BSC,Home Win,1773.82800293,1,15.0,2.1038,1.3956,1.55654,0.8255600000000001,45.708,11.233,4.6196,36.17492,1.41808,0.12459400000000001,2.8832,0.8732,-0.5224,14.3902,27.553800000000003,1.02136,0.77996,8.2894,2.1768,40.4242,8.812,11.792399999999999,1.2396,17.0928,5.0534,3.326,13.683,1.2066,18.9324,21.287,14.9114,1786.3959633313382,1644.23388672,0.3758,1.189,0.7971199999999999,1.30022,49.677,9.419599999999999,3.2198,37.476679999999995,0.7971199999999999,0.09101600000000001,3.1582000000000003,0.94632,-0.24268,19.410999999999998,25.922800000000002,0.51976,0.57598,6.718,1.666,33.751400000000004,3.6924,12.1602,0.1602,13.2432,2.7458,0.5736,9.9026,1.8596,15.306799999999999,16.3644,15.235000000000001,1687.60918080902,0,129.5941162099998
2021-01-30_Augsburg_Dortmund,2021-01-30,15:30,Bundesliga,Matchweek 19,Sat,2021,3.0,1.0,Dortmund,Augsburg,Home Win,1827.04003906,1,15.0,1.3800000000000001,2.0698000000000003,2.06982,1.6805200000000002,65.04660000000001,14.608999999999998,5.7302,39.17876,1.8744600000000002,0.125452,5.821,2.016,-0.0538,10.8692,52.7714,1.67922,1.6709,11.6144,1.3402,58.5176,12.8998,13.078399999999998,1.9225999999999999,15.435200000000002,5.7334000000000005,2.5997999999999997,18.594,2.3456,26.169400000000003,29.1692,23.685,1719.8968053728581,1634.55126953,0.7558,1.1826,0.87056,1.17144,50.5284,9.241,2.4318,24.2716,0.87056,0.09689,4.263400000000001,1.3645399999999999,0.18194000000000002,14.039399999999999,28.4898,0.8109999999999999,0.75358,7.1756,2.7960000000000003,38.186800000000005,7.4836,16.16,0.7778,17.255200000000002,2.9238,1.3514,10.9892,1.9284,15.825,15.601799999999999,13.959800000000001,1675.614792526918,0,192.48876953000013
2021-01-30_Leverkusen_RB Leipzig,2021-01-30,18:30,Bundesliga,Matchweek 19,Sat,2021,1.0,0.0,RB Leipzig,Leverkusen,Home Win,1863.59912109,1,18.0,1.1404,0.8196,2.00746,0.9746400000000002,59.9714,14.84,5.156000000000001,34.90488,1.7368999999999999,0.12412799999999999,2.5974000000000004,1.0336,0.21400000000000002,8.962,49.9028,1.4199400000000002,1.30594,12.3652,2.2528,60.465599999999995,10.3192,12.6726,0.4044,18.0014,4.602,2.061,23.0618,1.2884000000000002,28.3432,21.1648,19.7212,1690.1245311767123,1830.35205078,1.8654,0.844,1.34934,0.9999,65.971,13.214,4.7996,36.2353,1.34934,0.10486000000000001,2.3238,0.77528,0.31128,8.2056,40.4824,1.1087,1.2812000000000001,10.133,2.82,52.6576,9.1782,10.4814,0.6002,21.962600000000002,6.483999999999999,3.0168000000000004,15.746400000000001,1.9693999999999998,21.9206,23.773600000000002,18.2846,1656.47521032694,0,33.247070310000026
2021-01-30_Gladbach_Union Berlin,2021-01-30,15:30,Bundesliga,Matchweek 19,Sat,2021,1.0,1.0,Union Berlin,Gladbach,Draw,1696.69763184,1,15.0,1.738,1.296,1.37536,1.3146200000000001,37.4658,12.296,4.8915999999999995,39.36486,1.2471999999999999,0.100158,4.116,1.68856,0.39256,14.863599999999998,21.72,0.99288,0.77382,9.3184,1.8564,28.504,4.0716,10.2734,1.284,14.2368,4.522600000000001,2.8142000000000005,13.581000000000001,2.3382,20.1676,14.7546,14.007400000000002,1844.173646288668,1819.50036621,2.1382000000000003,2.0786000000000002,1.86784,1.9110999999999998,51.810599999999994,12.748,4.5998,42.379740000000005,1.38608,0.11310600000000001,3.9454000000000002,1.32834,-0.75026,15.493199999999998,32.3884,1.05892,1.10214,8.5332,0.9536,37.8944,7.119400000000001,12.66,1.0816,15.4234,5.765000000000001,3.9183999999999997,16.607,1.5952,22.4402,18.724999999999998,17.264000000000003,1682.549911473364,1,-122.80273437000005
2021-01-30_Schalke 04_Werder Bremen,2021-01-30,15:30,Bundesliga,Matchweek 19,Sat,2021,1.0,1.0,Werder Bremen,Schalke 04,Draw,1675.08959961,1,15.0,1.0244,1.3514,0.9335600000000002,1.44446,53.9386,11.168,3.2686,32.12502,0.8054,0.071292,3.448,1.1542599999999998,-0.03694,10.8362,31.218600000000002,0.45436,0.5447599999999999,7.087199999999999,2.4082,39.659000000000006,6.2568,16.875,0.0,18.4908,3.6029999999999998,1.8885999999999998,14.735399999999998,0.8022,18.3784,14.499400000000001,12.674999999999999,1679.960368822314,1578.15856934,1.1382,2.82,1.1441999999999999,2.37806,46.64659999999999,12.2376,2.7512000000000003,24.082780000000003,1.1441999999999999,0.08132600000000001,8.179,2.3645199999999997,-0.25767999999999996,14.717400000000001,24.065399999999997,0.86342,0.88792,8.854,2.2918000000000003,33.1902,8.0316,13.293,0.7736,16.6526,4.334600000000001,1.3824,16.5928,1.2984,20.7224,19.326800000000002,14.137999999999998,1702.716891945072,1,96.93103027000006
2021-01-30_Bayern Munich_Hoffenheim,2021-01-30,15:30,Bundesliga,Matchweek 19,Sat,2021,4.0,1.0,Bayern Munich,Hoffenheim,Home Win,2049.15600586,1,15.0,2.6772,1.5757999999999999,2.4108600000000004,1.21824,63.9756,15.962800000000001,6.001799999999999,38.02795999999999,2.2350200000000005,0.145848,4.4064000000000005,1.62126,0.045460000000000056,11.276399999999999,53.739000000000004,1.9958,2.34586,12.5352,2.3492,66.9782,14.549399999999999,13.5716,0.6002,28.1222,9.9028,4.9368,21.744400000000002,2.589,28.4384,34.1306,26.027800000000003,1722.8264602069219,1740.01623535,1.4664000000000001,1.9492,1.6114800000000002,1.8784800000000001,51.347,13.5872,4.6862,37.02502,1.6114800000000002,0.12132,4.481,1.9270399999999999,-0.022160000000000013,12.980799999999999,32.4012,1.25956,0.8771599999999999,9.4658,2.8076,43.5698,7.875,15.8064,0.2198,16.4638,3.6519999999999997,2.4908,17.857799999999997,1.3998,23.904999999999998,18.135,16.0626,1698.21602165513,0,309.13977050999983
2021-01-31_Arminia_Koln,2021-01-31,15:30,Bundesliga,Matchweek 19,Sun,2021,3.0,1.0,Koln,Arminia,Home Win,1615.64257812,1,15.0,0.5162,1.6874,0.69672,1.3728600000000002,43.729800000000004,8.4856,1.6984000000000001,20.957819999999998,0.69672,0.08595599999999999,4.545,1.54202,-0.14538,12.229199999999999,20.5136,0.60856,0.72908,6.7224,1.8828,30.588600000000003,4.3096,16.156399999999998,0.2198,17.3636,4.71,1.0324,9.9514,2.3133999999999997,15.425400000000002,11.9648,11.851600000000001,1714.7270185802204,1570.84143066,0.3978,1.5526,0.76316,1.4745599999999999,48.958,8.6182,2.2376,27.13712,0.76316,0.080996,5.555,1.64792,0.09531999999999996,12.5262,22.8388,0.59812,0.7183599999999999,6.3238,1.642,28.2896,5.073,16.1498,0.6862,14.052399999999999,4.2488,0.6175999999999999,10.3674,1.3978,15.1112,13.889,8.826600000000001,1693.9441557868702,0,44.80114746000004
2021-01-31_Freiburg_Wolfsburg,2021-01-31,18:00,Bundesliga,Matchweek 19,Sun,2021,3.0,0.0,Wolfsburg,Freiburg,Home Win,1777.61633301,1,18.0,2.3142,1.3804,1.64808,1.7731,51.1804,12.8144,5.3592,40.04228,1.39372,0.10924999999999999,4.6974,1.5734400000000002,0.37104,14.753,32.483599999999996,1.0476800000000002,1.37614,9.428,1.8618,44.293000000000006,9.5428,11.0866,1.0198,17.0084,4.4074,4.1864,15.1234,2.1324,22.038800000000002,24.913800000000002,17.1164,1746.993514698714,1723.93188477,1.4772,1.3668,1.11084,1.46344,40.6098,9.1692,3.3316,36.17156,0.9349999999999999,0.10156399999999999,5.3896,1.7412800000000002,0.37448,16.4208,21.7404,0.69162,0.7140599999999999,7.7272,3.3583999999999996,28.5728,7.4358,12.154,0.7714000000000001,18.3124,2.8042000000000002,1.8554,13.0094,1.5402,16.6588,18.2116,11.118,1794.0082196793842,0,53.684448240000165
2021-02-05_Bayern Munich_Hertha BSC,2021-02-05,20:00,Bundesliga,Matchweek 20,Fri,2021,0.0,1.0,Hertha BSC,Bayern Munich,Away Win,1638.50134277,1,20.0,1.3182,1.7964,1.6052399999999998,1.00074,63.19499999999999,14.5028,5.3192,34.442139999999995,1.23404,0.082598,3.4912,1.57518,-0.22121999999999997,9.2324,32.9562,0.96766,1.06434,10.2212,3.7074,50.6032,9.7616,12.8594,0.1978,27.4142,6.4808,1.958,19.3144,2.5756,26.2616,23.1308,26.5556,1652.395940353546,2051.81958008,2.1084,0.9316,1.89708,0.98256,61.2074,17.5892,5.5645999999999995,28.847260000000002,1.5630000000000002,0.08787800000000001,2.6808,0.9368,0.00520000000000001,9.0748,48.1006,1.30754,1.83674,13.2412,3.2168,63.60679999999999,11.3112,13.091800000000001,0.46399999999999997,26.249200000000002,7.197799999999999,3.841,25.351799999999997,2.4408000000000003,32.663399999999996,35.6124,21.3,1696.900171239588,2,-413.31823730999986
2021-02-06_RB Leipzig_Schalke 04,2021-02-06,15:30,Bundesliga,Matchweek 20,Sat,2021,0.0,3.0,Schalke 04,RB Leipzig,Away Win,1581.80786133,1,15.0,1.0110000000000001,1.9148,1.05242,1.95244,48.3662,11.8294,3.7168,30.474300000000003,1.05242,0.08783,5.6398,1.6084800000000001,-0.30632,16.2674,20.7014,0.8706999999999999,0.8078,9.7576,1.2244,34.4088,5.9454,12.8924,1.033,12.888,3.3190000000000004,1.3846,13.5152,2.24,20.494,17.908,17.3846,1747.7136767326797,1869.77307129,1.7844,1.6528,1.77696,1.06042,54.952,12.0192,5.5388,52.00355999999999,1.6187200000000002,0.14945,2.7712,1.0357,-0.6171,12.725399999999999,26.676,1.04288,1.26864,8.8866,2.8098,36.8254,8.468,13.378400000000001,0.716,18.291600000000003,5.9138,2.7092,16.2812,1.7256,21.0816,21.791800000000002,11.7592,1752.43918779429,2,-287.96520996000004
2021-02-06_Augsburg_Wolfsburg,2021-02-06,15:30,Bundesliga,Matchweek 20,Sat,2021,0.0,2.0,Augsburg,Wolfsburg,Away Win,1630.35693359,1,15.0,1.0066,1.9316,1.21484,2.2411600000000003,40.1854,10.1974,2.923,29.02048,1.06098,0.10436800000000002,5.787,1.7635800000000001,0.009979999999999989,19.6686,20.9782,0.6856800000000001,0.69662,7.485399999999999,1.8486000000000002,28.761000000000003,4.7714,15.902800000000001,0.6002,13.8142,3.055,1.4485999999999999,10.918,1.6398,16.4894,13.3354,14.246399999999998,1757.7348767086319,1787.44580078,1.2396,1.072,1.3958000000000002,1.27788,46.5706,12.173399999999999,4.0588,35.76334,1.2573400000000001,0.11344599999999999,3.4858000000000002,1.08794,0.015939999999999954,15.639199999999999,21.9592,0.98882,0.78528,8.8892,2.3122000000000003,31.1604,6.578799999999999,15.1704,0.6617999999999999,16.4096,4.192200000000001,1.6219999999999999,16.2884,1.8498,21.57,16.4972,13.721600000000002,1794.318571023212,2,-157.08886718999997
2021-02-06_Dortmund_Freiburg,2021-02-06,15:30,Bundesliga,Matchweek 20,Sat,2021,2.0,1.0,Freiburg,Dortmund,Home Win,1714.10241699,1,15.0,2.9494,0.8617999999999999,1.87068,1.43058,43.376000000000005,12.6822,5.6722,44.65708,1.60012,0.125476,4.1072,1.2487,0.6067,16.5,26.1846,1.14256,0.9112,9.808,2.7166,34.1714,7.138199999999999,13.0984,0.178,19.6278,3.8566000000000003,4.7428,15.5134,2.9118,22.7344,18.903,10.961,1665.6918385253898,1831.23425293,1.8,2.1304,1.89796,1.46834,55.5586,15.2376,4.9072000000000005,32.921319999999994,1.73776,0.11518,6.7286,1.94068,-0.18972,10.225,38.2772,1.52848,1.63,11.6906,1.6684,53.464,10.8616,9.951,1.156,15.015400000000001,5.1106,3.0598,19.769000000000002,2.3846000000000003,27.737000000000002,33.346199999999996,20.1148,1782.09760915551,0,-117.13183593999997
2021-02-06_Leverkusen_Stuttgart,2021-02-06,15:30,Bundesliga,Matchweek 20,Sat,2021,5.0,2.0,Leverkusen,Stuttgart,Home Win,1824.17810059,1,15.0,1.4562,1.178,1.27938,1.10734,59.3086,13.0394,5.6608,39.12016,1.15122,0.08754200000000001,2.789,0.66024,-0.51776,9.5748,35.9404,0.78168,0.7655,9.9008,2.2974,43.4864,6.9468,9.568,1.3494,18.042,5.2286,2.4318,18.256800000000002,0.978,24.399600000000003,17.9142,21.6428,1810.7513575435462,1664.20373535,1.8364,1.6838,2.46726,1.3042799999999999,54.1154,17.3292,6.191,34.27284,1.9855,0.12251799999999999,4.0046,1.42572,-0.03827999999999998,10.2832,35.76519999999999,1.62284,1.3850200000000001,13.992,1.548,47.8272,9.4162,12.3728,0.9117999999999999,20.794800000000002,6.104000000000001,2.9104,24.6216,1.4378,32.3654,28.9472,27.5078,1703.417505101094,0,159.97436524
2021-02-06_Gladbach_Koln,2021-02-06,18:30,Bundesliga,Matchweek 20,Sat,2021,1.0,2.0,Gladbach,Koln,Away Win,1817.05224609,1,18.0,2.1282,1.4002,1.46818,1.3915,47.571,11.497399999999999,5.0120000000000005,47.06566,1.32578,0.121362,3.8688000000000002,1.30508,-0.09512000000000004,15.282599999999999,26.5016,1.0388199999999999,0.99484,8.9526,0.738,37.233599999999996,5.2824,14.4042,1.3514,16.674400000000002,5.481199999999999,3.8144,13.605,3.044,19.9086,19.8598,18.919,1803.263364965534,1625.39074707,0.5998,1.9414000000000002,1.10342,1.9392,44.4674,9.419,2.9268,33.3506,0.9080600000000001,0.087168,5.191199999999999,1.8516400000000002,-0.08976000000000003,14.556,20.604,0.76166,0.67964,6.4314,1.8684000000000003,33.632999999999996,5.0128,11.683600000000002,0.7081999999999999,20.801000000000002,5.3862000000000005,0.9798,10.8826,2.3812,16.4932,13.693200000000001,13.6526,1709.0598049070381,2,191.66149901999984
2021-02-06_Mainz 05_Union Berlin,2021-02-06,15:30,Bundesliga,Matchweek 20,Sat,2021,1.0,0.0,Mainz 05,Union Berlin,Home Win,1611.12426758,1,15.0,0.7326,1.6618,1.113,1.36918,41.7206,9.5634,1.9933999999999998,19.540399999999998,1.113,0.11252799999999999,5.2524,1.75642,0.09461999999999998,16.486800000000002,20.417,0.91974,1.08102,7.2992,2.5142,27.833400000000005,5.9628,14.8446,0.1602,17.7022,2.9226,1.221,11.2494,2.044,16.4996,14.433399999999999,10.596,1745.820867872888,1699.14575195,1.156,1.5448,0.8295600000000001,1.2222600000000001,43.278,8.084,2.6424,31.22756,0.6342,0.08474,4.4828,1.24722,-0.29758000000000007,12.2612,25.7106,0.53618,0.5617,5.5124,1.512,31.995600000000003,5.4052,12.974599999999999,0.0,17.3232,2.7958000000000003,2.1142,9.633199999999999,1.2024,14.2648,13.942,13.3658,1702.3115299553801,0,-88.02148437000005
2021-02-07_Eint Frankfurt_Hoffenheim,2021-02-07,15:30,Bundesliga,Matchweek 20,Sun,2021,1.0,3.0,Hoffenheim,Eint Frankfurt,Away Win,1737.35266113,1,15.0,1.411,0.9316,1.22916,1.29546,53.107600000000005,10.960799999999999,4.251600000000001,38.6635,0.86286,0.085076,3.2598,1.1479599999999999,0.4141599999999999,15.164,35.1952,0.80264,1.1053199999999999,8.988600000000002,2.1071999999999997,44.3276,6.6286000000000005,17.112000000000002,0.358,20.979999999999997,5.6774000000000004,2.3336,13.700600000000001,2.0532,19.9702,22.7298,17.414,1676.9921421378301,1779.5604248,2.5724,1.0042,1.93668,1.2055600000000002,55.73440000000001,12.767,4.9064,39.93004,1.4920399999999998,0.11482400000000001,4.2076,1.0487600000000001,0.04456000000000003,13.269,30.2216,1.19232,1.37674,10.689599999999999,3.0902000000000003,45.213,8.2926,12.212399999999999,0.5824,21.749200000000002,5.3094,3.8608000000000002,18.2954,2.5612,24.3926,25.896,20.4622,1656.016924950334,2,-42.20776367000008
2021-02-12_Augsburg_RB Leipzig,2021-02-12,20:30,Bundesliga,Matchweek 21,Fri,2021,2.0,1.0,RB Leipzig,Augsburg,Home Win,1874.47167969,1,20.0,0.9822,0.5934,1.7881,0.81738,56.843999999999994,15.244399999999999,4.407800000000001,29.318960000000004,1.65994,0.116388,2.6376,0.9480999999999999,0.3547,8.445,46.3588,1.10608,1.11998,10.963600000000001,2.1274,54.2906,9.2104,13.538,0.2198,17.8452,4.7418000000000005,1.7666,21.2022,1.2596,27.9206,22.625,21.4026,1741.565018286372,1623.23669434,0.7802,1.6528,0.7414,1.16666,46.6124,8.4842,1.7118,17.905,0.7414,0.086434,4.193,1.53352,0.12491999999999998,15.5006,25.92,0.6878000000000001,0.6117,6.669600000000001,2.6164000000000005,34.8258,6.7468,15.699599999999998,0.5558000000000001,15.2202,2.7314000000000003,1.5604,9.336599999999999,1.7356,14.133,13.9764,12.5546,1693.2024963114459,0,251.23498535
2021-02-13_Leverkusen_Mainz 05,2021-02-13,15:30,Bundesliga,Matchweek 21,Sat,2021,2.0,2.0,Leverkusen,Mainz 05,Draw,1830.10083008,1,15.0,1.9548,1.4044,1.83544,1.18104,58.1568,15.8656,6.7714,37.98578,1.83544,0.10300000000000001,3.6428000000000003,1.09938,-0.30502000000000007,8.596400000000001,33.9252,1.2875,1.2473400000000001,12.1084,2.5559999999999996,42.5614,7.740600000000001,9.667,1.4586,18.947,4.8174,3.6654,21.7938,0.9802,29.1432,24.483600000000003,23.6762,1782.0947077630658,1620.43249512,0.7756000000000001,2.0176000000000003,1.07766,1.9104999999999999,38.1528,9.842600000000001,3.3333999999999997,29.60698,1.07766,0.101852,5.248,1.70454,-0.31305999999999995,15.652000000000003,23.870600000000003,0.7398,0.9413800000000001,7.724599999999999,1.0,31.5612,5.2708,13.9328,0.358,16.546,3.0046,1.391,12.914800000000001,1.94,17.694200000000002,14.8072,11.348600000000001,1770.6397558096642,1,209.6683349599998
2021-02-13_Schalke 04_Union Berlin,2021-02-13,18:30,Bundesliga,Matchweek 21,Sat,2021,0.0,0.0,Union Berlin,Schalke 04,Draw,1689.83752441,1,18.0,1.3758,0.978,1.08714,1.2010399999999999,37.875,12.2222,4.0256,33.002520000000004,1.08714,0.088934,3.9601999999999995,1.35454,0.5474800000000001,15.4658,21.3154,0.9636,0.76642,9.386600000000001,1.8266,25.834600000000002,3.776,10.602,1.1556,13.7802,3.9818,2.156,13.290400000000002,2.4044,20.0184,14.879,13.8184,1854.782275903142,1577.10925293,0.9802,2.4938000000000002,0.87788,1.7776999999999998,44.7748,9.450800000000001,2.2876000000000003,23.69014,0.87788,0.078308,7.5728,1.72228,-0.59352,16.976,22.096,0.62402,0.594,6.8824,1.6300000000000001,30.287399999999998,6.7632,13.1752,0.6962,14.157,2.8476000000000004,1.4442,12.7494,0.9802,15.368400000000001,13.58,13.7798,1708.6789096936259,1,112.7282714800001
2021-02-13_Freiburg_Werder Bremen,2021-02-13,15:30,Bundesliga,Matchweek 21,Sat,2021,0.0,0.0,Werder Bremen,Freiburg,Draw,1671.44030762,1,15.0,1.022,1.3162,0.78046,1.3643800000000001,50.8494,11.4072,3.7302,34.33334000000001,0.78046,0.069164,3.2030000000000003,1.0876,-0.2286,10.6526,27.636400000000002,0.48336,0.67798,7.867000000000001,2.7116000000000002,35.9888,7.308,16.9876,0.4884,20.307000000000002,4.5636,2.044,15.750599999999999,1.0662,19.4852,16.3148,11.586400000000001,1665.9231200441923,1724.04052734,1.3294,1.5302,1.18182,1.4394799999999999,43.2468,9.540600000000001,3.0542,32.03072,1.02358,0.109174,5.0624,1.6763000000000001,0.14609999999999998,17.5442,22.8436,0.72128,0.6738200000000001,7.8986,3.5667999999999997,30.8136,7.0040000000000004,12.482600000000001,0.9384,21.4118,4.389,1.6698,12.708400000000001,2.4188,17.3254,17.657999999999998,10.0852,1779.756978395258,1,-52.600219719999814
2021-02-13_Hertha BSC_Stuttgart,2021-02-13,15:30,Bundesliga,Matchweek 21,Sat,2021,1.0,1.0,Stuttgart,Hertha BSC,Draw,1658.28112793,1,15.0,1.4442,1.474,1.38564,1.22802,52.711999999999996,13.5156,3.5602,25.38704,1.2098,0.094218,5.021000000000001,1.49188,0.017880000000000014,13.309999999999999,28.3586,0.99904,1.11344,10.4738,3.0050000000000003,38.7314,8.2304,16.5444,0.2198,15.9144,3.1776,2.6442,16.4102,2.0774,24.071,22.5146,18.702399999999997,1793.709388183754,1637.23352051,0.5824,1.8026,0.75296,1.50994,48.4206,9.9544,3.1978000000000004,33.209140000000005,0.75296,0.080702,4.407399999999999,1.59422,-0.20838,18.581400000000002,25.851,0.50336,0.5007,7.423,1.4552,32.3758,3.8232,12.788599999999999,0.2442,14.483999999999998,4.0364,1.0046,11.3658,2.0178000000000003,16.6738,18.502399999999998,15.2442,1688.0453045398979,1,21.04760741999985
2021-02-13_Dortmund_Hoffenheim,2021-02-13,15:30,Bundesliga,Matchweek 21,Sat,2021,2.0,2.0,Dortmund,Hoffenheim,Draw,1821.29614258,1,15.0,1.6862,1.6743999999999999,1.9175200000000001,1.41262,67.549,14.1598,5.6572,39.8606,1.57074,0.10793,4.4736,1.6391999999999998,-0.03520000000000001,8.796199999999999,56.4666,1.40944,1.5473000000000001,11.6088,0.7736,65.1898,12.953999999999999,12.8706,1.642,17.5894,7.025,2.884,18.158,2.6994,25.7642,31.927,25.403000000000002,1649.980112330204,1726.54418945,1.4198,2.5867999999999998,1.75566,1.9482999999999997,46.751400000000004,14.693399999999999,4.861800000000001,35.19882,1.75566,0.12263,5.798,2.5769,-0.009900000000000016,13.5948,29.333399999999997,1.45336,1.07036,11.0284,3.0268,41.5174,9.1642,15.4374,0.1978,16.6732,3.5425999999999997,2.4418,19.7252,1.4598,26.2002,19.8306,15.0912,1793.912755004546,1,94.75195312999995
2021-02-14_Gladbach_Wolfsburg,2021-02-14,18:00,Bundesliga,Matchweek 21,Sun,2021,0.0,0.0,Wolfsburg,Gladbach,Draw,1794.56604004,1,18.0,2.527,1.0982,1.64882,1.4607,50.6622,12.5886,5.034800000000001,38.46304,1.50642,0.12053399999999999,3.9952,1.1865999999999999,0.2486,15.878,31.0466,1.19384,1.5627,8.7526,2.5082,43.27499999999999,10.6094,10.6454,0.7736,19.4818,4.755,4.412,15.255,1.6308,21.0136,25.2546,16.860599999999998,1739.861819972444,1803.88110352,1.736,1.5382,1.5115,1.7279,54.635999999999996,12.873000000000001,4.3956,39.97816,1.19326,0.094818,3.4625999999999997,1.16458,-0.37361999999999995,14.423200000000001,32.702600000000004,0.92208,1.22282,9.0682,0.9581999999999999,44.5392,8.4166,11.773,0.9734,17.955,7.097600000000001,3.294,16.2902,2.8566000000000003,22.884200000000003,21.2824,17.4144,1666.6862225828338,1,-9.315063479999935
2021-02-14_Eint Frankfurt_Koln,2021-02-14,15:30,Bundesliga,Matchweek 21,Sun,2021,2.0,0.0,Eint Frankfurt,Koln,Home Win,1790.36889648,1,15.0,2.4818000000000002,1.356,1.7694999999999999,0.74972,50.3102,12.375,5.1903999999999995,37.626979999999996,1.4495400000000003,0.11680800000000001,3.039,0.86584,-0.49016,13.8184,31.783,0.9947999999999999,0.94292,9.1374,2.5476,43.834,10.3846,12.601599999999998,0.9714,18.349,4.804,4.1702,16.3452,1.5302,22.1022,24.410000000000004,18.227600000000002,1739.3411747811722,1638.56188965,0.884,1.9913999999999998,1.04868,1.6222400000000001,43.044,8.8888,2.5016,30.87408,0.8728400000000001,0.092336,4.583600000000001,1.74084,-0.25056,15.7006,19.7554,0.70666,0.6517,5.8558,1.3932,31.7934,4.567400000000001,13.4804,1.37,17.691,4.6592,1.0818,10.8944,1.8548,15.323200000000002,13.368400000000001,13.4318,1747.04481328057,0,151.8070068300001
2021-02-15_Arminia_Bayern Munich,2021-02-15,20:30,Bundesliga,Matchweek 21,Mon,2021,3.0,3.0,Bayern Munich,Arminia,Draw,2053.08740234,1,20.0,3.242,1.5182,2.413,1.31526,62.135999999999996,15.7226,7.311,47.07402,2.25476,0.147144,4.754,1.61586,0.09766,13.246599999999999,43.40239999999999,1.8341,1.88846,12.3376,2.5584,63.973,12.940999999999999,12.7818,1.0286,27.201,10.3452,5.619800000000001,21.4818,2.2418,27.862399999999997,32.5196,25.304,1735.695315406236,1570.84143066,0.6022,1.409,0.88778,1.35616,50.4272,9.088999999999999,2.6022000000000003,30.146439999999995,0.88778,0.09254799999999999,5.167000000000001,1.4136,0.004599999999999993,14.127399999999998,27.815400000000004,0.75366,0.92072,7.3124,1.822,31.6676,5.7984,16.0904,0.6175999999999999,16.7774,4.9006,1.0442,10.8192,1.6021999999999998,16.2654,15.2536,10.3976,1681.4462262683883,1,482.24597168000014
2021-02-19_Arminia_Wolfsburg,2021-02-19,20:30,Bundesliga,Matchweek 22,Fri,2021,0.0,3.0,Arminia,Wolfsburg,Away Win,1570.84143066,1,20.0,1.1014,1.5592000000000001,0.91252,1.52156,43.2956,9.4738,2.3522,25.50794,0.91252,0.104072,4.548400000000001,1.3015400000000001,-0.013459999999999972,15.5872,25.9774,0.70504,0.73412,6.382000000000001,1.2573999999999999,28.023000000000003,4.1556,16.911800000000003,0.1602,14.8028,2.7162,1.3456,11.3674,1.6486,16.2162,15.1536,11.171600000000002,1714.316120753914,1789.93115234,1.4598,0.6764,1.6248200000000002,1.03708,49.1874,12.411999999999999,4.253,36.254619999999996,1.50022,0.130078,3.093,0.77288,0.09647999999999998,14.4102,23.9286,1.21414,0.9477,9.3446,2.4252,35.251400000000004,9.2514,14.609,0.8398,16.7688,3.7403999999999997,2.1482,17.5366,1.4764,21.968999999999998,20.266399999999997,17.445,1717.260399244682,2,-219.0897216799999
2021-02-20_Gladbach_Mainz 05,2021-02-20,15:30,Bundesliga,Matchweek 22,Sat,2021,1.0,2.0,Gladbach,Mainz 05,Away Win,1800.77819824,1,15.0,2.0154,1.6044,1.19836,1.3656000000000001,50.5118,10.4826,4.5666,44.531819999999996,1.0702,0.105576,3.782,1.37228,-0.23212,14.254,29.6256,0.81634,0.8644200000000001,8.2806,1.3526,40.9084,5.6542,14.0312,1.3162,17.730400000000003,4.0354,3.6329999999999996,12.2468,2.7954000000000003,17.7434,17.1108,18.6946,1776.9448154776858,1622.66918945,1.0422,2.0158,1.2010800000000001,1.8882,34.4102,11.3352,3.5,28.26616,1.2010800000000001,0.09845799999999999,4.9788,1.58514,-0.43065999999999993,13.3888,20.4678,0.8590800000000001,1.17144,8.5406,1.4884,28.057000000000002,6.0324,13.018600000000001,0.4222,16.3594,2.7600000000000002,1.5959999999999999,12.790799999999999,2.146,19.2574,18.6456,10.5488,1813.9574121096239,2,178.10900878999996
2021-02-20_Koln_Stuttgart,2021-02-20,15:30,Bundesliga,Matchweek 22,Sat,2021,0.0,1.0,Koln,Stuttgart,Away Win,1629.60510254,1,15.0,1.053,1.4744,0.77148,1.2202000000000002,43.2804,9.758,2.5612000000000004,24.53694,0.77148,0.080594,4.3904,1.38242,-0.09198,13.8274,20.662399999999998,0.57004,0.62526,6.7059999999999995,2.4272,30.9302,5.7882,16.485,0.1978,17.715600000000002,4.2505999999999995,1.8618000000000001,11.8658,1.7493999999999998,17.392200000000003,13.766199999999998,11.578,1687.055187817172,1652.75830078,1.4202,2.5922,2.18868,2.04528,55.510400000000004,16.3196,5.983600000000001,36.35574,1.8704399999999999,0.12182400000000002,5.7136,2.219,-0.1754,10.210799999999999,35.8416,1.54844,1.3076400000000001,13.2602,1.6374,45.6552,9.562800000000001,12.3358,0.6764,19.5594,6.1818,2.4426,22.5058,2.2708,30.619600000000002,29.717400000000005,25.0152,1709.784141699496,2,-23.153198239999938
2021-02-20_Dortmund_Schalke 04,2021-02-20,18:30,Bundesliga,Matchweek 22,Sat,2021,0.0,4.0,Schalke 04,Dortmund,Away Win,1577.30029297,1,18.0,0.9097999999999999,2.1676,0.92388,2.12142,44.778000000000006,9.937,3.3007999999999997,32.6739,0.92388,0.08648600000000001,7.0854,2.03166,-0.13593999999999998,17.450200000000002,16.9918,0.76476,0.71816,8.2608,1.202,29.439600000000002,4.874,14.945,0.9296,10.9456,2.9428,1.246,10.4892,2.116,16.925800000000002,16.04,14.7274,1788.634355370586,1813.80834961,1.5757999999999999,2.2616,1.63188,1.32706,58.577600000000004,15.6022,4.7282,30.553759999999997,1.63188,0.10545199999999999,6.3556,1.72896,-0.53264,8.593,40.5478,1.277,1.4172,12.154,1.2132,53.9064,10.6312,10.9326,0.8962,15.491,4.267,2.9537999999999998,22.166400000000003,1.7136,28.1958,31.013800000000003,20.836,1783.677151219706,2,-236.50805663999995
2021-02-20_Freiburg_Union Berlin,2021-02-20,15:30,Bundesliga,Matchweek 22,Sat,2021,0.0,1.0,Freiburg,Union Berlin,Away Win,1719.72143555,1,15.0,2.8543999999999996,1.0198,1.3863799999999997,1.6005999999999998,40.175399999999996,10.7162,4.9723999999999995,46.63352,1.25822,0.104392,4.8734,1.39926,0.5772600000000001,15.4176,24.024,0.96176,0.75798,8.462,2.1566,30.470399999999998,5.7594,12.9444,0.6486000000000001,16.246199999999998,2.9942,4.5684,13.075999999999999,2.4322,19.153799999999997,15.649799999999999,11.985800000000001,1719.791672022146,1681.90869141,0.8962,1.202,0.9964,1.48748,48.2556,9.2408,3.2108,34.11014,0.82056,0.09447599999999999,4.2462,1.3602,0.1582,11.369800000000001,26.705,0.72234,0.63322,6.582199999999999,1.9492000000000003,34.327,5.997400000000001,12.688799999999999,0.2442,18.3008,2.4720000000000004,1.6144,11.223400000000002,1.6705999999999999,16.0362,14.6692,12.9736,1684.01168347135,2,37.81274413999995
2021-02-20_Bayern Munich_Eint Frankfurt,2021-02-20,15:30,Bundesliga,Matchweek 22,Sat,2021,2.0,1.0,Eint Frankfurt,Bayern Munich,Home Win,1791.58789062,1,15.0,2.5778000000000003,1.0762,2.05884,0.5894,53.730599999999995,13.746799999999999,6.2364,42.95868,1.7708599999999999,0.128336,2.2584,0.6595000000000001,-0.41670000000000007,12.3596,31.637200000000004,1.41928,1.26934,11.1214,3.4696,46.45740000000001,10.5786,11.8532,1.1184,19.967599999999997,5.1678,3.9532,17.3318,2.2098,23.934,27.3082,20.0468,1696.3296931167401,2040.36376953,1.9976,0.6942,2.0616000000000003,1.0143,60.321400000000004,17.2748,5.5084,29.351999999999997,1.5656,0.090534,3.4012000000000002,0.8866,0.19240000000000002,8.679,46.248799999999996,1.2668400000000002,1.8675199999999998,13.0616,3.9720000000000004,63.078399999999995,12.733800000000002,13.3384,1.1502,27.589399999999998,8.1548,3.657,25.1496,2.541,32.086,36.105,21.9028,1687.140862279348,0,-248.77587890999985
2021-02-21_Hertha BSC_RB Leipzig,2021-02-21,15:30,Bundesliga,Matchweek 22,Sun,2021,0.0,3.0,Hertha BSC,RB Leipzig,Away Win,1635.01855469,1,15.0,0.7538,1.7167999999999999,1.6612200000000001,1.3702200000000002,56.594,14.052399999999999,5.487399999999999,37.999359999999996,1.32714,0.09598999999999999,4.463,1.683,-0.03379999999999998,12.772,30.3864,1.1062400000000001,1.0179,10.531600000000001,3.4368,44.6708,8.9414,13.7942,0.9106000000000001,23.986800000000002,5.2676,1.3296,19.9922,1.8853999999999997,25.867800000000003,21.7852,25.135,1746.564509738654,1861.30432129,1.9060000000000001,1.055,1.92016,0.85904,59.2176,16.1568,6.8500000000000005,47.9711,1.7777600000000002,0.122318,2.0174000000000003,0.68704,-0.36796,9.79,34.3108,1.21068,1.47154,12.605,2.3846,45.1338,10.1188,15.3708,0.6002,21.1694,6.743400000000001,3.0384,20.1484,3.3624,29.1642,30.2802,15.879199999999997,1665.55922507552,2,-226.2857666
2021-02-21_Hoffenheim_Werder Bremen,2021-02-21,18:00,Bundesliga,Matchweek 22,Sun,2021,4.0,0.0,Hoffenheim,Werder Bremen,Home Win,1726.29431152,1,18.0,1.0816,1.4268,1.10976,1.3536000000000001,51.3428,10.376199999999999,3.0612000000000004,27.75578,0.78006,0.081802,3.8664,1.63922,0.39042,14.659799999999999,34.830799999999996,0.7402799999999999,0.9405800000000001,8.7454,2.0964,42.8964,6.954000000000001,17.433,0.178,18.4954,5.5096,1.7235999999999998,13.342,1.8477999999999999,19.2846,21.6474,16.6192,1706.1267255593962,1668.02160645,1.3526,0.9822,0.94154,1.30548,39.6124,8.6342,3.1806,42.34346000000001,0.7706,0.09909400000000002,5.6536,1.3044,0.3222,22.0986,18.8426,0.64642,0.4955,5.6324,1.4542000000000002,24.029600000000002,3.8341999999999996,17.991,0.2442,13.1352,3.3922,2.2168,10.0198,2.1822,15.2398,10.8634,9.8398,1758.8022220461198,0,58.27270507000003
2021-02-21_Augsburg_Leverkusen,2021-02-21,13:30,Bundesliga,Matchweek 22,Sun,2021,1.0,1.0,Augsburg,Leverkusen,Draw,1617.18029785,1,13.0,0.6175999999999999,1.9384,1.038,2.1981800000000002,41.4878,10.0776,2.2982000000000005,22.42796,0.89954,0.086956,6.0966000000000005,1.8493000000000002,0.07110000000000002,20.166999999999998,22.766199999999998,0.55176,0.58486,7.4368,1.8638,30.0382,4.9384,17.1338,0.5402,14.0768,4.1704,1.0154,11.847,2.3084,17.116999999999997,14.322799999999999,12.8566,1788.618348509534,1820.12634277,1.3904,0.8595999999999999,1.2123,1.2417799999999999,62.611,12.6926,4.4754,34.55916,1.2123,0.094722,2.5798,0.8931199999999999,0.23131999999999997,9.55,39.313199999999995,1.01016,1.0933199999999998,10.2082,2.738,48.296800000000005,7.9394,11.9426,0.5402,18.538600000000002,5.8588000000000005,2.2824,15.7162,2.0166,21.3728,20.8776,17.491400000000002,1719.40114355417,1,-202.94604492000008
2021-02-26_Eint Frankfurt_Werder Bremen,2021-02-26,20:30,Bundesliga,Matchweek 23,Fri,2021,2.0,1.0,Werder Bremen,Eint Frankfurt,Home Win,1658.86450195,1,20.0,0.7756000000000001,0.8962,0.7724,1.1305,49.455,11.3224,3.9013999999999998,35.7007,0.7724,0.065804,2.506,0.7593,-0.13689999999999997,11.8082,25.586799999999997,0.52386,0.6946199999999999,8.3688,2.7964,33.8038,6.6006,18.0098,0.4396,19.4998,4.7956,1.5512000000000001,15.9758,0.8154,19.2486,14.4418,12.328,1685.906549803994,1806.5246582,2.9036000000000004,0.8595999999999999,1.8441800000000002,0.8866400000000001,56.47,12.8228,5.2042,42.30518,1.55938,0.124112,2.7334,0.5025000000000001,-0.3571,11.5884,29.8436,1.28962,1.5476400000000001,10.709,3.6136,46.0896,8.5516,13.2122,0.8684000000000001,21.8948,6.3436,4.6516,17.465799999999998,3.526,24.330000000000005,26.703599999999998,21.3252,1661.575113572958,0,-147.66015625
2021-02-27_Arminia_Dortmund,2021-02-27,15:30,Bundesliga,Matchweek 23,Sat,2021,3.0,0.0,Dortmund,Arminia,Home Win,1832.80529785,1,15.0,1.8618,1.7069999999999999,1.70832,1.6899600000000001,64.0312,12.146,5.103,41.83678,1.39622,0.128348,4.7704,1.8506600000000004,0.14365999999999995,10.2698,49.971000000000004,1.07012,1.2507,9.5502,0.9404,58.389199999999995,11.781800000000002,13.8044,1.5778,17.619,5.7016,3.284,14.779399999999999,2.7735999999999996,22.0806,30.125200000000003,25.4068,1675.655267895106,1570.84143066,1.1304,1.7124000000000001,0.91018,1.4706000000000001,48.11919999999999,7.870800000000001,2.642,34.52208,0.91018,0.11482999999999999,6.471399999999999,1.6011600000000001,-0.11124000000000003,17.0334,25.0038,0.8904,0.9142399999999999,7.1370000000000005,1.5956,29.824000000000005,5.085999999999999,14.7604,0.8,14.1138,3.8896,2.0166,10.0164,1.3978,14.297,13.974800000000002,10.102,1746.1136621811684,0,261.96386719
2021-02-27_Gladbach_RB Leipzig,2021-02-27,18:30,Bundesliga,Matchweek 23,Sat,2021,3.0,2.0,RB Leipzig,Gladbach,Home Win,1869.48352051,1,18.0,1.084,0.7782,1.77604,0.8933,57.8802,15.3642,4.3228,28.332559999999997,1.6051,0.109422,2.5738,1.10744,0.32924,7.4914,44.0364,0.9501000000000001,1.16564,10.334600000000002,2.2588,53.5726,9.966,13.9168,0.1978,17.4488,4.856,1.9899999999999998,19.3842,1.3778,27.928600000000003,23.183799999999998,20.585800000000003,1724.64946516225,1786.18896484,1.274,1.096,1.2905399999999998,1.2558,51.3656,12.5414,4.1118,37.84474,1.00414,0.07880000000000001,3.5722000000000005,0.99836,-0.09764000000000003,16.3902,28.148,0.7545,0.9963399999999999,8.2846,0.7182,42.6642,8.0748,12.14,0.7318,17.7596,7.132000000000001,2.3878,15.54,2.5709999999999997,22.2072,21.430799999999998,13.9774,1699.0774958983297,0,83.29455567000014
2021-02-27_Hertha BSC_Wolfsburg,2021-02-27,15:30,Bundesliga,Matchweek 23,Sat,2021,2.0,0.0,Wolfsburg,Hertha BSC,Home Win,1799.72998047,1,15.0,1.5534,0.5558000000000001,1.48744,1.31692,50.230999999999995,13.6066,5.1314,36.575500000000005,1.35928,0.103388,3.7514000000000003,0.8728,0.317,14.857800000000001,29.291000000000004,1.0535400000000001,1.45876,9.5658,2.9458,40.9966,9.3276,10.4926,0.9404,23.517599999999998,6.4772,2.529,15.5414,2.6886,22.633399999999998,25.6176,19.1282,1765.4808875024098,1630.76538086,0.6242,1.7224,0.93744,1.3580599999999998,49.05500000000001,10.3914,2.6896000000000004,26.144379999999998,0.93744,0.097168,4.2668,1.36952,-0.35287999999999997,15.5162,26.2306,0.64396,0.54388,7.569,1.5538,33.403,4.4176,14.9518,0.2198,17.2984,4.5654,1.2484,10.3966,2.1602,16.5946,19.517200000000003,17.017200000000003,1663.022360179194,0,168.96459961000005
2021-02-27_Bayern Munich_Koln,2021-02-27,15:30,Bundesliga,Matchweek 23,Sat,2021,5.0,1.0,Bayern Munich,Koln,Home Win,2032.69396973,1,15.0,3.2178,1.6663999999999999,2.6379200000000003,1.30934,62.7548,17.492,8.545,48.48862,2.49552,0.151754,4.4344,1.5289599999999999,-0.13744,12.133600000000001,49.22239999999999,1.8238800000000002,1.85396,13.024600000000001,2.5025999999999997,64.6078,12.7908,13.192,0.6374,28.7902,9.0896,5.6578,23.463600000000003,1.9734,31.071199999999997,36.6836,28.813000000000002,1676.102688671704,1623.33349609,0.7956,2.2806,0.9593400000000001,1.76768,43.315999999999995,8.888,2.3514,28.26028,0.8011,0.08233399999999999,4.9694,2.01742,-0.2631800000000001,15.786800000000001,21.3656,0.64154,0.66534,6.2026,1.3538,35.385400000000004,4.9430000000000005,13.876999999999999,1.233,17.1536,4.393000000000001,0.9736,12.0582,1.7692,16.1438,13.5078,12.055600000000002,1736.410162865026,0,409.36047364
2021-02-27_Schalke 04_Stuttgart,2021-02-27,15:30,Bundesliga,Matchweek 23,Sat,2021,5.0,1.0,Stuttgart,Schalke 04,Home Win,1662.95581055,1,15.0,1.3998,1.1382,1.31822,1.29284,53.6942,12.687199999999999,3.36,25.665180000000003,1.15998,0.095238,3.8978,1.4037800000000002,0.26558000000000004,13.5792,25.8806,0.93588,1.0820800000000002,9.6496,2.5602,37.6046,7.863,17.511000000000003,0.1978,15.1342,2.5272,2.5798,14.1388,2.8464,23.0428,19.7324,18.9438,1717.5067285411678,1572.80212402,0.738,1.6676,0.73358,1.65572,49.0934,7.8522,1.7704,19.09986,0.73358,0.075036,6.2501999999999995,1.41372,-0.09367999999999996,17.5992,24.6404,0.48510000000000003,0.57018,5.3848,1.5228,33.101,6.8427999999999995,14.367,0.3382,13.331999999999999,3.4512,1.1556,10.288200000000002,0.9822,12.9012,14.4104,14.4344,1690.318404540782,0,90.15368652999996
2021-02-28_Augsburg_Mainz 05,2021-02-28,15:30,Bundesliga,Matchweek 23,Sun,2021,0.0,1.0,Mainz 05,Augsburg,Away Win,1637.71704102,1,15.0,0.9036,1.3514,1.2449999999999999,1.4099199999999998,39.3974,8.642,2.1942,24.579900000000002,1.04964,0.11960400000000002,4.8388,1.54424,0.19284,15.6056,18.136,0.89012,0.9576,6.504199999999999,3.1954000000000002,22.448,6.454999999999999,14.9042,0.0,16.922800000000002,2.642,1.5874,9.3942,1.7954,14.331,16.023,9.971599999999999,1751.92953884349,1623.50488281,0.8022,1.5433999999999999,0.78166,1.34654,45.2296,6.638,1.4964,21.838160000000002,0.5863,0.083346,4.2296000000000005,1.61578,0.29218,14.0296,21.7436,0.55248,0.46958,5.337400000000001,1.4896,29.382,4.5418,17.738999999999997,0.356,13.8004,3.0023999999999997,1.6044,7.0168,1.6178,11.501,11.3158,11.189800000000002,1729.110321239558,2,14.21215820999987
2021-02-28_Freiburg_Leverkusen,2021-02-28,18:00,Bundesliga,Matchweek 23,Sun,2021,1.0,2.0,Leverkusen,Freiburg,Away Win,1812.64416504,1,18.0,2.1036,1.464,1.95054,1.53924,61.836600000000004,15.955799999999998,6.7825999999999995,38.95172,1.95054,0.118678,4.067,1.4746199999999998,0.010620000000000004,10.0136,37.1278,1.4329800000000001,1.2459,12.085999999999999,2.2562,46.4538,7.9992,12.575,0.736,17.043,4.103000000000001,3.9874,21.547,0.9822,29.094,25.4336,23.9294,1703.5666688723923,1711.69824219,1.0522,1.233,1.16804,1.3943400000000001,45.8088,9.342400000000001,2.5162,27.0389,1.02564,0.11114,5.2444,1.6463,0.4133,17.0454,23.636,0.58264,0.60318,6.5436,3.9543999999999997,33.9512,7.3478,9.5158,0.7004,20.2942,4.0502,1.2144,11.5724,2.0328,15.9278,17.292,10.3208,1772.3170517841763,2,100.94592284999999
2021-02-28_Hoffenheim_Union Berlin,2021-02-28,13:30,Bundesliga,Matchweek 23,Sun,2021,1.0,1.0,Union Berlin,Hoffenheim,Draw,1693.85791016,1,13.0,1.0939999999999999,0.736,1.27936,0.99556,38.6084,14.1536,3.6346000000000003,27.3518,1.27936,0.088598,2.8432,1.0027599999999999,0.42062,14.110000000000001,21.7162,1.0460800000000001,0.98396,10.0364,2.5766,27.848599999999998,5.651999999999999,11.9512,0.9958,14.4348,3.251,1.6520000000000001,16.7802,1.9756,23.6796,16.7006,10.6296,1757.79479064951,1739.82324219,1.6219999999999999,2.2398,1.9843000000000002,1.85138,47.541,14.8124,5.264,37.711940000000006,1.9843000000000002,0.137578,4.7974,2.16088,-0.07891999999999996,14.0122,29.9768,1.39362,1.15544,10.7698,2.78,41.8426,9.2922,17.102999999999998,0.4222,15.973400000000002,4.1768,2.886,19.2528,2.0464,25.8244,21.645400000000002,14.681799999999999,1793.7473880858222,1,-45.9653320299999
2021-03-05_Mainz 05_Schalke 04,2021-03-05,20:30,Bundesliga,Matchweek 24,Fri,2021,0.0,0.0,Schalke 04,Mainz 05,Draw,1545.65063477,1,20.0,0.8188,2.7834,0.9935600000000001,2.1557600000000003,42.946200000000005,10.8198,3.1706,29.96574,0.9935600000000001,0.089162,7.409400000000001,2.29362,-0.48978,15.584000000000001,18.8018,0.7671,0.72074,8.4228,1.0376,30.360000000000003,5.519,13.885599999999998,0.8366,10.5624,3.481,1.1214,11.505,1.9602000000000002,18.386200000000002,17.3448,14.1102,1826.183143188758,1610.8494873,1.4264,2.0584000000000002,1.11218,1.8037800000000002,33.5922,11.434399999999998,4.615200000000001,43.753960000000006,1.11218,0.08408,5.4576,1.59754,-0.46086,13.5498,22.2188,0.7211000000000001,1.0122200000000001,8.0866,1.6838,25.509399999999996,5.584999999999999,12.6842,0.38,15.3466,2.884,2.4132,12.3118,2.1756,18.476,20.1232,10.582199999999998,1828.6611432617242,1,-65.19885253000007
2021-03-06_Hoffenheim_Wolfsburg,2021-03-06,15:30,Bundesliga,Matchweek 24,Sat,2021,2.0,1.0,Hoffenheim,Wolfsburg,Home Win,1694.97387695,1,15.0,1.9502000000000002,1.1400000000000001,1.4739,1.1705400000000001,52.1736,11.4036,3.9318,32.388059999999996,1.1772,0.106602,3.2914000000000003,1.44882,0.46902,14.249400000000001,32.9824,1.0192999999999999,0.9321200000000001,9.447600000000001,2.6752000000000002,42.3184,7.5912,17.678,0.4044,19.4666,5.7028,3.2606,14.1728,2.1072,20.6536,22.792,16.8458,1670.468517626138,1787.13452148,2.0464,0.3204,1.52586,0.8203400000000001,51.78739999999999,11.073400000000001,4.572,41.406980000000004,1.41372,0.13439600000000002,2.2628000000000004,0.38838,0.06797999999999998,13.2482,24.657,1.12066,0.94412,8.5894,1.4176,34.35,7.9172,14.392,0.7558,16.5596,4.599,3.1544,13.7554,1.873,18.833,19.5636,16.9006,1665.284087280422,0,-92.16064453000013
2021-03-06_Augsburg_Hertha BSC,2021-03-06,15:30,Bundesliga,Matchweek 24,Sat,2021,2.0,1.0,Hertha BSC,Augsburg,Home Win,1608.58911133,1,15.0,0.6784,2.2776,1.5750600000000001,1.3376200000000003,53.42700000000001,13.258600000000001,5.9154,45.042080000000006,1.27442,0.096834,5.481800000000001,1.85652,-0.42108,12.1068,28.538,1.0023600000000001,0.87958,9.2574,2.7604000000000006,41.8606,8.0702,13.026399999999999,1.0638,21.778,4.7524,1.1966,18.2158,1.5526,24.2038,19.5086,22.223200000000002,1792.735445457498,1615.60083008,0.822,1.389,0.9144400000000001,1.3451400000000002,42.488,6.8742,1.791,24.58574,0.7386,0.09854600000000001,4.9834,1.78162,0.59042,18.322,19.0944,0.69816,0.54588,5.6478,1.2964,25.5156,4.6876,16.6328,0.3204,12.0786,3.0022,1.3998,6.9826,1.8001999999999998,11.806799999999999,11.772599999999999,9.1288,1729.6137353526083,0,-7.01171875
2021-03-06_Gladbach_Leverkusen,2021-03-06,15:30,Bundesliga,Matchweek 24,Sat,2021,0.0,1.0,Gladbach,Leverkusen,Away Win,1763.79492188,1,15.0,1.9138000000000002,1.644,1.02432,1.07274,55.144800000000004,10.346,4.5098,44.08485999999999,1.02432,0.103016,4.148000000000001,1.3218,-0.32220000000000004,14.1166,32.4818,0.78586,0.9600599999999999,8.308399999999999,1.7058,42.9482,6.365600000000001,13.607399999999998,1.3846,18.1344,4.176,3.4696,13.1666,2.3274,18.3692,18.0322,18.1926,1742.983479881438,1760.140625,1.063,1.0178,0.8527,1.15992,65.0916,10.2606,3.4628,33.238479999999996,0.8527,0.08304,2.4776000000000002,0.85054,0.01074000000000001,7.8858,44.4422,0.6752,0.86654,8.2572,3.3526,54.3922,9.0222,13.3254,0.1978,24.345399999999998,5.0962000000000005,1.9657999999999998,14.447,1.3381999999999998,18.540200000000002,21.0574,19.3634,1712.2089299306579,2,3.654296879999947
2021-03-06_Bayern Munich_Dortmund,2021-03-06,18:30,Bundesliga,Matchweek 24,Sat,2021,4.0,2.0,Bayern Munich,Dortmund,Home Win,2016.9732666,1,18.0,3.8286,1.5997999999999999,2.67622,1.37608,61.4026,17.5752,9.1114,53.22492,2.54806,0.15258,3.8584,1.5693400000000002,-0.03046,10.6664,53.5172,1.9768400000000002,2.07276,13.210400000000002,2.2640000000000002,67.4426,12.3674,11.6752,0.5736,26.59,8.1478,7.1014,25.059,1.4876,31.2848,33.8176,27.8434,1650.719287279474,1819.57177734,2.2508,1.7469999999999999,1.67194,1.2698800000000001,57.766799999999996,14.1768,5.288,39.4395,1.67194,0.122442,5.4872000000000005,1.40854,-0.33846,7.4244,35.1118,1.35696,1.41546,11.306,1.336,49.755399999999995,10.368,10.6952,0.5182,13.6764,3.4634000000000005,3.8352000000000004,20.773,1.1096,25.634199999999996,29.202599999999997,20.0198,1748.929369383768,0,197.40148926000006
2021-03-06_Freiburg_RB Leipzig,2021-03-06,15:30,Bundesliga,Matchweek 24,Sat,2021,0.0,3.0,Freiburg,RB Leipzig,Away Win,1705.15307617,1,15.0,1.9922,1.0178,1.03936,1.5084199999999999,45.8302,9.5352,3.5658000000000003,37.47106,1.03936,0.097184,4.9302,1.46258,0.6227800000000001,16.1964,25.1542,0.7625599999999999,0.57474,7.3506,1.6642000000000001,35.4632,4.83,12.5174,0.4396,15.312000000000001,2.1738,3.2464000000000004,11.814800000000002,1.6122,16.3754,13.0778,11.9314,1715.2931256851498,1857.1060791,2.3038,0.9494,1.8758000000000001,0.88194,58.0632,17.383200000000002,7.1976,42.83544,1.74764,0.10599,2.504,0.79922,-0.15018,9.3224,36.2548,1.21288,1.48206,14.2308,2.6344,45.77460000000001,11.2604,14.757,0.7844,19.7198,6.3248,3.423,22.052400000000002,3.7588000000000004,31.487800000000004,31.715199999999996,15.7798,1643.748180910368,2,-151.9530029299999
2021-03-06_Eint Frankfurt_Stuttgart,2021-03-06,15:30,Bundesliga,Matchweek 24,Sat,2021,1.0,1.0,Eint Frankfurt,Stuttgart,Draw,1778.33398438,1,15.0,2.3758,0.7802,1.92086,0.86584,52.357,14.0046,6.5451999999999995,45.64388,1.76262,0.128504,2.7768,0.56938,-0.21082,15.0214,31.349400000000003,1.4162200000000003,1.22682,11.9744,3.6109999999999998,43.73400000000001,9.8762,10.3142,0.7182,19.659000000000002,5.5394000000000005,3.8135999999999997,18.1636,1.9888,24.073,26.5652,22.3164,1765.283322852432,1655.33569336,1.5224,2.1888,1.9432600000000002,1.83428,53.937799999999996,15.587399999999999,5.8294,37.651039999999995,1.6568599999999998,0.105548,4.4214,1.78086,-0.22993999999999998,8.9246,33.215,1.3570800000000003,1.17918,12.8782,1.3294,46.0774,8.5738,12.358,0.3204,18.2378,6.1636,2.6868,21.0664,2.488,29.401400000000002,27.824599999999997,25.7784,1682.8317196051062,1,122.9982910199999
2021-03-07_Arminia_Union Berlin,2021-03-07,18:00,Bundesliga,Matchweek 24,Sun,2021,0.0,0.0,Arminia,Union Berlin,Draw,1570.84143066,1,18.0,0.9912000000000001,1.9918,0.88124,1.67804,43.03360000000001,8.5054,2.317,27.53346,0.88124,0.105988,5.2704,1.59212,-0.17987999999999998,15.961,23.716800000000003,0.68452,0.7107,5.8111999999999995,1.1316,25.8346,3.7516000000000003,17.064999999999998,0.0,14.489999999999998,3.0328,1.211,9.3886,1.4396,13.764199999999999,14.893999999999998,9.645199999999999,1742.53956115776,1675.81420898,0.7624,0.7934,1.1377,1.24572,46.4974,9.817,3.1456,32.4173,0.97946,0.099796,3.3448,0.9358,0.1424,12.597999999999999,29.3854,0.8710600000000001,0.70316,6.924200000000001,1.9102000000000001,33.5382,5.321,12.243400000000001,0.2198,19.524,2.769,1.3646,11.801400000000001,1.7036,16.833000000000002,13.737200000000001,11.5226,1695.0047026134018,1,-104.97277832000009
2021-03-07_Koln_Werder Bremen,2021-03-07,15:30,Bundesliga,Matchweek 24,Sun,2021,1.0,1.0,Koln,Werder Bremen,Draw,1604.28271484,1,15.0,0.6594,1.2828,0.7311,0.9707399999999999,45.9826,10.114799999999999,1.8725999999999998,14.87452,0.7311,0.06856,3.8188,1.0823200000000002,-0.20048,12.4356,21.3964,0.50096,0.52064,6.635400000000001,2.4286000000000003,31.702199999999998,6.3420000000000005,16.2806,0.178,16.0228,3.3928000000000003,1.099,12.7562,1.6743999999999999,18.318199999999997,14.078,12.1086,1668.43051655287,1652.28369141,1.2174,1.5724,0.7853,1.39058,41.1282,6.8172,2.8184,47.43554,0.63144,0.095184,5.544200000000001,1.65706,0.08465999999999999,22.5422,21.633000000000003,0.5341,0.5203599999999999,4.6924,1.1204,27.589600000000004,3.074,17.2592,0.2198,12.600800000000001,2.9204000000000003,1.9952,6.955,1.7756,11.5646,9.1792,10.256,1732.7409836176141,1,-48.00097657000015
2021-03-10_Arminia_Werder Bremen,2021-03-10,18:30,Bundesliga,Matchweek 20,Wed,2021,0.0,2.0,Arminia,Werder Bremen,Away Win,1570.84143066,1,18.0,0.892,1.6484,0.761,1.49162,42.6862,7.622199999999999,2.5736,36.98902,0.761,0.101062,4.6108,1.37872,-0.07188000000000003,15.099799999999998,24.3778,0.58396,0.59752,5.3858,1.1184,26.6278,4.409,16.5584,0.0,14.1528,3.0296,1.0898,8.417,1.1514,12.0224,13.539399999999999,9.6806,1719.442815330722,1652.02978516,1.1956,1.6594,0.8311600000000001,1.54572,36.7552,7.1912,2.7481999999999998,45.1176,0.6927000000000001,0.09754800000000001,5.8222,1.7599600000000002,0.10055999999999998,25.994799999999998,19.683799999999998,0.57068,0.6804399999999999,4.8347999999999995,1.3084,26.477600000000002,2.7782,17.5216,0.1978,12.7084,2.6399999999999997,1.9956,6.7826,2.2864,12.2196,11.803199999999999,9.1772,1717.114084568316,2,-81.18835450000006
2021-03-12_Augsburg_Gladbach,2021-03-12,20:30,Bundesliga,Matchweek 25,Fri,2021,3.0,1.0,Augsburg,Gladbach,Home Win,1608.44921875,1,20.0,0.8,1.7004,0.94768,1.7832400000000002,37.2996,8.3722,2.2242,28.54478,0.82308,0.103912,5.3544,1.52134,-0.17906,22.0478,18.373399999999997,0.41566,0.41659999999999997,5.8838,1.6332,23.788200000000003,4.212000000000001,16.8204,0.1978,11.483,3.7092,0.9138000000000001,9.288,1.9334,13.798400000000003,11.3396,9.099,1804.540013279098,1754.77490234,1.2024,1.2864,1.30148,1.24696,45.879999999999995,11.2546,3.3680000000000003,31.931420000000003,0.9637199999999999,0.09801400000000002,4.9802,0.9720200000000001,-0.31438,19.6584,24.081599999999998,0.70904,0.84018,7.656,0.6022,35.7042,6.9346000000000005,14.3356,0.6586000000000001,15.1976,6.674599999999999,2.1606,13.565,2.2696000000000005,19.777,18.689799999999998,13.190999999999999,1736.172767822658,0,-146.32568358999993
2021-03-13_Bayern Munich_Werder Bremen,2021-03-13,15:30,Bundesliga,Matchweek 25,Sat,2021,1.0,3.0,Werder Bremen,Bayern Munich,Away Win,1652.02978516,1,15.0,1.0422,0.7624,0.89608,0.8923599999999999,45.690599999999996,11.5226,4.2996,38.498239999999996,0.89608,0.080316,1.9346,0.889,0.12659999999999993,15.334600000000002,24.107,0.57914,0.75282,8.3202,2.4726,32.9672,7.3172,17.5646,1.1282,16.8518,4.227600000000001,2.0844,15.866400000000002,0.7338,19.8886,14.297400000000001,10.5978,1693.610870774304,2020.85510254,1.7536,0.9690000000000001,2.23402,1.21148,61.87520000000001,18.9006,5.99,29.997439999999997,1.78762,0.094364,3.9938000000000002,1.4773,0.5083,9.4436,45.4884,1.50874,2.2203,15.053,4.8515999999999995,64.2326,15.090599999999998,12.728,1.0352000000000001,29.7608,8.772,3.347,26.5878,3.1193999999999997,34.5514,38.480199999999996,23.5336,1687.037882884364,2,-368.8253173799999
2021-03-13_Koln_Union Berlin,2021-03-13,15:30,Bundesliga,Matchweek 25,Sat,2021,2.0,1.0,Union Berlin,Koln,Home Win,1674.21142578,1,15.0,0.9404,0.7624,1.2514399999999999,1.026,41.6546,11.9848,2.5502000000000002,18.60376,1.05608,0.07797,2.6146,0.8415400000000001,0.4618,14.142999999999999,23.4306,0.86054,0.9111600000000001,8.856,2.5189999999999997,28.629199999999997,5.3427999999999995,12.921199999999999,0.8962,14.691600000000001,2.505,1.5426,15.613999999999999,1.7338,21.5908,16.3866,11.054800000000002,1741.388118507232,1604.53674316,0.9601999999999999,2.5526,1.1764000000000001,1.7921199999999997,42.619200000000006,8.7432,2.5604,31.8761,1.034,0.125938,5.316800000000001,2.16132,-0.39127999999999996,15.208,22.3174,0.68504,0.71646,6.1264,1.0742,36.2676,5.237,11.9916,1.1096,16.4052,4.4978,1.3646,11.6964,1.4480000000000002,15.717400000000001,16.3754,14.535799999999998,1812.8577444335922,0,69.67468261999988
2021-03-13_Dortmund_Hertha BSC,2021-03-13,18:30,Bundesliga,Matchweek 25,Sat,2021,2.0,0.0,Dortmund,Hertha BSC,Home Win,1815.68981934,1,18.0,2.2640000000000002,0.8154,2.09144,1.2694,62.53,13.840600000000002,5.969399999999999,43.13194,1.6152199999999999,0.132284,3.34,1.00798,0.19258,9.887,44.059,1.26288,1.37888,10.815999999999999,0.8022,60.7912,12.5036,14.168199999999999,1.1316,17.2686,5.1988,4.1324000000000005,16.4222,2.4520000000000004,24.714199999999998,31.833399999999997,25.0216,1655.31521982291,1615.74072266,0.41759999999999997,1.4618,0.8383800000000001,0.98946,46.431,10.252199999999998,2.4764000000000004,24.149060000000002,0.8383800000000001,0.08892,3.0307999999999997,0.86882,-0.34878,14.843599999999999,23.6006,0.5719,0.4474,7.0236,1.4984,28.025599999999997,4.1316,16.0218,0.1978,17.9454,4.897200000000001,0.8351999999999999,10.2126,1.5116,15.414000000000001,18.0444,15.782800000000002,1693.881661937594,0,199.9490966799999
2021-03-13_Schalke 04_Wolfsburg,2021-03-13,15:30,Bundesliga,Matchweek 25,Sat,2021,5.0,0.0,Wolfsburg,Schalke 04,Home Win,1777.78344727,1,15.0,1.5979999999999999,0.356,1.09148,1.23752,51.3408,12.481,3.9532,30.570939999999997,1.09148,0.088954,3.2878000000000003,0.7101399999999999,0.35414,16.1252,30.006600000000002,0.8972399999999999,1.2875200000000002,9.121,2.7512000000000003,38.967,8.329600000000001,11.520199999999999,0.558,21.6684,5.4086,2.3318,15.055,2.6198,21.217,22.4048,20.7692,1736.8324352067239,1546.34008789,0.62,2.4334000000000002,0.6949000000000001,1.82552,48.1312,6.9578,1.9933999999999998,24.42702,0.49954,0.06688200000000001,7.4902,1.56326,-0.87014,20.0136,26.2862,0.36241999999999996,0.5255,5.3580000000000005,1.1822,33.8798,6.582,14.1862,0.1602,15.208399999999997,4.8713999999999995,1.24,9.7944,1.084,12.8904,14.8256,15.3796,1690.0727886717518,0,231.44335937999995
2021-03-13_Freiburg_Mainz 05,2021-03-13,15:30,Bundesliga,Matchweek 25,Sat,2021,1.0,0.0,Mainz 05,Freiburg,Home Win,1610.16003418,1,15.0,0.8132,1.3162,1.26818,1.39334,44.2536,9.3104,3.2958,33.62856,1.09234,0.12096799999999999,4.0782,1.2723399999999998,-0.043859999999999996,13.6914,22.662399999999998,0.97762,0.9862600000000001,7.4748,3.7201999999999997,26.266399999999997,7.586399999999999,14.1694,0.0,22.2148,3.3104000000000005,1.4285999999999999,11.008400000000002,2.06,15.995600000000001,20.605,12.4724,1735.023295482802,1696.23693848,1.147,1.3538,1.19566,1.5002,42.8976,8.2872,2.5646,32.60844,1.0675000000000001,0.137888,5.6524,1.5748400000000002,0.22103999999999996,19.314999999999998,25.7466,0.6832199999999999,0.8038000000000001,6.0566,3.4705999999999997,33.9886,7.313000000000001,9.5758,0.1978,19.1876,3.9450000000000007,1.2488000000000001,10.2058,1.9294,13.893,16.574199999999998,9.6562,1807.751180397266,0,-86.07690430000002
2021-03-14_Hoffenheim_Stuttgart,2021-03-14,18:00,Bundesliga,Matchweek 25,Sun,2021,2.0,0.0,Stuttgart,Hoffenheim,Home Win,1657.71936035,1,18.0,2.1924,0.9802,1.4352399999999998,1.42892,51.3502,13.550999999999998,4.745,32.30984,1.29284,0.095832,4.008,1.6476000000000002,0.6674,14.542399999999999,23.285400000000003,1.1144,1.44574,10.373000000000001,3.1366,35.8582,8.465,18.2366,0.4222,18.7718,4.6722,4.187,15.113199999999999,3.5944000000000003,24.5594,25.4196,19.293799999999997,1688.387165820444,1702.33117676,1.4156,2.1158,1.80054,1.6364599999999998,48.47559999999999,14.442800000000002,4.505000000000001,32.91918,1.80054,0.129496,3.8407999999999998,1.9870599999999998,-0.12874000000000005,14.1432,32.5094,1.21006,1.1399000000000001,9.8718,2.3136,43.6236,8.6304,18.7464,0.6242,16.1202,4.3034,2.1647999999999996,18.2624,2.7744,25.6536,21.869400000000002,14.2576,1768.495236011554,0,-44.611816410000074
2021-03-14_Eint Frankfurt_RB Leipzig,2021-03-14,15:30,Bundesliga,Matchweek 25,Sun,2021,1.0,1.0,RB Leipzig,Eint Frankfurt,Draw,1856.39599609,1,15.0,1.7082000000000002,1.1888,1.68636,1.08818,58.9808,16.3604,5.2232,31.17408,1.5325,0.102154,2.6606,1.3730000000000002,0.18420000000000003,7.8748000000000005,44.4354,0.94184,1.24468,10.657,2.6772,51.599599999999995,9.492799999999999,14.457600000000001,0.178,19.3808,3.9494000000000002,3.2561999999999998,20.39,1.44,29.4126,25.0982,20.9272,1753.703797485126,1771.96264648,2.569,1.262,1.63556,0.81148,59.6416,12.3078,4.7954,40.439099999999996,1.3792399999999998,0.116934,3.1042,0.82528,-0.43672,9.9642,35.5874,1.07646,1.61936,10.1054,3.9406,51.352599999999995,9.7174,12.891,0.6374,26.1566,7.085999999999999,4.3864,16.7422,3.3733999999999997,23.764200000000002,27.398,25.588,1662.326977414824,1,84.43334960999982
2021-03-14_Arminia_Leverkusen,2021-03-14,13:30,Bundesliga,Matchweek 25,Sun,2021,1.0,2.0,Leverkusen,Arminia,Away Win,1767.16674805,1,13.0,1.9932,1.6618,1.9719399999999998,1.65952,61.244,18.002,6.892600000000001,36.9946,1.9719399999999998,0.112808,4.2486,1.82112,0.15932,11.0776,36.18520000000001,1.46174,1.2801200000000001,13.875,2.2864,45.510600000000004,7.954999999999999,11.841000000000001,0.5182,16.685200000000002,5.2136000000000005,3.7886,24.410800000000002,1.8166000000000002,33.5124,29.6296,26.2224,1713.500945533352,1570.84143066,1.0173999999999999,1.9854000000000003,0.98568,1.66128,45.0882,8.3162,2.5778000000000003,31.40742,0.98568,0.124442,7.0127999999999995,1.9097199999999999,-0.07568000000000003,16.630000000000003,22.5494,0.8702,0.82838,7.3116,1.2918,28.5202,5.5098,13.9634,0.5758,12.0602,3.4122,1.815,10.3472,1.1138,14.3554,14.6982,11.2684,1779.460547312542,2,196.32531739
2021-03-19_Arminia_RB Leipzig,2021-03-19,20:30,Bundesliga,Matchweek 26,Fri,2021,0.0,1.0,Arminia,RB Leipzig,Away Win,1570.84143066,1,20.0,0.6586000000000001,1.9718,1.34098,1.64662,45.7596,11.4788,3.9814,38.4031,1.34098,0.111608,4.0612,1.5161600000000002,-0.27764,13.080400000000001,24.6402,1.14164,1.05174,8.7218,1.6949999999999998,26.821,5.9334,14.072000000000003,0.0,15.3702,3.771,0.8366,11.2732,2.6014,18.2926,19.302,10.012599999999999,1708.271954418052,1852.73669434,2.6618,0.8544,1.6507600000000002,0.7128000000000001,58.2448,15.7912,7.1777999999999995,46.887980000000006,1.6507600000000002,0.11171600000000001,2.3536,0.67602,-0.17837999999999998,9.146,34.964,1.28484,1.78688,13.9634,1.8941999999999999,44.0432,10.1692,14.137,0.6617999999999999,16.8288,5.5596,4.3016000000000005,20.7494,3.2386,28.864200000000004,29.589599999999997,17.7316,1656.04326640738,2,-281.89526367999997
2021-03-20_Eint Frankfurt_Union Berlin,2021-03-20,15:30,Bundesliga,Matchweek 26,Sat,2021,5.0,2.0,Eint Frankfurt,Union Berlin,Home Win,1775.29638672,1,15.0,2.0940000000000003,0.8022,1.87874,0.7860400000000001,56.23700000000001,15.901800000000001,7.023200000000001,44.37744000000001,1.73634,0.11500200000000001,2.455,0.45036,-0.37626000000000004,13.954600000000001,33.7328,1.3901600000000003,1.2961999999999998,13.5304,3.694,48.42059999999999,10.0768,12.5246,0.358,24.320999999999998,7.8716,3.3880000000000003,19.6006,2.8666,26.9842,27.9178,24.270799999999998,1724.6862904796758,1677.36560059,0.3978,0.714,1.2216,1.10344,50.054,9.491200000000001,3.2752000000000003,35.13108,1.0792,0.11402599999999999,3.2102,0.87658,0.16258000000000003,12.494200000000001,30.2676,0.98164,0.74168,7.3202,1.9192,35.0814,5.0446,11.0098,0.1978,20.148,2.5038,0.7956,12.065600000000002,1.6332,16.7498,14.195799999999998,13.0354,1669.7753723382323,0,97.93078613000012
2021-03-20_Werder Bremen_Wolfsburg,2021-03-20,15:30,Bundesliga,Matchweek 26,Sat,2021,1.0,2.0,Werder Bremen,Wolfsburg,Away Win,1657.74584961,1,15.0,1.1822,1.1304,0.93532,1.61132,43.4026,10.737599999999999,4.558,44.23412,0.93532,0.09638000000000001,2.918,1.15994,0.02954000000000001,16.322400000000002,22.986800000000002,0.61006,0.7419399999999999,7.799600000000001,2.5694,29.1306,7.0854,17.407999999999998,1.0154,15.600999999999999,3.6722,2.1202,15.7678,0.5162,19.0552,14.8442,12.1472,1774.5574458728458,1781.08215332,1.7975999999999999,0.4884,1.6853799999999999,0.8627200000000002,54.006800000000005,13.063799999999999,4.759,37.652699999999996,1.6853799999999999,0.13639800000000002,2.1482,0.5127999999999999,0.024399999999999977,12.214,29.186799999999998,1.24068,1.42252,9.507200000000001,2.1084,41.3408,9.722999999999999,13.8202,1.0244,20.2108,5.1718,2.8947999999999996,16.221600000000002,1.8858,21.78,22.97,17.4428,1667.84659804584,2,-123.33630371000004
2021-03-20_Gladbach_Schalke 04,2021-03-20,18:30,Bundesliga,Matchweek 26,Sat,2021,0.0,3.0,Schalke 04,Gladbach,Away Win,1538.72814941,1,18.0,0.1602,2.505,0.6546799999999999,1.8859400000000002,44.8494,8.496,2.621,45.37604,0.6546799999999999,0.07527,6.5798000000000005,1.89674,-0.60826,17.290399999999998,16.668200000000002,0.45086000000000004,0.51448,6.3386000000000005,0.9338,28.5148,4.4904,14.873800000000001,0.3204,9.7736,2.9004,0.0,8.9684,1.5757999999999999,14.496400000000001,13.7476,12.445600000000002,1785.0909354236878,1736.921875,1.1822,1.8904,1.5679,1.33438,48.556999999999995,12.7734,3.8754000000000004,31.97076,1.06854,0.094332,5.2148,1.1678600000000001,-0.72254,16.939,28.227400000000003,0.7649,0.7419800000000001,9.7114,1.1304,38.922,6.9643999999999995,13.558,0.4044,16.9662,6.430400000000001,2.1446,16.1854,2.1984,23.020400000000002,21.1534,17.335,1728.822437183556,2,-198.19372558999999
2021-03-20_Dortmund_Koln,2021-03-20,15:30,Bundesliga,Matchweek 26,Sat,2021,2.0,2.0,Koln,Dortmund,Draw,1597.06921387,1,15.0,0.8376,0.822,0.9666000000000001,0.9115800000000001,53.087,12.001,2.662,19.49096,0.9666000000000001,0.076472,3.6486,0.86782,0.04582,13.3128,31.1132,0.55412,0.65508,7.2044,2.7740000000000005,40.89960000000001,7.616999999999999,14.0546,0.1602,23.7788,4.9628,1.4774,15.9876,1.7069999999999999,21.7376,16.3562,15.5608,1638.4123955573182,1819.06018066,2.0816,2.4048,1.3340400000000001,1.6547800000000001,53.6594,11.5728,4.6266,48.043,1.3340400000000001,0.127642,6.5594,1.8616199999999998,-0.54318,10.379999999999999,31.2578,1.05058,1.1953200000000002,8.9892,1.1582000000000001,43.0186,8.4334,10.5698,0.4222,11.643,2.6844,3.0749999999999997,16.1674,0.8544,19.9656,24.054000000000002,16.787200000000002,1793.942514573916,1,-221.9909667899999
2021-03-20_Bayern Munich_Stuttgart,2021-03-20,15:30,Bundesliga,Matchweek 26,Sat,2021,4.0,0.0,Bayern Munich,Stuttgart,Home Win,2021.17028809,1,15.0,3.7016,1.6398,2.5456000000000003,1.19752,60.99719999999999,19.8596,8.7118,46.41118,2.35024,0.127578,3.1957999999999998,1.4270399999999999,-0.21276,9.2228,52.7448,1.8261800000000004,2.0346200000000003,15.4872,3.4586,66.4802,15.028599999999999,12.628599999999999,0.7604,26.2422,7.3562,6.558800000000001,29.3046,1.683,36.4286,34.359,26.9938,1697.03272770774,1668.85290527,1.0376,2.0698000000000003,1.3663200000000002,1.87288,50.581,12.3772,4.1928,31.746879999999997,1.2239200000000001,0.093782,5.255800000000001,1.89362,-0.015980000000000022,14.060199999999998,28.477000000000004,0.9685600000000001,0.90498,10.5158,1.2964,43.151399999999995,7.4512,14.164,0.2442,18.0256,4.938,1.8972,17.1874,2.0508,23.4468,21.383599999999998,23.6144,1710.787971510202,0,352.3173828199999
2021-03-21_Hertha BSC_Leverkusen,2021-03-21,15:30,Bundesliga,Matchweek 26,Sun,2021,3.0,0.0,Hertha BSC,Leverkusen,Home Win,1609.68249512,1,15.0,0.6664,2.2940000000000005,1.7252200000000002,1.2593999999999999,55.017,12.811799999999998,5.4912,43.50848,1.2593,0.099592,5.3336,1.41688,-0.87712,11.3192,32.8678,1.0477,1.04372,9.1432,3.8052,44.2162,10.0608,12.547,0.8132,23.476799999999997,4.4446,1.3328,18.0614,0.9206,23.573999999999998,21.866999999999997,21.8562,1780.357827782864,1753.44140625,0.6242,0.916,0.8786,1.10832,62.985,10.3904,3.3282,32.106719999999996,0.8786,0.088178,2.9624,0.8143,0.058499999999999996,8.785599999999999,42.033,0.55674,0.72336,7.9872,2.729,51.467,7.6108,12.3604,0.4222,24.188,5.675,1.0042,14.058,0.916,18.2978,22.040399999999998,21.89,1736.051671826914,0,-143.7589111299999
2021-03-21_Augsburg_Freiburg,2021-03-21,18:00,Bundesliga,Matchweek 26,Sun,2021,2.0,0.0,Freiburg,Augsburg,Home Win,1684.77185059,1,18.0,1.072,1.6486,0.6237999999999999,1.69498,44.68279999999999,7.9282,2.5882000000000005,31.94506,0.6237999999999999,0.07228,5.8580000000000005,1.6681400000000002,0.17974000000000007,14.7998,23.3414,0.43678,0.4651799999999999,5.662000000000001,1.5978,33.1756,4.547000000000001,13.1424,0.3956,15.136800000000001,2.0564,1.7682000000000002,9.8356,0.8742,13.1308,11.8608,10.717200000000002,1762.8064555672,1621.49902344,0.8398,1.7384,0.79208,1.73456,38.855599999999995,6.5544,2.012,29.08868,0.6338400000000001,0.08948400000000001,5.906000000000001,2.1506399999999997,0.59024,20.1438,17.0874,0.6118600000000001,0.46921999999999997,5.739,1.3668,22.668999999999997,4.4306,15.9484,0.0,11.6824,2.5136000000000003,1.4598,7.2846,1.9644,11.882200000000001,11.318800000000001,9.9926,1713.7928778576638,0,63.27282715000001
2021-03-21_Hoffenheim_Mainz 05,2021-03-21,13:30,Bundesliga,Matchweek 26,Sun,2021,1.0,2.0,Hoffenheim,Mainz 05,Away Win,1690.87207031,1,13.0,2.0994,0.8376,1.4221000000000001,1.35114,46.5308,10.298200000000001,3.6504,34.224920000000004,1.1551,0.113712,3.4622,1.26088,0.42327999999999993,17.531200000000002,30.465600000000002,0.95414,0.7259,7.849399999999999,2.952,39.568200000000004,7.9764,17.2778,0.2198,16.9458,4.4674000000000005,3.6229999999999998,12.890400000000001,1.664,18.8906,20.482599999999998,15.496,1695.6648636951181,1617.31188965,0.9954000000000001,1.1316,1.03326,1.05224,38.6492,13.200199999999999,3.6328,33.537499999999994,1.03326,0.07202,3.8142,0.73246,-0.39913999999999994,10.2438,23.073600000000003,0.62246,0.91004,8.7662,2.5922,30.574399999999997,8.400799999999998,12.515799999999999,0.442,20.5164,3.7724,1.5952,13.9574,1.6696000000000002,19.7608,25.803800000000003,12.6216,1726.6335281999459,2,73.56018066000001
2021-04-03_Freiburg_Gladbach,2021-04-03,20:30,Bundesliga,Matchweek 27,Sat,2021,2.0,1.0,Gladbach,Freiburg,Home Win,1744.1920166,1,20.0,1.2898,1.4354,0.8709399999999999,1.09104,55.3722,10.1114,4.2146,41.62374,0.8709399999999999,0.088178,4.5216,1.40728,-0.028120000000000006,12.4748,34.3524,0.5974999999999999,0.89522,7.200799999999999,1.8794,46.813599999999994,7.35,12.914200000000001,0.9578,19.6068,5.0352,2.4016,12.906,1.9504,17.7882,20.1712,17.329,1701.714127244316,1692.43164062,0.5998,1.3184,1.0075,1.6167,46.8352,9.091000000000001,2.2198,27.024299999999997,1.0075,0.12344999999999999,5.9314,1.50408,0.18568,17.374200000000002,27.269600000000004,0.68492,0.90996,6.4952,3.4676,37.773199999999996,8.1026,12.3604,0.178,19.3452,4.0946,0.9798,11.262,1.9364000000000001,15.3246,16.3284,9.890600000000001,1766.22340554302,0,51.760375979999935
2021-04-03_Bayern Munich_RB Leipzig,2021-04-03,18:30,Bundesliga,Matchweek 27,Sat,2021,0.0,1.0,RB Leipzig,Bayern Munich,Away Win,1855.74108887,1,18.0,1.6374,0.8815999999999999,1.6388800000000001,0.9307799999999999,59.215599999999995,16.4128,6.0778,37.19924,1.50042,0.094288,2.0178000000000003,1.1362,0.2546,8.5198,44.8018,0.91326,1.21024,10.679799999999998,2.077,52.14960000000001,9.199399999999999,16.0212,0.6486000000000001,19.098999999999997,4.0986,3.0306,20.728,1.5402,29.7924,25.942,21.167,1746.0471514146543,2023.55053711,2.0224,0.6838,2.7466600000000003,1.1615,59.94579999999999,19.9756,6.5676,32.06316,2.46026,0.126556,3.9943999999999997,1.20334,0.51954,9.876,49.858000000000004,2.06718,2.9396999999999998,16.501199999999997,4.9106,66.642,17.0676,11.8226,0.9316,29.1522,8.6948,4.0448,28.526600000000002,3.3958,36.2938,41.539199999999994,23.657,1663.098747118906,2,-167.80944823999994
2021-04-03_Augsburg_Hoffenheim,2021-04-03,15:30,Bundesliga,Matchweek 27,Sat,2021,2.0,1.0,Augsburg,Hoffenheim,Home Win,1613.86132812,1,15.0,1.3084,1.1978,1.0506,1.8572400000000002,36.16,8.2466,2.3018,29.41158,0.93846,0.116174,5.086399999999999,1.37616,0.17836000000000002,22.4756,18.003400000000003,0.53736,0.55704,5.5628,1.714,21.579,3.7582,17.0706,0.4222,9.636800000000001,3.0056000000000003,1.9992,10.003400000000001,1.7957999999999998,13.4976,12.3382,8.8124,1813.3689068574542,1680.01062012,1.274,1.8157999999999999,1.63952,1.4041800000000002,48.896,14.165999999999999,4.698600000000001,34.22726,1.63952,0.12165999999999999,3.7123999999999997,1.6920199999999999,0.12042,14.3612,35.5332,1.06252,1.02938,9.352,2.238,47.6686,9.1556,17.8392,0.41759999999999997,18.8502,4.273,1.9482,17.8594,2.9412,24.923199999999998,22.282400000000003,13.866800000000001,1770.0679011973139,0,-66.14929200000006
2021-04-03_Koln_Wolfsburg,2021-04-03,15:30,Bundesliga,Matchweek 27,Sat,2021,1.0,0.0,Wolfsburg,Koln,Home Win,1786.93493652,1,15.0,2.515,0.3204,1.2200000000000002,0.98958,52.227799999999995,13.2654,4.5462,32.657700000000006,1.2200000000000002,0.091058,2.9148,0.72238,0.40198,15.38,30.927,1.07844,1.17224,10.474,2.0434,41.9006,8.2966,11.2682,0.8464,20.080199999999998,5.0234,3.5196,17.3472,2.3136,22.9604,21.0548,21.269,1700.310342212792,1601.89245605,0.82,2.6416,1.14554,2.03596,47.1856,7.948,2.8486000000000002,37.56774,0.8220200000000001,0.11069600000000002,5.3852,2.46712,-0.17448000000000008,15.819400000000002,25.8814,0.51236,0.75366,5.8254,1.1668,40.325,5.0692,14.9108,0.8544,18.1744,4.3598,1.284,10.5174,1.8916,15.1248,15.5498,13.0616,1810.702740013666,0,185.0424804700001
2021-04-03_Leverkusen_Schalke 04,2021-04-03,15:30,Bundesliga,Matchweek 27,Sat,2021,2.0,1.0,Leverkusen,Schalke 04,Home Win,1735.12670898,1,15.0,1.7495999999999998,1.8397999999999999,2.03796,1.6779600000000001,66.5128,17.7694,5.5498,31.252779999999998,2.03796,0.11685000000000001,5.0004,2.0941,0.2543,10.481399999999999,45.955799999999996,1.49878,1.5983800000000001,14.331799999999998,3.3788,55.381,10.2456,12.477599999999999,0.178,20.945,6.025,3.3211999999999997,25.07,2.1234,33.3848,34.083,25.035200000000003,1659.636597997482,1531.48022461,0.558,2.9786,0.55892,1.77974,49.3154,5.897,1.4616,21.62072,0.38308,0.062310000000000004,7.1530000000000005,1.71908,-1.01532,17.426199999999998,23.9038,0.2741,0.44528,4.5014,0.7756000000000001,33.779999999999994,6.223799999999999,14.7118,0.2442,15.676199999999998,5.617,1.116,6.808199999999999,1.464,10.8156,14.3548,15.341800000000001,1713.79892414597,0,203.64648437000005
2021-04-03_Dortmund_Eint Frankfurt,2021-04-03,15:30,Bundesliga,Matchweek 27,Sat,2021,1.0,2.0,Dortmund,Eint Frankfurt,Away Win,1814.25927734,1,15.0,2.2376,0.7338,2.0379,0.86406,65.1074,13.3684,5.34,39.74082,1.6093000000000002,0.136938,2.285,0.7629400000000001,0.029139999999999985,7.768000000000001,49.2578,1.29662,1.48312,10.446200000000001,0.822,63.95199999999999,13.274399999999998,13.363,1.1184,19.239400000000003,4.946400000000001,4.1192,17.3012,2.1184000000000003,24.643200000000004,32.5036,27.5822,1629.697764477322,1783.41247559,2.2678000000000003,1.3800000000000001,1.4089600000000002,0.9812800000000002,55.6706,10.7118,4.0832,39.60162,1.4089600000000002,0.148868,4.6032,1.2656,-0.11440000000000006,10.467799999999999,30.5778,1.01436,1.4064800000000002,8.7738,3.4581999999999997,48.4964,8.9132,13.446000000000002,0.5736,23.166999999999998,6.1006,3.8592,14.426,2.8476000000000004,20.2248,24.6838,23.940999999999995,1716.6577231666638,2,30.84680174999994
2021-04-03_Arminia_Mainz 05,2021-04-03,15:30,Bundesliga,Matchweek 27,Sat,2021,1.0,1.0,Mainz 05,Arminia,Draw,1628.19555664,1,15.0,0.976,0.8962,1.46552,1.1421400000000002,45.638200000000005,9.7678,4.5314,44.19574,1.30728,0.14473,3.1493999999999995,0.91114,0.014940000000000009,12.4686,26.7804,1.08194,1.25066,7.3832,3.9366,31.18,8.3046,13.964,0.0,20.9612,2.5468,1.5297999999999998,11.751999999999999,1.854,16.684600000000003,24.584400000000002,16.6092,1723.218688354164,1570.84143066,1.2598,2.031,1.15804,1.9747,38.8976,8.873,3.3526,36.77336,1.15804,0.132764,7.244000000000001,1.9540799999999998,-0.07692000000000002,19.3296,21.0964,0.88316,0.9431999999999999,7.3804,1.6068,24.7726,5.4588,13.834599999999998,0.5182,11.1772,3.4268,2.3218,11.1892,1.4466,16.0292,15.1726,11.8626,1804.156091283268,1,57.354125979999935
2021-04-04_Stuttgart_Werder Bremen,2021-04-04,15:30,Bundesliga,Matchweek 27,Sun,2021,1.0,0.0,Stuttgart,Werder Bremen,Home Win,1666.52844238,1,15.0,2.4616,0.738,1.3817400000000002,1.17536,50.2266,12.463400000000002,5.1032,41.580960000000005,1.2535800000000001,0.103576,3.6748000000000003,1.28894,0.55094,15.7208,24.478,1.1362400000000001,1.39562,9.791599999999999,2.5346,36.105000000000004,7.8744,16.9802,0.6242,18.1508,4.7494,4.2568,15.1788,2.9466,22.7268,23.468999999999998,20.5738,1663.1218977304602,1651.91540527,1.4202,1.3492,1.0955000000000001,2.04718,39.198,7.4048,2.8176,43.163340000000005,0.9709000000000001,0.14575,6.7608,2.0246000000000004,0.6754,23.9978,20.4686,0.6413,0.6868399999999999,5.184,1.4218,26.994799999999998,3.1887999999999996,15.3834,0.178,12.2818,2.2318,2.4844,8.3022,1.9136,12.9072,12.055800000000001,9.1036,1662.149852193846,0,14.613037109999823
2021-04-04_Hertha BSC_Union Berlin,2021-04-04,18:00,Bundesliga,Matchweek 27,Sun,2021,1.0,1.0,Union Berlin,Hertha BSC,Draw,1669.27172852,1,18.0,1.0464,0.642,1.59258,0.96692,40.8242,12.086,2.6510000000000002,19.48336,1.2213800000000001,0.094266,2.8532,0.60346,0.30586,15.638000000000002,22.4342,1.0886600000000002,0.98004,9.1144,2.6111999999999997,25.038399999999996,4.575800000000001,12.829,0.7624,15.5668,2.9988,1.6884000000000001,15.552200000000001,2.2488,22.119600000000002,16.936200000000003,10.661,1705.582960449372,1628.01928711,0.3758,1.6598,0.69244,1.20468,41.5156,8.3734,1.6520000000000001,16.48558,0.69244,0.078702,3.416,0.8851399999999999,-0.5548599999999999,15.0594,21.698800000000002,0.48144,0.46265999999999996,6.0443999999999996,1.1602000000000001,27.202,3.8741999999999996,15.319400000000002,0.178,15.653,3.9748,0.7516,8.9262,1.072,12.886399999999998,16.4304,15.5602,1741.3683845710962,1,41.25244140999985
2021-04-09_Arminia_Freiburg,2021-04-09,20:30,Bundesliga,Matchweek 28,Fri,2021,1.0,0.0,Arminia,Freiburg,Home Win,1570.84143066,1,20.0,0.1602,2.0188,1.02066,1.81732,40.776599999999995,10.743,3.1508000000000003,29.760640000000002,1.02066,0.08382,5.176,1.75758,-0.10102000000000005,12.3512,21.5016,0.89892,0.93452,8.0616,1.9698000000000002,23.464399999999998,6.0844000000000005,14.8856,0.0,15.4658,3.3498,0.3204,11.1022,2.4414000000000002,17.619999999999997,18.483999999999998,8.6346,1748.1060824949002,1686.77575684,0.6398,1.3866,1.20652,1.43204,48.938,9.4704,2.6862,30.48426,1.20652,0.14207999999999998,5.5058,1.20534,-0.18125999999999998,13.597000000000001,28.1312,0.9738800000000001,0.87454,7.1784,3.2766,39.6938,6.9272,13.822400000000002,0.1602,18.8782,3.9852000000000003,1.0818,11.924399999999999,1.5986,16.1692,15.430600000000002,12.3436,1720.6763931159578,0,-115.93432617999997
2021-04-10_Dortmund_Stuttgart,2021-04-10,18:30,Bundesliga,Matchweek 28,Sat,2021,2.0,3.0,Stuttgart,Dortmund,Away Win,1668.97937012,1,18.0,2.1712000000000002,0.3758,1.1261,0.95362,50.9598,12.040200000000002,4.6044,38.63996,1.1261,0.095334,3.0748,0.98932,0.6135200000000001,15.036999999999999,27.528399999999998,1.0105,1.2162600000000001,9.4798,1.7602,34.8968,6.8776,15.2284,0.6617999999999999,17.1822,5.0186,3.2542,14.063200000000002,3.1959999999999997,21.1678,23.6894,21.6932,1639.6031684076042,1799.8651123,2.2176,2.3644,1.4583,1.5817,54.7136,11.2828,4.8522,48.95736,1.4583,0.13708800000000002,4.517600000000001,1.6990200000000002,-0.66538,12.9728,32.5082,1.2076200000000001,1.17812,9.046,1.6308,43.2718,8.4458,8.326600000000001,0.6242,12.999600000000001,2.1834,3.6,15.6736,0.7248,20.0362,21.5414,17.6966,1740.129556713718,2,-130.88574217999985
2021-04-10_Eint Frankfurt_Wolfsburg,2021-04-10,15:30,Bundesliga,Matchweek 28,Sat,2021,4.0,3.0,Eint Frankfurt,Wolfsburg,Home Win,1788.97729492,1,15.0,2.673,1.0662,1.9497,1.3379,53.894999999999996,14.0582,5.9558,44.18776,1.8215399999999997,0.14724600000000002,3.5304,0.8204400000000001,-0.26774,17.077800000000003,29.7878,1.62974,1.42868,12.2564,3.092,42.1768,7.939000000000001,12.6166,0.4222,21.0706,6.4194,4.2818,18.4638,2.5358,24.8324,22.7332,22.534399999999998,1732.1097036878841,1785.84887695,1.8177999999999999,0.6838,1.578,0.82204,51.631800000000005,14.1226,4.7272,35.56944,1.578,0.11866399999999999,2.9102,0.779,0.0952,12.136800000000001,30.654399999999995,1.2254399999999999,1.4279600000000001,10.7658,2.2418,41.828,9.8832,13.7058,0.7778,22.420199999999998,6.131399999999999,2.461,15.7878,2.6298000000000004,22.4672,24.214799999999997,17.2426,1673.233264305186,0,3.1284179700001005
2021-04-10_Gladbach_Hertha BSC,2021-04-10,15:30,Bundesliga,Matchweek 28,Sat,2021,2.0,2.0,Hertha BSC,Gladbach,Draw,1626.15942383,1,15.0,1.3324,1.632,1.796,1.40996,48.6226,12.975,6.9956000000000005,54.858039999999995,1.492,0.12349399999999999,4.179200000000001,1.04562,-0.5863800000000001,14.894199999999998,28.8302,1.3936600000000001,1.00496,9.129,3.3806000000000003,36.6486,9.855,14.2576,0.976,20.1552,4.5444,2.4206000000000003,16.5462,0.5402,22.496000000000002,24.167,19.3522,1782.5915505862179,1745.70300293,1.5082,1.413,1.79536,0.9614,55.027800000000006,15.6152,4.6206,28.67238,1.46128,0.101224,4.0722000000000005,0.8592000000000001,-0.5538,14.17,31.4362,1.10474,1.0885200000000002,11.6826,1.5057999999999998,43.6474,8.4776,14.4228,0.2198,18.9444,7.208400000000001,2.0860000000000003,20.163,2.2228,27.7356,25.610999999999997,19.3116,1690.322108471938,1,-119.54357909999999
2021-04-10_Bayern Munich_Union Berlin,2021-04-10,15:30,Bundesliga,Matchweek 28,Sat,2021,1.0,1.0,Bayern Munich,Union Berlin,Draw,2012.2244873,1,15.0,4.0198,1.3316,2.4878,1.231,56.89039999999999,17.932,8.2522,47.98218,2.31196,0.13802799999999998,3.5645999999999995,1.33872,0.007120000000000015,9.412199999999999,45.3322,1.81474,1.8514000000000002,14.417800000000002,3.9454000000000002,62.013400000000004,14.4936,12.765799999999999,0.5402,21.4458,4.8462000000000005,6.791200000000001,27.809399999999997,1.1822,33.0792,33.8792,27.1386,1686.931497213418,1662.84179688,0.8464,1.7194,1.7299200000000001,1.32402,51.76740000000001,14.07,4.2686,33.87376,1.60176,0.120834,3.3891999999999998,1.25638,-0.21881999999999996,11.768,30.0292,1.47954,1.10264,11.4278,3.4366000000000003,38.1246,7.570399999999999,11.4854,0.178,24.105400000000003,3.0860000000000003,1.4485999999999999,17.3196,2.2024,24.7098,20.157799999999998,16.339199999999998,1666.115207958898,1,349.38269042
2021-04-10_RB Leipzig_Werder Bremen,2021-04-10,15:30,Bundesliga,Matchweek 28,Sat,2021,1.0,4.0,Werder Bremen,RB Leipzig,Away Win,1641.17456055,1,15.0,1.0198,1.5057999999999998,0.80086,1.5546600000000002,44.451,10.5196,4.358,43.01774,0.80086,0.084092,3.3588,1.1660400000000002,-0.09556000000000005,18.187800000000003,24.5976,0.50696,0.75216,7.4754,2.4124,30.9386,6.732600000000001,16.5904,0.9138000000000001,14.42,3.4608000000000003,1.5756000000000001,14.67,1.053,18.6612,15.048200000000001,11.6324,1796.1550074457841,1846.87402344,2.3514,0.4806,1.67686,0.5994200000000001,64.702,17.221200000000003,7.26,43.09956,1.67686,0.09856999999999999,1.8297999999999999,0.47864000000000007,-0.0019599999999999895,8.1664,49.3074,1.45288,2.08568,15.764600000000002,1.6606,54.7598,10.5406,13.1022,0.8398,16.7016,5.847799999999999,3.9271999999999996,25.102399999999996,2.3378,31.8402,28.941799999999997,18.0792,1620.659705932642,2,-205.69946288999995
2021-04-11_Augsburg_Schalke 04,2021-04-11,15:30,Bundesliga,Matchweek 28,Sun,2021,1.0,0.0,Schalke 04,Augsburg,Home Win,1524.5814209,1,15.0,0.0,2.6986000000000003,0.4506,2.05268,38.6066,6.604400000000001,1.738,40.75914,0.4506,0.065534,7.198400000000001,2.03118,-0.42322000000000004,16.7616,15.8244,0.32926,0.35326,4.9954,0.6962,24.503,3.7203999999999997,13.709600000000002,0.2442,8.9312,2.3778,0.0,7.518000000000002,1.274,11.4396,10.8774,10.2708,1797.807024901654,1618.35070801,0.7558,1.7646,0.8417,1.81322,38.1166,9.9178,3.5202,34.726479999999995,0.6993,0.074,5.8154,1.8737199999999998,0.26932,19.9178,15.9162,0.63068,0.55556,8.4514,1.286,22.0048,4.831799999999999,17.0186,0.0,12.6026,2.9064,1.3138,12.284400000000002,1.6796,18.1432,12.2196,11.226199999999999,1715.2773765404,0,-93.76928711000005
2021-04-11_Koln_Mainz 05,2021-04-11,18:00,Bundesliga,Matchweek 28,Sun,2021,2.0,3.0,Koln,Mainz 05,Away Win,1594.68859863,1,18.0,1.2422,1.084,1.14972,1.10696,51.7902,11.2684,2.3516000000000004,17.84432,0.95436,0.08115,3.6837999999999997,0.93106,-0.15294,13.814,33.9538,0.61196,0.8005200000000001,7.284,2.8408,42.5848,8.7646,13.372200000000001,0.0,23.0692,4.5342,2.0622,16.6098,1.0596,20.643,17.0416,14.772400000000001,1681.9719631828061,1621.55969238,1.24,1.1184,1.4783,0.93282,39.782399999999996,14.2454,4.5462,36.78488,1.4783,0.10012,2.9118,0.58944,-0.52896,9.7426,22.1102,1.0153400000000001,1.3374199999999998,9.4664,2.9214,29.517200000000003,9.470199999999998,12.42,0.3978,20.6418,5.3046,1.6356,15.071200000000001,2.2910000000000004,21.5826,28.4306,12.6038,1699.7992030763742,2,-26.87109375
2021-04-12_Hoffenheim_Leverkusen,2021-04-12,20:30,Bundesliga,Matchweek 28,Mon,2021,0.0,0.0,Hoffenheim,Leverkusen,Draw,1667.23132324,1,20.0,2.1336000000000004,1.2422,1.5108000000000001,1.7500400000000003,49.6196,9.4916,3.0528,30.89476,1.2705,0.1342,4.537,1.7752599999999998,0.53306,17.9434,31.4868,1.06522,0.8309799999999999,7.0876,2.4684,40.0464,8.222999999999999,15.019800000000002,0.1978,14.732600000000001,3.7880000000000003,3.749,11.692,1.5976000000000001,17.1038,20.29,14.9578,1694.528814355382,1733.7355957,0.41759999999999997,1.2686000000000002,1.13938,1.26958,64.4074,11.272400000000001,2.9512,26.798779999999997,1.13938,0.102572,4.2872,1.44336,0.17476000000000003,7.6861999999999995,43.362,0.89736,1.00964,8.9094,2.5118,55.9482,9.159,13.0008,0.38,26.999200000000002,6.0518,0.6154,14.917200000000001,1.5128,19.089,23.6342,25.108,1704.472509425138,1,-66.50427246000004
2021-04-16_Hoffenheim_RB Leipzig,2021-04-16,20:30,Bundesliga,Matchweek 29,Fri,2021,0.0,0.0,RB Leipzig,Hoffenheim,Draw,1853.98303223,1,20.0,1.3294,1.0376,1.3907800000000001,0.95536,56.819399999999995,15.883,5.2374,32.45816,1.26618,0.08265,2.8928000000000003,1.2035,0.1659,8.9004,41.2934,0.65448,1.1071,8.425600000000001,2.4576,51.29260000000001,9.6236,15.819200000000002,0.4396,19.8216,4.9214,2.439,19.0574,0.9536,27.2268,27.977800000000002,19.9734,1819.0951382313942,1668.05944824,0.9581999999999999,2.1226000000000003,1.50786,1.1651399999999998,54.65559999999999,14.8262,4.5846,31.078,1.50786,0.10684,3.5412000000000003,1.6184,-0.2844,11.939,41.3292,1.00742,1.2394599999999998,10.3378,3.9677999999999995,58.0676,12.6914,16.434,0.3758,23.782,5.9992,1.5208,21.2248,2.747,27.0612,27.6032,14.713,1745.982251879494,1,185.92358399
2021-04-17_Bayern Munich_Wolfsburg,2021-04-17,15:30,Bundesliga,Matchweek 29,Sat,2021,2.0,3.0,Wolfsburg,Bayern Munich,Away Win,1779.01428223,1,15.0,2.2194000000000003,0.0,1.20244,0.86202,52.5374,13.5714,5.0242,36.37408,1.20244,0.08607000000000001,1.714,0.32852,0.32852,16.1188,34.097,1.07504,1.22386,11.2034,2.2832,44.385200000000005,8.9996,11.7738,0.6175999999999999,21.4812,4.8768,3.2236,18.5102,2.238,23.8178,24.5122,20.8418,1650.897805786454,2004.14135742,1.9202,0.6154,2.3734,1.01882,56.0998,18.445400000000003,6.699199999999999,38.82912,2.231,0.117018,4.0832,1.1073600000000001,0.49196,11.3094,41.0702,1.8816400000000002,2.5759799999999995,15.4068,4.5194,58.952600000000004,15.0956,13.117,0.6942,25.173799999999996,7.792599999999999,3.8404,25.9088,3.0120000000000005,32.9108,37.510799999999996,23.291,1715.4181519293222,2,-225.12707519000014
2021-04-17_Stuttgart_Union Berlin,2021-04-17,15:30,Bundesliga,Matchweek 29,Sat,2021,2.0,1.0,Union Berlin,Stuttgart,Home Win,1670.92492676,1,15.0,1.0418,0.822,1.45124,0.96024,46.3908,12.4658,2.686,19.2404,1.1171600000000002,0.08319,2.3796,0.71524,0.20318000000000003,13.2324,23.900199999999998,0.8900399999999999,1.05414,8.8588,3.1826,29.318199999999997,5.539,14.011199999999999,0.3978,19.638199999999998,2.899,1.6196,15.685200000000002,2.4682,22.5402,17.4634,11.039200000000001,1666.585929052394,1663.46899414,0.9338,2.407,1.2964200000000001,2.0120799999999996,50.069599999999994,12.6278,4.3176,32.377159999999996,1.16826,0.086194,6.007,2.3238,-0.08320000000000001,12.722,35.2578,0.8896,0.94566,9.9758,1.1226,45.4368,6.1968,13.7476,1.4408,18.0792,4.311599999999999,1.7074,16.880399999999998,1.8456,22.8578,20.323999999999998,23.797200000000004,1806.761532253826,0,7.455932620000112
2021-04-17_Koln_Leverkusen,2021-04-17,18:30,Bundesliga,Matchweek 29,Sat,2021,3.0,0.0,Leverkusen,Koln,Home Win,1732.9074707,1,18.0,2.063,1.7558,1.89092,1.6101400000000001,66.2616,16.504,5.2947999999999995,32.95892,1.89092,0.115724,4.412,1.98466,0.22886,11.453999999999999,47.081799999999994,1.4533200000000002,1.63066,13.2102,2.6084,50.6272,9.777,12.7622,0.1602,19.2414,5.7784,3.9658,23.4746,2.011,30.7252,32.9072,22.1454,1612.874752148442,1586.30444336,0.738,2.189,1.04566,1.74932,46.5024,7.3324,2.3754000000000004,33.4358,0.86982,0.121834,5.4908,2.14736,-0.04164000000000001,18.212,25.3726,0.57114,0.7650600000000001,5.5104,2.8154,36.1882,6.7834,17.0502,0.4806,15.718,3.6029999999999998,1.1556,10.721599999999999,0.8373999999999999,13.4824,13.9646,9.227400000000001,1816.2054834942799,0,146.60302733999993
2021-04-17_Arminia_Augsburg,2021-04-17,15:30,Bundesliga,Matchweek 29,Sat,2021,0.0,0.0,Augsburg,Arminia,Draw,1608.8873291,1,15.0,1.666,1.178,0.91904,1.6462,34.778800000000004,7.9778,2.56,33.45392,0.91904,0.12032399999999999,5.222,1.2852999999999999,0.1073,24.2258,18.5032,0.5869,0.5613600000000001,5.6066,1.4984,22.5536,3.294,16.4192,1.1126,7.9312000000000005,2.4724,2.7762,9.026399999999999,1.9604,13.0596,11.271799999999999,9.7522,1747.434669822478,1570.84143066,1.378,2.072,1.0634000000000001,2.20348,38.4868,9.129999999999999,3.2174,34.77896,1.0634000000000001,0.12016,7.0194,2.1304600000000002,0.058459999999999956,16.6664,19.2776,0.806,0.9044800000000001,6.854,1.6461999999999999,22.7534,4.8804,17.3584,0.178,11.892199999999999,3.3842000000000003,2.3338,9.3168,2.3788,15.2498,15.1996,9.9786,1772.832992698952,1,38.045898439999974
2021-04-17_Freiburg_Schalke 04,2021-04-17,15:30,Bundesliga,Matchweek 29,Sat,2021,4.0,0.0,Freiburg,Schalke 04,Home Win,1672.94580078,1,15.0,1.1648,1.1954,0.8856200000000001,1.59664,48.5098,8.7238,2.9736000000000002,32.90328,0.8856200000000001,0.09403,6.5489999999999995,1.73666,0.54126,14.775599999999999,23.2188,0.5607800000000001,0.55192,5.7516,2.0264,32.6134,4.6364,12.8398,0.356,15.090800000000002,2.0066,1.7472000000000003,9.8078,1.4752,14.3062,13.051599999999999,11.677999999999999,1728.9051135028417,1534.04492188,0.6022,2.7365999999999997,0.71836,1.54314,48.415800000000004,6.195600000000001,1.6596,23.98552,0.56012,0.091824,5.584199999999999,1.5486,-0.9682000000000001,15.729800000000001,23.9336,0.47646,0.57726,4.8396,1.0422,35.0434,7.077999999999999,15.217400000000001,0.2198,16.5294,5.7436,1.2044,6.2387999999999995,1.9060000000000001,11.266399999999999,16.1168,16.3726,1712.547836572154,0,138.90087889999995
2021-04-17_Eint Frankfurt_Gladbach,2021-04-17,15:30,Bundesliga,Matchweek 29,Sat,2021,4.0,0.0,Gladbach,Eint Frankfurt,Home Win,1743.46618652,1,15.0,1.505,1.536,1.06362,1.23848,52.904,12.1538,4.3932,37.31996,1.06362,0.091686,4.7578000000000005,1.6584200000000002,0.12242,13.116,29.6122,0.75868,0.78918,8.113199999999999,2.0356,42.580600000000004,7.0708,13.7994,0.5736,16.583,3.5224,2.8497999999999997,15.889800000000001,1.5228,20.7396,20.366000000000003,18.1402,1704.935724631644,1795.81176758,2.241,1.1978,1.4369,1.28062,51.8076,10.8964,3.9748,37.98276,1.4369,0.146866,4.7872,1.3123200000000002,0.11451999999999998,13.2192,28.1772,1.07176,1.27722,9.096400000000001,2.8356,45.2274,8.633399999999998,14.1224,0.5162,20.5196,5.2578000000000005,3.6732,16.492800000000003,2.2302,21.1906,22.8852,21.6162,1740.098924825592,0,-52.34558105999986
2021-04-18_Dortmund_Werder Bremen,2021-04-18,15:30,Bundesliga,Matchweek 29,Sun,2021,4.0,1.0,Dortmund,Werder Bremen,Home Win,1800.97558594,1,15.0,2.1138000000000003,1.0046,2.01526,1.03296,62.13420000000001,14.3642,5.0176,35.873079999999995,1.7448800000000002,0.137126,2.3564000000000003,0.9319600000000001,0.17156,7.1144,42.5304,1.47232,1.7878599999999998,11.1342,0.8398,59.8968,14.668000000000001,12.994,1.2066,23.211199999999998,6.7496,3.9072,18.592200000000002,2.4508,26.199999999999996,37.6372,27.9918,1670.5415514651002,1632.80297852,1.2782,1.3142,0.92504,1.9268799999999997,39.5224,7.231800000000001,2.7358,41.509600000000006,0.8129000000000001,0.129412,5.9521999999999995,1.7367599999999999,0.66676,22.765199999999997,20.233199999999997,0.5595,0.70256,5.6098,0.9912000000000001,30.1696,4.8352,13.8356,0.1602,11.8208,1.2876,2.2359999999999998,8.628,1.2896,12.4956,14.748000000000001,12.700199999999999,1642.698106319658,0,168.17260742000008
2021-04-20_Augsburg_Eint Frankfurt,2021-04-20,20:30,Bundesliga,Matchweek 30,Tue,2021,2.0,0.0,Eint Frankfurt,Augsburg,Home Win,1794.54931641,1,20.0,2.9499999999999997,1.548,1.67172,1.42506,50.8428,12.587,5.716,48.845740000000006,1.67172,0.14885,4.4542,0.9160999999999999,-0.40748,17.6468,26.269399999999997,1.5323600000000002,1.3281599999999998,10.9096,2.3502,37.831,6.7358,12.0782,1.1126,19.1096,5.933,4.698,15.7428,2.0938,21.8302,22.283,19.1178,1757.8970206057497,1607.62487793,0.536,1.3998,1.03172,1.60654,43.221599999999995,10.9914,4.0008,36.97691999999999,0.9035600000000001,0.08625,5.001200000000001,1.7053999999999998,0.3056,17.7278,23.3834,0.81738,0.69094,8.594800000000001,1.2573999999999999,28.541999999999998,5.625400000000001,16.372600000000002,0.2442,16.1938,3.9368,0.894,14.342399999999998,1.5116,19.6712,14.483800000000002,14.034200000000002,1652.5985583524339,0,186.92443848000016
2021-04-20_Bayern Munich_Leverkusen,2021-04-20,20:30,Bundesliga,Matchweek 30,Tue,2021,2.0,0.0,Bayern Munich,Leverkusen,Home Win,2002.21960449,1,20.0,3.2852,1.2984,2.14596,1.1514,56.9568,17.3944,6.6176,38.02454,1.98772,0.12013199999999999,2.9756,1.1606400000000001,-0.13776000000000002,8.8062,46.151399999999995,1.6455600000000001,1.89272,13.9316,3.6066,60.590199999999996,14.288199999999998,13.7102,0.442,19.515,4.8732,5.735200000000001,25.0302,1.9966000000000002,31.494,33.347,24.0944,1673.393292430046,1731.64501953,0.3758,0.9976,0.96894,0.9652,61.49219999999999,9.4916,2.956,35.43914,0.96894,0.09687399999999999,3.426,1.09722,0.09961999999999999,9.6594,44.891200000000005,0.75114,0.93104,7.265,1.828,49.7396,7.778,13.8216,0.442,24.345599999999997,5.2582,0.5538,12.495199999999999,1.2174,16.1614,23.1264,23.964599999999997,1696.231409326366,0,270.57458496000004
2021-04-20_Arminia_Schalke 04,2021-04-20,20:30,Bundesliga,Matchweek 30,Tue,2021,1.0,0.0,Arminia,Schalke 04,Home Win,1570.84143066,1,20.0,0.2442,1.096,1.1639000000000002,1.3872200000000001,41.3424,11.689400000000001,3.2356,27.09532,1.1639000000000002,0.089762,3.6492,1.26462,0.16862,11.295200000000001,25.1582,0.97108,1.05756,8.099400000000001,2.117,25.382799999999996,6.9968,12.1344,0.2442,16.1958,3.9914000000000005,0.0,13.7222,2.0088,19.067,20.965600000000002,10.392,1730.955556544216,1532.78234863,0.3978,3.2954,0.7453599999999999,1.7762399999999998,46.4762,5.6876,1.8377999999999999,31.38854,0.6029599999999999,0.115064,6.2581999999999995,2.02536,-1.0722399999999999,15.424199999999999,19.9888,0.57092,0.6083799999999999,4.6114,1.1822,29.955,6.526,15.928199999999999,0.442,15.776200000000003,6.0016,0.7956,5.337999999999999,2.3038,10.306999999999999,15.549199999999999,14.9584,1708.2778867426682,0,38.05908203000013
2021-04-20_Koln_RB Leipzig,2021-04-20,18:30,Bundesliga,Matchweek 30,Tue,2021,2.0,1.0,Koln,RB Leipzig,Home Win,1585.04199219,1,18.0,1.6063999999999998,1.7082000000000002,1.56314,1.3149,54.6852,14.360199999999999,2.7048,17.57848,1.21636,0.08535999999999999,4.1038,1.2831000000000001,-0.4251,14.409399999999998,36.465,0.8738000000000001,0.947,9.5976,3.4010000000000002,41.205,9.6208,12.6142,0.0,24.6156,3.8482,2.5886,19.4674,2.1746,26.471799999999998,20.456200000000003,16.3926,1668.4757934797342,1847.05700684,2.8046,0.2442,1.6592,0.69508,63.8116,15.5782,6.7898,45.44754,1.6592,0.115366,1.5584,0.41102000000000005,0.16682,7.7172,50.2964,1.5873800000000002,2.05596,14.6998,1.262,53.2288,10.586599999999999,13.292,1.0,13.4246,4.4538,5.0554,23.515600000000003,1.8156,29.247,27.871000000000002,16.273600000000002,1627.7639747316898,0,-262.01501465
2021-04-21_Stuttgart_Wolfsburg,2021-04-21,20:30,Bundesliga,Matchweek 30,Wed,2021,1.0,3.0,Stuttgart,Wolfsburg,Away Win,1662.20654297,1,20.0,2.154,1.0708,1.29882,1.06916,50.33160000000001,12.4246,4.4437999999999995,36.47898,1.29882,0.10600799999999999,4.1882,1.2033800000000001,0.13257999999999998,14.500399999999999,29.806199999999997,1.13594,1.3067000000000002,10.0644,1.8841999999999999,38.5026,7.6666,13.5078,0.5956,17.6406,4.960799999999999,3.4727999999999994,16.0988,2.8322000000000003,21.927799999999998,23.3086,22.289,1681.5827613263962,1777.75183105,2.2244,1.5922,1.569,0.77216,54.70779999999999,16.4406,5.3870000000000005,33.34934,1.569,0.10270200000000002,3.4076,0.8255399999999999,-0.76666,10.9138,31.7422,1.2273,1.5360600000000002,12.442799999999998,1.9734,46.3938,10.1832,12.958600000000002,0.5558000000000001,23.1432,6.9392,2.659,19.0276,3.3436,26.1158,27.5886,18.3952,1677.29958144305,2,-115.54528807999986
2021-04-21_Dortmund_Union Berlin,2021-04-21,20:30,Bundesliga,Matchweek 30,Wed,2021,2.0,0.0,Dortmund,Union Berlin,Home Win,1800.97558594,1,20.0,2.4466,1.0042,2.30118,1.1306200000000002,63.108999999999995,14.960399999999998,5.504199999999999,37.42982,1.9634200000000002,0.146064,2.7092,1.05532,0.27092,7.9798,48.47280000000001,1.5227600000000001,1.83676,10.8324,1.2442,57.876599999999996,13.180200000000001,14.0156,0.7976,22.802,6.3422,4.8932,18.4888,2.2616,27.0568,35.4762,28.913800000000002,1666.520218238784,1669.66247559,0.8617999999999999,1.5033999999999998,1.62928,1.24282,47.3744,13.219,3.7534,30.260700000000003,1.62928,0.135402,2.962,1.01662,-0.26697999999999994,13.000399999999999,25.5098,1.5337,1.2145000000000001,11.1294,3.9256,33.5078,6.6368,11.4368,0.1602,19.3904,2.5890000000000004,1.5038,16.876199999999997,1.938,23.1066,16.979599999999998,14.851999999999999,1756.5203237784801,0,131.31311035
2021-04-21_Mainz 05_Werder Bremen,2021-04-21,20:30,Bundesliga,Matchweek 30,Wed,2021,0.0,1.0,Werder Bremen,Mainz 05,Away Win,1632.80297852,1,20.0,1.0178,2.1878,1.03496,1.6933200000000002,41.976,9.991,3.4454000000000002,36.13568,0.8396,0.08800600000000001,3.8553999999999995,1.43566,-0.5323399999999999,16.292,21.9636,0.5651,0.63602,6.9512,2.0828,29.059200000000004,5.938400000000001,15.021999999999998,0.534,11.1386,2.738,1.3738,13.4496,0.9036,17.1534,12.2806,10.6364,1839.9663147456638,1628.68139648,1.8486000000000002,1.2066,1.66354,1.29586,38.1622,13.7208,5.0242,43.48234,1.66354,0.128298,3.1647999999999996,0.81028,-0.39632,12.4104,20.357000000000003,1.0759400000000001,1.2648800000000002,9.075600000000001,2.4850000000000003,29.4328,8.058,13.110600000000002,0.358,19.712400000000002,5.4184,2.9372,14.2756,2.4062,20.680200000000003,26.222199999999997,12.255,1680.527004662626,2,4.121582039999794
2021-04-21_Gladbach_Hoffenheim,2021-04-21,20:30,Bundesliga,Matchweek 30,Wed,2021,3.0,2.0,Hoffenheim,Gladbach,Home Win,1672.46044922,1,20.0,1.4876,1.1179999999999999,1.08132,1.34552,49.40219999999999,7.4446,2.459,25.179820000000003,1.08132,0.124336,4.239199999999999,1.46916,0.35115999999999997,13.532600000000002,30.294199999999996,0.911,0.75346,5.613600000000001,2.2214,41.6164,7.4121999999999995,15.450199999999999,0.4222,16.4128,2.7882000000000002,2.7972,9.769200000000001,1.1494,13.342,18.307399999999998,15.106200000000001,1714.352020164814,1742.20361328,1.7016,1.6158000000000001,1.80348,1.18942,50.585800000000006,13.5002,4.3144,33.8912,1.30748,0.101984,5.085800000000001,1.01418,-0.6016199999999999,17.86,28.4948,0.94218,0.96318,10.1492,1.6994,36.5688,7.897400000000001,14.080400000000001,0.1978,16.075400000000002,5.9224,2.5658,18.8584,1.2354,24.9202,21.843,19.413,1673.729380273542,0,-69.7431640599998
2021-04-23_Augsburg_Koln,2021-04-23,20:30,Bundesliga,Matchweek 31,Fri,2021,2.0,3.0,Augsburg,Koln,Away Win,1601.40527344,1,20.0,1.211,0.916,0.85386,1.4073600000000002,38.564,8.468399999999999,2.4598,30.224500000000003,0.85386,0.10663800000000001,4.223000000000001,0.96048,0.044480000000000026,20.407799999999998,19.7624,0.6314599999999999,0.5796399999999999,5.8902,1.1602000000000001,25.761400000000002,4.0972,14.146999999999998,0.8572,12.189599999999999,3.6462,2.066,8.9678,2.4528,13.342,15.1958,10.6538,1710.291593650416,1592.29040527,0.3758,2.5584,1.08434,1.8929399999999998,50.58,8.7644,2.1936,27.6658,0.9260999999999999,0.113324,5.8742,2.4565,-0.10189999999999998,14.1072,26.5328,0.66172,0.85066,6.6804,3.2666,36.6224,7.7703999999999995,15.4918,0.0,19.73,3.831,0.7516,10.5054,1.9746000000000001,16.2646,15.91,10.7696,1795.7399472393558,2,9.114868169999909
2021-04-24_Dortmund_Wolfsburg,2021-04-24,15:30,Bundesliga,Matchweek 31,Sat,2021,0.0,2.0,Wolfsburg,Dortmund,Away Win,1774.15185547,1,15.0,2.0532,0.7326,1.16452,1.0812,52.3718,12.437399999999998,4.5334,35.88146,1.16452,0.09734799999999999,3.2077999999999998,0.71638,-0.016220000000000012,13.932599999999999,35.9618,1.0931199999999999,1.06172,11.027199999999999,1.9666,45.6002,8.423,11.207999999999998,0.5558000000000001,19.924000000000003,5.133400000000001,2.9128000000000003,17.1822,2.5025999999999997,22.114800000000002,22.0194,19.869,1726.63134128338,1806.64685059,2.44,2.0396,1.33598,1.5502600000000002,53.4774,12.1432,5.2112,48.35338,1.33598,0.12461,3.789,1.4251600000000002,-0.6144400000000001,13.7406,29.551,1.14362,1.278,10.218399999999999,1.0352000000000001,41.3708,8.4572,9.4148,0.6617999999999999,13.0352,2.9093999999999998,4.1284,17.816,0.46399999999999997,21.81,22.499399999999998,18.6158,1712.916546875868,2,-32.494995119999885
2021-04-24_Freiburg_Hoffenheim,2021-04-24,15:30,Bundesliga,Matchweek 31,Sat,2021,1.0,1.0,Freiburg,Hoffenheim,Draw,1679.59155273,1,15.0,1.7368000000000001,0.9316,1.09804,1.16092,52.0542,9.34,3.6648,36.64096,0.9026799999999999,0.090304,5.0848,1.32136,0.38976,11.747,22.8968,0.6624,0.61558,5.9765999999999995,2.368,31.9074,4.9728,12.2674,0.3204,15.770199999999999,2.106,2.8494,9.3504,1.7720000000000002,15.264399999999998,14.6118,13.075599999999998,1691.098312111554,1672.46044922,0.7182,1.3336000000000001,1.1563599999999998,1.10212,52.45739999999999,12.2574,3.4052,23.45712,1.1563599999999998,0.09106200000000002,2.3778,0.91424,-0.22155999999999998,11.7242,37.466,0.6815599999999999,0.95366,7.873799999999999,3.3386,52.2772,10.480599999999999,17.2672,0.3382,21.9388,5.0668,1.0804,16.7186,2.428,21.5944,23.1918,12.2998,1728.644615918368,1,7.131103510000003
2021-04-24_Union Berlin_Werder Bremen,2021-04-24,15:30,Bundesliga,Matchweek 31,Sat,2021,3.0,1.0,Union Berlin,Werder Bremen,Home Win,1676.51831055,1,15.0,1.2818,0.8398,1.5326,0.9786199999999999,46.2962,11.5426,3.1058,25.93816,1.23196,0.10529,2.0532,0.7725599999999999,0.11076,11.267,22.977600000000002,1.06638,1.21408,8.7288,2.9202,29.8076,6.117799999999999,14.1102,0.358,19.807,3.2974,2.146,15.1284,2.2772,21.3654,17.5612,10.4586,1643.77657490202,1627.13183594,0.8178,2.0154,0.86042,2.1351,38.2376,8.0854,2.618,35.0666,0.86042,0.12214,5.8686,1.95518,0.15958000000000003,19.8814,18.889,0.59796,0.73996,6.425599999999999,1.1362,28.3202,4.5518,12.6868,0.4884,12.315399999999999,1.9914,1.6356,9.6862,1.1164,13.9112,15.238399999999999,14.572399999999998,1678.928296653244,0,49.38647461000005
2021-04-24_Eint Frankfurt_Leverkusen,2021-04-24,18:30,Bundesliga,Matchweek 31,Sat,2021,3.0,1.0,Leverkusen,Eint Frankfurt,Home Win,1735.36071777,1,18.0,1.8684000000000003,1.2918,1.50136,1.44818,62.2046,13.3462,4.4002,38.32188,1.50136,0.12848,3.4497999999999998,1.50894,0.21714000000000003,14.183200000000001,41.9866,1.2273,1.39572,10.6144,2.5474,44.1912,7.557200000000001,12.686,0.0,17.3074,5.112,3.7368000000000006,18.7102,1.9097999999999997,25.114600000000003,26.2134,19.656,1598.9829062503823,1782.58557129,1.296,1.9106,1.1181,1.6421199999999998,53.936,11.5512,3.5447999999999995,33.55524,1.1181,0.121316,4.7084,1.4264000000000001,-0.4842000000000001,14.607,28.070800000000002,0.866,1.18184,9.731200000000001,3.3846,44.3068,8.958400000000001,13.5776,0.3204,22.0766,5.532,2.1524,16.6556,2.7956000000000003,22.2162,22.464199999999998,19.8008,1765.325537594244,0,-47.2248535199999
2021-04-24_Bayern Munich_Mainz 05,2021-04-24,15:30,Bundesliga,Matchweek 31,Sat,2021,2.0,1.0,Mainz 05,Bayern Munich,Home Win,1628.68139648,1,15.0,1.1226,0.7624,1.7308400000000002,0.9914,49.758,10.0794,5.055,49.543459999999996,1.39308,0.15046800000000002,3.0343999999999998,0.75026,-0.012140000000000012,12.466,27.8558,1.2191,1.24886,7.8774,3.9869999999999997,36.0554,9.095,11.925799999999999,0.2442,21.385399999999997,2.492,1.8652,13.2304,1.336,17.3488,25.611800000000002,17.0134,1680.7642393302178,2008.51867676,1.884,1.0422,2.0953,1.12902,54.535999999999994,15.549399999999999,6.1084000000000005,42.84888,1.96714,0.120756,3.9748,1.43728,0.39508,12.1554,38.467,1.60272,2.1931599999999998,13.191400000000002,3.7906,54.896,13.6322,15.924199999999999,0.7248,23.258200000000002,7.2248,3.768,21.857,1.8456,27.505200000000002,33.2986,21.9966,1750.4892302009541,0,-379.83728027999996
2021-04-25_Arminia_Gladbach,2021-04-25,18:00,Bundesliga,Matchweek 31,Sun,2021,5.0,0.0,Gladbach,Arminia,Home Win,1758.74365234,1,18.0,1.7546,1.0939999999999999,1.23056,1.04046,50.44799999999999,14.6248,3.9213999999999998,28.13438,1.23056,0.080542,4.3936,1.3607199999999997,0.26672,13.9488,29.815599999999996,1.04704,0.87352,11.1766,2.5646,40.1126,7.740399999999999,14.052000000000001,0.5162,19.287399999999998,4.4468,3.265,20.128999999999998,1.6705999999999999,25.1498,25.8784,18.1706,1707.912237279026,1570.84143066,1.096,1.4322000000000001,0.98378,1.96658,38.6736,9.117,2.7072000000000003,29.2093,0.98378,0.111816,6.1848,1.8143599999999998,0.38216,15.967000000000002,17.243000000000002,0.75214,0.79752,6.5802,1.6816,20.959600000000002,4.9482,15.6134,0.1602,12.614999999999998,3.0574,1.812,9.3408,2.0968,14.547999999999998,15.767999999999999,10.0364,1755.4571967521501,0,187.9022216799999
2021-04-25_RB Leipzig_Stuttgart,2021-04-25,15:30,Bundesliga,Matchweek 31,Sun,2021,2.0,0.0,RB Leipzig,Stuttgart,Home Win,1833.39379883,1,15.0,1.0522,0.9338,1.39168,0.83212,59.8884,15.894599999999999,4.913400000000001,30.460879999999996,1.27954,0.083384,2.1710000000000003,0.9533400000000001,0.019540000000000002,9.3546,47.822,0.83878,1.37382,9.748000000000001,2.8002,57.121399999999994,11.114799999999999,14.9604,0.3956,22.025399999999998,4.541,1.9066,20.9492,0.9581999999999999,28.180600000000002,29.6452,20.2318,1780.594890965518,1655.35070801,0.9404,2.3664,0.96402,1.96532,50.0864,10.1024,3.2208,29.759240000000002,0.96402,0.09001799999999999,5.6621999999999995,2.19706,-0.16934,12.793600000000001,33.868,0.86182,0.9167,8.2364,0.822,45.582,5.5004,13.9286,1.2968,15.120199999999999,4.1362,1.8808,13.553,1.861,18.5234,17.729,19.156999999999996,1786.350598513976,0,178.04309081999986
2021-05-03_Hertha BSC_Mainz 05,2021-05-03,18:00,Bundesliga,Matchweek 29,Mon,2021,1.0,1.0,Mainz 05,Hertha BSC,Draw,1652.91992188,1,18.0,1.0662,0.642,1.5180000000000002,1.04226,47.4934,9.2388,4.7052,50.39596,1.214,0.143212,2.9867999999999997,0.68432,0.042320000000000024,12.486999999999998,27.202199999999998,1.06626,1.02976,6.957,3.2998000000000003,33.772600000000004,7.6644000000000005,12.2332,0.2198,19.4254,2.2986,1.6904,11.486199999999998,1.6466,16.181199999999997,24.161600000000004,16.2674,1732.4538923577738,1627.13378906,0.5824,1.738,0.77084,1.2463200000000003,40.0218,6.393999999999999,1.0542,11.50582,0.57548,0.07727,3.6628000000000003,1.04082,-0.49938,16.2304,18.2776,0.3856,0.41756,4.486400000000001,0.7558,22.321199999999997,3.2541999999999995,14.5546,0.1602,13.489600000000001,3.733,1.1648,7.6684,0.9206,10.5232,12.835999999999999,12.5972,1742.0526553734078,1,25.78613281999992
2021-05-06_Freiburg_Hertha BSC,2021-05-06,18:30,Bundesliga,Matchweek 30,Thu,2021,3.0,0.0,Hertha BSC,Freiburg,Home Win,1629.15734863,1,18.0,1.5433999999999999,1.3804,1.7243199999999999,1.3701600000000003,49.3832,14.8428,6.707800000000001,49.16854,1.56608,0.117704,4.017,1.13224,-0.24816000000000005,14.2492,32.0448,1.49642,1.15656,11.369800000000001,3.6984000000000004,40.072199999999995,10.1812,15.7856,0.8784000000000001,21.363,5.7668,2.867,17.836,1.663,25.988599999999998,25.583199999999998,17.787,1791.2866045175158,1678.52868652,0.5758,1.0596,1.0249400000000002,1.34674,49.6888,9.2792,2.1292,24.5517,1.0249400000000002,0.122778,5.210999999999999,0.85528,0.03988000000000003,12.672,27.773999999999997,0.84882,0.84706,7.016400000000001,3.1048000000000004,36.8384,7.567,12.619,0.0,15.795200000000001,2.6332,0.9736,12.953,1.062,16.208199999999998,15.0992,13.374600000000001,1675.8779360345,0,-49.37133789000018
2021-05-07_Augsburg_Stuttgart,2021-05-07,20:30,Bundesliga,Matchweek 32,Fri,2021,2.0,1.0,Stuttgart,Augsburg,Home Win,1642.73913574,1,20.0,2.0386,1.5522,1.4887400000000002,1.1411,52.840399999999995,11.793800000000001,4.2993999999999994,37.02571999999999,1.26896,0.111734,4.601999999999999,1.12422,-0.4279799999999999,12.4526,32.288199999999996,1.1512,1.2804600000000002,9.6138,2.1842,39.773599999999995,8.2326,12.592,0.7802,16.7322,5.297199999999999,3.3256,16.3216,1.9722000000000002,20.8584,25.352,21.483200000000004,1711.46406571964,1592.06018066,0.3382,1.4598,1.17508,1.4605000000000001,42.8998,12.8782,4.4332,35.46112,0.9797199999999999,0.08218400000000001,4.6126000000000005,1.49182,0.03201999999999999,20.6618,23.8106,0.8289,0.7151,9.4002,1.3758,30.6068,5.9954,15.8702,0.2198,16.9514,4.1874,0.5162,15.793999999999999,2.0488,22.4108,16.6216,14.996,1655.270943215988,0,50.67895507999992
2021-05-08_Leverkusen_Werder Bremen,2021-05-08,15:30,Bundesliga,Matchweek 32,Sat,2021,0.0,0.0,Werder Bremen,Leverkusen,Draw,1609.97790527,1,15.0,0.916,2.2132,1.12358,1.8093,46.8738,12.1456,3.2566,31.3823,0.94774,0.086646,4.4024,1.55186,-0.46353999999999995,16.1624,25.485799999999998,0.64186,0.76452,7.9888,2.863,33.793,7.409800000000001,13.8104,0.7248,16.4646,4.3294,1.2364,15.1258,1.79,20.857,16.159599999999998,9.7634,1805.0824157949842,1746.83813477,0.3382,1.242,0.91758,1.08192,57.3238,9.098,3.2046,40.43256,0.91758,0.093742,4.7484,1.4337399999999998,0.19174,11.2146,40.8276,0.69716,0.85908,6.6058,1.601,47.5324,7.6442000000000005,12.4744,0.3978,22.489599999999996,4.5996,0.4984,11.1804,1.4398,15.5566,23.046,25.1772,1746.8224496095559,1,-136.86022949999983
2021-05-08_Hoffenheim_Schalke 04,2021-05-08,15:30,Bundesliga,Matchweek 32,Sat,2021,4.0,2.0,Hoffenheim,Schalke 04,Home Win,1682.71362305,1,15.0,1.9272,1.062,1.40504,1.24322,51.115399999999994,10.1862,3.534,28.57492,1.40504,0.125342,3.5826,1.16708,0.10508,12.746400000000001,30.8086,0.9343,0.7681,7.3174,2.9318,41.022000000000006,9.0802,13.551599999999999,0.38,18.4136,3.1536,3.6942000000000004,14.2436,1.2786,18.2474,19.897599999999997,15.2074,1711.752504247336,1519.36120605,0.358,3.21,0.70082,1.84748,46.5638,5.6188,1.654,28.24962,0.57266,0.10955799999999999,6.4208,2.19586,-0.8361400000000001,14.261,19.3924,0.5238200000000001,0.5487,4.3502,0.7756000000000001,28.9174,5.308199999999999,16.0796,0.642,15.798399999999999,5.0246,0.716,4.7158,2.1734,9.832,13.452200000000001,14.574000000000002,1677.37200187903,0,163.35241700000006
2021-05-08_Dortmund_RB Leipzig,2021-05-08,15:30,Bundesliga,Matchweek 32,Sat,2021,3.0,2.0,Dortmund,RB Leipzig,Home Win,1823.85131836,1,15.0,2.402,0.6154,2.9981,0.71594,61.7096,17.0946,6.719,39.07628,2.4499,0.145692,1.8174,0.6970200000000001,0.27942,8.1378,46.2816,2.14422,1.95724,12.8352,1.464,55.0116,13.5386,13.3816,0.8178,21.2888,6.5404,4.5598,21.1468,1.7469999999999999,30.9232,34.572199999999995,28.4222,1658.6313047146882,1837.65136719,2.3358000000000003,0.7081999999999999,1.76212,0.7188599999999999,65.68379999999999,16.3762,6.134,41.21178,1.76212,0.11671399999999998,1.991,0.58972,-0.11848,8.6664,47.7358,1.55538,2.09916,14.7972,2.601,52.01939999999999,12.925799999999999,11.3652,0.7558,14.726400000000002,4.9526,4.1732000000000005,25.284799999999997,1.4574,30.1014,28.0308,15.1486,1623.957077905834,0,-13.800048829999923
2021-05-08_Union Berlin_Wolfsburg,2021-05-08,15:30,Bundesliga,Matchweek 32,Sat,2021,3.0,0.0,Wolfsburg,Union Berlin,Home Win,1770.9140625,1,15.0,1.8477999999999999,1.1478,1.21132,1.22846,52.14619999999999,13.8704,3.7032000000000003,29.5227,1.21132,0.095056,3.1872000000000003,0.8901399999999999,-0.25766,12.5624,35.1888,1.11264,1.08996,12.056999999999999,2.4142,48.4704,9.5458,11.5314,0.356,20.055,5.7644,2.6214,19.761599999999998,2.0198,24.124200000000002,19.9752,22.3916,1735.0449087398758,1678.99633789,0.7756000000000001,1.6972,1.36654,2.0023,46.139,11.531600000000001,3.0454000000000003,26.86982,1.36654,0.11820999999999998,4.3868,1.4123999999999999,-0.08699999999999997,12.1678,24.1934,1.2461000000000002,1.06536,9.451,3.1004,32.7358,5.9404,11.5932,0.0,18.9068,2.9184000000000005,1.3534000000000002,14.3904,1.3116,19.764999999999997,16.6812,15.3874,1788.347954320894,0,91.91772461000005
2021-05-08_Bayern Munich_Gladbach,2021-05-08,18:30,Bundesliga,Matchweek 32,Sat,2021,6.0,0.0,Bayern Munich,Gladbach,Home Win,1993.34326172,1,18.0,3.0124,0.736,1.98596,0.98092,56.6846,18.7758,6.3232,34.00466,1.84356,0.10602400000000001,3.2222,0.94156,0.20556000000000002,9.6466,42.6204,1.5865399999999998,1.9166800000000002,15.203399999999998,3.4457999999999998,59.1776,14.1032,14.227599999999999,0.3978,17.9334,5.3744,5.029,27.612799999999996,1.6528,34.1862,31.9144,24.4964,1702.401247825994,1757.49853516,2.0198,2.1868000000000003,1.75632,1.50238,50.0262,12.028599999999999,3.9385999999999997,34.697599999999994,1.30992,0.123646,5.1774000000000004,1.18814,-0.99866,17.253800000000002,27.244,1.01,1.1266,9.1012,1.5294,35.9664,7.6074,13.095600000000001,0.178,15.0906,5.441599999999999,3.0418000000000003,16.6182,1.356,21.8852,22.0904,19.8362,1656.000331933858,0,235.84472656000003
2021-05-09_Arminia_Hertha BSC,2021-05-09,18:00,Bundesliga,Matchweek 32,Sun,2021,0.0,0.0,Hertha BSC,Arminia,Draw,1629.15734863,1,18.0,2.1216,1.0982,1.80396,1.1745400000000001,48.345,15.091199999999999,6.4928,45.439600000000006,1.66156,0.12137400000000001,3.727,0.92488,-0.17332000000000009,14.147400000000001,28.0218,1.3935,1.1009,11.133,3.1844,39.098,9.9514,15.707,0.358,20.371000000000002,5.7344,3.8012,17.6526,1.9851999999999999,26.411,25.1572,16.6432,1726.190835473346,1570.84143066,0.5538,2.0774,0.85446,2.2641,38.895,9.3936,2.9806,30.94426,0.85446,0.091332,6.9106000000000005,2.4946,0.4172,13.9842,17.9514,0.62158,0.7200799999999999,6.378,1.6134,20.519599999999997,4.753399999999999,15.2958,0.0,12.197799999999999,2.7074,0.9097999999999999,10.1394,1.7428000000000001,15.1698,15.5912,9.6328,1713.34680580947,1,58.31591796999987
2021-05-09_Eint Frankfurt_Mainz 05,2021-05-09,15:30,Bundesliga,Matchweek 32,Sun,2021,1.0,1.0,Eint Frankfurt,Mainz 05,Draw,1771.1081543,1,15.0,2.855,1.3932,1.4615,1.6299800000000002,51.7584,11.951400000000001,5.1118,45.777379999999994,1.4615,0.13775400000000002,4.8414,0.88332,-0.30788,19.068,29.9052,1.31166,1.38534,10.1976,2.471,39.9686,7.3506,12.4028,0.8572,21.2078,6.0396,4.9166,15.580000000000002,2.0402,21.2702,20.456999999999997,20.1384,1738.4105234376038,1650.89648438,1.6196,0.7976,1.53742,1.25748,38.422399999999996,13.0276,5.021800000000001,44.06008,1.53742,0.127028,3.0042000000000004,0.7116,-0.08600000000000001,17.630399999999998,20.3772,1.09392,0.9764999999999999,8.7354,2.048,28.9128,6.542599999999999,11.778599999999999,0.4222,18.9084,5.5648,2.5994,15.180399999999999,2.0772,20.291,22.0156,12.962,1647.3080171878842,1,120.21166992000008
2021-05-09_Freiburg_Koln,2021-05-09,13:30,Bundesliga,Matchweek 32,Sun,2021,1.0,4.0,Koln,Freiburg,Away Win,1601.63549805,1,13.0,1.5015999999999998,1.6374,1.3414800000000002,1.62528,49.809400000000004,12.1266,2.3018,24.286859999999997,1.0293800000000002,0.088266,4.726,1.3869,-0.2505,15.0686,32.5758,0.79318,0.87346,8.4612,3.1168,34.8672,8.0936,12.6646,0.0,22.732599999999998,3.0305999999999997,2.5856,16.490399999999998,1.813,22.4178,17.1804,15.220600000000001,1726.158622045936,1678.52868652,0.5182,1.6862,1.03684,1.55066,51.9736,10.228,2.6046,26.415960000000002,1.03684,0.115614,5.578200000000001,1.3136999999999999,-0.1527,10.363,29.9384,0.95484,0.94886,8.324,2.1734,37.842600000000004,7.2219999999999995,13.8544,0.0,17.525,3.6908000000000003,0.8762000000000001,14.611199999999998,2.1768,18.7176,16.6986,16.0674,1665.1064332014419,2,-76.89318847000004
2021-05-12_Hertha BSC_Schalke 04,2021-05-12,18:00,Bundesliga,Matchweek 31,Wed,2021,1.0,2.0,Schalke 04,Hertha BSC,Away Win,1514.73535156,1,18.0,0.2442,1.852,0.49554,1.6602400000000002,39.7224,5.7788,1.6199999999999999,40.33498,0.49554,0.08063200000000001,5.5809999999999995,1.49436,-0.13784000000000007,15.732000000000001,14.2442,0.2154,0.30025999999999997,3.354,0.5824,23.4992,3.7042,14.8036,0.2198,9.094000000000001,2.6842,0.4884,6.6128,0.714,9.8654,11.3456,9.5228,1717.9982318602201,1643.27392578,0.6242,1.3758,0.9635400000000001,1.50264,40.9966,6.1662,1.7372,22.98948,0.7877000000000001,0.10973000000000001,4.485,1.46658,0.26878,16.4958,19.226399999999998,0.6168199999999999,0.56232,4.3494,0.536,23.798199999999998,2.4520000000000004,15.0434,0.0,11.398600000000002,3.3271999999999995,1.2484,6.4922,1.2728000000000002,10.3384,11.4988,13.658399999999999,1715.70099033529,2,-128.53857421999987
2021-05-15_Augsburg_Werder Bremen,2021-05-15,15:30,Bundesliga,Matchweek 33,Sat,2021,2.0,0.0,Augsburg,Werder Bremen,Home Win,1586.53479004,1,15.0,1.5782,1.2686000000000002,1.14592,1.40334,41.0176,9.4984,3.0464,33.122440000000005,1.14592,0.126392,4.4006,1.2742,0.005599999999999987,19.4782,19.3536,0.8869199999999999,0.86912,6.978,1.7326000000000001,32.2906,5.652799999999999,12.6346,0.7714000000000001,14.669,3.7376000000000005,2.5918,9.1268,2.1192,15.173,17.9628,12.1978,1670.348536814012,1612.4855957,0.9802,1.9698000000000002,0.8576199999999999,1.98068,38.337,9.1862,3.6772,40.63848,0.8576199999999999,0.11348,5.8818,1.8988,0.12680000000000002,20.6142,19.0676,0.6214200000000001,0.7015399999999999,7.204000000000001,1.3668,25.8692,4.5406,12.674,0.4396,11.8514,1.8481999999999998,1.7162,11.5036,0.8606,15.9946,15.146799999999999,13.2942,1671.515396703534,0,-25.950805660000015
2021-05-15_Gladbach_Stuttgart,2021-05-15,15:30,Bundesliga,Matchweek 33,Sat,2021,1.0,2.0,Gladbach,Stuttgart,Away Win,1752.21105957,1,15.0,2.656,0.6962,1.89012,1.00638,51.315,16.3602,5.927,36.57552,1.69476,0.101908,4.4984,1.2913600000000003,0.59516,13.297999999999998,30.0016,1.5440200000000002,0.9050199999999999,13.056999999999999,1.9756,40.0038,8.1106,12.1932,0.5646,16.0194,4.4022,4.848,24.300199999999997,1.2152,29.219,29.086199999999998,19.186200000000003,1686.338517795782,1648.26452637,0.558,1.8972,0.64692,2.05672,46.8916,7.4618,1.8894000000000002,19.025959999999998,0.64692,0.09890199999999999,6.196,2.41294,0.5157400000000001,17.0096,29.561799999999998,0.56936,0.7440800000000001,6.0708,0.5956,40.5044,5.0178,15.6894,1.167,13.331,3.39,1.116,10.0346,1.3424,13.310400000000001,13.384,16.7432,1792.3777342068838,2,103.94653319999998
2021-05-15_Hertha BSC_Koln,2021-05-15,15:30,Bundesliga,Matchweek 33,Sat,2021,0.0,0.0,Hertha BSC,Koln,Draw,1646.28430176,1,15.0,1.9094,0.5558000000000001,1.6547,1.0737999999999999,52.4618,14.9702,6.2434,43.38186,1.52654,0.10846800000000001,3.9543999999999997,0.7526,0.19679999999999997,13.1442,29.1284,1.27968,1.0163600000000002,11.496199999999998,3.21,42.439,9.3118,15.036000000000001,0.4222,20.7544,5.705,3.4210000000000003,18.3964,2.0308,26.4904,25.061799999999998,18.320600000000002,1668.771959935138,1588.59838867,1.0708,2.5025999999999997,1.37218,1.80714,51.2312,10.6858,3.2952000000000004,32.2585,1.22978,0.124084,5.2542,2.2355,-0.2671,15.472999999999999,27.100199999999997,0.98184,1.1086200000000002,8.7102,3.5282000000000004,34.362,8.8584,15.7866,0.0,21.243000000000002,3.892,2.1416,12.508400000000002,2.3656,19.7454,19.6146,15.221,1749.0591680171501,1,57.685913089999985
2021-05-15_Bayern Munich_Freiburg,2021-05-15,15:30,Bundesliga,Matchweek 33,Sat,2021,2.0,2.0,Freiburg,Bayern Munich,Draw,1677.44921875,1,15.0,1.519,0.9384,1.35012,1.18482,54.055800000000005,10.715399999999999,4.0868,35.16956,1.0033400000000001,0.09404,4.6878,1.22712,0.28872,11.8164,25.6816,0.665,0.7105400000000001,6.6116,3.108,37.177400000000006,6.385,11.8522,0.2442,19.4328,3.2164,2.6204,11.069,1.6948,18.1568,16.3926,13.656600000000001,1666.337076808862,1998.6307373,1.7956,1.4264,1.9492399999999999,1.04846,57.3804,15.7828,5.7534,39.53265999999999,1.9492399999999999,0.11868000000000001,3.3005999999999998,1.32592,-0.10048000000000004,11.4956,45.3696,1.5324200000000001,2.19822,13.6048,2.9348,58.224999999999994,12.448,15.299400000000002,0.7081999999999999,21.590600000000002,5.6488,3.1028000000000002,22.7922,1.861,27.642999999999997,31.403399999999998,22.3412,1736.89060546886,1,-321.18151854999996
2021-05-15_Leverkusen_Union Berlin,2021-05-15,15:30,Bundesliga,Matchweek 33,Sat,2021,1.0,1.0,Leverkusen,Union Berlin,Draw,1744.33044434,1,15.0,2.1258,1.1184,1.63774,1.4657,58.488,15.065000000000001,5.5812,40.81662,1.63774,0.12375,3.6048,1.59804,0.47963999999999996,14.221,42.5192,1.28342,1.45822,11.6738,2.6368,43.4384,7.6454,10.4872,0.0,18.0414,5.5332,4.2516,20.2924,1.8188,27.7774,28.8662,20.5672,1640.727734643722,1670.89868164,0.5538,2.26,1.1989,2.1019,46.245999999999995,10.413,2.4082,23.0432,1.1989,0.110502,5.7576,1.7595599999999998,-0.32243999999999995,11.4742,23.208999999999996,1.0949200000000001,0.99994,8.773,2.6018000000000003,31.7178,5.8462,10.8572,0.0,18.6718,2.7824000000000004,0.9296,12.941600000000001,1.8688,18.4786,16.657,13.871599999999999,1793.981205467944,1,73.43176270000004
2021-05-15_Eint Frankfurt_Schalke 04,2021-05-15,15:30,Bundesliga,Matchweek 33,Sat,2021,4.0,3.0,Schalke 04,Eint Frankfurt,Home Win,1508.78088379,1,15.0,0.46399999999999997,1.7226,0.63694,1.54328,41.403800000000004,7.6988,1.558,33.525220000000004,0.63694,0.083454,5.046200000000001,1.2154,-0.30939999999999995,15.4704,17.826999999999998,0.32595999999999997,0.3635,4.928,0.6242,26.3122,3.9221999999999997,14.9792,0.1978,10.6382,2.5158000000000005,0.9279999999999999,8.8378,1.231,13.286200000000001,12.909000000000002,11.8684,1677.867431517996,1766.60656738,0.978,2.3080000000000003,1.35606,1.8365200000000002,52.866200000000006,12.273,3.6904000000000003,31.58428,1.35606,0.136392,6.2909999999999995,1.7677,-0.5403,14.9228,26.5432,1.1047600000000002,1.2625,10.290799999999999,2.7136000000000005,43.4882,9.1068,12.498800000000001,0.2442,22.934399999999997,5.4348,1.3162,17.9436,2.0394,23.0158,23.2946,19.965,1762.038020650792,0,-257.8256835899999
2021-05-15_Arminia_Hoffenheim,2021-05-15,15:30,Bundesliga,Matchweek 33,Sat,2021,1.0,1.0,Arminia,Hoffenheim,Draw,1570.84143066,1,15.0,0.46399999999999997,0.5538,1.4982,1.10542,41.4642,12.9296,3.6003999999999996,27.24636,1.3028399999999998,0.09367,2.419,0.8641400000000001,0.31034,11.177399999999999,24.165999999999997,1.1193,1.12388,9.0102,1.9052,25.7774,7.0854,11.6442,0.2198,15.199399999999999,4.1364,0.4884,14.415000000000001,2.152,22.4554,23.687600000000003,12.639199999999999,1674.056817066406,1687.33947754,0.6022,1.156,1.0076999999999998,1.13752,53.031800000000004,13.3082,3.1761999999999997,20.1877,1.0076999999999998,0.072654,3.1726,0.97722,-0.0007800000000000168,13.9498,35.4974,0.7866600000000001,0.8806,9.7398,3.693,47.5292,10.088,14.8104,0.1602,22.121000000000002,4.7716,0.884,19.4766,2.4852,24.464799999999997,21.174200000000003,13.634599999999999,1703.313581712888,1,-116.49804687999995
2021-05-16_RB Leipzig_Wolfsburg,2021-05-16,20:30,Bundesliga,Matchweek 33,Sun,2021,2.0,2.0,RB Leipzig,Wolfsburg,Draw,1830.62133789,1,20.0,1.147,0.6962,1.82884,0.62912,61.364999999999995,18.003,6.143000000000001,32.79556,1.63348,0.091372,1.6654,0.6993600000000001,0.0031599999999999753,7.3656,56.21979999999999,1.21564,1.9225400000000001,12.3596,3.9412,63.491200000000006,14.7664,13.543199999999999,0.356,26.5394,6.0962000000000005,2.116,25.8268,1.4508,32.3142,35.8626,24.504399999999997,1772.69122910036,1779.01159668,2.4462,1.6771999999999998,1.4755800000000001,1.0724,50.974,15.664,4.96,32.12876,1.4755800000000001,0.097664,3.8994,1.3146200000000001,-0.36258,10.0456,28.937399999999997,1.1380599999999998,1.3514999999999997,11.4218,2.2202,41.282000000000004,9.055599999999998,13.0068,0.8444,19.898200000000003,5.9126,3.2816,17.2274,3.1092000000000004,24.495,24.3228,17.1024,1680.38432355838,1,51.60974121000004
2021-05-16_Dortmund_Mainz 05,2021-05-16,18:00,Bundesliga,Matchweek 33,Sun,2021,1.0,3.0,Mainz 05,Dortmund,Away Win,1655.39807129,1,18.0,1.0596,0.822,1.76154,1.1069,50.218,10.924199999999999,5.8556,52.70216,1.6033,0.150216,3.3324,0.71474,-0.10726,11.2174,29.6678,1.1528800000000001,1.05118,7.0611999999999995,2.9814000000000003,37.5784,7.697799999999999,12.165799999999999,0.6862,20.7038,3.1014,1.7214,11.581399999999999,2.803,18.2606,23.368399999999998,15.696200000000001,1711.5465687004503,1830.88134766,2.5402,1.5472,1.3423800000000001,1.65938,49.946200000000005,10.5756,4.5576,47.2675,1.3423800000000001,0.14312399999999997,3.4658,1.29818,-0.24902000000000002,16.6732,27.0008,1.21134,1.27904,8.9316,1.42,37.362,8.1232,9.141,0.8398,12.1552,2.9628,3.9156,13.651,1.1502,18.034,22.305799999999998,18.0778,1727.6945875502302,2,-175.4832763700001
2021-05-22_Gladbach_Werder Bremen,2021-05-22,15:30,Bundesliga,Matchweek 34,Sat,2021,2.0,4.0,Werder Bremen,Gladbach,Away Win,1601.91247559,1,15.0,0.536,1.8476000000000001,1.03796,1.7239600000000002,46.8518,12.5638,2.4542,22.25384,0.87972,0.076772,4.3622,1.15272,-0.51688,14.992799999999999,27.4236,0.6521,0.75808,8.911000000000001,3.6536,35.0116,7.2248,14.1736,0.2198,19.3258,4.585,0.536,15.790199999999999,2.3436,21.6926,16.8208,12.761800000000001,1790.6473360114378,1740.56787109,1.5294,3.0008,1.6474000000000004,1.85406,50.6208,13.6674,4.133,32.84822,1.361,0.10630599999999998,5.071400000000001,1.69334,-1.30746,14.7098,28.6494,1.0855000000000001,1.19044,10.3444,1.2322,39.43,8.9,9.5464,0.6486000000000001,16.0908,5.0531999999999995,2.3049999999999997,19.163,1.5646,24.403200000000002,24.4882,22.171,1707.6027407228842,2,-138.65539549999994
2021-05-22_Augsburg_Bayern Munich,2021-05-22,15:30,Bundesliga,Matchweek 34,Sat,2021,5.0,2.0,Bayern Munich,Augsburg,Home Win,1992.05407715,1,15.0,3.4554,0.5182,2.18832,0.9495600000000002,57.00479999999999,20.0078,6.1468,30.37876,1.8648000000000002,0.099212,3.2,0.75322,0.23502,10.0702,41.3288,1.59906,2.03388,16.104200000000002,3.157,57.762600000000006,15.6464,13.1722,0.6022,18.0286,5.4812,5.282,27.8404,2.22,35.81,36.1952,24.246999999999996,1727.258040869558,1597.10803223,0.4044,1.8022,1.4362,1.5998,43.6304,15.420599999999999,5.755,37.5892,1.26036,0.083524,4.9956,1.50706,-0.29513999999999996,15.8354,24.7824,0.87042,0.84568,10.381,2.315,33.3086,7.7052000000000005,15.871599999999999,0.442,22.705199999999998,6.266400000000001,0.5646,18.9772,2.2882000000000002,25.9208,18.945600000000002,16.438000000000002,1654.746406788732,0,394.9460449200001
2021-05-22_Eint Frankfurt_Freiburg,2021-05-22,15:30,Bundesliga,Matchweek 34,Sat,2021,3.0,1.0,Eint Frankfurt,Freiburg,Home Win,1753.51000977,1,15.0,2.5252,1.3538,1.3088199999999999,1.3206799999999999,58.6412,12.4448,4.6122,40.411519999999996,1.3088199999999999,0.11988199999999999,4.2246,0.7928599999999999,-0.37916000000000005,15.854000000000001,38.0062,1.1683800000000002,1.36564,9.7896,2.9124,49.949400000000004,7.604000000000001,14.1602,1.0156,25.8598,6.5241999999999996,4.0922,17.1874,2.0804,22.4644,21.3322,20.525000000000002,1673.501632496612,1684.02587891,1.1548,1.6176,1.3561999999999999,1.6721200000000003,52.8622,11.0262,3.3768000000000002,29.87408,1.3561999999999999,0.126054,4.787800000000001,1.3544599999999998,-0.06534,9.7174,28.0794,1.2579799999999999,1.0384200000000001,9.0684,2.156,36.8142,7.1998,14.5016,0.4884,16.54,3.3775999999999997,1.8212000000000002,15.659400000000002,2.3034,20.2878,18.526600000000002,15.016399999999999,1628.334425267668,0,69.48413085999982
2021-05-22_Hertha BSC_Hoffenheim,2021-05-22,15:30,Bundesliga,Matchweek 34,Sat,2021,2.0,1.0,Hoffenheim,Hertha BSC,Home Win,1685.87927246,1,15.0,2.1346,1.4442,1.34808,1.3486399999999998,53.79,12.5658,5.246,32.45238,1.34808,0.103506,3.8126,1.3056999999999999,-0.1385,11.450800000000001,35.8442,0.94764,0.9866599999999999,9.0512,2.8946,46.0478,9.3166,12.4312,0.1978,20.3818,4.170999999999999,4.025,16.3176,1.9392,21.8422,21.4292,18.7056,1671.07772824461,1643.35473633,0.9059999999999999,1.3381999999999998,1.04606,1.42798,43.2626,8.2592,2.8846,27.870420000000003,0.88782,0.101994,3.8482000000000003,1.3455599999999999,0.16756000000000004,15.7018,20.3808,0.7428600000000001,0.7270399999999999,6.4681999999999995,0.8266,27.7492,3.0952,12.853200000000001,0.0,11.382200000000001,3.983,1.8119999999999998,9.1292,2.0782,15.000399999999999,13.8144,15.0254,1674.9016502952459,0,42.524536130000115
2021-05-22_Dortmund_Leverkusen,2021-05-22,15:30,Bundesliga,Matchweek 34,Sat,2021,3.0,1.0,Dortmund,Leverkusen,Home Win,1837.60693359,1,15.0,2.4618,1.0422,2.70972,0.89526,57.3428,16.3084,5.8704,35.618359999999996,2.33168,0.142124,3.3008,1.1356800000000002,0.10054,11.9754,43.399,2.09984,1.7273,12.8076,1.4176,48.251599999999996,11.3986,12.9108,0.736,20.859399999999997,6.874599999999999,4.7038,20.9438,2.1606,29.5216,31.6958,26.414399999999997,1715.003789578888,1740.99230957,0.1602,0.9736,1.02232,1.00048,56.205,10.165,3.4284,39.04780000000001,1.02232,0.096692,4.0851999999999995,1.185,0.2114,13.812000000000001,41.856,0.83836,1.0385,7.9662,0.82,48.157999999999994,6.9588,11.5176,0.6022,19.3126,5.0280000000000005,0.1602,13.616,1.8841999999999999,17.8546,21.9762,25.803800000000003,1732.106259887244,0,96.61462401999984
2021-05-22_Koln_Schalke 04,2021-05-22,15:30,Bundesliga,Matchweek 34,Sat,2021,1.0,0.0,Koln,Schalke 04,Home Win,1591.52783203,1,15.0,1.5956,2.3062,1.5559,1.98672,50.6164,13.767199999999999,2.56,24.74044,1.07968,0.08111399999999999,5.286,2.0207800000000002,-0.28542,14.5618,29.9198,0.82268,0.9137599999999999,9.4358,3.8818,33.6472,7.984,12.9424,0.2442,23.2124,3.4600000000000004,2.8154,17.0736,2.4642,25.394199999999998,16.861800000000002,15.3426,1725.112902025742,1521.87744141,0.6664,3.1448,0.65864,1.7606600000000001,43.833400000000005,5.2244,1.6444,31.2314,0.65864,0.126134,7.267200000000001,2.38604,-0.59856,14.890799999999999,16.1582,0.59026,0.51498,3.9826,0.7979999999999999,25.1864,5.0448,15.8716,0.5778,13.2442,3.9570000000000003,1.3328,4.1792,1.9118,8.8954,11.909199999999998,13.9958,1680.751755053256,0,69.65039061999983
2021-05-22_Mainz 05_Wolfsburg,2021-05-22,15:30,Bundesliga,Matchweek 34,Sat,2021,2.0,3.0,Wolfsburg,Mainz 05,Away Win,1781.80786133,1,15.0,2.1072,1.033,1.40438,1.1179199999999998,53.3644,15.0488,4.998,35.446780000000004,1.40438,0.10620000000000002,2.8242000000000003,0.8167,-0.21630000000000005,12.6618,34.925599999999996,1.2223,1.04654,12.384,2.517,49.1328,8.6586,9.6806,0.3204,18.8728,5.7322,3.2918,21.2394,1.5294,26.1542,19.289,20.8436,1736.391583226974,1648.67248535,1.4134,0.8178,1.46806,1.19728,36.559000000000005,12.036399999999999,4.387,41.04924,1.46806,0.13109,2.8596,0.7104199999999999,-0.10738,19.8096,18.3978,1.10218,0.9087999999999999,8.506,1.799,28.6982,5.944,11.512200000000002,0.6242,18.2174,4.9198,2.2510000000000003,14.706599999999998,1.7251999999999998,19.2618,18.295,13.6868,1655.412570973104,2,133.13537597999994
2021-05-22_Arminia_Stuttgart,2021-05-22,15:30,Bundesliga,Matchweek 34,Sat,2021,0.0,2.0,Stuttgart,Arminia,Away Win,1659.90771484,1,15.0,1.6021999999999998,1.497,1.4378000000000002,1.34796,54.41,12.0702,4.1370000000000005,35.5411,1.23998,0.106236,5.6186,1.3495,-0.14750000000000002,16.470399999999998,31.8474,1.114,1.2759200000000002,9.564,1.8774,42.5708,8.9978,12.2562,0.558,14.3402,3.6698,2.528,17.2778,1.6423999999999999,21.3842,23.11,22.1674,1702.298664449914,1570.84143066,0.4984,1.4372,0.80018,1.7805199999999999,38.0726,10.475200000000001,3.8594,35.52764,0.80018,0.078548,5.8988,1.8959199999999998,0.45872,13.885799999999998,19.7982,0.62384,0.7169,7.317,1.9404,22.8212,5.7547999999999995,14.9218,0.0,12.266000000000002,2.8808000000000002,0.8188,10.514,2.5452,16.5622,16.1646,9.048599999999999,1675.568915135288,2,89.06628417999991
2021-05-22_RB Leipzig_Union Berlin,2021-05-22,15:30,Bundesliga,Matchweek 34,Sat,2021,2.0,1.0,Union Berlin,RB Leipzig,Home Win,1674.23681641,1,15.0,1.8862,1.0,1.48166,0.93516,49.617599999999996,11.4116,3.8278,30.3388,1.2111,0.104762,3.3129999999999997,0.86622,0.026420000000000027,10.3634,25.71,1.08534,1.09616,8.9118,2.3956,31.3478,5.3852,13.6108,0.178,24.0658,5.5096,3.1524,14.462200000000001,2.6378,21.508,18.105200000000004,11.377799999999999,1649.3255179201958,1827.82507324,2.1580000000000004,1.37,1.8224200000000002,0.9467400000000001,65.2918,16.1388,6.609,44.84778,1.8224200000000002,0.12325,2.192,0.7817000000000001,-0.5883,10.065000000000001,48.9032,1.5286600000000001,2.06248,14.3734,2.0526,55.4568,12.6334,10.996,0.536,17.7728,5.59,4.1558,25.633200000000002,1.3676,29.8358,28.0164,15.322200000000002,1671.1763473635779,0,-153.58825682999986
2021-11-05_Gladbach_Mainz 05,2021-11-05,20:30,Bundesliga,Matchweek 11,Fri,2022,1.0,1.0,Mainz 05,Gladbach,Draw,1674.42614746,1,20.0,1.8908,0.6838,1.99618,0.81844,47.0652,14.4272,5.5928,36.10046,1.99618,0.131608,1.6242,0.5291399999999999,-0.15465999999999996,13.535400000000003,23.975399999999997,1.57526,1.3756599999999999,11.449,2.6814,34.056,8.7492,11.503800000000002,0.9802,15.8324,4.743,3.4433999999999996,16.398400000000002,2.7384,23.8842,24.4058,12.5504,1660.2203135524699,1737.234375,0.8373999999999999,1.6586,1.5588600000000001,1.23186,59.866600000000005,13.7362,3.9134,25.892000000000003,1.25486,0.087068,3.7687999999999997,1.5765600000000002,-0.08204,10.364400000000002,39.003,1.0065,0.86234,10.1514,0.9822,47.57040000000001,5.4012,14.452800000000002,2.1892,15.8124,5.8754,1.277,17.3576,2.8994000000000004,25.2964,19.903800000000004,16.8198,1679.930390502802,1,-62.80822753999996
2021-11-06_Augsburg_Wolfsburg,2021-11-06,15:30,Bundesliga,Matchweek 11,Sat,2022,1.0,0.0,Wolfsburg,Augsburg,Home Win,1748.55236816,1,15.0,0.7558,1.3456,1.30336,1.41086,55.1288,14.110000000000001,4.74,33.7543,1.23332,0.090696,4.0866,1.6012199999999999,0.25562,10.809000000000001,27.970599999999997,0.82304,1.27548,9.9034,3.6715999999999998,34.0544,7.014200000000001,13.8326,1.56,23.0072,6.020200000000001,0.7736,14.41,3.3654,23.062600000000003,22.628199999999996,14.332,1715.2931617908139,1589.59887695,0.46399999999999997,2.0098,0.6612399999999999,2.61044,39.5246,7.697,2.6114,31.14922,0.6612399999999999,0.094812,6.1526,1.8246,-0.18519999999999998,13.256999999999998,16.4846,0.4657,0.38312,5.6052,1.3428,19.8864,3.2754,10.151399999999999,1.0042,12.995,2.6134,0.7081999999999999,8.8914,1.5757999999999999,12.710799999999999,11.1944,14.4598,1730.526810254204,0,158.95349121000004
2021-11-06_Bayern Munich_Freiburg,2021-11-06,15:30,Bundesliga,Matchweek 11,Sat,2022,2.0,1.0,Bayern Munich,Freiburg,Home Win,2028.72338867,1,15.0,3.9518000000000004,0.76,3.18992,0.67332,64.7154,18.5378,8.705800000000002,45.935539999999996,3.18992,0.17807399999999998,2.1624000000000003,0.41266,-0.34734,8.1694,48.5348,2.4651400000000003,2.49922,14.701400000000001,1.3579999999999999,60.182,12.536,11.8598,3.5964,16.7992,5.475,6.736599999999999,24.0916,2.2202,31.5618,32.9478,27.907999999999998,1650.7378778820962,1727.40319824,1.462,0.5758,1.087,1.09976,48.953799999999994,11.561599999999999,4.3206,35.36558,1.087,0.10241,3.9562,1.1203200000000002,0.5445200000000001,15.9546,20.3786,0.8021400000000001,0.79718,7.177,2.6544000000000003,29.3998,5.58,16.1586,0.5998,16.371000000000002,5.345400000000001,2.282,12.1186,2.6562,19.059800000000003,18.14,9.576399999999998,1657.126781788434,0,301.32019043000014
2021-11-19_Augsburg_Bayern Munich,2021-11-19,20:30,Bundesliga,Matchweek 12,Fri,2022,2.0,1.0,Augsburg,Bayern Munich,Home Win,1586.22827148,1,20.0,1.5724,1.8168,1.12056,1.36916,40.0058,12.0752,4.6706,32.05374,1.12056,0.08950000000000001,3.3438,1.09596,-0.36484,12.4402,19.2546,0.68544,0.73958,9.02,1.628,24.2942,5.8275999999999994,11.9078,1.274,19.4906,5.756399999999999,2.9006,12.7532,3.0576,19.7728,20.8448,14.268999999999998,1669.662237598868,2030.24304199,3.7856,1.2442,2.73774,0.96956,59.829800000000006,17.1404,6.7618,39.84838,2.39998,0.15187399999999998,4.6862,1.02144,-0.22275999999999999,12.285800000000002,36.3582,2.1289,2.04878,14.170200000000001,1.1602000000000001,55.1186,13.0082,12.927400000000002,4.0808,16.0548,4.7258000000000004,6.138,23.3336,2.9422,31.1804,34.146,24.1292,1715.9914214603557,0,-444.01477050999983
2021-11-20_Hertha BSC_Union Berlin,2021-11-20,18:30,Bundesliga,Matchweek 12,Sat,2022,2.0,0.0,Union Berlin,Hertha BSC,Home Win,1683.12780762,1,18.0,1.4462,1.3812000000000002,1.13734,1.6764000000000001,44.187000000000005,11.2696,4.2864,44.0693,1.13734,0.11354600000000001,4.609,1.6552,0.274,13.8764,26.031999999999996,1.0072800000000002,1.06788,8.5708,3.3826,34.5332,6.924799999999999,10.0152,1.4485999999999999,20.4816,4.8224,2.6946,15.639599999999998,1.2786,19.711000000000002,16.008200000000002,13.232400000000002,1747.804581544454,1636.11157227,0.9736,2.874,0.62594,1.98526,40.1584,6.6612,3.3954,51.76058,0.62594,0.077804,5.463,2.06916,-0.80484,18.4048,13.7682,0.52618,0.44488000000000005,5.217,1.8858,20.111,4.7542,11.6646,0.442,9.8234,2.8904,1.5912,7.801,1.392,11.6526,10.899999999999999,11.388,1751.075398706566,0,47.016235350000215
2021-11-20_Hoffenheim_RB Leipzig,2021-11-20,15:30,Bundesliga,Matchweek 12,Sat,2022,2.0,0.0,Hoffenheim,RB Leipzig,Home Win,1688.6887207,1,15.0,2.5012,0.8742,1.61454,0.79436,55.7712,11.151,3.565,30.46412,1.61454,0.140204,3.0555999999999996,1.065,0.19080000000000003,12.933800000000002,31.2624,0.93422,1.39508,7.5724,2.365,47.739599999999996,7.2896,12.071399999999999,0.76,21.6768,5.5194,4.0964,12.5138,1.8554,18.3326,22.519,15.5214,1679.277208521814,1796.96557617,0.6617999999999999,1.0,2.01234,1.12514,54.2266,13.6354,4.3614,29.55894,1.8584800000000001,0.137174,3.2772,0.9959,-0.0040999999999999925,11.0336,33.4868,1.4064800000000002,1.77136,9.8374,2.3908,46.95360000000001,10.372,12.658000000000001,1.4176,19.9056,7.3062000000000005,1.3235999999999999,15.472999999999999,3.5956,22.8222,29.8138,15.341800000000001,1700.5063215832981,0,-108.2768554700001
2021-11-20_Arminia_Wolfsburg,2021-11-20,15:30,Bundesliga,Matchweek 12,Sat,2022,2.0,2.0,Arminia,Wolfsburg,Draw,1555.50683594,1,15.0,0.6242,2.0992,0.82528,2.1873,38.5878,12.3784,3.9322,30.3517,0.64944,0.060242000000000004,4.9146,2.0000400000000003,-0.09916000000000003,14.5762,24.002000000000002,0.48416,0.6945,8.7656,2.644,26.176199999999998,7.3304,9.686399999999999,0.0,16.8822,4.9302,1.2484,13.4556,1.4918,19.6656,18.5278,12.518,1743.651041355512,1751.92297363,1.3626,1.1932,1.29734,1.10646,53.756600000000006,11.7056,4.0649999999999995,34.5591,1.15494,0.102858,3.01,1.3205799999999999,0.12738,15.6924,24.622799999999998,0.7911999999999999,1.1365,8.984200000000001,2.2306,36.8896,8.4378,11.810800000000002,0.9206,17.7962,3.0742,1.9926,15.172199999999998,1.9478,20.5422,19.749,14.334000000000001,1676.8925648425,1,-196.4161376899999
2021-11-20_Dortmund_Stuttgart,2021-11-20,15:30,Bundesliga,Matchweek 12,Sat,2022,2.0,1.0,Dortmund,Stuttgart,Home Win,1832.06164551,1,15.0,2.736,1.0939999999999999,2.1456999999999997,1.28878,59.297,14.0686,5.4464,40.517579999999995,1.8116200000000002,0.136908,4.123,1.2869400000000002,0.19294,13.514999999999999,30.9752,1.53638,1.4684400000000002,11.0012,1.715,44.226,8.700599999999998,13.3702,1.608,13.4024,4.855,4.4918,18.708,2.6763999999999997,26.2298,26.364800000000002,20.1764,1648.6709819098683,1623.37365723,0.642,2.0154,0.6814800000000001,2.01506,51.6156,9.2202,3.1006,35.06702,0.6814800000000001,0.07201400000000001,7.626,2.14192,0.12652000000000002,17.496000000000002,26.2878,0.5054399999999999,0.65458,6.7616,1.0066,29.767400000000002,4.1823999999999995,14.065199999999999,1.4594,10.654,3.2248,1.1059999999999999,10.7914,1.6486,16.3064,12.1618,14.260399999999999,1676.882736887926,0,208.68798828000013
2021-11-20_Gladbach_Greuther Furth,2021-11-20,15:30,Bundesliga,Matchweek 12,Sat,2022,4.0,0.0,Gladbach,Greuther Furth,Home Win,1740.296875,1,15.0,1.6002,0.8022,2.023,1.06132,56.719199999999994,18.41,4.6814,25.929859999999998,2.023,0.12075,4.1042000000000005,0.9394,0.1372,8.863800000000001,30.965,1.58998,1.4821,14.601600000000001,1.736,46.0258,8.557200000000002,16.8596,3.6428000000000003,15.6634,6.1796,2.9806,25.3896,3.5236,33.0274,24.5178,19.956599999999998,1710.3931309571499,1555.50683594,0.8398,3.0418000000000003,1.04146,2.0025999999999997,44.393,8.3184,2.7458,34.27634,0.72322,0.09940399999999999,5.8782000000000005,2.05044,-0.56916,14.044800000000002,23.3676,0.49158,0.62224,6.5448,1.4396,26.505,3.0592,15.5684,0.3758,17.1762,2.9182,1.6796,9.886,1.4478,15.0942,13.7986,13.1104,1688.1726090331558,0,184.79003906000003
2021-11-20_Bochum_Leverkusen,2021-11-20,15:30,Bundesliga,Matchweek 12,Sat,2022,1.0,0.0,Leverkusen,Bochum,Home Win,1770.51318359,1,15.0,1.5924,2.2994,1.24584,1.91368,53.1428,11.4922,4.5106,41.23328,1.0504799999999999,0.09953000000000001,7.3896,2.39396,0.09456000000000005,9.244599999999998,26.022999999999996,0.83834,0.8870199999999999,8.778200000000002,1.242,41.0974,8.656600000000001,12.070599999999999,0.9358,16.2744,6.3414,3.0067999999999997,15.694600000000001,1.4044,21.1214,21.863,21.18,1802.98138491129,1588.44274902,0.6242,2.6482,1.01106,2.78222,36.652,9.5608,1.9722,18.37684,1.01106,0.109918,6.5116,2.1462,-0.324,15.1802,18.747600000000002,0.91064,0.94208,6.814,2.0794,26.0756,5.021800000000001,10.401200000000001,1.0156,13.7212,2.654,1.2484,12.7362,1.4616,16.7346,14.501600000000002,13.1612,1734.63662575735,0,182.07043456999986
2021-11-21_Eint Frankfurt_Freiburg,2021-11-21,15:30,Bundesliga,Matchweek 12,Sun,2022,0.0,2.0,Freiburg,Eint Frankfurt,Away Win,1725.88354492,1,15.0,2.0442,0.8022,1.63786,1.0607,48.9864,12.069199999999999,4.2176,36.8147,1.2842599999999997,0.109424,3.3846,0.81668,0.17468000000000003,12.4184,22.9358,1.05242,1.0988,9.895800000000001,1.2132,31.5612,5.7758,13.879199999999999,1.1116000000000001,15.9036,4.8782,2.1998,14.3838,2.5434,20.6924,19.659399999999998,13.3864,1672.7460318135782,1744.74707031,1.2222,1.2198,1.09666,1.7925399999999998,47.272800000000004,10.8454,3.5058,36.7858,0.92082,0.095878,5.7138,1.64358,0.42377999999999993,15.4636,21.8344,0.81796,0.63512,7.5362,1.022,29.6532,4.6228,12.417399999999999,1.1580000000000001,13.308200000000001,3.8218,1.956,11.0552,2.402,17.524,14.590599999999998,14.800600000000001,1689.9765547132538,2,-18.86352538999995
2021-11-21_Koln_Mainz 05,2021-11-21,17:30,Bundesliga,Matchweek 12,Sun,2022,1.0,1.0,Mainz 05,Koln,Draw,1678.31774902,1,17.0,1.8017999999999998,0.8595999999999999,1.8922,0.9686999999999999,49.754,16.4708,6.6988,39.16638,1.8922,0.111472,2.3944,0.716,-0.14359999999999998,8.6888,25.7084,1.56988,1.34694,12.6136,2.6132,36.2458,8.906799999999999,11.0092,0.738,17.8912,5.7456,3.4434,19.610200000000003,2.5204,27.68,26.4396,14.8258,1656.410972975626,1619.51745605,0.6962,2.4438,1.02136,1.8920800000000002,50.6916,14.3674,2.8092,18.199099999999998,1.02136,0.073966,5.068,2.09628,-0.16952,12.7044,28.1916,0.81904,1.15614,10.9266,4.1936,41.1842,9.317599999999999,14.4612,0.9202,21.4328,3.5756,1.3924,18.145000000000003,2.45,23.342200000000002,20.268,17.8096,1786.0552985844602,1,58.8002929700001
2021-11-26_Mainz 05_Stuttgart,2021-11-26,20:30,Bundesliga,Matchweek 13,Fri,2022,2.0,1.0,Stuttgart,Mainz 05,Home Win,1619.46948242,1,20.0,1.3116,1.6764000000000001,1.06108,1.2902,58.1806,12.474799999999998,4.5484,34.99612,1.06108,0.08292000000000001,4.0165999999999995,1.3095800000000002,-0.36682,14.7738,33.994,0.7596599999999999,1.26696,9.2082,2.0898,48.479,8.061200000000001,12.202000000000002,0.8398,17.7808,5.5912,2.0496,16.0294,2.165,22.4952,18.8568,17.1734,1673.5527155755958,1673.79370117,1.0642,1.4218,1.26874,1.2015200000000001,41.9346,12.4924,3.776,32.015460000000004,1.26874,0.110158,4.5212,1.48922,0.06742000000000004,14.882,20.2852,1.00376,0.7153400000000001,7.4072,0.884,27.9066,4.6928,13.404,1.0464,15.3156,4.5096,1.2178,11.4602,2.1448,18.4518,16.2864,14.8944,1689.1402230984759,0,-54.32421875
2021-11-27_Arminia_Bayern Munich,2021-11-27,18:30,Bundesliga,Matchweek 13,Sat,2022,1.0,0.0,Bayern Munich,Arminia,Home Win,2014.51757812,1,18.0,3.6124,0.6398,3.17972,0.69158,65.4086,21.17,9.655999999999999,45.794740000000004,3.17972,0.163056,2.2462,0.39932,-0.24048000000000003,8.8086,50.598800000000004,2.6327800000000003,2.68224,17.261400000000002,1.9106,61.5044,14.912399999999998,12.306600000000001,4.0252,17.74,5.96,5.9304,28.5218,2.5866000000000002,37.166000000000004,39.4666,30.1586,1675.600908497078,1555.50683594,0.8022,1.1118000000000001,1.02854,1.2921200000000002,40.4066,12.4848,3.1342000000000003,23.716639999999998,1.02854,0.07978600000000001,4.3556,0.9223999999999999,-0.1894,15.605599999999999,24.224800000000002,0.81272,0.8975,8.3966,2.4176,28.040599999999998,5.009,13.5224,1.0156,17.4476,3.5789999999999997,0.9868,14.0608,1.4686,20.227800000000002,15.8396,11.987400000000001,1637.2986212886158,0,459.0107421800001
2021-11-27_Dortmund_Wolfsburg,2021-11-27,15:30,Bundesliga,Matchweek 13,Sat,2022,1.0,3.0,Wolfsburg,Dortmund,Away Win,1740.88598633,1,15.0,0.7802,1.211,1.00674,1.383,56.1044,12.0572,3.9892000000000003,33.92652,0.98696,0.081858,4.2661999999999995,1.5875599999999999,0.37656,13.07,23.6366,0.63656,1.1226,8.5038,3.6485999999999996,33.7308,7.401199999999999,14.614400000000002,1.2156,20.564799999999998,4.6972,1.1846,12.5832,2.7404,19.9938,19.4584,13.4896,1706.462357224604,1821.2902832,1.7758,1.7604,1.40314,1.59198,57.7996,12.323599999999999,3.5822,27.23086,1.1027,0.086658,5.128,1.71464,-0.13367999999999997,10.709999999999999,30.4814,0.8954200000000001,0.92604,9.6904,1.6618,37.147800000000004,8.8566,14.169799999999999,1.8816,10.997399999999999,4.2386,3.0113999999999996,16.5348,2.2376,23.1202,21.145000000000003,19.7766,1701.761718068292,2,-80.40429687000005
2021-11-27_Gladbach_Koln,2021-11-27,15:30,Bundesliga,Matchweek 13,Sat,2022,4.0,1.0,Koln,Gladbach,Home Win,1621.18762207,1,15.0,2.0198,1.464,2.22406,1.2758800000000001,63.5542,18.148600000000002,5.5934,31.34296,2.22406,0.121418,4.407,1.35638,-0.10762000000000002,9.5656,34.751599999999996,1.5951199999999999,1.76332,14.388200000000001,4.1022,48.820600000000006,9.2984,17.720399999999998,1.167,28.002000000000002,5.635199999999999,3.5976000000000004,24.177000000000003,3.7642,30.928,25.8646,17.8258,1680.4626413354258,1743.21264648,0.9978,1.1602000000000001,1.54852,1.10334,58.9356,13.850800000000001,4.022,26.276139999999998,1.39028,0.09712800000000002,4.4804,1.4059,0.24569999999999997,12.425600000000001,36.2932,0.9225599999999999,0.79284,9.792,0.8398,41.809,4.0518,15.284199999999998,1.9702,14.11,5.0994,1.3934,16.4892,2.9536000000000002,24.9106,18.2038,18.7794,1670.6982186764142,0,-122.02502441000001
2021-11-27_Bochum_Freiburg,2021-11-27,15:30,Bundesliga,Matchweek 13,Sat,2022,2.0,1.0,Bochum,Freiburg,Home Win,1584.09387207,1,15.0,1.4264,0.534,1.6697600000000001,0.75512,45.471000000000004,14.315,4.8374,35.21718,1.4744000000000002,0.11138800000000001,3.349,0.7469199999999999,0.21292,12.1116,22.7308,1.10538,0.99508,9.2028,2.3502,26.082400000000003,5.7152,15.3052,0.4396,18.2522,4.3186,2.2108,13.8438,2.6196,22.5558,19.233600000000003,17.2774,1676.9643632079121,1711.99377441,1.56,1.0066,0.99182,1.61586,45.1626,11.4172,3.9002,32.66838,0.99182,0.095846,5.8142,1.62552,0.61892,16.0038,20.7968,0.6566000000000001,0.7397800000000001,6.726800000000001,2.0564,31.513400000000004,6.3546000000000005,14.089,0.3956,16.4014,4.4898,2.5422,13.3278,2.1580000000000004,19.0656,17.561,9.297799999999999,1762.5239446292799,0,-127.89990233999993
2021-11-27_Augsburg_Hertha BSC,2021-11-27,15:30,Bundesliga,Matchweek 13,Sat,2022,1.0,1.0,Hertha BSC,Augsburg,Draw,1626.79943848,1,15.0,1.178,1.1382,0.9298,0.90196,45.8822,12.649000000000001,3.8684000000000003,31.012719999999998,0.80164,0.06569799999999999,3.2001999999999997,0.92576,-0.21244000000000002,15.1024,18.8658,0.5133,0.58272,8.2624,0.5824,26.415599999999998,4.2008,18.421,1.4134,13.5094,4.694599999999999,1.6021999999999998,12.805,3.2343999999999995,20.4814,16.2402,14.708,1714.220182300028,1601.05541992,0.41759999999999997,2.053,0.7228,2.2407600000000003,39.2282,8.7924,3.0828,35.359519999999996,0.7228,0.092332,5.5489999999999995,1.6976999999999998,-0.35529999999999995,12.843,16.2362,0.5900799999999999,0.48250000000000004,6.854,1.1644,21.174599999999998,3.0154,11.3572,0.6154,15.049199999999999,4.1614,0.6374,11.0884,1.5182,14.97,11.0308,14.5906,1731.7589342525662,1,25.74401855999986
2021-11-27_Greuther Furth_Hoffenheim,2021-11-27,15:30,Bundesliga,Matchweek 13,Sat,2022,3.0,6.0,Greuther Furth,Hoffenheim,Away Win,1555.50683594,1,15.0,0.6022,1.8177999999999999,1.35428,1.18032,47.775999999999996,13.9256,3.4896,29.61596,1.24214,0.082272,3.062,1.31536,-0.30464,10.8452,23.2054,0.77418,0.91118,10.09,2.4264,31.715400000000002,7.4038,15.6582,1.1536,16.084200000000003,4.8662,0.8,16.093799999999998,2.4222,23.732799999999997,21.2202,12.5732,1732.564999099356,1700.44470215,0.5182,2.4416,1.04642,2.22234,52.275,11.4416,2.81,24.770200000000003,1.04642,0.09736600000000001,6.1408,1.76076,-0.68084,11.8626,32.277,0.96554,1.0928600000000002,9.1908,2.8394000000000004,43.0652,9.0794,12.252,1.2608,20.902,4.397,0.8762000000000001,16.9924,1.1404,20.766000000000002,19.7344,20.1032,1723.011253979484,2,-144.93786621000004
2021-11-28_Leverkusen_RB Leipzig,2021-11-28,17:30,Bundesliga,Matchweek 13,Sun,2022,1.0,3.0,RB Leipzig,Leverkusen,Away Win,1794.46801758,1,17.0,3.1892,1.1048,2.52992,1.48458,56.3542,13.8492,5.9916,42.47732,2.2116800000000003,0.15458200000000002,3.3246,1.03924,-0.06556,11.892399999999999,30.6106,2.02248,1.9800000000000002,10.444799999999999,2.892,41.4088,11.440199999999999,18.1578,3.2436000000000003,15.6514,2.9524,6.1806,16.83,2.5782,24.6096,30.370800000000003,15.927200000000001,1709.803353173808,1772.00817871,2.6498000000000004,1.022,1.6248000000000002,1.24328,50.1334,11.0274,4.995399999999999,48.36842000000001,1.46656,0.13676,4.4244,1.1731800000000001,0.15117999999999998,14.9916,25.8622,1.16546,1.01342,8.2142,0.978,34.6098,6.046,13.1568,2.3133999999999997,13.0502,5.284,3.903,13.796600000000002,1.7711999999999999,19.444,18.483800000000002,22.9486,1608.6246855714862,2,22.459838869999885
2021-11-28_Eint Frankfurt_Union Berlin,2021-11-28,15:30,Bundesliga,Matchweek 13,Sun,2022,2.0,1.0,Eint Frankfurt,Union Berlin,Home Win,1755.78295898,1,15.0,0.8398,1.0596,1.1283400000000001,1.51452,53.4208,13.692,3.7182,27.915760000000002,0.9525000000000001,0.070872,3.7136000000000005,1.4716,0.412,12.016,30.0092,0.76686,0.892,9.6576,2.3204000000000002,38.7118,6.167,14.299,1.2396,25.4208,6.1734,1.6796,16.2232,2.1864,22.687800000000003,20.5688,15.8052,1657.6963751203562,1689.58605957,1.7802,1.9384,1.31408,1.08744,39.005,11.590800000000002,3.9591999999999996,37.103840000000005,1.18948,0.105018,3.8224,1.37344,-0.38695999999999997,14.026399999999999,17.2152,0.90682,0.91508,8.6816,1.9338,25.089799999999997,5.6594,12.0612,0.8188,15.5206,3.786,2.4222,13.5838,2.3382,19.714199999999998,15.938799999999999,10.1548,1692.26017006968,0,66.19689941000001
2021-12-03_RB Leipzig_Union Berlin,2021-12-03,20:30,Bundesliga,Matchweek 14,Fri,2022,2.0,1.0,Union Berlin,RB Leipzig,Home Win,1689.54821777,1,20.0,1.5015999999999998,1.099,1.11594,1.34694,45.9866,12.2194,4.6462,43.857780000000005,1.11594,0.102098,3.9156,1.32672,0.22772000000000003,15.6422,22.8542,0.89562,1.12994,9.002,3.1442,29.683999999999997,5.711200000000001,11.623,1.7480000000000002,20.465999999999998,5.472799999999999,2.8252,16.008,2.1834,21.5934,16.6398,12.665,1721.683150490506,1780.4375,0.5956,1.2442,1.7013200000000002,1.59658,52.874,11.6182,3.6368,24.382219999999997,1.56286,0.12269,4.614599999999999,1.08956,-0.15464,12.583599999999999,31.3874,1.1992999999999998,1.6065399999999999,8.3884,1.675,44.828199999999995,9.6022,14.8342,1.3758,16.143,5.4778,1.1912,14.104599999999998,2.8034,19.709400000000002,26.513599999999997,14.0984,1703.2959816654159,0,-90.88928222999994
2021-12-04_Eint Frankfurt_Hoffenheim,2021-12-04,15:30,Bundesliga,Matchweek 14,Sat,2022,3.0,2.0,Hoffenheim,Eint Frankfurt,Home Win,1707.95837402,1,15.0,2.451,0.4984,2.0658400000000006,0.50422,51.3662,14.643,4.7294,29.72932,2.0658400000000006,0.138738,1.5966,0.56922,0.07082,12.207799999999999,28.3176,1.35592,1.5321,10.101399999999998,2.861,45.147400000000005,9.0584,13.8296,0.884,21.8418,5.8118,3.8424,16.2138,3.135,24.3368,25.7858,14.6924,1706.9622469238698,1753.92578125,1.4442,0.9536,1.0637400000000001,1.86862,42.4526,11.3494,4.432,42.3077,0.9055,0.091964,5.5422,1.8322200000000002,0.87862,18.547800000000002,20.8858,0.71966,0.49184,7.4384,0.7756000000000001,27.4574,3.3512,11.499000000000002,0.998,12.656600000000001,3.8396,1.9604,11.594,1.9734,17.815800000000003,13.666600000000003,16.9508,1718.1262048099582,0,-45.967407229999935
2021-12-04_Mainz 05_Wolfsburg,2021-12-04,15:30,Bundesliga,Matchweek 14,Sat,2022,3.0,0.0,Mainz 05,Wolfsburg,Home Win,1665.80444336,1,15.0,1.4332,1.0178,1.5089800000000002,1.38022,48.3574,14.914399999999999,5.219600000000001,32.4845,1.5089800000000002,0.09678800000000001,3.2318,0.78208,-0.23571999999999999,11.1618,25.9256,1.2465600000000001,1.0171000000000001,11.3312,2.5518,34.1348,7.795,9.699,0.3758,16.9254,5.3828000000000005,2.8664,17.2072,2.4242000000000004,24.837600000000002,24.686200000000003,13.8106,1661.9523802248978,1730.74841309,1.4264,1.418,1.4874,1.1402400000000001,55.2574,11.9792,4.447,36.9008,1.35924,0.117668,2.7206,1.49944,0.08143999999999998,15.4232,25.072,1.02186,1.3437800000000002,8.941600000000001,1.4308,36.3146,8.2616,12.074,0.7844,17.251399999999997,3.411,2.1934,15.3108,2.3414,21.276400000000002,19.108999999999998,13.712,1654.519251220414,0,-64.94396972999994
2021-12-04_Bayern Munich_Dortmund,2021-12-04,18:30,Bundesliga,Matchweek 14,Sat,2022,2.0,3.0,Dortmund,Bayern Munich,Away Win,1831.56591797,1,18.0,2.5181999999999998,0.9404,1.9780799999999998,1.2334200000000002,60.4876,14.3292,4.2484,34.46356,1.6774400000000003,0.133334,3.9665999999999997,0.8933800000000001,-0.047020000000000034,11.8544,31.112599999999997,1.28646,1.29858,10.1918,1.1668,41.2632,8.542000000000002,13.6772,1.0146000000000002,12.7852,4.281000000000001,4.0542,17.7512,2.3204000000000002,26.0092,24.698,21.6796,1634.608470900212,2015.32324219,3.5070000000000006,1.464,2.39654,0.63866,63.5214,16.7936,5.7646,35.09898,2.09254,0.13648,4.3734,1.08256,-0.38144,11.713199999999999,43.7156,1.8618200000000003,1.98622,14.253,1.2442,64.1212,14.6726,14.8322,2.8076,18.703,5.541600000000001,5.724200000000001,22.9234,2.4154,30.2528,34.599,22.5628,1679.623209789146,2,-183.75732421999987
2021-12-04_Arminia_Koln,2021-12-04,15:30,Bundesliga,Matchweek 14,Sat,2022,1.0,1.0,Arminia,Koln,Draw,1555.50683594,1,15.0,0.9059999999999999,2.2334,0.9736800000000001,2.21622,38.7178,11.463799999999999,3.4506,28.29654,0.6200800000000001,0.060660000000000006,5.2114,2.04328,-0.19012,15.2514,22.725199999999997,0.49016000000000004,0.65062,8.3448,2.1912000000000003,26.347,7.441599999999999,8.5644,0.2442,16.3174,5.3256,1.8119999999999998,12.921599999999998,1.7868,18.8222,17.975,12.4546,1745.1416634255538,1637.89575195,0.5824,2.011,1.29786,1.5233,53.3412,14.174999999999999,3.3168,23.16508,1.29786,0.106874,4.184400000000001,1.6638199999999999,-0.18697999999999998,12.922,29.3262,0.9592400000000001,1.1837600000000001,10.634,3.3416,41.242599999999996,8.4974,15.7802,0.6398,21.2454,4.3506,1.1648,17.0864,2.505,22.952399999999997,19.5972,18.217200000000002,1730.5247320067401,1,-82.38891601
2021-12-04_Greuther Furth_Leverkusen,2021-12-04,15:30,Bundesliga,Matchweek 14,Sat,2022,7.0,1.0,Leverkusen,Greuther Furth,Home Win,1788.41699219,1,15.0,1.1006,2.0694,1.26244,1.67252,54.4822,11.2988,4.4152000000000005,41.009660000000004,1.0866,0.09881,7.4948,1.9882600000000001,-0.08113999999999998,10.7294,28.4516,0.9865999999999999,1.0304200000000001,8.8004,1.2178,45.1486,10.1004,12.1636,1.0422,15.7912,6.407400000000001,2.041,15.581,0.9756,20.4768,21.544199999999996,22.294800000000002,1757.6996708233478,1555.50683594,0.7558,3.2817999999999996,0.9572799999999999,2.17,42.9564,7.4098,2.5712,34.1317,0.6708799999999999,0.098786,6.678799999999999,2.6370199999999997,-0.26478,13.351600000000001,23.5194,0.46242,0.6488400000000001,5.9578,1.6398,28.1406,3.0532000000000004,13.481200000000001,0.3382,18.7678,3.759,1.5116,9.309000000000001,1.5030000000000001,13.8638,13.3422,14.453000000000001,1705.110555028894,0,232.91015625
2021-12-04_Augsburg_Bochum,2021-12-04,15:30,Bundesliga,Matchweek 14,Sat,2022,2.0,3.0,Augsburg,Bochum,Away Win,1603.36669922,1,15.0,1.9036,1.3026,1.0197,0.9774,34.7444,11.0794,4.9361999999999995,43.50022,1.0197,0.089552,2.8328,0.76036,-0.22184000000000004,15.614800000000002,17.5198,0.55482,0.60912,7.7414000000000005,1.421,23.2322,4.723800000000001,11.672799999999999,0.714,17.6322,4.5598,3.0989999999999998,10.9688,2.6075999999999997,17.2422,17.2092,12.877199999999998,1754.560159741542,1594.17431641,0.41759999999999997,2.3392,1.01876,2.45772,39.6494,12.146799999999999,3.3402000000000003,23.3588,1.01876,0.10148,6.3604,1.8041399999999999,-0.37485999999999997,10.8578,21.4914,0.9083800000000001,0.86018,8.6862,1.9714,31.717200000000002,5.1196,9.9284,1.4024,15.546600000000002,3.377,0.8351999999999999,15.6488,2.148,21.601,15.051400000000001,14.3102,1761.769168968958,2,9.192382810000026
2021-12-05_Hertha BSC_Stuttgart,2021-12-05,15:30,Bundesliga,Matchweek 14,Sun,2022,2.0,2.0,Stuttgart,Hertha BSC,Draw,1627.59692383,1,15.0,1.3804,1.3204,0.7687,1.1691,54.123400000000004,10.4854,3.8168,36.03178,0.7687,0.068536,3.8266,1.0956000000000001,-0.2248,15.573,29.955399999999997,0.53068,0.87192,8.0664,1.5924,44.2244,6.9342,13.258599999999998,1.0,15.472600000000002,5.099600000000001,2.2446,12.9754,1.9484,18.8502,17.3176,15.8908,1671.547835253606,1624.6262207,0.8762000000000001,2.354,0.6033200000000001,1.7492400000000001,44.970800000000004,6.9392,3.1116,46.503,0.6033200000000001,0.07358,5.2724,1.7526400000000002,-0.60136,17.287599999999998,19.352400000000003,0.52796,0.47922,5.5394000000000005,1.8972,25.184,4.5346,15.0494,0.642,13.7484,3.6340000000000003,1.432,7.876600000000001,1.9854000000000003,12.664,12.663599999999999,12.293600000000001,1700.079871338632,1,2.970703129999947
2021-12-05_Freiburg_Gladbach,2021-12-05,17:30,Bundesliga,Matchweek 14,Sun,2022,0.0,6.0,Gladbach,Freiburg,Away Win,1726.64257812,1,17.0,2.2728,0.5778,2.24606,0.64358,59.919399999999996,19.378,6.3225999999999996,33.00896,2.24606,0.122352,2.6404,0.54268,-0.03511999999999999,9.922,31.778,1.7242600000000001,1.41622,15.650599999999999,1.5182,48.5188,9.578199999999999,17.4386,3.5786000000000002,15.297,6.8384,3.6152,28.4458,3.3712,35.3312,25.6752,21.07,1631.737381641748,1702.0513916,1.2156,1.1059999999999999,1.24242,1.4633800000000001,49.8624,13.2408,5.186999999999999,35.46324,1.24242,0.100144,5.6888,1.4356,0.3296,14.594,25.0686,0.8374600000000001,0.99,8.5194,2.2508,37.4554,8.0286,14.7566,0.356,19.1918,5.0291999999999994,2.0554,14.3278,3.2190000000000003,22.4896,22.589,10.4892,1735.613974438286,2,24.591186520000065
2021-12-10_Augsburg_Koln,2021-12-10,20:30,Bundesliga,Matchweek 15,Fri,2022,0.0,2.0,Koln,Augsburg,Away Win,1639.99865723,1,20.0,2.5062,1.4176,1.8820999999999999,1.30596,59.070800000000006,16.8244,6.5108,39.58692,1.8820999999999999,0.113508,5.043,1.4949000000000001,0.07730000000000004,9.609,31.425,1.26162,1.60836,13.04,3.7594000000000003,43.8892,8.503400000000001,16.6832,1.0501999999999998,26.415799999999997,5.3274,4.1262,23.050000000000004,2.7668,28.905,24.192,16.8662,1711.009857740546,1595.50720215,0.62,2.0918,0.79936,2.28752,41.259,10.2902,3.3746,33.769040000000004,0.79936,0.090096,5.2498,1.6378800000000002,-0.45392,12.4262,18.222,0.5234,0.6552,7.124599999999999,1.1038,24.532,3.9466,11.954199999999998,0.7979999999999999,15.6888,4.6338,1.062,12.745000000000001,1.9106,16.8502,14.37,13.1338,1711.127852979388,2,44.49145507999992
2021-12-11_Bayern Munich_Mainz 05,2021-12-11,15:30,Bundesliga,Matchweek 15,Sat,2022,2.0,1.0,Bayern Munich,Mainz 05,Home Win,2026.02307129,1,15.0,2.7744,0.5758,2.9952400000000003,0.638,67.6096,22.1184,10.023,45.79512,2.9952400000000003,0.145214,1.589,0.33055999999999996,-0.24523999999999999,8.2396,54.79039999999999,2.5362600000000004,2.7973,18.1564,2.7964,68.4358,15.6098,13.341000000000001,3.9668000000000005,20.9966,7.385,4.5280000000000005,30.888599999999997,2.4838,39.2802,44.937200000000004,30.275399999999998,1654.095150562524,1682.08435059,1.202,1.4796,1.2074799999999999,1.0392199999999998,42.8094,13.476,4.1868,32.71806,1.2074799999999999,0.100258,4.224799999999999,1.4114,-0.06819999999999998,14.393600000000001,28.6274,0.9734,0.8014999999999999,9.3202,1.284,31.8794,5.9446,11.221799999999998,0.7976,15.2078,4.5146,1.5844,15.4216,1.842,21.2932,18.555999999999997,15.4818,1690.5922412615782,0,343.9387207
2021-12-11_Freiburg_Hoffenheim,2021-12-11,15:30,Bundesliga,Matchweek 15,Sat,2022,1.0,2.0,Freiburg,Hoffenheim,Away Win,1728.76257324,1,15.0,1.5514000000000001,1.0662,1.6284599999999998,1.01696,55.7666,14.9808,4.1958,29.539839999999998,1.3102199999999997,0.08961999999999999,4.178800000000001,1.1669,0.1007,10.8348,30.2006,1.0671599999999999,1.30868,12.336400000000001,2.3128,41.4936,8.4284,15.0122,0.9561999999999999,21.562,6.8322,1.5472,17.8966,3.3658,25.9278,26.7076,15.601199999999999,1664.4905771991803,1717.58166504,1.6432,2.4974000000000003,1.6013600000000001,1.7785,53.5896,13.9836,4.4942,27.8794,1.6013600000000001,0.10574800000000001,5.3616,1.58166,-0.91574,11.0996,31.305000000000003,1.38646,1.31452,10.9252,3.1438,41.17040000000001,9.3158,14.668800000000001,1.2906,20.267599999999998,5.390000000000001,2.5538,18.9348,1.7147999999999999,24.1522,21.8264,18.7278,1665.071960621306,2,11.180908199999976
2021-12-11_Arminia_Hertha BSC,2021-12-11,15:30,Bundesliga,Matchweek 15,Sat,2022,2.0,0.0,Hertha BSC,Arminia,Home Win,1628.20483398,1,15.0,1.1602000000000001,0.9802,1.07892,0.9606199999999999,48.0802,12.584200000000001,3.8815999999999997,31.24148,1.07892,0.08898800000000001,3.9128,0.97204,-0.008159999999999997,14.948,20.909399999999998,0.66732,0.7398,8.2804,0.6242,29.4368,4.9576,17.4578,1.272,15.0238,4.869400000000001,1.1536,12.9688,2.6784,20.2892,17.970000000000002,14.969800000000001,1678.2621702390459,1555.50683594,0.5778,1.1006,0.88362,1.33968,37.9118,11.8922,2.5324,18.14378,0.88362,0.06860000000000001,5.3968,1.0478399999999999,-0.05276000000000003,18.907799999999998,23.214,0.66938,0.7700800000000001,7.5686,1.8874,26.4924,4.5638000000000005,12.305,1.1582000000000001,15.781799999999999,4.1978,0.5998,12.1896,1.4218,18.44,15.643999999999998,11.2002,1741.208356736298,0,72.69799804000013
2021-12-11_Stuttgart_Wolfsburg,2021-12-11,18:30,Bundesliga,Matchweek 15,Sat,2022,0.0,2.0,Wolfsburg,Stuttgart,Away Win,1704.96472168,1,18.0,0.8022,1.8224,1.25466,1.6476799999999998,53.8288,13.3606,5.0112000000000005,38.33298,1.23686,0.09344,5.504599999999999,2.14246,0.32006,14.328399999999998,23.5848,0.9736,1.32334,9.762599999999999,3.1393999999999997,33.4024,7.2052,13.632000000000001,1.3381999999999998,22.593999999999998,4.9274000000000004,1.2662,14.422600000000001,2.8104,22.957,20.6098,16.9478,1719.082619553724,1627.80981445,0.822,1.7256,0.84546,1.8317200000000002,48.324,9.886800000000001,3.0464,32.5204,0.84546,0.07969799999999999,6.3542000000000005,1.65524,-0.07036000000000002,16.7022,26.292,0.6426000000000001,0.7424,7.1739999999999995,0.8617999999999999,28.269799999999996,4.02,13.9028,1.9018000000000002,9.768,3.3466,1.4838,10.48,1.6838,16.6762,13.7552,15.2112,1696.1401242915622,2,77.15490722999994
2021-12-11_Gladbach_RB Leipzig,2021-12-11,15:30,Bundesliga,Matchweek 15,Sat,2022,4.0,1.0,RB Leipzig,Gladbach,Home Win,1785.81005859,1,15.0,2.9702,1.1502,2.57108,1.11566,57.3838,13.9526,5.5482,38.56658,2.08932,0.146564,3.1037999999999997,0.78254,-0.36766,9.9494,32.9148,1.9234600000000002,2.1062000000000003,10.977,3.147,42.5124,12.128800000000002,17.642000000000003,3.2192000000000003,17.8958,4.078200000000001,5.7624,18.8446,2.2762000000000002,25.6578,31.1548,18.409,1684.3023406248878,1703.72290039,0.998,1.7326000000000001,1.3782999999999999,1.0609199999999999,55.114200000000004,13.488999999999999,4.1198,27.687120000000004,1.2359,0.087648,5.797599999999999,1.51858,-0.21402000000000002,14.3368,32.7682,0.8470199999999999,0.67704,8.9918,0.7558,38.044000000000004,3.7582,16.376800000000003,1.5406,13.8546,4.4126,1.5981999999999998,17.1962,2.4698,24.6986,16.829800000000002,17.1806,1656.030317895032,0,82.08715819999998
2021-12-11_Bochum_Dortmund,2021-12-11,15:30,Bundesliga,Matchweek 15,Sat,2022,1.0,1.0,Bochum,Dortmund,Draw,1605.82531738,1,15.0,1.4838,0.7248,1.65606,1.0870600000000001,44.8796,14.9042,5.242,35.76796,1.48022,0.10780999999999999,5.2676,1.2450200000000002,0.52022,14.366,22.9786,1.0304200000000001,0.9799800000000001,10.1474,1.971,25.2738,5.3436,14.3098,0.6398,18.6036,4.575,1.9014,14.9684,2.4134,23.365,19.0868,17.5262,1686.223042064802,1831.16552734,2.1866,1.5402,1.5937599999999996,1.7093200000000002,55.2242,11.9146,4.3566,33.5166,1.12802,0.091876,5.7478,1.66992,0.05059999999999998,13.946000000000002,31.1242,0.8926400000000001,0.91136,8.7122,2.3282,35.5262,7.8176,12.4434,1.7933999999999999,11.4214,4.0824,4.1754,16.404600000000002,1.6814,22.5432,19.456400000000002,18.878,1714.9973732194778,1,-225.34020996000004
2021-12-12_Greuther Furth_Union Berlin,2021-12-12,15:30,Bundesliga,Matchweek 15,Sun,2022,1.0,0.0,Greuther Furth,Union Berlin,Home Win,1555.50683594,1,15.0,1.1304,2.957,1.12704,1.9237199999999999,45.5918,13.700800000000001,4.2732,34.30678,1.12704,0.078162,5.1536,2.2161999999999997,-0.3186,11.449000000000002,22.163600000000002,0.7391,0.83238,9.9928,1.9954,30.922800000000002,6.586600000000001,16.4692,0.894,15.531800000000002,4.6354,1.5526,14.2986,2.8684,23.139,19.1124,13.3162,1750.247543117664,1700.39489746,1.558,1.9445999999999999,1.19174,1.15198,41.0018,10.1664,3.1424,35.9865,0.8842399999999999,0.08365600000000001,3.496,1.19518,-0.58922,16.8544,16.7168,0.72078,0.63728,7.6366,1.452,26.245600000000003,5.3492,10.389600000000002,0.1602,13.3264,3.1748,2.38,13.369399999999999,1.6718,17.9332,14.047,10.916,1705.8848989741439,0,-144.88806152000006
2021-12-12_Eint Frankfurt_Leverkusen,2021-12-12,17:30,Bundesliga,Matchweek 15,Sun,2022,5.0,2.0,Eint Frankfurt,Leverkusen,Home Win,1748.09387207,1,17.0,1.2442,1.1978,1.10224,1.58844,52.4694,12.4694,3.1138,25.45266,0.9440000000000002,0.076668,4.319,1.7151399999999999,0.5173399999999999,11.0816,27.8014,0.81018,1.0393,8.971,3.221,41.1174,7.482999999999999,13.236199999999998,1.7040000000000002,26.9876,6.4002,2.4884,15.1476,2.1236,21.089000000000002,21.8002,17.313200000000002,1676.375656492972,1793.97814941,2.5406,1.0198,1.51578,1.2257,47.1572,10.591999999999999,4.7516,47.27208,1.3733799999999998,0.134642,4.1377999999999995,0.8984,-0.12139999999999998,15.048200000000001,23.7346,1.05798,1.00648,7.8602,0.736,33.4282,5.697,12.6528,2.9703999999999997,11.6684,4.667200000000001,4.5452,14.9936,1.0173999999999999,18.8786,17.991,23.130200000000002,1656.962357325034,0,-45.884277339999926
2021-12-14_Koln_Wolfsburg,2021-12-14,20:30,Bundesliga,Matchweek 16,Tue,2022,2.0,3.0,Wolfsburg,Koln,Away Win,1682.18518066,1,20.0,0.5778,1.9844,1.32248,1.7327,52.7362,14.4014,4.6217999999999995,33.73534,1.30646,0.09065600000000001,5.3984,2.00824,0.023840000000000028,13.562999999999999,25.535800000000002,0.94184,1.311,10.3748,2.837,36.4806,7.7288,11.9152,1.1602000000000001,23.7556,4.6464,0.9954000000000001,15.8014,2.9294,25.2592,20.7488,18.1184,1694.7554093970398,1618.34143066,0.6242,1.9097999999999997,1.2781000000000002,1.52416,55.2932,13.0364,3.1410000000000005,24.325400000000002,1.2781000000000002,0.112958,4.31,1.57176,-0.33804,12.153199999999998,26.6956,0.96334,1.19422,9.6496,3.7516,38.3878,8.403400000000001,15.1256,0.82,20.7884,3.8714000000000004,1.2484,16.7332,2.022,21.936,16.674599999999998,16.7862,1692.735333642922,2,63.84375
2021-12-14_Hertha BSC_Mainz 05,2021-12-14,20:30,Bundesliga,Matchweek 16,Tue,2022,4.0,0.0,Mainz 05,Hertha BSC,Home Win,1674.29492188,1,20.0,2.0224,0.916,1.52128,1.3554599999999999,47.1446,14.7668,5.241599999999999,33.43046,1.52128,0.09855,2.7644,0.64618,-0.26982,12.566999999999998,25.4652,1.2551,0.97536,10.953600000000002,2.6408,31.2232,7.715400000000001,8.7198,0.3382,17.3652,5.7328,3.5564,16.53,2.9702,24.6416,23.596400000000003,13.040799999999997,1674.4544514901038,1629.70983887,0.8444,2.4628,0.8171600000000001,1.7431599999999998,46.804199999999994,9.1872,3.6888000000000005,40.085,0.8171600000000001,0.07954599999999999,4.7568,1.6641400000000002,-0.7986599999999999,16.2494,23.6338,0.73934,0.8320000000000001,7.238999999999999,2.1958,30.159000000000002,5.502000000000001,15.8096,0.5778,17.413400000000003,4.2032,1.6888,11.4402,2.2752000000000003,16.8814,14.495,15.4714,1701.2471857915102,0,44.585083009999835
2021-12-14_Bayern Munich_Stuttgart,2021-12-14,18:30,Bundesliga,Matchweek 16,Tue,2022,0.0,5.0,Stuttgart,Bayern Munich,Away Win,1637.29504395,1,18.0,1.5866,1.2442,0.8029999999999999,1.1677600000000001,52.6688,9.4276,3.3026000000000004,34.66474,0.8029999999999999,0.08145000000000001,4.332400000000001,1.3370000000000002,0.0928,17.4576,28.597,0.70854,0.8114399999999999,7.7272,0.8564,41.373599999999996,5.8314,14.497999999999998,1.0,15.781200000000002,6.0106,2.6086,12.557,1.421,16.8908,16.6768,13.439,1648.385144994264,2020.51818848,3.312,1.6618,2.3515,0.79572,63.1904,16.57,5.688,34.992279999999994,1.9979,0.132062,4.335999999999999,1.30292,-0.35888,11.109200000000001,44.763,1.7890799999999998,1.78898,13.2508,0.9756,67.947,14.1612,14.0608,2.2942,18.233,5.5876,5.119,22.0542,1.8853999999999997,29.2064,33.1622,21.8178,1698.5052065910281,2,-383.2231445299999
2021-12-14_Arminia_Bochum,2021-12-14,20:30,Bundesliga,Matchweek 16,Tue,2022,2.0,0.0,Arminia,Bochum,Home Win,1555.50683594,1,20.0,1.0596,2.2542,0.9863200000000001,2.1045599999999998,39.2902,13.415,3.7938,27.68626,0.66808,0.04906,4.9902,2.00542,-0.24878,15.294,24.862000000000002,0.52674,0.63672,9.4312,2.3162000000000003,28.922,7.4974,10.2056,0.46399999999999997,15.276399999999999,5.7814,2.1192,17.069,1.9082,22.447,20.075000000000003,12.476600000000001,1727.656765940198,1603.70654297,1.1084,1.5844,1.372,2.1127000000000002,42.9358,13.1416,4.4714,33.23252,1.372,0.12230799999999999,5.171,1.27468,-0.30972,14.6908,22.3958,1.1994,0.9274200000000001,9.582799999999999,1.8742,32.1668,6.028600000000001,11.0006,1.8506,16.1688,4.216200000000001,2.2168,17.126,2.5216,23.804,15.7114,14.135000000000002,1686.94919799739,0,-48.19970703000013
2021-12-15_Eint Frankfurt_Gladbach,2021-12-15,18:30,Bundesliga,Matchweek 16,Wed,2022,2.0,3.0,Gladbach,Eint Frankfurt,Away Win,1689.19494629,1,18.0,1.613,1.8410000000000002,1.9961000000000002,0.80808,60.3274,18.9958,5.8462,30.80536,1.9961000000000002,0.10935,3.0764,1.02472,-0.8162799999999999,9.3534,30.8674,1.53532,1.28808,15.3412,1.178,46.8014,9.5764,17.4946,3.3205999999999998,14.867,6.4544,2.3886000000000003,26.6034,3.8224,34.6652,27.217,20.918799999999997,1659.8982950198001,1750.40185547,1.644,1.4466,1.28038,1.72846,44.893,13.4004,4.433,36.900600000000004,1.13798,0.098536,5.0996,1.9155,0.4689,16.5398,19.1112,0.92188,0.69802,9.292200000000001,2.2632,27.279,5.3696,9.9514,1.1424,14.312000000000001,4.344,2.4528,15.23,2.2202,21.3294,15.6976,17.8766,1705.297349266682,2,-61.20690918000014
2021-12-15_Hoffenheim_Leverkusen,2021-12-15,20:30,Bundesliga,Matchweek 16,Wed,2022,2.0,2.0,Leverkusen,Hoffenheim,Draw,1761.05041504,1,20.0,2.2674000000000003,1.5297999999999998,1.71902,1.3189199999999999,57.629400000000004,11.7574,5.2064,45.36638000000001,1.5607799999999998,0.13256,6.6126,1.4588799999999997,-0.07091999999999994,10.0122,30.6368,1.3630999999999998,1.29926,9.597199999999999,1.5844,46.3756,10.523,12.3356,1.4264,15.7002,6.1666,4.2905999999999995,16.444,1.7106,21.794400000000003,23.287599999999998,21.377,1695.7609885246538,1720.65270996,1.9674,2.4918000000000005,1.52688,1.83268,53.78659999999999,13.453000000000001,4.8334,31.782979999999995,1.52688,0.10217599999999999,6.0022,1.8609400000000003,-0.63086,10.8572,29.7208,1.2601999999999998,1.1101,9.6236,2.8970000000000002,37.6576,8.9518,14.125599999999999,1.0173999999999999,19.964199999999998,5.695399999999999,3.2754,17.544,1.4991999999999999,23.2724,20.479,16.713,1696.4149119630663,1,40.39770507999992
2021-12-15_Dortmund_Greuther Furth,2021-12-15,20:30,Bundesliga,Matchweek 16,Wed,2022,3.0,0.0,Dortmund,Greuther Furth,Home Win,1819.9901123,1,20.0,2.178,1.2906,1.94352,1.6364,56.83200000000001,13.9524,4.0794,33.59676,1.67296,0.134324,4.17,1.2903600000000002,-0.0002400000000000041,10.3712,29.36,1.28664,1.2687199999999998,9.4402,0.6175999999999999,39.3834,7.2786,12.876999999999999,0.7248,12.750799999999998,4.397,3.7603999999999997,16.699599999999997,2.0,24.443600000000004,25.305,20.379199999999997,1720.742424732932,1555.50683594,0.7802,4.3746,0.73292,2.5358199999999997,42.228,7.1804,2.7582,36.991080000000004,0.59052,0.08758,7.531999999999999,3.3657200000000005,-0.81108,11.6188,23.4114,0.41174,0.5751,5.329400000000001,1.5757999999999999,27.3938,3.092,13.8214,0.1602,14.6632,3.539,1.5604,8.9896,0.9202,12.1796,11.854600000000001,13.0424,1736.213923584818,0,264.48327636
2021-12-15_Freiburg_Union Berlin,2021-12-15,20:30,Bundesliga,Matchweek 16,Wed,2022,0.0,0.0,Union Berlin,Freiburg,Draw,1679.03161621,1,20.0,1.8397999999999999,1.2332,1.44624,1.4098600000000001,41.7718,12.3536,4.4374,41.477439999999994,1.44624,0.124748,3.3914,1.2006999999999999,-0.032500000000000015,15.634,20.55,1.2035200000000001,1.16138,10.078800000000001,3.2298,27.552599999999998,7.1052,10.9282,1.8174,19.4542,5.2814,3.031,16.351599999999998,2.1652,21.790399999999998,19.9948,12.209999999999999,1756.5517889911698,1712.3972168,2.5591999999999997,0.9954000000000001,1.5489,1.4070000000000003,45.88120000000001,14.082,6.233599999999999,42.99296,1.5489,0.11810599999999999,5.4198,1.2599200000000002,0.26452,12.669,26.0038,1.05234,1.24848,9.288599999999999,2.0816,35.7658,8.3584,13.671800000000001,1.2972000000000001,17.6518,4.6822,4.780200000000001,14.7718,3.7298,24.027,24.460800000000003,9.852,1741.4101564682442,1,-33.365600589999985
2021-12-15_Augsburg_RB Leipzig,2021-12-15,20:30,Bundesliga,Matchweek 16,Wed,2022,1.0,1.0,Augsburg,RB Leipzig,Draw,1603.87023926,1,20.0,2.0574,1.3282,1.36634,1.10412,37.767399999999995,11.615400000000001,5.0866,43.157740000000004,1.1709800000000001,0.09604000000000001,3.2938,0.99088,-0.33732,15.585999999999999,20.077199999999998,0.8867800000000001,0.84798,9.088000000000001,2.0232,25.641800000000003,6.0282,11.261199999999999,0.7426,21.443399999999997,6.7014,2.989,11.816,2.1142,17.9176,18.5766,13.633600000000001,1716.179871875718,1787.04370117,0.7802,1.464,1.71438,1.90768,55.473,11.800400000000002,3.7172000000000005,25.4237,1.5897800000000002,0.12386,4.8416,1.34924,-0.11476,13.302,32.237399999999994,1.3779400000000002,1.8044600000000002,9.1262,2.24,42.571,9.586,14.6068,1.0939999999999999,18.0264,5.63,1.5604,15.8476,2.1904000000000003,20.615,28.9364,14.188600000000001,1689.1882393797882,1,-183.17346191000001
2021-12-17_Bayern Munich_Wolfsburg,2021-12-17,20:30,Bundesliga,Matchweek 17,Fri,2022,4.0,0.0,Bayern Munich,Wolfsburg,Home Win,2020.51818848,1,20.0,1.976,0.7624,2.27896,0.7118599999999999,66.528,21.3298,8.7114,41.35604000000001,2.27896,0.112738,2.4068,0.54168,-0.22072000000000006,9.336400000000001,56.144999999999996,1.9500600000000003,2.4380800000000002,17.4082,2.7167999999999997,67.7284,13.5954,13.0626,3.3816,20.8974,8.0676,3.7542,28.8462,2.9238,39.1522,43.2464,30.7922,1674.887840749008,1682.18518066,0.9954000000000001,2.0088,1.3077199999999998,1.2759800000000001,53.802,13.290600000000001,3.7138,29.60504,1.3077199999999998,0.106574,2.8486000000000002,1.4439199999999999,-0.32067999999999997,15.901600000000002,21.225600000000004,0.89642,1.1729000000000003,8.159,1.5318,34.4976,7.3146,13.4436,0.41759999999999997,18.6916,3.5700000000000003,1.3974,14.691400000000002,2.8398,21.6814,20.5076,15.149999999999999,1671.545466356954,0,338.3330078199999
2021-12-18_Eint Frankfurt_Mainz 05,2021-12-18,15:30,Bundesliga,Matchweek 17,Sat,2022,1.0,0.0,Eint Frankfurt,Mainz 05,Home Win,1758.03881836,1,15.0,2.1966,1.4222,1.22412,1.7149000000000003,49.6038,12.9226,3.935,29.579300000000003,1.08172,0.08477000000000001,4.187,1.658,0.23579999999999998,11.9384,28.2772,0.8191799999999999,1.00538,9.0298,2.8548,39.2084,6.8024,12.3798,1.7777999999999998,24.3706,6.6044,3.9048,14.423800000000002,2.4996,21.880399999999998,21.1998,17.2264,1710.4887062242178,1685.30871582,1.0376,1.8199999999999998,1.15228,1.22504,42.12859999999999,12.2076,4.024,36.10458,1.15228,0.104554,5.5116,1.5388400000000002,-0.28115999999999997,14.510000000000002,28.7422,0.95604,0.92228,8.3116,1.644,30.515,5.8944,10.2344,0.5736,15.775599999999999,3.8306,1.2376,14.103,1.5136,18.866400000000002,19.7982,16.943,1771.151305811776,0,72.73010253999996
2021-12-18_Bochum_Union Berlin,2021-12-18,15:30,Bundesliga,Matchweek 17,Sat,2022,0.0,1.0,Bochum,Union Berlin,Away Win,1593.36413574,1,15.0,1.4354,0.46399999999999997,1.5371400000000002,1.49676,38.9336,11.795000000000002,4.4852,40.39242,1.2079600000000001,0.09670000000000001,5.6293999999999995,1.66012,1.19612,19.4344,18.387800000000002,0.9229,0.81544,8.3232,1.4854,19.2442,3.8998000000000004,15.5998,0.5758,13.606200000000001,3.1082,2.0554,11.120199999999999,2.5162,18.1678,15.6266,14.6666,1731.2798382803999,1678.36804199,1.1138,1.4176,1.1837399999999998,1.07794,46.951,11.659,3.5724,33.1445,1.0078999999999998,0.083848,3.158,1.04706,-0.37054,14.703800000000001,22.506,0.8552,0.8533200000000001,8.305399999999999,3.5604,34.168,8.000399999999999,11.082999999999998,0.2442,18.000999999999998,3.7016,1.7094,15.8626,1.3162,20.325799999999997,18.0494,13.2546,1647.78668205536,2,-85.00390625
2021-12-18_Dortmund_Hertha BSC,2021-12-18,18:30,Bundesliga,Matchweek 17,Sat,2022,3.0,2.0,Hertha BSC,Dortmund,Home Win,1618.69604492,1,18.0,1.2442,0.738,1.3585,0.7847999999999999,49.705200000000005,14.190999999999999,5.0144,34.799080000000004,1.3585,0.0973,3.089,0.6874,-0.050600000000000006,15.065000000000001,21.2186,0.9292199999999999,0.9512,10.0176,0.9059999999999999,32.6356,5.362,17.9886,1.3448,15.2334,4.55,1.3824,15.1256,3.1548,23.102400000000003,19.3176,12.9544,1665.9794174561139,1822.10424805,1.6354,1.1978,1.7365,1.6572,57.699600000000004,13.7326,4.6652000000000005,31.93954,1.41826,0.10045599999999999,5.1846,1.5408200000000003,0.27181999999999995,13.495600000000001,32.5334,1.162,1.3498,10.5504,1.9512,42.3232,8.280199999999999,12.587200000000001,2.2024,16.9844,6.9046,3.0928,18.4738,2.59,26.2078,26.316,20.9996,1682.09517219323,0,-203.40820312999995
2021-12-18_Arminia_RB Leipzig,2021-12-18,15:30,Bundesliga,Matchweek 17,Sat,2022,0.0,2.0,RB Leipzig,Arminia,Away Win,1783.54992676,1,15.0,2.7848,1.2794,2.91376,1.2682799999999999,55.792,14.745800000000003,6.2818000000000005,40.76294,2.5955200000000005,0.167,3.726,1.00732,-0.27208,9.842399999999998,32.6118,2.3574,2.1311600000000004,11.279399999999999,2.3556,41.4844,12.7926,17.4894,3.1532,17.017999999999997,4.8472,5.4094,19.793,1.9602000000000002,26.192200000000003,31.4952,19.6452,1696.260052049852,1555.50683594,0.3758,1.0464,0.6578,1.44902,38.697,10.3052,1.2698,10.719999999999999,0.6578,0.058088,6.234,1.1575199999999999,0.11112,19.770599999999998,22.704,0.47382,0.65212,5.6255999999999995,1.8986,26.166000000000004,5.1958,12.762800000000002,1.1424,17.668599999999998,4.178,0.3956,11.017000000000001,1.2354,16.709799999999998,16.568,10.8476,1714.9489704317618,2,228.0430908200001
2021-12-18_Augsburg_Greuther Furth,2021-12-18,15:30,Bundesliga,Matchweek 17,Sat,2022,0.0,0.0,Greuther Furth,Augsburg,Draw,1555.50683594,1,15.0,1.2615999999999998,2.373,1.14198,1.8714,45.7414,12.2538,4.001799999999999,39.126639999999995,1.14198,0.10120599999999999,5.671,1.98812,-0.004880000000000023,16.776600000000002,20.958599999999997,0.80728,0.7402799999999999,9.105,1.5074,29.1534,5.551000000000001,14.5128,0.5162,13.568999999999999,4.4718,1.8858,13.08,2.6374,20.8596,17.0914,12.3844,1732.987688014698,1607.3638916,1.0464,1.45,0.8859400000000001,1.8559599999999998,40.0122,10.894,3.7256,35.3226,0.8859400000000001,0.093852,4.4479999999999995,1.1624400000000001,-0.28756000000000004,15.514,18.1,0.57872,0.78062,7.1564,1.4818,25.3442,4.7288,11.9588,0.7182,16.6292,4.7146,1.2,12.8148,2.0638,17.586399999999998,16.5196,12.4878,1696.393443434332,1,-51.857055660000015
2021-12-18_Gladbach_Hoffenheim,2021-12-18,15:30,Bundesliga,Matchweek 17,Sat,2022,1.0,1.0,Hoffenheim,Gladbach,Draw,1723.37036133,1,15.0,2.9384,0.6486000000000001,1.9780800000000003,0.69032,48.9666,13.8346,5.233199999999999,38.96548,1.9780800000000003,0.140188,1.4485999999999999,0.45812,-0.19048,13.852200000000002,25.178600000000003,1.24592,1.4056199999999999,9.5472,2.0982000000000003,39.2392,8.8526,13.1702,1.0398,19.5274,5.630599999999999,4.679,15.504200000000003,2.5332,22.7266,25.3074,12.6372,1724.294654150248,1681.5579834,1.1424,2.392,1.44698,2.0593,50.9864,13.2402,4.9288,36.0291,1.31882,0.097092,7.5156,2.48678,0.09478,14.0474,29.263399999999997,0.9588399999999999,0.69934,9.4252,0.536,34.455600000000004,3.5382000000000002,17.7044,1.0982,10.8622,3.1062000000000003,1.6826,16.5326,2.5228,24.0848,16.0702,15.476400000000002,1698.2257435042002,1,41.81237792999991
2021-12-19_Koln_Stuttgart,2021-12-19,17:30,Bundesliga,Matchweek 17,Sun,2022,1.0,0.0,Koln,Stuttgart,Home Win,1629.34387207,1,17.0,2.1113999999999997,1.6199999999999999,1.6929400000000001,0.98142,62.014399999999995,16.541800000000002,5.8713999999999995,35.707,1.6929400000000001,0.100506,4.2177999999999995,1.41448,-0.20551999999999998,9.2274,35.2662,1.2831200000000003,1.6152,13.124199999999998,4.116,49.4052,9.2858,18.0124,0.801,30.113799999999998,6.4156,3.4252,24.0542,2.4458,29.8236,24.605400000000003,17.112,1670.921436622274,1633.61962891,1.084,1.4088,0.9241999999999999,1.8562,48.91199999999999,10.0424,3.0418000000000003,31.792520000000003,0.7288399999999999,0.067078,6.1186,1.5985,0.18969999999999998,16.311,26.971599999999995,0.54068,0.72258,7.4008,1.264,28.674999999999997,4.8948,14.3008,1.7116,11.588799999999999,2.8794,1.9238,11.3088,1.6154,17.485400000000002,14.1682,14.9784,1691.271463622646,0,-4.2757568399999855
2021-12-19_Freiburg_Leverkusen,2021-12-19,15:30,Bundesliga,Matchweek 17,Sun,2022,2.0,1.0,Freiburg,Leverkusen,Home Win,1713.06066895,1,15.0,1.4962000000000002,1.3038,1.74096,1.00084,52.903999999999996,15.6038,4.5646,30.50172,1.2591999999999999,0.082332,4.4052,1.18466,-0.11914,11.4632,31.590599999999995,0.99602,1.1469,12.046999999999999,1.7932000000000001,40.468599999999995,8.43,13.3458,1.1048,20.5736,7.037400000000001,1.8808,17.463,3.8617999999999997,26.744600000000002,25.737199999999998,12.1786,1684.8549481213481,1758.33276367,2.3424,1.9946000000000002,1.57748,1.2631400000000002,50.925200000000004,10.965399999999999,4.188000000000001,39.194700000000005,1.2539600000000002,0.114318,4.568199999999999,1.2759999999999998,-0.7186000000000001,14.610800000000001,26.0912,0.99894,1.12352,8.0626,1.0066,36.048,6.304,12.7316,2.7734,11.801400000000001,4.312,3.8582,15.127,1.0156,19.5118,18.9128,21.607800000000005,1681.30734956179,0,-45.27209472000004
2022-01-07_Bayern Munich_Gladbach,2022-01-07,20:30,Bundesliga,Matchweek 18,Fri,2022,1.0,2.0,Bayern Munich,Gladbach,Away Win,2026.328125,1,20.0,2.611,0.3978,2.61292,0.76952,64.8774,22.4176,8.596,38.80176,2.61292,0.12223200000000001,2.222,0.5031,0.1053,10.8004,61.970600000000005,2.01386,2.45658,17.4672,2.545,69.9324,14.0356,11.9678,2.7108,21.1958,7.0398000000000005,4.7998,29.6496,2.4872,39.669200000000004,46.4724,30.247999999999998,1667.257747534436,1684.30944824,0.8398,2.2528,1.14392,2.1788,48.73400000000001,12.0068,4.3591999999999995,36.32774,1.14392,0.103826,7.7524,2.4714199999999997,0.21862,17.317,26.6952,0.70228,0.54848,8.1734,0.3382,34.342600000000004,3.8286,16.1688,0.5558000000000001,9.855,2.6630000000000003,1.0376,14.581399999999999,1.938,20.6808,15.254,13.2868,1692.9725198969659,2,342.01867676000006
2022-01-08_Augsburg_Hoffenheim,2022-01-08,15:30,Bundesliga,Matchweek 18,Sat,2022,3.0,1.0,Hoffenheim,Augsburg,Home Win,1720.61889648,1,15.0,2.4562,0.6838,2.07676,0.85226,51.512,16.237000000000002,5.986600000000001,38.89822,2.07676,0.130402,2.2364,0.7797799999999999,0.09597999999999998,12.302000000000001,26.97,1.5131600000000003,1.6924800000000002,11.734199999999998,2.0442,43.2102,9.988199999999999,12.853000000000002,1.18,23.105,8.0094,3.9785999999999997,18.028,3.6566,26.2606,28.739400000000003,13.6178,1704.8143627201603,1605.68688965,0.7976,1.0166,0.97502,1.2622200000000001,44.2388,12.358,3.8971999999999998,31.56486,0.97502,0.085258,3.6706000000000003,0.88432,-0.13228,16.8164,21.9854,0.77062,1.01558,8.8942,3.2872000000000003,30.914400000000004,7.042,11.518600000000003,0.6022,18.9522,5.0314,0.9358,16.0402,2.3016,20.8346,19.6746,15.269400000000001,1639.10079565582,0,114.93200683000009
2022-01-08_Greuther Furth_Stuttgart,2022-01-08,15:30,Bundesliga,Matchweek 18,Sat,2022,0.0,0.0,Greuther Furth,Stuttgart,Draw,1555.50683594,1,15.0,0.9912000000000001,1.703,0.95122,1.86188,48.1296,10.3186,3.1248000000000005,36.13696,0.95122,0.08587600000000001,5.5038,2.14342,0.63822,18.253,21.0302,0.64002,0.62414,7.8174,1.2124000000000001,30.603000000000005,5.640000000000001,14.6054,0.3204,15.0328,4.6246,1.4088,11.0622,2.0852,17.2984,19.5122,12.133799999999999,1661.7907230720339,1627.03747559,0.9756,1.512,0.88618,2.04358,47.9114,9.105400000000001,2.5492,28.090040000000002,0.71034,0.07413600000000001,5.6624,1.5230000000000001,0.01100000000000001,15.6916,27.450799999999997,0.55542,0.69588,7.1606,1.2376,30.360999999999997,4.5169999999999995,14.959200000000001,1.4962000000000002,12.594999999999999,2.5472,1.7314,10.8336,1.5538,16.4482,13.607,15.5246,1695.6974885009902,1,-71.53063965000001
2022-01-08_Leverkusen_Union Berlin,2022-01-08,15:30,Bundesliga,Matchweek 18,Sat,2022,2.0,2.0,Leverkusen,Union Berlin,Draw,1750.54370117,1,15.0,2.385,1.8652,1.86808,1.54562,53.4384,12.0376,5.586,46.9514,1.72568,0.140516,6.6954,1.6327399999999999,-0.23246,12.1086,29.1518,1.44008,1.3870200000000001,9.793399999999998,2.4586,42.10959999999999,10.814800000000002,11.280999999999999,1.7280000000000002,15.165,6.1498,4.5502,15.546200000000002,1.8838,21.7384,23.759,21.0948,1704.2444763412961,1685.72167969,0.9581999999999999,1.1316,1.0588600000000001,1.08012,46.324,10.384,3.6594,36.158860000000004,0.90062,0.084464,2.9979999999999998,0.81816,-0.31344,15.165400000000002,24.698,0.8208599999999999,0.8335999999999999,8.230799999999999,3.6488,34.7846,8.677399999999999,11.375,0.7081999999999999,17.8458,3.8316,1.7384,14.6556,1.1404,18.64,18.1892,13.5618,1630.2034967034742,1,64.8220214800001
2022-01-08_Dortmund_Eint Frankfurt,2022-01-08,18:30,Bundesliga,Matchweek 18,Sat,2022,2.0,3.0,Eint Frankfurt,Dortmund,Away Win,1762.86535645,1,18.0,2.077,1.1358000000000001,1.4115,1.5601200000000002,50.464200000000005,13.607200000000002,4.0858,29.280060000000002,1.28334,0.09362000000000001,4.7008,1.5677400000000001,0.43194,12.2564,29.2914,0.9782,1.0981,9.947799999999999,2.7692,39.064,6.1335999999999995,11.5768,1.5558,22.647599999999997,6.888199999999999,3.7144,15.058200000000001,2.9822,23.634400000000003,20.1148,17.3478,1717.4225682358622,1810.59106445,1.9602000000000002,1.6663999999999999,1.8226200000000001,1.55376,59.8486,13.892,5.175400000000001,37.633520000000004,1.5362200000000001,0.11250399999999999,5.4544,1.4190400000000003,-0.31144000000000005,12.9574,33.6336,1.25116,1.4502000000000002,10.383799999999999,2.4444,46.708,8.3964,9.954,2.4264,19.3048,7.291,3.2718,18.1708,2.431,24.943,28.492,20.932399999999998,1660.23404934135,2,-47.72570799999994
2022-01-08_Mainz 05_RB Leipzig,2022-01-08,15:30,Bundesliga,Matchweek 18,Sat,2022,4.0,1.0,RB Leipzig,Mainz 05,Home Win,1763.7487793,1,15.0,2.0738000000000003,1.6398,2.55174,1.12052,60.508399999999995,15.1156,5.476999999999999,35.21604,2.26534,0.145884,4.0418,1.3073000000000001,-0.3325,7.5162,40.053,2.0065999999999997,2.36666,11.4516,2.9084000000000003,52.28960000000001,14.8994,16.7196,2.0728,22.276600000000002,6.516,4.147600000000001,21.467399999999998,2.0642,27.7384,34.4086,20.025,1681.5466939696357,1680.4822998,0.9338,1.738,1.05376,1.32584,45.1222,11.654,4.1216,38.45794,1.05376,0.096214,4.6396,1.2066000000000001,-0.5314,14.903399999999998,32.927800000000005,0.86716,0.94888,8.7686,1.9238,37.5772,7.7584,10.022599999999999,0.5162,18.2282,4.48,1.1138,15.5016,0.9296,19.3676,20.5948,15.050999999999998,1769.3341447031821,0,83.26647950000006
2022-01-08_Arminia_Freiburg,2022-01-08,15:30,Bundesliga,Matchweek 18,Sat,2022,2.0,2.0,Freiburg,Arminia,Draw,1720.84985352,1,15.0,1.4024,1.4176,1.6327,1.06726,49.606199999999994,15.0108,4.2198,29.34572,1.1435199999999999,0.078332,4.6530000000000005,1.2082600000000001,-0.20933999999999997,13.647400000000001,30.210400000000003,0.9975800000000001,1.2598799999999999,11.7538,2.4464,37.8028,7.9544,11.8458,0.9059999999999999,20.215999999999998,6.445199999999999,1.8486000000000002,18.3492,3.7756000000000003,26.77,24.8304,10.7628,1715.923008081254,1555.50683594,0.8266,0.7976,0.71526,1.5218,33.8112,8.8094,1.8312,31.184,0.71526,0.10123399999999999,6.0106,1.21388,0.41628,22.479599999999998,18.738,0.51526,0.65132,4.786199999999999,1.2762,23.407399999999996,4.1554,11.0772,0.8398,14.6158,3.4276,0.8444,8.8734,1.1118000000000001,13.808400000000002,14.0252,9.0652,1737.0736452619942,1,165.34301757999992
2022-01-09_Hertha BSC_Koln,2022-01-09,15:30,Bundesliga,Matchweek 18,Sun,2022,1.0,3.0,Hertha BSC,Koln,Away Win,1630.20922852,1,15.0,1.7082000000000002,0.8642000000000001,1.3715,0.92282,48.4022,14.216199999999999,5.3014,37.11584,1.3715,0.09657,3.0358,0.72422,-0.13998,15.2028,19.3874,0.8774799999999999,0.824,10.0602,1.548,30.2188,5.37,18.7224,1.022,15.4426,3.7624,2.1768,14.180600000000002,3.0394,22.7924,19.8952,13.9358,1698.616034205594,1635.92602539,1.1502,2.063,1.7775,1.82804,56.8732,13.865200000000002,4.0036000000000005,28.450560000000003,1.7775,0.147732,4.6674,1.72876,-0.33424,10.796199999999999,26.293,1.39656,1.22156,9.6404,3.9766000000000004,37.4836,9.1074,17.2108,0.738,21.598,3.8400000000000007,2.0562,17.348200000000002,2.0198,23.307399999999998,17.695400000000003,16.319,1683.8932203601498,2,-5.716796870000053
2022-01-09_Bochum_Wolfsburg,2022-01-09,17:30,Bundesliga,Matchweek 18,Sun,2022,1.0,0.0,Bochum,Wolfsburg,Home Win,1586.01049805,1,17.0,1.2918,0.6617999999999999,1.53664,1.49918,42.1264,11.627,4.1924,38.14394,1.24038,0.101794,5.3664000000000005,1.55412,0.89232,20.2886,22.8004,0.8273199999999999,0.81388,8.0024,1.9252000000000002,20.9084,3.8656000000000006,14.507200000000001,0.7624,13.512999999999998,2.0322,1.8498,11.208,3.053,19.083399999999997,16.1522,13.534800000000002,1732.4457394025019,1669.04821777,0.7516,2.3522,1.33458,1.8112,50.2474,12.2848,3.5422,29.843300000000003,1.33458,0.12189,4.329000000000001,1.7825600000000001,-0.34984000000000004,15.823,20.3378,0.9299999999999999,1.13558,7.6104,1.967,32.9268,7.083,12.6668,0.62,17.5458,3.6572,0.9692000000000001,12.868599999999999,3.2442,20.6364,18.1708,14.891000000000002,1754.991011914616,0,-83.03771972000004
2022-01-14_Dortmund_Freiburg,2022-01-14,20:30,Bundesliga,Matchweek 19,Fri,2022,5.0,1.0,Dortmund,Freiburg,Home Win,1818.52954102,1,20.0,2.4044,1.0173999999999999,1.75614,1.4550999999999998,57.8048,12.503599999999999,4.2156,36.84686000000001,1.43262,0.128006,3.5646,1.0704200000000001,0.05302,11.166599999999999,30.0124,1.1082,1.27184,8.1868,1.0442,43.5642,9.3044,12.0242,0.46399999999999997,14.096800000000002,4.1690000000000005,4.0286,15.5644,2.0,22.6572,26.6956,19.3318,1699.354068092994,1716.40783691,2.015,0.7516,1.5861,1.5372,44.2068,14.017800000000001,5.6217999999999995,38.23804,1.5861,0.12062200000000001,5.421799999999999,1.2382800000000003,0.48668,14.6438,25.803,1.0603600000000002,1.2048,9.792200000000001,2.706,34.035,9.1992,12.783800000000001,1.1234,17.7304,3.6488,3.8697999999999997,15.9596,3.5126000000000004,23.9682,23.0376,9.4782,1742.35031943167,0,102.12170410999988
2022-01-15_Hertha BSC_Wolfsburg,2022-01-15,15:30,Bundesliga,Matchweek 19,Sat,2022,0.0,0.0,Wolfsburg,Hertha BSC,Draw,1660.27563477,1,15.0,0.8642000000000001,2.0860000000000003,1.58886,1.84062,49.488,15.870800000000003,4.6596,30.770719999999997,1.58886,0.098916,4.8818,1.9244,-0.1616,15.6484,24.9264,1.28836,1.31432,11.602600000000002,2.2208,32.802,7.9444,11.046800000000001,1.4884,22.7918,5.8028,1.7284000000000002,17.5074,3.1366,28.628999999999998,20.3416,18.0948,1669.6344885961798,1617.11206055,0.76,2.3282,0.8043,1.72912,44.5582,8.9128,3.2758000000000003,33.751,0.8043,0.08391799999999999,5.4254,1.64918,-0.67902,19.4874,21.4374,0.73426,0.81766,7.1594,2.0762,27.766000000000002,5.0076,15.084200000000001,0.3758,16.6602,4.127000000000001,1.52,10.508,2.536,16.1376,14.233800000000002,14.48,1681.882025148646,1,43.16357421999987
2022-01-15_Hoffenheim_Union Berlin,2022-01-15,15:30,Bundesliga,Matchweek 19,Sat,2022,2.0,1.0,Union Berlin,Hoffenheim,Home Win,1688.98547363,1,15.0,1.5116,1.1098,1.5437400000000001,1.48978,43.239,13.306799999999999,4.3936,39.09262,1.5437400000000001,0.12660000000000002,3.4964,1.1494,0.039599999999999996,15.370600000000001,21.339399999999998,1.1787800000000002,1.1064,9.9386,2.2418,26.4118,6.1298,12.633,1.5914000000000001,19.464599999999997,5.009,2.5836,14.8306,2.2928,22.367400000000004,23.182,11.023800000000001,1774.753557985522,1726.28771973,2.1148000000000002,2.2984,1.71834,2.07126,53.086999999999996,14.6286,5.2384,32.295320000000004,1.71834,0.10972399999999999,6.7345999999999995,2.04906,-0.24934000000000012,11.56,30.837200000000003,1.2829799999999998,1.1679199999999998,9.7612,2.5189999999999997,39.9128,9.0566,15.434000000000001,0.7714000000000001,20.0796,5.281599999999999,3.6361999999999997,17.8456,1.8376,24.766199999999998,22.284399999999998,18.306800000000003,1720.9093956298639,0,-37.30224610000005
2022-01-15_Bayern Munich_Koln,2022-01-15,15:30,Bundesliga,Matchweek 19,Sat,2022,0.0,4.0,Koln,Bayern Munich,Away Win,1649.02319336,1,15.0,1.7118,1.3138,1.59388,0.7935,58.606,14.734,4.863199999999999,33.05938,1.59388,0.116224,3.6076,1.1821000000000002,-0.13169999999999998,9.9374,30.7794,1.25832,1.39182,11.846599999999999,4.4486,43.063,9.3132,17.2344,0.0,27.5606,5.109,2.85,21.074199999999998,2.4012000000000002,26.910800000000002,22.603,16.0916,1678.449604860016,2010.39941406,3.7691999999999997,1.3514,2.8556800000000004,0.9082600000000001,60.8848,19.287599999999998,7.472799999999999,38.41264,2.53744,0.14539,3.4256,0.95634,-0.39506,9.1004,44.662800000000004,2.28066,2.02194,15.656,0.7338,65.38640000000001,15.4984,12.268600000000001,2.3648000000000002,16.6884,5.328799999999999,6.7606,26.032600000000002,1.7968,34.3348,35.0642,24.4104,1704.180181884858,2,-361.3762207
2022-01-15_Gladbach_Leverkusen,2022-01-15,18:30,Bundesliga,Matchweek 19,Sat,2022,1.0,2.0,Gladbach,Leverkusen,Away Win,1700.23815918,1,18.0,1.7957999999999998,2.3896,2.05412,1.23128,60.283,19.0846,6.5382,34.90086,1.8587600000000002,0.102086,3.7455999999999996,1.5083799999999998,-0.88122,9.794599999999999,30.0478,1.53058,1.4502,15.639600000000002,1.8928,46.1766,10.0072,17.933600000000002,2.7,16.1012,6.7972,2.838,27.5964,3.496,35.6522,25.9186,20.0944,1653.3628133549041,1747.27978516,1.7756,2.2836,1.16812,1.59196,50.2354,9.127,3.8808,44.128280000000004,0.9922799999999999,0.11688599999999999,5.044,1.7689400000000002,-0.5146600000000001,15.703200000000002,27.0588,0.82486,0.95142,6.747,1.1059999999999999,34.7338,6.1411999999999995,11.049,2.2076000000000002,12.954,5.2576,2.7072000000000003,11.863000000000001,1.4024,16.3094,18.1566,20.593600000000002,1707.199455861278,2,-47.04162598000016
2022-01-15_Bochum_Mainz 05,2022-01-15,15:30,Bundesliga,Matchweek 19,Sat,2022,1.0,0.0,Mainz 05,Bochum,Home Win,1672.34716797,1,15.0,2.6528,0.536,1.91872,1.1156800000000002,51.2932,16.6878,6.5826,36.9096,1.91872,0.109906,2.4436,0.46618000000000004,-0.06982000000000001,11.3336,32.0678,1.65916,1.12552,12.2234,3.4652000000000003,38.1058,9.0208,10.7898,0.4044,21.279999999999998,5.8478,4.866,19.307199999999998,3.0174,28.2286,25.302,14.157599999999999,1661.2048316659918,1594.78308105,0.9976,1.4818,1.2383200000000003,1.61098,44.696,11.7504,4.4684,41.36014,1.2383200000000003,0.129524,4.4772,1.06862,-0.41318,16.2198,21.0026,1.00972,0.7205,7.9592,1.2542,31.9056,5.148999999999999,11.7774,1.4772,15.3752,3.8504,1.9952,14.615400000000001,2.5136000000000003,21.0696,15.2518,12.744599999999998,1640.321062256014,0,77.56408692000014
2022-01-15_RB Leipzig_Stuttgart,2022-01-15,15:30,Bundesliga,Matchweek 19,Sat,2022,0.0,2.0,Stuttgart,RB Leipzig,Away Win,1624.76794434,1,15.0,0.9954000000000001,2.1966,0.9004,1.7614800000000002,52.2342,9.6408,2.3514,26.89236,0.9004,0.088074,6.252800000000001,2.18804,-0.008560000000000019,14.8258,30.700200000000002,0.8098,0.91238,7.7104,0.5824,41.3012,6.7692,12.783000000000001,1.4884,13.3612,4.356,1.7710000000000001,12.989799999999999,0.558,16.6252,17.2094,13.5952,1731.759396704128,1771.88391113,0.8022,1.4176,1.6908600000000003,1.76482,58.8888,10.8112,2.5362,20.12498,1.5787200000000001,0.136242,3.8806000000000003,1.2855,-0.1321,12.727599999999999,35.0882,1.3780800000000002,1.7863600000000002,8.737,2.8486000000000002,45.3,10.7042,15.5228,1.9172000000000002,18.424,5.578799999999999,1.6044,15.8306,1.3946,19.412,27.6012,14.4698,1678.8715867673063,2,-147.1159667899999
2022-01-16_Augsburg_Eint Frankfurt,2022-01-16,15:30,Bundesliga,Matchweek 19,Sun,2022,1.0,1.0,Augsburg,Eint Frankfurt,Draw,1600.01806641,1,15.0,1.9516,1.4396,1.4794999999999998,1.4444400000000002,37.479600000000005,11.686399999999999,4.4336,35.95672,1.1082999999999998,0.08855199999999999,3.4528,1.23368,-0.20592,15.7714,20.835,0.8525400000000001,0.83762,9.3118,1.921,25.799,5.8256000000000006,11.135,0.38,21.6204,7.208200000000001,2.6458000000000004,11.7228,2.347,18.2468,18.2192,14.4354,1730.4806974368018,1754.92700195,1.9238,1.6461999999999999,1.59864,1.72676,46.8666,14.2696,4.533799999999999,32.6904,1.4704799999999998,0.11201,5.1014,1.9928000000000001,0.3466,17.118000000000002,21.9188,1.2759999999999998,0.8980199999999999,10.4724,2.2812,30.946800000000003,6.1538,9.4678,0.8398,15.4786,4.0096,3.096,17.0932,2.0982000000000003,23.759400000000003,17.8582,18.654,1655.871085302382,1,-154.9089355399999
2022-01-16_Arminia_Greuther Furth,2022-01-16,17:30,Bundesliga,Matchweek 19,Sun,2022,2.0,2.0,Arminia,Greuther Furth,Draw,1555.50683594,1,17.0,1.442,1.452,1.00094,1.6668600000000002,42.9124,13.806199999999999,4.1028,29.554680000000005,0.71454,0.050596,4.2143999999999995,1.60646,0.15446,13.699399999999999,25.164400000000004,0.51408,0.64306,9.488199999999999,2.3846000000000003,28.1976,7.9802,10.3734,0.9059999999999999,17.090600000000002,6.38,2.6398,17.0066,1.8174,22.102600000000002,21.277,13.8384,1690.086711912852,1555.50683594,0.558,4.2372,0.56986,2.30364,41.0606,7.406599999999999,2.2940000000000005,30.158500000000004,0.4417,0.05931,6.8462,3.1938199999999997,-0.86538,11.192,21.749000000000002,0.3573,0.5331600000000001,5.2964,1.7624,27.686799999999998,3.327,12.5742,0.0,15.6618,4.9944,1.116,9.423200000000001,0.6398,12.649999999999999,11.869000000000002,13.5588,1773.369952123584,1,0.0
2022-01-21_Arminia_Eint Frankfurt,2022-01-21,20:30,Bundesliga,Matchweek 20,Fri,2022,0.0,2.0,Eint Frankfurt,Arminia,Away Win,1752.03210449,1,20.0,2.2134,1.4664000000000001,1.3815199999999999,1.6329399999999998,45.845600000000005,13.4464,4.321400000000001,31.73344,1.3815199999999999,0.103468,5.3191999999999995,1.77308,0.30667999999999995,15.405600000000002,26.255000000000003,0.9992199999999999,0.9862,9.6088,2.4480000000000004,34.785000000000004,5.531599999999999,10.0216,1.1118000000000001,19.664,6.1668,4.0312,14.896400000000002,2.8398,23.2708,19.1704,16.6244,1753.9548363751621,1555.50683594,1.0882,1.062,0.84468,1.72262,35.6744,10.1494,2.5808,33.31586,0.84468,0.103882,5.7652,1.4855,0.4235,20.522399999999998,21.9386,0.62026,0.6762,6.7612,1.6928,24.7434,5.460800000000001,10.3926,1.0,15.642400000000002,5.2942,1.7368000000000001,12.3048,1.3448,16.3694,17.2412,10.279599999999999,1754.6838399655142,2,196.52526854999996
2022-01-22_Gladbach_Union Berlin,2022-01-22,15:30,Bundesliga,Matchweek 20,Sat,2022,1.0,2.0,Gladbach,Union Berlin,Away Win,1692.22241211,1,15.0,1.7162,2.4948,1.76684,2.35916,58.93359999999999,16.857599999999998,6.196,36.31044000000001,1.591,0.09743399999999999,6.5014,2.33108,-0.1637200000000001,12.289399999999999,30.819799999999997,1.25006,1.35752,12.957,1.4152,44.4496,9.1738,17.2636,1.8532,16.147199999999998,6.0408,2.8984,23.220399999999998,3.158,30.894,25.1056,16.8778,1677.1290183367882,1696.58422852,1.2066,1.3626,1.4681,1.29072,44.13759999999999,12.255,4.5702,37.923899999999996,1.3257,0.10355400000000001,4.3633999999999995,0.9816800000000001,-0.38092,18.1676,26.225799999999996,0.9997199999999999,0.72814,8.552,3.2396000000000003,35.2826,7.388599999999999,9.84,0.6374,17.7168,4.381,1.7646,14.99,1.4706000000000001,20.785400000000003,19.979599999999998,14.782399999999999,1657.2857602045062,2,-4.361816409999847
2022-01-22_Dortmund_Hoffenheim,2022-01-22,15:30,Bundesliga,Matchweek 20,Sat,2022,2.0,3.0,Hoffenheim,Dortmund,Away Win,1718.68896484,1,15.0,2.2222,0.8595999999999999,1.87282,0.88588,53.1706,15.7692,5.4554,36.176359999999995,1.87282,0.121386,2.7454,0.94602,0.08642,13.1042,31.3248,1.4641799999999998,2.02514,11.993400000000001,2.2840000000000003,46.07600000000001,10.6662,12.467400000000001,1.0178,24.1926,7.2644,3.2598,18.701999999999998,3.1468,25.8788,31.5402,14.5772,1690.8446416021538,1826.93371582,2.0642,1.8439999999999999,1.78266,1.53838,59.5428,15.512,5.7462,36.97618,1.64026,0.106928,5.1206000000000005,1.4383000000000001,-0.4057,11.840599999999998,36.056,1.29486,1.55166,11.5662,3.3768000000000002,49.644,10.0102,10.991200000000001,2.2396000000000003,24.0788,8.9594,3.2004,19.3744,3.4088000000000003,27.146,31.7936,23.680999999999997,1700.3948285412998,2,-108.24475098000016
2022-01-22_Bochum_Koln,2022-01-22,18:30,Bundesliga,Matchweek 20,Sat,2022,2.0,2.0,Bochum,Koln,Draw,1589.91772461,1,18.0,1.1184,0.5956,1.2999600000000002,1.21618,44.212,10.6552,3.4964,35.12726000000001,1.0333400000000001,0.092848,4.696999999999999,1.2555999999999998,0.66,19.0708,23.785999999999998,0.63158,0.6627399999999999,7.093,1.7886,22.8716,5.3002,16.354,0.642,15.1712,2.229,1.4764,10.0456,2.9036000000000004,17.4452,15.227999999999998,12.5162,1716.22977280055,1645.39074707,1.7678000000000003,1.3800000000000001,1.79186,1.40482,55.59739999999999,14.4556,5.3126,37.8147,1.79186,0.144842,4.2682,1.20012,-0.17988,13.2586,26.107999999999997,1.4145999999999999,1.3115199999999998,9.864799999999999,3.879,38.5564,9.529399999999999,15.5246,1.1084,21.7708,4.0001999999999995,3.0716,16.869400000000002,2.262,24.242,21.0774,15.987,1670.072854468232,1,-55.47302246000004
2022-01-22_Greuther Furth_Mainz 05,2022-01-22,15:30,Bundesliga,Matchweek 20,Sat,2022,2.0,1.0,Greuther Furth,Mainz 05,Home Win,1555.50683594,1,15.0,0.892,1.3884,0.9605,1.9089,44.7656,10.142399999999999,2.868,33.46974,0.9605,0.087728,5.1532,1.8592600000000001,0.64886,19.3368,21.9718,0.60716,0.5207999999999999,6.670400000000001,0.9028,31.0548,4.3225999999999996,13.724,0.0,14.1414,3.8296,1.2678,10.435,1.8324,16.5474,18.052,11.055200000000001,1668.5646720468399,1677.21252441,0.9404,2.1084,0.9062800000000001,1.56982,43.6656,10.255799999999999,3.6652000000000005,41.0543,0.9062800000000001,0.100152,5.308199999999999,1.72552,-0.38288,15.113199999999999,29.7692,0.73834,0.85514,7.9474,1.9756,34.4544,6.7942,10.3088,0.3204,16.761,3.9878000000000005,1.2024,13.3302,1.0808,17.253800000000002,19.623400000000004,13.4688,1755.329510670098,0,-121.70568847000004
2022-01-22_Freiburg_Stuttgart,2022-01-22,15:30,Bundesliga,Matchweek 20,Sat,2022,2.0,0.0,Freiburg,Stuttgart,Home Win,1708.00366211,1,15.0,1.6063999999999998,1.6199999999999999,1.70712,0.9596,48.9686,15.742199999999999,4.442,29.349780000000003,1.26686,0.084384,4.976,1.12414,-0.49585999999999997,15.192,30.553800000000003,1.07668,1.386,11.7784,2.5018,40.7172,8.9798,9.4308,1.3038,18.8848,6.356400000000001,2.3522,19.8678,3.3096,28.202199999999998,26.256400000000003,10.686399999999999,1665.8311377688938,1617.04187012,0.7338,1.2166000000000001,1.21824,1.6841000000000002,52.104400000000005,11.625,2.4941999999999998,22.39458,1.06,0.084932,4.431,1.2476600000000002,0.031060000000000018,13.2804,30.180400000000002,0.8373200000000001,0.9249,8.798,1.6021999999999998,35.309200000000004,6.2188,13.154000000000002,1.4024,17.0636,3.3692,1.2698,15.134,1.9868000000000001,21.1754,17.93,19.3236,1653.038449659096,0,90.96179198999994
2022-01-22_Augsburg_Leverkusen,2022-01-22,15:30,Bundesliga,Matchweek 20,Sat,2022,5.0,1.0,Leverkusen,Augsburg,Home Win,1755.29553223,1,15.0,2.4906,1.4462,1.97102,1.58904,57.810599999999994,14.6084,6.4041999999999994,42.91926,1.84286,0.132578,6.1492,1.41442,-0.03178,11.809600000000001,32.5642,1.6002399999999999,1.47482,12.1444,2.9454000000000002,48.3566,10.9658,11.6412,2.632,19.820999999999998,7.6442,4.7834,19.1312,2.528,26.325200000000002,28.355399999999996,24.6924,1656.253913940116,1602.91296387,0.8178,1.0708,0.9675199999999999,1.13972,43.4384,12.6988,3.9516,30.93242,0.9675199999999999,0.077082,3.2268,1.04592,-0.02488,17.2672,21.687,0.75916,1.0717,9.237400000000001,3.647,31.965,8.2472,13.7086,0.8862,19.477999999999998,5.2166,1.0422,16.9014,2.1714,21.3162,20.2162,13.345000000000002,1656.155660888794,0,152.38256835999982
2022-01-23_Bayern Munich_Hertha BSC,2022-01-23,17:30,Bundesliga,Matchweek 20,Sun,2022,1.0,4.0,Hertha BSC,Bayern Munich,Away Win,1619.80529785,1,17.0,1.6374,1.5104000000000002,1.38316,1.05148,50.4476,14.038599999999999,5.4154,38.74746,1.38316,0.099354,4.2974,0.9936799999999999,-0.5167200000000001,16.203400000000002,18.96,1.01506,0.8936599999999999,10.142399999999999,1.8816,32.238200000000006,6.398,18.5178,1.0198,18.0726,5.5396,2.3034,14.639000000000001,2.7912,22.8454,20.6704,14.2748,1676.7052558600699,2014.03186035,3.6482,1.072,2.91458,0.9607,58.742399999999996,19.0824,7.3374,38.25136,2.62818,0.147736,3.2388,0.92066,-0.15134000000000003,11.4764,39.6796,2.38708,2.2863,15.614,1.0046,62.360600000000005,15.5044,12.774199999999999,2.6726,17.2076,6.716799999999999,6.7406,25.4646,2.6056,34.1926,36.6022,22.872,1678.619548706606,2,-394.2265625
2022-01-23_RB Leipzig_Wolfsburg,2022-01-23,15:30,Bundesliga,Matchweek 20,Sun,2022,2.0,0.0,RB Leipzig,Wolfsburg,Home Win,1779.60986328,1,15.0,2.2664,1.5757999999999999,2.6730400000000003,0.87984,62.9884,15.2924,5.8176000000000005,37.36834,2.4818,0.16383,3.305,0.97028,-0.6055200000000001,4.6133999999999995,43.1228,2.14126,2.25116,11.4506,3.306,51.673,14.765400000000001,15.859200000000001,2.1096,21.605,6.897000000000001,4.288600000000001,22.053200000000004,1.7136,28.197200000000002,34.800399999999996,20.487399999999997,1699.45442209314,1657.58227539,0.6764,2.0728,1.0825,1.72012,48.636,12.112,3.3438,28.522900000000003,1.0825,0.09972400000000001,4.1962,1.66666,-0.20833999999999997,16.273400000000002,20.9482,0.7372200000000001,0.83572,7.7494,1.3378,35.2432,6.5862,14.0534,0.558,16.8142,3.3471999999999995,0.8722,13.57,2.4872,20.6726,15.9998,15.646199999999999,1721.724530812484,0,122.02758788999995
2022-02-04_Bochum_Hertha BSC,2022-02-04,20:30,Bundesliga,Matchweek 21,Fri,2022,1.0,1.0,Hertha BSC,Bochum,Draw,1617.19213867,1,20.0,1.5735999999999999,2.192,1.34924,2.1452400000000003,46.0956,11.6926,4.6412,39.83886,1.34924,0.128606,7.6866,1.9911400000000001,-0.20086000000000004,17.348200000000002,15.7894,1.02238,0.9375399999999999,8.662799999999999,1.7933999999999999,30.7258,6.114,17.5334,1.0178,16.100199999999997,5.2416,1.7846,12.9656,2.2236000000000002,19.3418,18.6938,11.9494,1745.184636010986,1590.11425781,0.7536,1.5778,1.25006,1.7496,45.35900000000001,11.8192,4.465599999999999,41.006719999999994,1.0547,0.108154,4.8178,1.26594,-0.31186,17.6954,22.6558,0.85338,0.74844,8.595600000000001,1.4288,33.2566,5.622400000000001,12.6882,1.3294,15.049199999999999,3.7652,1.5072,15.5302,2.418,21.938800000000004,16.2592,10.972199999999999,1660.3667913819202,1,27.07788086000005
2022-02-05_Arminia_Gladbach,2022-02-05,15:30,Bundesliga,Matchweek 21,Sat,2022,1.0,1.0,Arminia,Gladbach,Draw,1555.50683594,1,15.0,1.642,1.3626,0.82106,1.32504,45.14,13.437199999999999,4.0484,30.23344,0.67866,0.049536,3.5162,1.3727800000000001,0.010179999999999995,14.149999999999999,27.134,0.50266,0.5855,9.6836,1.9578,30.696200000000005,7.0054,9.8476,0.8154,17.081599999999998,5.465199999999999,3.0641999999999996,17.15,2.3240000000000003,22.436400000000003,22.082,15.364,1635.2341561519102,1683.02380371,1.2442,2.1274,1.2016200000000001,2.28064,44.7766,11.806000000000001,4.7558,41.020540000000004,1.2016200000000001,0.110654,7.8654,2.25652,0.12912000000000004,18.239,21.4882,0.72088,0.57804,7.9117999999999995,0.4044,28.6502,4.434200000000001,18.0494,0.356,9.1044,2.9968000000000004,1.9106,14.034600000000001,2.0442,20.6566,18.6916,13.402199999999999,1783.673828685988,1,-127.51696777000006
2022-02-05_Hoffenheim_Mainz 05,2022-02-05,15:30,Bundesliga,Matchweek 21,Sat,2022,2.0,0.0,Mainz 05,Hoffenheim,Home Win,1665.94165039,1,15.0,2.055,0.3382,1.60854,1.2406000000000001,51.3204,16.631,5.847799999999999,33.4557,1.60854,0.096382,2.8876,0.7581800000000001,0.41998,12.0766,31.341,1.33052,1.02208,11.091999999999999,3.3188,38.6964,9.4632,11.3994,0.46399999999999997,21.784999999999997,6.107200000000001,3.7144,19.200400000000002,2.283,26.9528,24.3512,13.421199999999999,1656.577341137138,1712.46582031,2.1474,1.9802,1.64088,1.7778800000000001,56.317800000000005,14.554,5.4028,34.75272,1.64088,0.10675,6.0286,1.96648,-0.013719999999999961,11.936599999999999,33.5842,1.22464,1.17436,9.8292,2.8554,44.7828,10.6486,16.2998,0.9384,22.546200000000002,6.418399999999999,3.2723999999999998,15.9516,2.4864,23.9894,23.8978,19.9858,1670.551599437908,0,-46.52416992000008
2022-02-05_Freiburg_Koln,2022-02-05,15:30,Bundesliga,Matchweek 21,Sat,2022,1.0,0.0,Koln,Freiburg,Home Win,1645.19421387,1,15.0,1.2522,1.8708,1.41916,1.3902199999999998,55.7708,13.451200000000002,4.3884,32.065479999999994,1.41916,0.11360400000000001,4.5794,1.67018,-0.20062,11.453,30.601200000000002,1.12158,1.3149600000000001,10.308399999999999,3.527,42.512,8.8376,15.701600000000001,0.0,26.138999999999996,4.953799999999999,1.9882,18.4362,2.2728,24.7334,22.3542,15.261600000000001,1745.603145752348,1714.49304199,1.7692,1.8974000000000002,1.43094,1.78212,41.744,12.250600000000002,5.4594,48.70046000000001,1.43094,0.128002,6.0122,1.57958,-0.3178199999999999,12.9496,24.4898,0.84452,1.1487000000000003,8.9244,2.1470000000000002,31.821800000000003,8.2908,11.1518,1.4994,16.280400000000004,3.6279999999999997,3.2942000000000005,13.8542,3.2612000000000005,21.0732,21.0122,10.2954,1761.6361612055719,0,-69.29882811999983
2022-02-05_Eint Frankfurt_Stuttgart,2022-02-05,15:30,Bundesliga,Matchweek 21,Sat,2022,2.0,3.0,Stuttgart,Eint Frankfurt,Away Win,1610.55249023,1,15.0,0.7516,2.3212,0.98246,1.8074800000000002,51.389799999999994,11.4304,3.7814,32.807320000000004,0.98246,0.085266,5.9276,2.3179,-0.003300000000000001,11.824200000000001,31.074399999999997,0.85208,0.9644199999999999,8.6162,0.38,40.606,6.648200000000001,13.0486,1.4396,14.9342,4.997,1.3054000000000001,13.7676,1.8232,19.9816,18.542,13.203200000000002,1745.282489306158,1733.70349121,1.9756,1.4374,1.843,1.4955,46.126599999999996,14.098400000000002,4.3362,31.6035,1.843,0.138556,4.5588,1.7205000000000001,0.2831,19.680600000000002,23.892400000000002,1.5114600000000002,0.9659,9.8926,2.9856,31.7084,6.971,10.642,1.0,17.7284,3.3318000000000008,3.2748,17.3722,1.5558,23.0626,20.1144,18.156,1656.243093506368,2,-123.15100097999994
2022-02-05_Bayern Munich_RB Leipzig,2022-02-05,18:30,Bundesliga,Matchweek 21,Sat,2022,3.0,2.0,Bayern Munich,RB Leipzig,Home Win,2016.64501953,1,18.0,2.0174000000000003,0.8464,2.4119,0.83584,64.7336,22.4084,8.1922,36.31944,2.4119,0.109476,2.6882,0.79024,-0.05616,10.132,64.18979999999999,1.82714,2.49626,17.1646,2.3904,72.9876,14.9414,10.5732,3.0398,22.3736,7.224,3.6548000000000003,30.4382,1.8058,39.9114,47.2992,30.144,1667.3791636713459,1785.26818848,1.0662,1.1316,1.64298,1.6305999999999998,58.188199999999995,9.609199999999998,2.4826,23.6201,1.4476200000000001,0.138946,4.869199999999999,1.31576,0.18416000000000002,12.5222,33.8792,1.28146,1.76216,7.9308,2.3754000000000004,39.642,8.291999999999998,15.703,1.6814,16.028,4.5442,1.8881999999999999,14.2266,0.9226,17.1732,24.410799999999995,13.5344,1660.965558033064,0,231.37683104999996
2022-02-05_Augsburg_Union Berlin,2022-02-05,15:30,Bundesliga,Matchweek 21,Sat,2022,2.0,0.0,Augsburg,Union Berlin,Home Win,1596.08300781,1,15.0,1.8564,1.3956,1.4892,1.8916400000000002,38.4876,10.941,4.1018,35.94186,1.1551200000000001,0.098346,3.7958000000000003,1.49216,0.09655999999999998,16.771,23.0492,0.9049400000000001,0.90152,9.1806,2.3172,28.9934,6.5314000000000005,11.765799999999999,0.6862,24.055999999999997,6.1664,2.5811999999999995,13.159799999999999,1.5356,17.689600000000002,19.6624,15.4128,1761.6760784903379,1705.78283691,1.286,1.1822,1.44574,1.26842,45.4092,10.808599999999998,4.1690000000000005,39.57338,1.12222,0.09587399999999999,4.4272,0.8237599999999999,-0.35844,15.132599999999998,25.291,0.82882,0.65646,7.375799999999999,3.9922000000000004,37.4166,7.882,10.3884,0.8178,18.454,3.8986,1.8881999999999999,14.1584,1.0352000000000001,18.7976,20.058200000000003,14.16,1671.334291429716,0,-109.69982909999999
2022-02-06_Greuther Furth_Wolfsburg,2022-02-06,17:30,Bundesliga,Matchweek 21,Sun,2022,4.0,1.0,Wolfsburg,Greuther Furth,Home Win,1651.9239502,1,17.0,0.7778,1.589,1.65766,1.5135399999999999,48.1856,13.886,4.349399999999999,32.62385999999999,1.65766,0.125328,4.061,1.4435799999999999,-0.14542,15.3278,24.733399999999996,1.37722,1.28522,10.2772,1.6219999999999999,33.098,7.417400000000001,11.9306,1.6838,19.2728,4.945799999999999,1.5556,16.1914,2.4904,24.9148,18.809800000000003,18.4176,1651.434403440578,1555.50683594,0.8464,3.725,0.48196,1.8636800000000002,44.0406,6.9776,2.3646,33.945,0.48196,0.068706,6.6614,2.899,-0.6658000000000001,11.1288,26.125400000000003,0.396,0.48775999999999997,5.1226,1.642,29.6276,3.106,12.528400000000001,0.0,14.298,5.139200000000001,1.6928,8.8042,0.5758,12.0084,13.435599999999999,13.4146,1719.0200083009058,0,96.41711426000006
2022-02-06_Dortmund_Leverkusen,2022-02-06,15:30,Bundesliga,Matchweek 21,Sun,2022,2.0,5.0,Dortmund,Leverkusen,Away Win,1833.15686035,1,15.0,2.9524,1.0156,1.83496,1.4139400000000002,58.480599999999995,14.695,5.0708,37.383359999999996,1.65912,0.121438,3.8964,1.0921600000000002,0.07655999999999999,10.649999999999999,32.9856,1.35716,1.5044399999999998,10.51,1.284,41.634,9.085799999999999,10.9008,1.8828,14.8316,5.0847999999999995,5.3468,16.3404,2.9768,25.91,30.489199999999997,19.887,1707.9564692396962,1762.12548828,1.798,2.011,2.21576,1.4662600000000001,50.9654,14.2424,5.558,39.866659999999996,1.6423800000000002,0.121082,5.2838,1.61672,-0.3942800000000001,13.8468,28.339000000000002,1.4617,1.27814,10.5794,0.9954000000000001,35.6138,6.7156,9.923,1.9984000000000002,15.000800000000002,5.5762,2.7364,16.316200000000002,2.8274,25.3578,24.7344,21.711199999999998,1718.611984132288,2,71.03137207000009
2022-02-11_Koln_RB Leipzig,2022-02-11,20:30,Bundesliga,Matchweek 22,Fri,2022,3.0,1.0,RB Leipzig,Koln,Home Win,1783.0168457,1,20.0,2.2398,1.274,2.3971,0.85742,61.845200000000006,14.430399999999999,5.103199999999999,34.112179999999995,2.22498,0.154238,3.2744000000000004,0.97646,-0.29754,5.4963999999999995,42.243,1.8108199999999999,1.9053000000000002,10.817,3.1754,51.482,14.1004,16.128999999999998,2.0986000000000002,20.455799999999996,6.463,4.0156,21.536,1.3538,26.8446,31.933999999999997,17.5522,1668.9692397939718,1653.68566895,2.0794,1.442,1.6938000000000002,1.502,52.907,11.935599999999999,4.792999999999999,39.75894,1.6938000000000002,0.15589,4.8298000000000005,1.44548,0.003479999999999997,15.7074,24.5672,1.31868,1.1682599999999999,8.0806,3.4026,36.42659999999999,8.6996,15.6602,1.2418,22.037799999999997,4.3886,3.2528,13.0986,2.6242,19.9898,19.128,13.558,1625.06084570333,0,129.33117674999994
2022-02-12_Bayern Munich_Bochum,2022-02-12,15:30,Bundesliga,Matchweek 22,Sat,2022,4.0,2.0,Bochum,Bayern Munich,Home Win,1592.2130127,1,15.0,1.2066,1.0244,1.19138,1.27662,47.498,12.154999999999998,4.279400000000001,36.42646,1.06678,0.081588,4.8156,1.3109199999999999,0.2865200000000001,18.863400000000002,25.360800000000005,0.72404,0.77974,8.693200000000001,2.0098,28.2894,6.103,15.3978,0.822,16.8078,1.962,1.6288,12.671600000000002,3.0574,20.3754,16.6822,13.2972,1700.851283932964,2018.89648438,3.5392,0.9206,3.5047800000000002,0.9546199999999999,61.3102,23.058,10.2782,41.86842,3.36238,0.142312,2.5382000000000002,0.6511399999999999,-0.26946000000000003,8.8104,48.4352,2.9400399999999998,2.97914,18.8598,1.981,69.4388,17.596,12.252600000000001,3.0496,18.4964,8.0988,6.234,31.211399999999998,2.7894,40.8318,39.6054,22.107999999999997,1662.0012138185639,0,-426.6834716799999
2022-02-12_Eint Frankfurt_Wolfsburg,2022-02-12,15:30,Bundesliga,Matchweek 22,Sat,2022,0.0,2.0,Eint Frankfurt,Wolfsburg,Away Win,1739.52856445,1,15.0,1.8477999999999999,1.664,1.6208000000000002,1.3545600000000002,51.089,14.911,5.166,34.122800000000005,1.6208000000000002,0.112772,5.1432,1.7870000000000004,0.12300000000000003,12.867399999999998,31.8342,1.07138,1.1084999999999998,10.913,2.8916,45.1836,7.231999999999999,10.607800000000001,1.589,24.413800000000002,7.271,3.3396,16.416,3.7326000000000006,26.650599999999997,24.257999999999996,22.166800000000002,1701.176546629948,1658.2277832,0.3204,2.3538,0.91006,1.6980600000000001,50.202600000000004,11.612400000000001,2.5886,23.37986,0.91006,0.087216,4.3648,1.79532,-0.38048,13.9158,21.907000000000004,0.71908,0.8121400000000001,7.3862000000000005,1.504,35.184200000000004,6.627599999999999,15.3132,0.6022,17.6978,3.4566,0.6408,12.5364,2.0500000000000003,19.1402,15.8554,16.5026,1728.549719801378,2,81.30078125
2022-02-12_Freiburg_Mainz 05,2022-02-12,15:30,Bundesliga,Matchweek 22,Sat,2022,1.0,1.0,Freiburg,Mainz 05,Draw,1706.00146484,1,15.0,1.5015999999999998,1.3138,1.71082,0.82154,49.071999999999996,16.2448,4.3978,27.686059999999998,1.42996,0.09271399999999999,4.1458,0.9452,-0.36860000000000004,16.082,29.0656,1.1367,1.47834,11.6006,2.9842,43.1526,11.312199999999999,8.3226,1.6618,22.1476,6.465,2.317,21.2346,3.0343999999999998,29.1914,28.6614,11.4388,1669.8182649176242,1677.29589844,0.8022,2.2418,0.87032,1.64378,46.1084,11.318600000000002,3.9428,40.132220000000004,0.87032,0.091488,5.2774,2.04374,0.046140000000000014,14.1692,30.1244,0.7856799999999999,1.1194000000000002,9.3736,2.4664,39.004000000000005,7.058800000000001,10.0454,0.0,17.673000000000002,4.433200000000001,1.4264,15.794799999999999,1.7612,20.3262,20.561,12.1682,1735.3379470716,1,28.705566399999952
2022-02-12_Augsburg_Gladbach,2022-02-12,15:30,Bundesliga,Matchweek 22,Sat,2022,3.0,2.0,Gladbach,Augsburg,Home Win,1682.68688965,1,15.0,1.5004,2.5894,1.6824800000000002,2.27654,58.075,15.695,6.220599999999999,39.94042,1.52424,0.103134,6.007199999999999,2.4754199999999997,-0.11397999999999997,12.2048,29.3962,1.01644,1.2396600000000002,11.107599999999998,1.3736,41.4652,9.2446,17.581400000000002,0.9028,14.479,5.1158,2.5202,20.511999999999997,2.5096,28.0182,24.2624,15.5688,1696.7447952171058,1609.86804199,0.9802,2.0406,1.13612,1.63744,41.9176,13.4056,4.3448,32.23108,1.13612,0.086142,5.402,1.7684000000000002,-0.27219999999999994,16.9844,22.383200000000002,0.77766,1.16662,9.602,3.3822,30.7356,8.1666,12.1286,1.5302,17.532400000000003,4.7623999999999995,1.1822,16.7112,2.2984,21.961199999999998,21.0036,12.521799999999999,1667.047485597238,0,72.81884766000007
2022-02-12_Leverkusen_Stuttgart,2022-02-12,18:30,Bundesliga,Matchweek 22,Sat,2022,4.0,2.0,Leverkusen,Stuttgart,Home Win,1780.71179199,1,18.0,3.4624,1.2573999999999999,2.24134,1.53692,58.77419999999999,16.7896,8.694,51.93472,2.24134,0.14241,5.6018,1.09788,-0.15952,11.7728,33.2198,1.8664800000000001,1.7936200000000002,13.639399999999998,2.6066000000000003,48.3566,11.4134,10.167800000000002,4.8108,17.9974,7.6358,6.5026,21.4602,2.4752,29.367400000000004,30.9946,25.356199999999998,1633.646822193328,1604.72753906,0.5162,1.0066,1.03992,1.60358,49.443200000000004,10.0534,2.0564,20.901939999999996,0.89752,0.07855599999999999,3.5227999999999997,0.8668600000000001,0.10446,13.8522,28.4884,0.72594,0.9424400000000002,7.7974000000000006,1.642,32.79259999999999,5.852799999999999,12.95,1.1179999999999999,16.525000000000002,3.044,0.8544,12.779,1.3556,17.5512,16.860599999999998,19.68,1678.259110792062,0,175.9842529299999
2022-02-12_Greuther Furth_Hertha BSC,2022-02-12,15:30,Bundesliga,Matchweek 22,Sat,2022,2.0,1.0,Greuther Furth,Hertha BSC,Home Win,1555.50683594,1,15.0,1.147,1.2054,0.83588,1.9601199999999999,42.7588,8.4424,3.5138,42.25702,0.83588,0.09584000000000001,5.282,1.78448,0.73928,20.644599999999997,22.407400000000003,0.7097199999999999,0.55874,5.594200000000001,0.38,31.9264,4.2462,13.175,0.7326,12.297,4.290800000000001,1.241,8.8058,1.2166000000000001,13.5536,16.605000000000004,11.4058,1660.2162463863942,1615.09326172,0.3956,1.9512,0.5375800000000001,1.74066,46.7438,7.756200000000001,2.3272000000000004,27.24414,0.5375800000000001,0.066108,4.8946,1.6442999999999999,-0.3069,17.3412,24.4558,0.49338,0.65052,5.734,1.536,31.0074,4.9626,16.6408,0.5824,16.049400000000002,3.6258,0.7912,9.8802,1.8498,13.7932,12.6008,13.599000000000002,1666.0259070335883,0,-59.58642578000013
2022-02-13_Arminia_Hoffenheim,2022-02-13,17:30,Bundesliga,Matchweek 22,Sun,2022,2.0,0.0,Hoffenheim,Arminia,Home Win,1701.11169434,1,17.0,2.2,1.5062,1.9709,1.1447200000000002,54.2304,16.224800000000002,5.2097999999999995,33.81826,1.9709,0.12601600000000002,2.6708000000000003,1.1756,-0.08639999999999998,11.7728,35.2,1.57312,2.0270799999999998,11.794,3.1324000000000005,49.355199999999996,11.8206,11.3438,1.4044,24.3732,6.949400000000001,3.6222,20.7738,3.032,27.4444,32.784,14.7078,1731.7520352297681,1555.50683594,1.3235999999999999,0.9558,0.83256,1.88454,35.019,8.9254,3.1112,42.36184,0.83256,0.11526,6.465400000000001,1.8065,0.8507,22.755999999999997,21.380200000000002,0.46406,0.65534,5.8644,1.2351999999999999,22.895,5.0706,9.4324,0.7558,12.5596,4.4324,1.7631999999999999,11.0654,1.022,14.2026,16.6848,10.696,1771.421389696546,0,145.6048584
2022-02-13_Dortmund_Union Berlin,2022-02-13,15:30,Bundesliga,Matchweek 22,Sun,2022,0.0,3.0,Union Berlin,Dortmund,Away Win,1691.99780273,1,15.0,1.5604,1.243,1.57702,1.3198800000000002,43.548,13.4528,4.4984,37.37426,1.57702,0.126056,3.5468,1.15448,0.15567999999999999,16.266,20.529,1.1653,1.1245800000000001,9.833,2.4618,26.4268,6.1168000000000005,11.6488,1.6764000000000001,19.2182,4.0754,2.481,14.491600000000002,2.3076000000000003,22.107200000000002,22.796400000000002,11.1656,1764.65329492413,1814.57055664,2.4462,1.8596,1.86532,1.4248,57.2114,13.351400000000002,5.2274,41.55192,1.7371599999999998,0.17993599999999998,4.476,1.38124,-0.47836,13.1776,33.7618,1.44072,1.5297200000000002,10.0886,2.7508,44.59259999999999,8.244,12.225,2.2156000000000002,21.605600000000003,7.9308,3.5688,17.2158,2.5911999999999997,23.2568,28.9486,21.792,1692.0865697505199,2,-122.57275390999985
2022-02-18_Leverkusen_Mainz 05,2022-02-18,20:30,Bundesliga,Matchweek 23,Fri,2022,3.0,2.0,Mainz 05,Leverkusen,Home Win,1679.40368652,1,20.0,2.1936,0.1602,1.8262800000000001,1.27658,49.2788,14.425999999999998,4.842,32.170919999999995,1.63092,0.11716200000000002,2.6106000000000003,0.57264,0.41244,13.710799999999999,29.6298,1.3995400000000002,1.0487,9.8176,3.1868,36.1172,9.1168,12.5246,0.6617999999999999,20.341199999999997,5.4198,3.5427999999999997,16.9944,2.0104,23.4062,22.562399999999997,12.9024,1658.593994652208,1785.07434082,2.6950000000000003,2.154,2.33846,1.61938,46.873000000000005,13.9628,5.8908000000000005,44.12966,1.8224,0.14195200000000002,5.4996,1.80802,-0.10177999999999995,13.9504,23.500200000000003,1.5421,1.3036,9.977599999999999,1.4842,30.2592,6.9324,8.8214,1.7986,14.4682,5.6186,3.8838000000000004,15.5408,2.6006,24.2786,24.9382,19.9308,1758.8471386483202,0,-105.67065430000002
2022-02-19_Augsburg_Freiburg,2022-02-19,15:30,Bundesliga,Matchweek 23,Sat,2022,1.0,2.0,Augsburg,Freiburg,Away Win,1604.81237793,1,15.0,1.5823999999999998,1.1118000000000001,1.477,1.9878200000000001,41.3576,10.670200000000001,3.9592,36.5414,1.17636,0.10783799999999999,3.9604,1.6227,0.5109,18.4918,23.521,0.7735,0.78926,8.1532,2.3296,28.926600000000004,6.4224000000000006,13.4988,0.8617999999999999,21.452599999999997,5.517,1.8022,13.011399999999998,1.682,17.355600000000003,18.575200000000002,13.085400000000002,1764.770331541236,1703.99121094,1.4480000000000002,1.6636,1.3145599999999997,1.4444000000000001,46.397600000000004,12.8138,4.969200000000001,43.74774000000001,1.3145599999999997,0.115876,4.5576,1.2577200000000002,-0.40588,13.154800000000002,28.0596,0.81004,1.21148,9.2202,2.5206,35.226,9.0942,12.445799999999998,1.8377999999999999,16.9966,4.642,2.6762000000000006,13.9244,3.1350000000000002,21.654,21.7434,9.6892,1694.6958910405622,2,-99.17883301000006
2022-02-19_Eint Frankfurt_Koln,2022-02-19,18:30,Bundesliga,Matchweek 23,Sat,2022,1.0,0.0,Koln,Eint Frankfurt,Home Win,1648.27001953,1,18.0,1.0828,1.3954,1.26188,1.278,50.3562,12.441,3.9612000000000003,30.9552,1.26188,0.10980000000000001,4.1774000000000004,1.5343799999999999,0.13898,14.226400000000002,27.666400000000003,1.1382400000000001,1.24462,9.945,3.4742,40.451,9.9188,15.7872,0.0,24.3714,5.691,1.8452,17.383200000000002,1.613,22.5298,21.974600000000002,15.235399999999998,1746.95790261154,1723.88842773,2.2222,1.6378,1.75428,1.3661800000000002,46.6024,14.0444,4.791,34.60618,1.75428,0.1327,5.0354,1.694,0.056200000000000014,18.436,23.98,1.4603,1.07022,10.924199999999999,2.787,33.711999999999996,7.7948,10.1454,0.7558,19.5976,5.9848,4.124,18.0116,2.577,24.2214,20.7798,16.186799999999998,1659.60678395899,0,-75.6184082000002
2022-02-19_Bochum_Stuttgart,2022-02-19,15:30,Bundesliga,Matchweek 23,Sat,2022,1.0,1.0,Stuttgart,Bochum,Draw,1600.46264648,1,15.0,1.1648,2.6774,1.12072,1.65018,49.4324,12.6526,4.191800000000001,32.8575,1.12072,0.08918,6.3672,2.17602,-0.50138,12.43,26.3388,1.00338,1.03358,9.7756,0.9304,34.7198,6.0508,13.187999999999999,1.3956,14.9968,4.0764,2.1516,14.911800000000001,2.4736,22.514,20.5296,15.568999999999999,1769.8141921132342,1615.11584473,0.7782,1.3758,1.2783,1.3983400000000001,47.497400000000006,11.349,4.174799999999999,39.4292,1.10246,0.116544,4.4918,1.17726,-0.19854,15.9604,21.3694,0.76476,0.7336,8.392,1.9744000000000002,30.689,5.8044,14.173,1.5406,17.086199999999998,4.953799999999999,1.3122,14.6448,2.5204,20.5242,17.0544,10.686599999999999,1639.2149644042302,1,-14.653198249999832
2022-02-19_Hoffenheim_Wolfsburg,2022-02-19,15:30,Bundesliga,Matchweek 23,Sat,2022,1.0,2.0,Wolfsburg,Hoffenheim,Away Win,1673.9654541,1,15.0,1.5326,1.6742000000000001,2.00584,1.5298,48.102199999999996,14.7622,4.947,34.4306,2.00584,0.1481,4.199,1.60336,-0.07083999999999999,13.008799999999999,26.2252,1.52368,1.31996,10.3376,1.6598,31.958199999999998,7.475599999999999,11.7936,1.6154,18.1568,4.9394,2.821,16.5046,2.9738,26.9972,19.7938,17.198999999999998,1636.9247855707263,1708.37597656,1.9326,1.9822,1.7809599999999999,1.71916,56.153600000000004,15.5636,5.450799999999999,34.4259,1.7809599999999999,0.111842,5.8256,2.00748,0.02527999999999999,12.4754,35.9238,1.4352,1.51204,11.3998,3.6466000000000003,46.29339999999999,11.660599999999999,16.4022,0.7004,21.270599999999998,5.9323999999999995,2.9450000000000003,18.674799999999998,2.582,26.5088,25.85,20.5758,1683.309663378332,2,-34.41052246000004
2022-02-19_Arminia_Union Berlin,2022-02-19,15:30,Bundesliga,Matchweek 23,Sat,2022,1.0,0.0,Arminia,Union Berlin,Home Win,1555.50683594,1,15.0,1.5778,1.1822,0.77452,1.32046,43.084,12.7608,4.1436,33.17368,0.64636,0.049582,3.5645999999999995,1.00714,-0.17506,15.4118,24.4902,0.48238000000000003,0.5281,9.226799999999999,1.5735999999999999,29.738,5.739599999999999,10.4512,0.978,16.729200000000002,5.2744,2.9578,16.446399999999997,2.0916,21.1158,20.4644,14.7392,1642.311473827686,1681.88500977,1.0131999999999999,1.264,1.5576600000000003,1.39368,47.1778,12.280999999999999,4.296200000000001,35.390559999999994,1.38182,0.10837799999999999,5.4054,1.1432600000000002,-0.12074,12.4562,27.247600000000002,1.03452,0.7429,8.747399999999999,4.5698,39.161,8.959,10.970400000000001,0.736,22.048199999999998,4.6854000000000005,1.411,15.451799999999999,1.6642000000000001,20.803600000000003,21.738200000000003,13.6996,1640.782512059714,0,-126.37817382999992
2022-02-20_Dortmund_Gladbach,2022-02-20,17:30,Bundesliga,Matchweek 23,Sun,2022,6.0,0.0,Dortmund,Gladbach,Home Win,1824.78088379,1,17.0,2.8572,2.1350000000000002,1.86474,1.5734599999999999,62.2048,15.4908,5.308,35.10926,1.7065000000000001,0.11408599999999999,4.251,1.629,-0.2618,9.4314,37.592,1.18054,1.37634,10.8918,1.1556,47.4844,10.9632,10.9548,2.9156,16.102,5.709,4.3796,18.3926,2.3908,26.772799999999997,30.6614,21.451999999999998,1734.048735937792,1687.84020996,1.2198,2.0146,1.33914,2.0159800000000003,47.6968,14.023200000000001,4.536,35.54496,1.33914,0.105262,7.1462,1.9465800000000002,-0.06801999999999998,16.5056,25.202199999999998,0.75762,0.72676,8.8974,0.46399999999999997,33.757400000000004,5.656,17.700400000000002,1.2972000000000001,12.9454,5.2392,2.0638,17.349999999999998,2.5282,25.2308,22.5182,12.308600000000002,1743.7127961672559,0,136.94067382999992
2022-02-20_Bayern Munich_Greuther Furth,2022-02-20,15:30,Bundesliga,Matchweek 23,Sun,2022,4.0,1.0,Bayern Munich,Greuther Furth,Home Win,1996.23510742,1,15.0,2.2598,1.1059999999999999,2.5239599999999998,1.12088,63.339200000000005,21.6024,7.4962,34.646,2.5239599999999998,0.11829599999999998,3.6962,1.2019600000000001,0.09595999999999999,7.3,61.448800000000006,1.81676,2.5066200000000003,16.283,2.3072,70.123,14.3706,11.2044,3.7244,21.3036,6.1248000000000005,3.5892,29.0526,1.1926,37.069,44.3504,27.5548,1687.513146607124,1555.50683594,0.8617999999999999,3.8966,0.58704,2.04704,43.172,6.835600000000001,2.2840000000000003,33.817679999999996,0.39168000000000003,0.059628,6.739400000000001,2.7057599999999997,-1.1908400000000001,11.692599999999999,24.415799999999997,0.2899,0.46458,4.3336,1.5778,29.132600000000004,3.4838,11.8872,0.0,14.0124,5.0694,1.7235999999999998,8.4354,1.0066,12.451799999999999,13.4922,11.431399999999998,1702.428059376212,0,440.7282714800001
2022-02-20_Hertha BSC_RB Leipzig,2022-02-20,19:30,Bundesliga,Matchweek 23,Sun,2022,1.0,6.0,Hertha BSC,RB Leipzig,Away Win,1605.55334473,1,19.0,1.5162,2.0728,1.0668600000000001,2.0263799999999996,46.6858,11.967400000000001,4.3328,36.69392,1.0668600000000001,0.102886,6.7856,1.8532600000000001,-0.21954000000000007,18.334400000000002,20.3176,0.86362,0.8217,8.9848,1.714,34.3278,6.102600000000001,19.577600000000004,1.6486,14.536400000000002,4.9732,2.0944,13.7016,2.4454000000000002,20.14,18.2918,12.0542,1728.103023754762,1788.53015137,1.3038,1.6068,1.55892,2.138,54.982600000000005,9.559800000000001,3.0786,29.30946,1.38308,0.13972600000000002,5.6592,1.5372000000000001,0.17459999999999998,13.146799999999999,30.272,1.31446,1.62616,7.893400000000001,1.9494,36.125800000000005,7.93,16.021,2.3458,13.0502,3.3686,2.1436,13.671,0.642,17.1672,21.362199999999998,13.5366,1738.1017570799859,2,-182.97680664000018
2022-02-25_Hoffenheim_Stuttgart,2022-02-25,20:30,Bundesliga,Matchweek 24,Fri,2022,2.0,1.0,Hoffenheim,Stuttgart,Home Win,1710.33520508,1,20.0,2.18,1.3556,2.01056,1.2211800000000002,55.693200000000004,17.1466,5.4887999999999995,33.549800000000005,2.01056,0.12253,3.1362,1.18012,0.044319999999999984,12.328000000000001,33.8798,1.63698,2.4539,12.314599999999999,4.8286,48.6196,14.0364,10.600200000000001,1.9524,25.544999999999998,8.419599999999999,3.8042,22.6618,3.8171999999999997,29.965399999999995,35.4474,16.2462,1679.3158980480039,1593.07678223,0.8088,1.5943999999999998,0.9493999999999999,1.5899800000000002,46.8774,9.126999999999999,2.2508,26.5807,0.82124,0.085142,3.9148000000000005,1.50186,0.12726000000000004,16.986,25.8858,0.5635600000000001,0.81168,7.329199999999999,1.3336000000000001,32.6894,6.1558,12.754999999999999,0.8178,15.0396,2.3070000000000004,1.2132,12.700800000000001,0.9316,16.5748,15.997599999999998,17.314,1681.1068343262639,0,117.25842284999999
2022-02-26_Gladbach_Wolfsburg,2022-02-26,15:30,Bundesliga,Matchweek 24,Sat,2022,2.0,2.0,Gladbach,Wolfsburg,Draw,1674.27600098,1,15.0,1.5062,2.8188,1.65332,2.41064,57.967600000000004,14.948599999999999,5.2334000000000005,35.8543,1.51092,0.108382,6.7272,2.52082,-0.29798,12.0518,30.577599999999997,1.1403999999999999,1.69524,11.252600000000001,1.3362,42.5514,10.3528,17.2232,1.1126,13.9866,4.3274,3.0124,20.484,1.9702,27.295199999999994,26.8782,15.8678,1695.891093995282,1661.36474609,0.4884,1.83,0.9114,1.58496,45.62200000000001,11.018600000000001,2.0972,20.3746,0.74046,0.076402,4.228199999999999,1.4594799999999999,-0.21032,16.7544,19.7418,0.55858,0.56024,6.914999999999999,1.842,30.749200000000002,6.0882000000000005,15.082,0.3978,15.341999999999999,2.6342,0.4884,12.105999999999998,1.4124,18.261,14.5166,15.219600000000002,1756.178109277636,1,12.91125489000001
2022-02-26_Greuther Furth_Koln,2022-02-26,15:30,Bundesliga,Matchweek 24,Sat,2022,1.0,1.0,Greuther Furth,Koln,Draw,1555.50683594,1,15.0,1.0882,0.46399999999999997,1.17978,1.70018,41.1852,9.442599999999999,3.13,37.45498,0.9844200000000001,0.100584,4.8772,1.27024,0.8062400000000001,22.422,22.4106,0.8120400000000001,0.6949799999999999,6.234999999999999,0.1978,33.543,5.7867999999999995,12.680800000000001,1.6362,12.755600000000001,5.2386,1.2728000000000002,11.0348,1.0066,15.919599999999999,18.986400000000003,11.2888,1643.399135326936,1652.58239746,1.9714,1.8862,1.42694,1.4562,51.6068,11.3534,4.081,34.643139999999995,1.42694,0.131556,5.0352,1.60072,-0.28548,13.6272,21.736,1.16584,1.20024,7.828200000000001,3.5506,33.9418,8.2294,13.308,1.4618,20.9572,4.4056,3.1273999999999997,13.665199999999999,2.1734,19.302,18.4706,14.1022,1655.953172265542,1,-97.07556152000006
2022-02-26_Freiburg_Hertha BSC,2022-02-26,15:30,Bundesliga,Matchweek 24,Sat,2022,3.0,0.0,Freiburg,Hertha BSC,Home Win,1706.54760742,1,15.0,1.5956,1.1382,1.75298,1.128,49.8768,15.743599999999997,4.6022,29.356920000000002,1.50022,0.097768,3.9428,0.9586000000000001,-0.1796,16.061999999999998,24.8544,1.1186,1.3495599999999999,10.4312,2.209,36.6468,9.4834,8.558,1.5956,19.770400000000002,6.086,2.5736,20.146,2.7426,28.018800000000002,24.5792,9.7648,1660.8405282730241,1590.85705566,0.6002,1.956,0.9533600000000001,2.02286,50.0886,12.6086,3.5154,25.32064,0.9533600000000001,0.07038,5.1934,2.07148,0.11547999999999997,15.5532,30.027199999999997,0.8159000000000001,0.96732,9.855999999999998,2.5591999999999997,41.151799999999994,7.5084,15.355999999999998,0.38,19.119,4.64,1.2004,17.939,2.209,22.9374,17.7688,16.4694,1635.308216629322,0,115.69055176000006
2022-02-26_Mainz 05_Union Berlin,2022-02-26,15:30,Bundesliga,Matchweek 24,Sat,2022,3.0,1.0,Union Berlin,Mainz 05,Home Win,1669.15551758,1,15.0,1.116,1.1304,1.5825399999999998,1.2637200000000002,43.193,13.4956,3.6717999999999997,28.464399999999998,1.5825399999999998,0.125892,3.7922000000000002,1.03398,0.12338000000000005,15.151000000000002,24.1948,1.202,1.36632,9.9378,3.8808,31.9564,7.958600000000001,11.528000000000002,1.3204,20.9174,3.291,1.6562000000000001,14.3422,2.1768,22.228600000000004,24.0138,12.2376,1740.291289088836,1684.56872559,0.822,1.9734,1.22962,1.85122,43.3352,12.4756,4.0486,38.214439999999996,1.22962,0.108316,5.538,1.9149200000000002,0.16132,15.7056,24.71,0.94808,1.3761200000000002,9.9366,2.1756,37.26219999999999,6.6204,11.106,0.0,17.4176,3.8574,1.2396,16.5276,1.541,21.8828,21.1054,12.4516,1744.875274487818,0,-15.413208010000062
2022-02-26_Bayern Munich_Eint Frankfurt,2022-02-26,18:30,Bundesliga,Matchweek 24,Sat,2022,0.0,1.0,Eint Frankfurt,Bayern Munich,Away Win,1711.13757324,1,18.0,1.3746,1.8418,1.5154600000000003,1.4267800000000002,53.0902,15.6968,5.0935999999999995,32.787440000000004,1.5154600000000003,0.10172600000000001,4.7846,1.6462,-0.1956,12.7684,30.286200000000004,1.01098,1.0988200000000001,11.5544,2.0816,44.413000000000004,6.7882,11.3238,0.9976,25.5614,7.9765999999999995,2.4288,17.939799999999998,3.4152,28.0952,26.298,21.2856,1692.3547906967042,1992.89306641,3.5294,1.517,3.4452399999999996,1.1433399999999998,59.5612,23.284799999999997,9.650400000000001,39.120039999999996,3.31708,0.139964,3.317,1.1456,-0.3714,8.973400000000002,41.902,2.8092799999999998,2.7102999999999997,18.2296,1.4946,60.1866,15.250399999999999,11.9506,3.233,16.8168,8.0448,6.298799999999999,30.3462,2.7104,40.925399999999996,36.5262,21.1644,1655.883787697272,2,-281.75549317000014
2022-02-26_Arminia_Leverkusen,2022-02-26,15:30,Bundesliga,Matchweek 24,Sat,2022,3.0,0.0,Leverkusen,Arminia,Home Win,1771.4708252,1,15.0,3.9487999999999994,1.6199999999999999,2.23606,1.51202,61.815799999999996,18.4084,8.5688,47.50617999999999,2.23606,0.13096000000000002,5.009,1.2578199999999997,-0.36217999999999995,10.0418,40.5242,1.8154200000000003,2.14058,15.373199999999999,2.69,56.2798,12.3048,8.7416,4.5298,22.0812,8.3048,7.2734000000000005,24.333,2.9602,33.2146,35.567400000000006,25.620600000000003,1633.098860230228,1555.50683594,1.1912,1.2044,0.92582,2.06262,39.10079999999999,8.8328,3.5326,47.28174,0.92582,0.12971,6.4748,1.88354,0.67914,22.6922,23.872600000000002,0.59858,0.68306,6.3104000000000005,1.8442000000000003,27.622,5.7402,10.2218,1.7570000000000001,14.057,4.1448,1.5868,11.8238,0.7756000000000001,14.126400000000002,15.872,13.0126,1719.202534717862,0,215.96398926000006
2022-02-27_Augsburg_Dortmund,2022-02-27,17:30,Bundesliga,Matchweek 24,Sun,2022,1.0,1.0,Augsburg,Dortmund,Draw,1593.81762695,1,17.0,1.3800000000000001,1.3448,1.54024,2.1043600000000002,47.236,13.0336,4.1076,29.975360000000002,1.2696800000000001,0.09873,4.208600000000001,1.62926,0.28446,15.3798,24.078,0.92592,0.9112600000000001,10.224,2.9292000000000002,30.031399999999994,7.9336,12.7606,0.7756000000000001,25.779200000000003,7.507199999999999,1.822,16.605800000000002,2.7348,22.325,22.012999999999998,15.851199999999999,1711.650786547218,1805.6348877,2.5016,1.5294,1.8843800000000002,1.3014000000000001,57.7782,12.4392,5.1604,44.8392,1.8843800000000002,0.207136,3.5074,1.21776,-0.31164000000000003,14.5928,27.7594,1.52434,1.4046399999999999,9.347,1.8988,40.136799999999994,6.9542,14.8772,1.8498,18.6142,7.3492,3.5678,15.884600000000002,2.1878,21.8214,26.887999999999998,20.6798,1685.029577244344,1,-211.81726075000006
2022-02-27_Bochum_RB Leipzig,2022-02-27,15:30,Bundesliga,Matchweek 24,Sun,2022,0.0,1.0,Bochum,RB Leipzig,Away Win,1611.86022949,1,15.0,1.7744,1.2662,1.25552,1.29574,45.626999999999995,11.507000000000001,4.2074,38.33256,0.94802,0.075104,3.7248,1.4498799999999998,0.18368,17.1354,25.1128,0.72608,0.69852,8.0914,1.8088,30.679199999999998,7.1578,13.3044,0.8398,16.2386,2.1658,2.887,12.172,2.7074,19.316999999999997,18.4118,13.856,1776.911374120576,1806.58459473,2.6386000000000003,1.402,2.20444,1.7214599999999998,56.7492,12.0342,4.9686,39.296859999999995,1.8508400000000003,0.15761399999999998,4.9166,1.4114000000000002,0.22920000000000001,11.1344,33.1424,1.74024,2.04634,9.946000000000002,1.6102,37.057399999999994,9.7906,13.4886,3.1879999999999997,12.9008,5.1852,4.127,15.645800000000001,1.5546,21.4786,24.5888,13.7272,1712.868328541246,2,-194.72436524
2022-03-04_Arminia_Augsburg,2022-03-04,20:30,Bundesliga,Matchweek 25,Fri,2022,0.0,1.0,Arminia,Augsburg,Away Win,1555.50683594,1,20.0,1.3758,0.7756000000000001,0.7049799999999999,1.13426,43.6962,13.1172,3.9292000000000002,30.733179999999997,0.7049799999999999,0.054508,3.2198,0.74014,-0.035460000000000005,16.792,24.4734,0.52298,0.5397,9.6366,1.272,29.264,5.6214,12.1156,0.9802,15.535200000000001,5.347,2.5736,16.39,1.9382000000000001,21.6808,20.694399999999998,14.653400000000001,1636.174867701274,1598.23864746,1.2264,2.4250000000000003,1.2402,1.81468,41.3046,13.1326,4.510400000000001,33.97432,1.2402,0.09429599999999999,5.5062,2.0679,-0.3571,15.3648,20.791200000000003,0.96966,1.14554,10.2302,4.9532,29.5524,9.3708,11.7272,1.9656000000000002,18.5116,3.9094,1.7524000000000002,18.6494,1.9802,22.5652,19.9498,12.5694,1676.672515845994,2,-42.731811520000065
2022-03-05_Bochum_Greuther Furth,2022-03-05,15:30,Bundesliga,Matchweek 25,Sat,2022,2.0,1.0,Bochum,Greuther Furth,Home Win,1607.50561523,1,15.0,1.4527999999999999,1.2396,1.19554,1.0055,48.7592,13.198,3.742400000000001,29.0238,1.0197,0.076476,2.7314000000000003,1.02332,-0.21628000000000003,12.4614,29.0852,0.78554,0.77074,9.1914,1.872,34.8716,7.0302,11.531799999999999,0.7558,18.9332,3.1702000000000004,2.31,14.229000000000003,3.3692,22.136200000000002,20.1566,13.9146,1776.344838160094,1555.50683594,1.0198,3.907,0.69486,1.83494,38.026599999999995,7.3846,2.644,36.70942,0.51902,0.07087399999999999,6.433,2.43124,-1.23156,13.721,22.2204,0.30532,0.40486,4.156,1.6199999999999999,26.965600000000002,3.4354,12.8752,0.0,12.4692,4.5298,2.0396,8.0476,0.8617999999999999,12.450800000000001,11.4452,11.2998,1768.715391773094,0,51.99877929000013
2022-03-05_Union Berlin_Wolfsburg,2022-03-05,15:30,Bundesliga,Matchweek 25,Sat,2022,1.0,0.0,Wolfsburg,Union Berlin,Home Win,1663.07409668,1,15.0,1.4793999999999998,1.5626,1.89758,1.41146,50.666799999999995,14.541799999999999,4.9082,34.730180000000004,1.89758,0.139964,3.6024,1.36234,-0.20026,11.942599999999999,28.8892,1.4436200000000001,1.27912,10.159600000000001,1.4938,38.012,8.104800000000001,13.2794,2.0422000000000002,17.6202,4.657,2.739,16.654200000000003,2.8764,26.365,19.614399999999996,14.560400000000001,1627.790488524724,1679.41052246,0.9117999999999999,1.2376,1.4197800000000003,1.34872,47.5398,11.332,3.734,33.40934,1.26154,0.105098,4.9206,1.0857,-0.15189999999999998,12.587,25.1046,0.92898,0.59886,8.3844,3.7478000000000002,36.594,7.954,9.9524,0.5182,20.613599999999998,4.1844,1.2698,15.029999999999998,1.3536000000000001,19.1256,19.7342,14.2738,1632.2491209223522,0,-16.336425780000127
2022-03-05_Bayern Munich_Leverkusen,2022-03-05,15:30,Bundesliga,Matchweek 25,Sat,2022,1.0,1.0,Bayern Munich,Leverkusen,Draw,1995.64111328,1,15.0,2.8664,1.2396,2.3938800000000002,1.1609,65.52640000000001,21.1538,7.402399999999999,35.05166,2.3938800000000002,0.11402399999999999,4.0592,1.37482,0.13521999999999998,8.390799999999999,61.126599999999996,1.64974,2.69366,15.089599999999999,1.8439999999999999,68.3476,14.345199999999998,12.705200000000001,3.552,20.764,5.103,4.407,28.614800000000002,1.1292,35.997,41.8642,27.4992,1674.312001148322,1777.63806152,2.4814,2.527,2.1468800000000003,1.4609200000000002,50.5366,12.689400000000001,6.19,55.395739999999996,1.68246,0.1432,5.7379999999999995,1.85254,-0.45466,14.4996,25.2476,1.4734399999999999,1.3997400000000002,9.391200000000001,1.3357999999999999,30.233,6.8832,10.7488,0.9978,15.2304,5.256600000000001,3.6071999999999997,14.5214,2.3404,22.240800000000004,24.188,18.860599999999998,1734.314803417632,1,218.00305175999983
2022-03-05_Freiburg_RB Leipzig,2022-03-05,15:30,Bundesliga,Matchweek 25,Sat,2022,1.0,1.0,RB Leipzig,Freiburg,Draw,1810.93920898,1,15.0,2.6042,0.9581999999999999,2.1608400000000003,0.7896,59.5064,12.722,5.137,43.38382,2.12128,0.16679,2.8585999999999996,0.71136,-0.24684000000000003,8.0332,38.122400000000006,1.7141199999999999,1.6505400000000001,9.27,2.5252,45.8166,11.8924,15.0836,1.9445999999999999,16.0818,6.0282,4.7908,18.6076,1.0742,23.4852,28.4214,17.02,1650.38264882855,1713.74047852,1.6474,1.453,1.3542800000000002,1.40992,44.483999999999995,12.4118,4.107200000000001,39.45956,1.3542800000000002,0.12017,4.2134,1.0477400000000001,-0.40525999999999995,16.458,25.7356,0.6937,1.0017399999999999,8.189,1.936,32.2646,7.7756,10.991999999999999,1.654,14.3344,4.1454,2.6086,13.455400000000001,2.5448,20.403,18.3416,8.8994,1688.6897828130918,1,97.1987304600002
2022-03-05_Gladbach_Stuttgart,2022-03-05,18:30,Bundesliga,Matchweek 25,Sat,2022,3.0,2.0,Stuttgart,Gladbach,Home Win,1591.25390625,1,18.0,1.0042,2.5096,1.25842,1.8581400000000001,51.4312,14.285,5.0494,34.081900000000005,1.25842,0.09403,5.986199999999999,2.12158,-0.38802,12.6432,26.2928,1.1428200000000002,1.14558,10.7632,1.0816,35.3684,6.578200000000001,13.3252,1.6002,15.1856,4.413,1.3598,16.374200000000002,3.203,25.3696,21.686,17.7542,1745.875312378118,1672.56665039,0.9536,2.7016,1.28082,2.54042,47.7836,12.2676,4.3382,39.6863,1.28082,0.112944,7.5758,2.62126,-0.08033999999999997,13.436,23.6732,0.81512,0.8750399999999999,8.6636,0.9059999999999999,34.9032,6.7114,17.8304,1.1234,12.706999999999999,5.3596,1.569,14.941,2.6196,22.2896,24.0642,12.8104,1781.166293188988,0,-81.31274413999995
2022-03-05_Eint Frankfurt_Hertha BSC,2022-03-05,15:30,Bundesliga,Matchweek 25,Sat,2022,1.0,4.0,Hertha BSC,Eint Frankfurt,Away Win,1583.66418457,1,15.0,1.3204,3.3306,0.91598,2.58182,42.157,9.8406,3.7227999999999994,39.46608,0.91598,0.10992000000000002,8.5486,2.71788,-0.61272,16.691599999999998,17.512,0.72748,0.66534,7.3446,1.7426,29.4908,5.171399999999999,17.366400000000002,2.1722,11.663999999999998,4.3431999999999995,1.8408,11.7014,1.5799999999999998,16.6426,14.579,10.6396,1767.737611865452,1708.38952637,1.7116,1.7182,1.55228,1.2963,46.7188,13.2074,3.791,28.27224,1.55228,0.119658,5.9086,1.60692,-0.11127999999999998,17.783,24.17,1.3598,1.11086,10.6318,2.9965999999999995,35.282399999999996,8.192,10.5192,1.0244,19.282,6.275,3.4232,16.4894,2.9078000000000004,22.7224,20.1016,15.0028,1647.282181615302,2,-124.72534180000002
2022-03-06_Hoffenheim_Koln,2022-03-06,17:30,Bundesliga,Matchweek 25,Sun,2022,0.0,1.0,Koln,Hoffenheim,Away Win,1649.90478516,1,17.0,0.642,1.1116000000000001,1.20242,1.15248,52.4182,12.208599999999999,4.221,34.22658,1.20242,0.103934,3.527,1.2667000000000002,0.1551,14.048,26.767000000000003,1.1243999999999998,1.1292200000000001,10.0506,3.6268000000000002,41.3268,10.6596,15.564400000000001,0.4884,24.4902,5.7661999999999995,0.7956,17.212600000000002,1.7957999999999998,21.856,23.0098,14.623400000000002,1741.8606765125462,1716.56408691,1.3626,1.5956,1.3924200000000002,1.7549200000000003,54.173,13.6654,4.2964,32.31614,1.3924200000000002,0.10456599999999999,5.6988,1.8302,0.23460000000000003,13.693,34.242799999999995,1.13334,1.39552,10.0506,3.5820000000000003,46.3172,10.761999999999999,15.008399999999998,0.1978,20.2548,4.3856,2.3296,17.054000000000002,1.9911999999999999,23.739400000000003,23.046400000000006,20.7506,1699.4524034411238,2,-66.65930174999994
2022-03-12_Freiburg_Wolfsburg,2022-03-12,15:30,Bundesliga,Matchweek 26,Sat,2022,3.0,2.0,Freiburg,Wolfsburg,Home Win,1719.52636719,1,15.0,2.0244,0.736,1.9818800000000003,1.1885000000000001,52.852199999999996,15.813400000000001,4.3978,27.793639999999996,1.67438,0.11352600000000002,3.316,0.86068,0.12467999999999999,14.9906,27.4786,1.17882,1.5532000000000001,10.188,2.7206,39.8564,10.211599999999999,9.6234,1.2918,21.102600000000002,6.0774,3.0046,20.3638,2.1358,28.1052,27.2396,13.483799999999999,1635.5729389162739,1672.27880859,0.9279999999999999,1.7027999999999999,1.06122,1.8395,40.999,9.219,2.3758,26.468300000000003,0.9073599999999999,0.11771799999999999,5.6706,1.9063200000000002,0.20351999999999998,18.3328,19.4116,0.81576,0.67632,7.1118,2.2462,28.632,5.8351999999999995,13.376,0.8464,13.421600000000002,2.6266000000000003,1.1722000000000001,11.3628,1.327,16.093,11.9464,12.811200000000001,1749.210291309606,0,47.24755860000005
2022-03-12_Bayern Munich_Hoffenheim,2022-03-12,15:30,Bundesliga,Matchweek 26,Sat,2022,1.0,1.0,Hoffenheim,Bayern Munich,Draw,1725.80102539,1,15.0,2.0178000000000003,1.1758,2.3146400000000003,1.2979,56.4888,18.1856,5.8284,32.14284,2.3146400000000003,0.13837,3.3667999999999996,1.2986,0.3206,10.653400000000001,36.153800000000004,1.92842,2.84016,12.9042,5.4226,54.071,14.798,11.8172,1.613,29.2302,9.1988,3.6795999999999998,24.281799999999997,3.6798,31.2994,38.154,16.3542,1647.495097047754,1996.80737305,2.988,1.077,3.2396999999999996,1.07576,62.568,23.777,10.1618,41.16978,3.2396999999999996,0.13363999999999998,2.6528,0.78598,-0.29102,8.0992,43.0648,2.7038399999999996,2.81894,18.383,1.5892,57.437000000000005,15.0692,13.953399999999998,3.3538,17.0234,8.3286,5.5804,30.532,3.6602,41.974199999999996,37.4264,20.3594,1644.0464979502678,1,-271.0063476600001
2022-03-12_Stuttgart_Union Berlin,2022-03-12,15:30,Bundesliga,Matchweek 26,Sat,2022,1.0,1.0,Union Berlin,Stuttgart,Draw,1674.02526855,1,15.0,1.4485999999999999,1.2615999999999998,1.45218,1.32388,44.7828,11.4482,3.3162000000000003,33.02582,1.45218,0.137954,3.3688000000000002,0.96502,-0.09878,14.658999999999999,26.25,1.1718,1.1987799999999997,8.722999999999999,4.0812,34.6006,8.095400000000001,12.2194,1.0,19.9374,2.441,2.1348000000000003,12.454400000000001,1.0939999999999999,18.7986,20.725999999999996,12.8908,1741.7067941915438,1602.00793457,0.6838,1.9234,1.09656,1.8496200000000003,46.4006,9.9468,2.57,27.11902,1.09656,0.102606,4.4118,1.70036,-0.025240000000000005,19.2414,24.3756,0.86906,0.9902599999999999,7.6404000000000005,1.156,30.999000000000002,5.751799999999999,13.223799999999999,0.9802,14.5468,2.3762,1.1478,12.7306,1.671,17.549799999999998,17.607,19.024,1684.8085384282301,1,72.01733397999988
2022-03-12_Gladbach_Hertha BSC,2022-03-12,18:30,Bundesliga,Matchweek 26,Sat,2022,2.0,0.0,Gladbach,Hertha BSC,Home Win,1665.63220215,1,18.0,1.8439999999999999,2.1602,1.9443,2.223,59.0594,17.351599999999998,6.7194,39.1321,1.8161399999999999,0.112312,5.5334,2.1003,-0.05990000000000004,11.6024,32.41759999999999,1.36502,1.9432199999999997,12.260200000000001,2.5236,45.471000000000004,11.3946,17.3008,1.3456,17.839199999999998,5.1714,3.6879999999999997,23.4222,2.029,30.796400000000002,30.221200000000003,13.9394,1686.56880603061,1575.49523926,0.5402,2.2046,1.1178400000000002,2.23918,46.9732,14.590200000000001,3.364,21.894499999999997,1.1178400000000002,0.073226,5.1739999999999995,2.50272,0.29812,17.2512,26.8624,0.92086,1.04272,11.036,2.5034,36.598,8.623000000000001,13.722600000000002,0.9304,17.1216,4.7762,1.0804,19.5878,2.5324,26.6402,20.8672,17.2114,1645.807372121288,0,90.13696288999995
2022-03-13_Koln_Leverkusen,2022-03-13,15:30,Bundesliga,Matchweek 26,Sun,2022,0.0,1.0,Leverkusen,Koln,Away Win,1785.93908691,1,15.0,3.2772,1.3138,2.12152,1.41518,64.3204,19.821,8.756,44.36334,2.12152,0.113004,4.808,1.1376,-0.1762,9.2932,45.8772,1.7662000000000002,2.48726,16.889400000000002,3.1094,64.9642,15.737400000000001,8.9674,4.765000000000001,23.2708,8.362599999999999,5.8926,27.750999999999998,2.0873999999999997,36.056000000000004,39.494600000000005,26.611800000000002,1625.337089795834,1644.48730469,1.8742,1.7975999999999999,1.27214,1.32288,52.6348,13.1716,4.2170000000000005,32.27336,1.27214,0.109864,5.1758,1.5250399999999997,-0.27255999999999997,14.585,24.3366,1.05158,1.18022,9.799,3.7956000000000003,37.4544,9.039,13.965599999999998,1.1714,22.6708,6.507,3.0145999999999997,15.508199999999999,3.1328,22.3022,21.9746,15.069,1645.910906567558,2,141.45178222000004
2022-03-13_Greuther Furth_RB Leipzig,2022-03-13,19:30,Bundesliga,Matchweek 26,Sun,2022,1.0,6.0,Greuther Furth,RB Leipzig,Away Win,1555.50683594,1,19.0,1.0794,0.6617999999999999,1.13182,1.4747999999999999,41.7434,10.7078,3.6054,35.24078,0.95598,0.083548,4.5012,1.1987999999999999,0.537,21.7708,22.934400000000004,0.7519999999999999,0.71874,6.744199999999999,0.4222,33.5536,5.652399999999999,13.5778,1.7167999999999999,15.0104,5.9916,1.3456,12.8734,1.1059999999999999,18.4024,19.2088,12.5134,1637.4231238034263,1808.97265625,2.4748,0.9734,1.95308,1.39858,53.9562,10.5658,4.2834,35.840039999999995,1.63484,0.153852,4.0922,0.9674400000000001,0.19183999999999998,12.6418,30.1102,1.5352999999999999,1.7487,8.974799999999998,1.505,35.0104,9.1234,14.5164,3.1134000000000004,9.6598,3.6576,3.9144,13.883799999999999,1.255,18.7008,20.690799999999996,14.098799999999999,1691.557984498118,2,-253.46582031000003
2022-03-13_Arminia_Dortmund,2022-03-13,17:30,Bundesliga,Matchweek 26,Sun,2022,1.0,0.0,Dortmund,Arminia,Home Win,1803.12353516,1,17.0,3.7481999999999998,1.7774,2.28898,1.4052200000000001,58.9654,14.5766,6.2540000000000004,42.81828,1.97564,0.135214,4.226,1.4784799999999998,-0.07912000000000002,9.9208,35.0026,1.40224,1.36426,10.370000000000001,0.7516,46.9358,9.6458,10.871,3.1124,14.3264,6.0706,5.9508,17.3442,2.1074,24.8652,27.852800000000002,20.886,1738.726231933132,1555.50683594,1.072,1.5282,0.8588,2.0808,36.504599999999996,8.8494,3.9118,50.684259999999995,0.8588,0.121738,6.8716,2.31032,0.78212,22.511400000000002,23.341,0.5687199999999999,0.6259,6.8118,1.6156,27.0274,5.477799999999999,9.8672,1.4372,10.1234,3.8860000000000006,1.428,11.8412,0.5538,14.413599999999999,13.309999999999999,12.423,1745.0854483914059,0,247.6166992200001
2022-03-13_Bochum_Eint Frankfurt,2022-03-13,17:30,Bundesliga,Matchweek 26,Sun,2022,2.0,1.0,Eint Frankfurt,Bochum,Home Win,1720.37792969,1,17.0,0.5162,1.6134,1.3529600000000002,1.6250399999999998,49.2508,13.140999999999998,3.819,27.645360000000004,1.3529600000000002,0.113762,6.0712,2.0455,0.43210000000000004,12.5914,26.7502,0.99988,1.05894,10.277999999999999,2.2176,42.983000000000004,6.853600000000001,10.847199999999999,0.7536,22.9076,6.658,1.0324,15.2598,3.1294000000000004,23.7902,23.526400000000002,19.68,1751.0938714600782,1613.98706055,0.9446,1.3381999999999998,1.5235,1.3064,47.247600000000006,9.8724,3.4806000000000004,37.3506,1.19432,0.125982,5.031000000000001,1.38814,0.29414,16.384999999999998,24.2744,0.8947999999999999,0.97444,7.9762,2.1212,31.1434,5.3356,13.023,1.0982,18.0104,3.4492000000000003,1.6694,13.0944,2.18,17.6324,16.860599999999998,11.7066,1610.8216421869122,0,106.39086913999995
2022-03-16_Dortmund_Mainz 05,2022-03-16,18:30,Bundesliga,Matchweek 25,Wed,2022,0.0,1.0,Mainz 05,Dortmund,Away Win,1677.79174805,1,18.0,2.5626,0.4884,1.74804,1.07592,48.1618,15.792399999999999,5.2902,33.1177,1.5722,0.10611999999999999,3.0938,0.66862,0.18022000000000002,11.798000000000002,31.8522,1.3095400000000001,1.1647399999999999,10.024000000000001,3.068,40.9768,9.9258,12.5604,0.5956,22.637,5.622000000000001,3.1442,18.4922,1.8652,24.8186,27.089799999999997,15.9308,1695.1174818599502,1804.69189453,2.3514,1.4764,1.51082,1.2368199999999998,57.968199999999996,10.7534,5.2444,50.68128,1.51082,0.183768,3.4566,1.27922,-0.19718000000000002,14.910400000000001,24.876199999999997,1.23004,0.99696,8.1588,1.953,36.6186,5.6494,15.7104,1.2322,15.945599999999999,5.6724,3.411,13.3334,1.2479999999999998,18.1672,20.3642,18.437199999999997,1674.17319863088,2,-126.90014647999988
2022-03-18_Bochum_Gladbach,2022-03-18,20:30,Bundesliga,Matchweek 27,Fri,2022,0.0,2.0,Bochum,Gladbach,Away Win,1611.46691895,1,20.0,1.7957999999999998,1.2156,1.30806,0.9604999999999999,46.941599999999994,13.4224,4.6448,34.99918,1.14982,0.08271200000000001,2.514,0.9321,-0.03929999999999999,12.2266,25.8258,0.72254,0.72482,8.5838,2.229,32.7308,6.827,12.988,0.536,19.961,3.4415999999999998,2.8114000000000003,14.494399999999999,2.7998,21.9784,22.382800000000003,15.6766,1736.54086533378,1673.62927246,1.2024,2.5874,1.19946,2.19484,46.7284,11.408,3.916,38.3148,1.19946,0.11265,7.085800000000001,2.02902,-0.55838,13.5806,20.687,0.7459399999999999,1.02406,8.2088,1.0596,34.0244,6.828600000000001,15.7054,1.9878,12.136000000000001,5.311800000000001,2.2446,13.425600000000001,2.6576,20.8392,21.936400000000003,10.931600000000001,1734.12063244729,2,-62.16235351
2022-03-19_Arminia_Mainz 05,2022-03-19,15:30,Bundesliga,Matchweek 27,Sat,2022,4.0,0.0,Mainz 05,Arminia,Home Win,1672.13623047,1,15.0,1.8738,0.6838,1.6199400000000002,1.06272,47.3012,15.169,4.4286,27.22632,1.4617,0.100622,3.7611999999999997,0.87036,0.18656,11.197199999999999,29.878600000000002,1.24414,1.2547799999999998,9.4332,3.2054,40.3886,9.389,12.548399999999999,0.536,21.3408,5.4155999999999995,2.253,18.2754,1.6904,23.6042,26.237000000000002,15.2378,1716.741744627654,1555.50683594,0.6764,1.6196,0.82848,2.13038,39.5492,10.318,4.1648,41.37964,0.82848,0.09104999999999999,6.3402,2.08162,0.4620200000000001,18.7204,28.011400000000002,0.57184,0.8330799999999999,8.3842,2.1866,31.973399999999998,7.8162,9.9688,1.6376,12.5854,4.5742,0.9968,14.4758,0.9868,18.112000000000002,17.3186,14.2224,1753.713808938608,0,116.62939453000013
2022-03-19_Bayern Munich_Union Berlin,2022-03-19,18:30,Bundesliga,Matchweek 27,Sat,2022,4.0,0.0,Bayern Munich,Union Berlin,Home Win,1992.70056152,1,18.0,2.5356,1.2156,2.31446,1.44224,66.351,20.7942,6.8738,32.922180000000004,2.31446,0.113062,3.5647999999999995,1.3128800000000003,0.34148,6.3100000000000005,58.4842,1.6824199999999998,2.6043200000000004,15.0806,2.5922,66.804,15.32,13.6116,4.2734000000000005,22.6414,5.2928,3.3895999999999997,28.685800000000004,1.1722000000000001,34.9764,41.778,28.8822,1698.418812572592,1672.28808594,0.6764,1.3579999999999999,1.45546,1.1773000000000002,49.483799999999995,13.5408,3.9048,30.41906,1.3130600000000001,0.098704,4.7284,1.0703600000000002,-0.04343999999999999,13.561,28.0364,0.9649200000000001,0.69224,9.667000000000002,4.649799999999999,42.395399999999995,9.0354,9.8688,0.178,27.378200000000003,5.487,0.8544,18.778399999999998,1.8066,23.108600000000003,22.4912,14.046600000000002,1645.3810061766999,0,320.4124755800001
2022-03-19_Hertha BSC_Hoffenheim,2022-03-19,15:30,Bundesliga,Matchweek 27,Sat,2022,3.0,0.0,Hertha BSC,Hoffenheim,Home Win,1570.6348877,1,15.0,1.0,3.686,0.7490399999999999,2.42918,43.5064,9.424,3.6064,39.73628,0.7490399999999999,0.095718,8.581999999999999,2.54166,-1.1443400000000001,16.278000000000002,19.2582,0.6270600000000001,0.71206,6.7776000000000005,1.8684000000000003,30.983200000000004,6.5194,16.7528,1.8108,13.507,4.497199999999999,1.4242,12.7522,1.3778,16.7342,16.086199999999998,10.0548,1745.405270215276,1733.04455566,1.1822,1.2918,1.71948,1.73942,51.2808,13.5988,3.8784,29.17424,1.71948,0.135298,5.2406,1.3843600000000003,0.09256,14.8448,30.3432,1.5784000000000002,1.5269,10.578,3.2354,43.9078,9.4646,14.275,0.4222,16.622,3.1818,2.0084,16.6602,2.1362,24.009600000000002,22.6856,20.4636,1683.127304589942,0,-162.40966795999998
2022-03-19_Freiburg_Greuther Furth,2022-03-19,15:30,Bundesliga,Matchweek 27,Sat,2022,0.0,0.0,Greuther Furth,Freiburg,Draw,1555.50683594,1,15.0,1.2156,2.0608,1.07742,1.56938,42.125,10.9136,3.3448,30.406820000000003,0.9191800000000001,0.08451600000000001,4.9394,1.5087,-0.5521,19.6402,23.241,0.7256,0.67684,7.0022,0.6242,32.477,4.8544,12.399000000000001,1.7892000000000001,12.9234,4.5272,1.4552,12.8626,0.9954000000000001,18.6712,15.5364,14.892200000000003,1683.6494137206719,1726.71899414,0.8617999999999999,1.5517999999999998,1.02818,1.2856400000000001,41.926,10.273000000000001,3.4198,46.07048,1.02818,0.110944,4.8246,1.17828,-0.37351999999999996,18.631,23.9408,0.4469,0.68086,6.805,1.6982,29.284200000000002,6.477,10.0718,0.9117999999999999,12.535599999999999,3.5424,0.8617999999999999,11.2122,1.9578,16.6558,13.779399999999999,7.9768,1713.067654223818,1,-171.21215819999998
2022-03-19_Augsburg_Stuttgart,2022-03-19,15:30,Bundesliga,Matchweek 27,Sat,2022,3.0,2.0,Stuttgart,Augsburg,Home Win,1606.88171387,1,15.0,1.3479999999999999,2.4586,1.51678,1.70466,52.4208,16.0542,5.821199999999999,35.33407999999999,1.51678,0.096186,5.255,1.9885,-0.4701,10.204600000000001,28.929000000000002,1.2318,1.3452,10.5868,1.706,38.3854,7.4972,11.9834,1.7844,14.690199999999999,4.1834,2.0122,17.802,2.9826,28.051199999999998,24.3036,19.476599999999998,1745.4521392338659,1611.57312012,1.0596,2.1824000000000003,1.1229200000000001,1.53782,44.193,11.798399999999999,3.7268000000000003,29.26724,1.1229200000000001,0.091866,4.767,1.88104,-0.30135999999999996,13.2538,22.854,0.84944,1.04772,9.0746,4.9022,30.7066,9.7664,11.9986,1.769,19.1374,3.1858,1.9213999999999998,17.4962,1.738,20.787799999999997,19.955,13.6336,1652.3691626477398,0,-4.69140625
2022-03-20_Eint Frankfurt_RB Leipzig,2022-03-20,15:30,Bundesliga,Matchweek 27,Sun,2022,0.0,0.0,RB Leipzig,Eint Frankfurt,Draw,1816.3626709,1,15.0,2.0112,0.9623999999999999,1.4135600000000001,0.6353,63.251,12.128800000000002,4.6466,41.93768,1.37796,0.12383000000000001,2.5844,0.5260400000000001,-0.43635999999999997,7.5858,45.5566,1.07362,1.4913,9.0104,2.861,49.918400000000005,13.7124,15.7194,1.4176,17.8712,5.537,3.6466,18.17,1.411,23.2598,29.4234,17.5742,1658.1633534439238,1733.89221191,2.2288,1.3579999999999999,1.47376,1.13456,47.6352,12.509800000000002,4.4444,34.94346,1.47376,0.11769,5.7177999999999995,1.30878,-0.04922,17.9814,24.629600000000003,1.2561200000000001,1.0909399999999998,9.8918,2.1759999999999997,34.754,6.8634,11.0998,0.7778,17.8442,6.735799999999999,4.2134,15.819400000000002,2.1844,21.440600000000003,19.4586,15.891,1623.0000729488202,1,82.47045899
2022-03-20_Dortmund_Koln,2022-03-20,19:30,Bundesliga,Matchweek 27,Sun,2022,1.0,1.0,Koln,Dortmund,Draw,1658.57458496,1,19.0,0.5778,0.9561999999999999,1.3287,1.53232,51.623400000000004,11.411000000000001,4.3432,37.4867,1.3287,0.12251800000000002,3.33,1.3344,0.3782,12.4778,26.7254,1.24848,1.2484,9.413,3.8084,40.076,10.5496,14.7312,1.4163999999999999,22.9554,4.8686,0.716,14.617,1.9604,19.0518,22.864800000000002,15.882000000000001,1756.77931039816,1813.13208008,2.072,0.8962,1.3676,1.1598600000000001,58.0718,10.7782,5.12,49.252880000000005,1.3676,0.165172,2.6342,1.04594,0.14974,14.7632,22.9028,1.1481599999999998,0.9195800000000001,8.1872,1.6694,31.420199999999998,5.3962,17.569399999999998,0.9206,15.374600000000001,5.6052,3.2698,12.4234,1.9558,18.8274,19.1186,16.240000000000002,1683.052690502224,1,-154.55749511999988
2022-03-20_Leverkusen_Wolfsburg,2022-03-20,17:30,Bundesliga,Matchweek 27,Sun,2022,0.0,2.0,Wolfsburg,Leverkusen,Away Win,1668.22290039,1,17.0,1.5756000000000001,1.1179999999999999,1.6136,1.3903400000000001,49.190799999999996,12.445799999999998,4.5732,37.2132,1.6136,0.12908,3.7864,1.1840199999999999,0.06601999999999998,17.9534,24.1724,1.2815600000000003,1.10026,8.9786,1.4002,33.4832,6.685,15.1934,1.6938,17.0934,4.935600000000001,2.4650000000000003,14.647,2.5004,22.6332,18.632,13.395,1640.3965853511838,1771.77270508,2.189,1.7975999999999999,2.1997799999999996,1.47482,45.2228,12.175799999999999,5.770800000000001,52.39352,1.89718,0.174508,5.375800000000001,1.6298400000000002,0.030040000000000025,16.015,21.327599999999997,1.56256,1.3465,8.6634,0.9138000000000001,25.8818,5.5738,10.8742,0.7538,12.565199999999999,4.6424,2.958,13.7806,1.962,20.1066,24.256999999999998,18.7744,1796.141628637132,2,-103.54980468999997
2022-04-01_Koln_Union Berlin,2022-04-01,20:30,Bundesliga,Matchweek 28,Fri,2022,1.0,0.0,Union Berlin,Koln,Home Win,1666.91638184,1,20.0,1.2596,1.2354,1.3272000000000002,1.2338,45.714,10.8266,2.8962,30.317819999999998,1.13184,0.11674000000000001,3.3318000000000008,1.01614,-0.04126000000000002,14.649,25.6248,0.89834,1.1112,7.297200000000001,4.0729999999999995,34.8728,7.8974,12.386,0.7558,20.087600000000002,2.2086,1.8772,11.0554,1.1846,17.9536,18.723000000000003,13.4342,1702.0058478533679,1659.00720215,1.4984,1.3294,0.82004,1.4306,49.5646,10.868599999999999,3.6628000000000003,36.16572,0.82004,0.08769,4.6697999999999995,1.5180799999999999,0.18868,16.136,21.916999999999998,0.67922,1.00802,8.6984,2.7952000000000004,36.532599999999995,7.8260000000000005,12.4274,1.0542,18.8526,5.1354,2.4806,13.515799999999999,2.5312,18.8654,20.224,14.5738,1674.872333031978,0,7.909179689999974
2022-04-02_Hertha BSC_Leverkusen,2022-04-02,15:30,Bundesliga,Matchweek 28,Sat,2022,2.0,1.0,Leverkusen,Hertha BSC,Home Win,1768.34240723,1,15.0,2.6609999999999996,1.1382,2.1782,1.1073600000000001,64.6858,19.194599999999998,7.3152,36.692840000000004,2.1782,0.120588,4.194599999999999,1.0429,-0.0953,7.7219999999999995,43.34479999999999,1.8572600000000001,2.44736,16.012,2.666,64.3094,15.3638,11.1686,4.1,23.8204,8.3704,4.7264,28.096800000000005,1.8344,35.394400000000005,37.123999999999995,26.4388,1616.270430226176,1587.18566895,0.1978,2.1842,0.96512,2.25294,47.119600000000005,13.898600000000002,2.895,20.0422,0.96512,0.065136,5.445,2.38246,0.19826,15.517000000000001,24.6336,0.77784,0.86426,10.7882,2.2088,36.5372,7.4838000000000005,13.017599999999998,0.8373999999999999,18.6862,5.0428,0.3956,18.0636,2.7234000000000003,24.8668,20.092200000000002,18.5672,1653.276909499114,0,181.1567382799999
2022-04-02_Bochum_Hoffenheim,2022-04-02,15:30,Bundesliga,Matchweek 28,Sat,2022,1.0,2.0,Hoffenheim,Bochum,Away Win,1711.42077637,1,15.0,1.916,1.1582000000000001,2.1955,1.68884,51.467600000000004,15.392400000000002,5.7014000000000005,40.631479999999996,2.1955,0.15651199999999998,4.0186,1.5197,0.5395,13.951,32.1754,1.8523199999999997,2.57636,10.8718,5.1802,49.5684,14.373800000000001,13.1008,1.3074,24.491000000000003,6.8486,3.5116,21.6114,2.1582,27.273600000000002,34.7198,15.1094,1727.883130519786,1598.36120605,0.6617999999999999,1.4044,1.33698,1.19718,47.078599999999994,8.8642,3.4884000000000004,43.84182,1.04072,0.126502,4.6396,1.39492,0.45452,14.960600000000001,26.189200000000003,0.76558,1.03586,7.101799999999999,2.0090000000000003,32.1504,5.0136,12.6762,0.5558000000000001,18.542,2.9716,1.1258,11.187199999999999,2.0178000000000003,15.383,17.939600000000002,11.4478,1638.648576171776,2,113.05957032000015
2022-04-02_Dortmund_RB Leipzig,2022-04-02,18:30,Bundesliga,Matchweek 28,Sat,2022,1.0,4.0,Dortmund,RB Leipzig,Away Win,1807.62646484,1,18.0,3.3292,1.167,2.37546,0.98864,60.698600000000006,16.028200000000002,5.7844,37.593259999999994,2.0934399999999997,0.134136,4.1592,1.11222,0.14301999999999998,10.417200000000001,34.546,1.48412,1.52318,11.2538,1.1648,49.549,11.2346,11.272400000000001,3.1452,14.725999999999999,5.8634,5.2674,19.840000000000003,2.3408,27.2088,28.5438,22.294999999999998,1654.103259155108,1810.30737305,3.5482000000000005,0.976,1.85562,1.1589,51.6978,10.709,5.0316,42.05634,1.56922,0.145256,3.7828,0.7753,-0.02269999999999997,12.0336,31.055,1.4940600000000002,1.76938,9.4214,1.7546,39.1074,10.6878,12.9114,2.8136,8.9404,2.6266,6.1648000000000005,13.2744,2.3504,19.3746,21.3774,13.9006,1670.970737525652,2,-2.680908210000098
2022-04-02_Eint Frankfurt_Greuther Furth,2022-04-02,15:30,Bundesliga,Matchweek 28,Sat,2022,0.0,0.0,Eint Frankfurt,Greuther Furth,Draw,1737.82897949,1,15.0,0.8088,1.6962,1.39766,1.64464,49.9132,13.226600000000001,3.8369999999999997,27.740600000000004,1.39766,0.11538800000000002,5.9642,2.02864,0.33243999999999996,11.911599999999998,27.6956,1.11316,1.1763000000000001,10.35,2.1958,44.5698,8.1774,11.795,0.7782,23.648799999999998,7.0362,0.885,14.500800000000002,3.6048,23.6664,26.2476,23.0744,1727.107897022398,1555.50683594,1.0178,2.9954,0.75304,1.63844,41.886199999999995,7.6904,2.4354,33.05186,0.5948,0.07899600000000001,6.345599999999999,1.9832800000000002,-0.79232,15.4468,22.830400000000004,0.33362,0.45761999999999997,4.1404,2.0464,27.501200000000004,4.2686,13.232,0.0,13.487400000000001,5.1094,1.5472,7.8986,1.0198,13.4266,13.7424,11.0698,1726.518537987422,1,182.32214354999996
2022-04-02_Arminia_Stuttgart,2022-04-02,15:30,Bundesliga,Matchweek 28,Sat,2022,1.0,1.0,Arminia,Stuttgart,Draw,1555.50683594,1,15.0,1.0939999999999999,0.7979999999999999,0.52472,0.9843,45.336,10.431000000000001,3.2036000000000002,29.341720000000002,0.52472,0.047732,2.7094000000000005,0.57518,-0.22282000000000002,14.671,22.4958,0.35092,0.5168999999999999,7.675199999999999,1.3448,28.584200000000003,6.1036,12.1042,0.738,16.3142,5.2682,2.0278,11.834600000000002,1.3117999999999999,16.3638,18.538800000000002,12.201799999999999,1626.6643162121302,1611.28552246,0.8595999999999999,1.831,1.17344,1.74258,48.3702,10.9174,2.9014,28.189460000000004,1.17344,0.102788,4.2706,1.7712199999999998,0.11822,19.1056,23.0728,0.9687,1.0245,8.5974,1.1404,29.1014,5.0882000000000005,15.8994,0.738,15.857400000000002,2.727,1.5213999999999999,14.2112,2.0924,19.4812,16.8464,17.0682,1690.170288085284,1,-55.778686520000065
2022-04-02_Bayern Munich_Freiburg,2022-04-02,15:30,Bundesliga,Matchweek 28,Sat,2022,1.0,4.0,Freiburg,Bayern Munich,Away Win,1719.50927734,1,15.0,2.2662,1.0066,1.7983600000000002,1.2717399999999999,51.622600000000006,15.8762,5.3347999999999995,33.906,1.6225200000000002,0.109732,3.6286,1.01554,0.008940000000000031,14.8474,26.742799999999995,1.11768,1.4458,10.125,1.8718000000000001,40.247800000000005,10.722999999999999,10.3378,1.1184,19.715400000000002,6.6022,3.2484,18.818,2.2222,26.529400000000003,26.6156,13.724,1626.835642602126,1992.99926758,2.2124,1.2134,3.11918,1.21028,63.3762,22.189799999999998,9.1246,39.63082,3.11918,0.14016,3.7084,1.12246,-0.09094000000000002,9.3986,45.4882,2.42598,2.69818,17.0794,2.1628,58.2578,14.429599999999999,14.0024,3.0742,20.4722,9.0166,3.8246,28.580800000000004,3.8826000000000005,39.1462,37.372,21.4678,1664.987241504022,2,-273.48999024
2022-04-03_Augsburg_Wolfsburg,2022-04-03,15:30,Bundesliga,Matchweek 28,Sun,2022,3.0,0.0,Augsburg,Wolfsburg,Home Win,1602.09631348,1,15.0,1.1978,1.022,1.1634200000000001,1.73762,43.805400000000006,11.520999999999999,3.7084,31.3328,1.03526,0.09553,4.3878,1.44214,0.42013999999999996,15.4298,23.0166,0.64264,0.69712,8.1598,2.0154,27.177,6.8752,12.6284,0.5538,20.7968,6.103199999999999,1.5956,13.570799999999998,2.9056,19.5624,20.9026,13.7244,1751.538560156284,1656.07275391,1.3235999999999999,1.6884000000000001,1.12836,1.45396,45.727,9.9296,3.0708,30.80348,0.9899,0.114066,5.7596,1.65946,-0.028939999999999966,16.1018,21.7682,0.8874599999999999,0.76196,7.1006,1.8332,31.787599999999998,5.995800000000001,13.5266,0.8617999999999999,15.332999999999998,3.1524,1.7875999999999999,12.979999999999999,0.6175999999999999,17.1604,13.5168,13.9068,1702.842391382862,0,-53.97644043000014
2022-04-03_Gladbach_Mainz 05,2022-04-03,17:30,Bundesliga,Matchweek 28,Sun,2022,1.0,1.0,Gladbach,Mainz 05,Draw,1681.6619873,1,17.0,1.8596,1.5116,1.9010399999999998,1.8155800000000002,57.876799999999996,16.0958,6.015,37.409679999999994,1.7056799999999999,0.109078,5.1358,1.7151399999999999,0.20353999999999997,13.9282,32.120000000000005,1.29968,1.76796,11.701799999999999,1.9387999999999999,44.635600000000004,9.89,16.7382,1.6994,16.346400000000003,4.377599999999999,3.7192,21.871000000000002,2.0262000000000002,29.308,30.176000000000002,15.954799999999999,1650.2420215826878,1680.52978516,0.8398,2.2202,1.23552,1.6795600000000002,46.2644,13.7376,3.3112000000000004,28.819080000000003,1.23552,0.100158,4.7074,1.93102,-0.09137999999999996,14.37,25.860200000000003,0.88444,1.3873600000000001,10.175600000000001,1.9138000000000002,37.6452,7.090999999999999,11.4838,0.4884,16.9876,4.6484000000000005,1.4598,17.8728,2.1194,23.8692,20.795,11.985800000000001,1685.851252930472,1,1.1322021399998903
2022-04-06_Augsburg_Mainz 05,2022-04-06,18:30,Bundesliga,Matchweek 26,Wed,2022,2.0,1.0,Augsburg,Mainz 05,Home Win,1616.42749023,1,18.0,1.6663999999999999,0.7756000000000001,1.26474,1.51522,44.333600000000004,12.3896,4.3142,35.72016,1.26474,0.110512,4.881600000000001,1.24256,0.46696000000000004,16.4636,21.394000000000002,0.8869800000000001,0.83392,8.532,1.6696000000000002,28.657000000000004,6.343399999999999,12.121199999999998,0.4984,19.0958,5.3602,2.5128000000000004,13.99,2.9150000000000005,20.2266,21.289,13.4076,1723.1096270275839,1681.88208008,1.0,2.0982000000000003,1.4649599999999998,1.6183400000000001,46.293800000000005,15.9056,4.701,30.99998,1.4649599999999998,0.10734999999999999,5.369199999999999,1.9211599999999998,0.0009600000000000025,12.4352,25.165,0.9680599999999999,1.41184,10.6462,2.0224,36.6944,6.7052,12.9006,0.6838,16.1236,5.0278,1.8022,17.3968,2.3958,26.267999999999997,20.915200000000002,11.398800000000001,1674.422101049276,0,-65.45458984999982
2022-04-08_Dortmund_Stuttgart,2022-04-08,20:30,Bundesliga,Matchweek 29,Fri,2022,0.0,2.0,Stuttgart,Dortmund,Away Win,1612.2097168,1,20.0,1.9458000000000002,1.9802,1.72932,1.2737200000000002,56.462599999999995,18.435,7.048399999999999,38.82154,1.72932,0.095568,3.976,1.26852,-0.7116800000000001,10.3722,33.964999999999996,1.4284000000000001,1.51604,12.1374,2.368,45.806,8.7686,13.8268,1.4176,19.4376,5.5744,3.032,20.352199999999996,3.4168,32.618399999999994,28.469,21.715,1673.101243775026,1791.94494629,1.6764000000000001,0.7624,1.23548,1.1106200000000002,54.26899999999999,9.014399999999998,4.187,46.69058,1.23548,0.16842000000000001,1.8940000000000001,0.91156,0.14916000000000001,16.1402,20.1732,1.1245,0.76786,6.914999999999999,0.6374,26.2524,3.7148,16.924,0.7844,11.8094,4.6796,2.8543999999999996,10.0624,1.5278,15.7052,14.802200000000001,12.888,1665.56924753264,2,-179.73522948999994
2022-04-09_Gladbach_Greuther Furth,2022-04-09,15:30,Bundesliga,Matchweek 29,Sat,2022,0.0,2.0,Greuther Furth,Gladbach,Away Win,1555.50683594,1,15.0,1.0939999999999999,1.8548,1.08406,1.43152,41.812599999999996,10.3336,2.966,27.534019999999998,0.94166,0.09239,4.8896,1.3445999999999998,-0.5102,21.2852,20.1542,0.76186,0.6203,6.8018,0.6617999999999999,28.878,4.7688,11.7264,1.6102,12.775,4.1742,1.3096,12.5318,1.24,17.5268,15.482400000000002,14.1588,1702.3338134269682,1680.30969238,1.4264,2.1844,,,48.2528,10.6344,4.0244,43.185,,,7.0771999999999995,,,,,,,,,,,,,11.722,,,,,,,,1705.7174714373218,2,-124.80285643999991
2022-04-09_Augsburg_Bayern Munich,2022-04-09,15:30,Bundesliga,Matchweek 29,Sat,2022,1.0,0.0,Bayern Munich,Augsburg,Home Win,1998.14147949,1,15.0,2.682,1.0939999999999999,2.2232399999999997,1.39802,67.7252,18.7728,6.1096,32.57046,2.0278799999999997,0.10943,3.8966,1.38248,0.50828,7.2674,50.1032,1.49998,2.19988,13.6632,2.4330000000000003,60.4654,14.1228,13.4828,4.190200000000001,20.5238,4.7752,3.5064,25.310000000000002,1.2992,31.327399999999997,36.351200000000006,25.7314,1694.3809598150638,1616.42749023,1.442,2.6966,1.08176,1.9067600000000002,41.06700000000001,11.0416,3.7540000000000004,31.98374,1.08176,0.095562,6.0994,2.17238,-0.52422,15.8264,17.808199999999996,0.8112199999999999,0.86316,8.246,4.2352,25.2988,8.7688,12.919800000000002,1.4478,16.205,2.1462,2.706,15.260200000000001,1.6199999999999999,18.7226,16.7966,10.663400000000001,1655.2221357924723,0,381.71398925999983
2022-04-09_Hertha BSC_Union Berlin,2022-04-09,18:30,Bundesliga,Matchweek 29,Sat,2022,1.0,4.0,Hertha BSC,Union Berlin,Away Win,1584.26867676,1,18.0,1.4884,2.8848000000000003,0.81856,2.20854,39.3278,10.07,3.99,40.48384,0.81856,0.094704,6.7143999999999995,2.08556,-0.79924,16.4502,18.887999999999998,0.6743600000000001,0.72086,7.388199999999999,1.8816,26.845000000000002,5.5908,15.468200000000003,1.4854,11.7706,2.8498,2.4586,12.5328,2.1726,17.6934,15.645199999999999,9.861,1758.1730042475342,1673.54711914,0.3204,1.9106,1.1648,1.48818,46.6698,11.889199999999999,3.4818,31.83858,1.03664,0.090182,4.567200000000001,1.3375,-0.3533,11.0424,25.002599999999997,0.8330799999999999,0.69744,8.9678,4.773199999999999,36.6722,8.920200000000001,9.5378,0.4044,25.708000000000002,4.7058,0.4806,17.235599999999998,1.6818,20.867800000000003,19.912000000000003,12.2,1715.037221532582,2,-89.27844237999989
2022-04-09_Koln_Mainz 05,2022-04-09,15:30,Bundesliga,Matchweek 29,Sat,2022,3.0,2.0,Koln,Mainz 05,Home Win,1652.37646484,1,15.0,0.62,1.1048,1.17608,1.61448,52.2938,11.514000000000001,3.7204000000000006,31.633920000000003,1.17608,0.108292,3.5854000000000004,1.38192,0.27712,11.941400000000002,27.0416,1.1183,1.06822,9.1274,3.7834000000000003,39.812799999999996,10.3504,15.346400000000001,1.2748,24.025000000000002,5.8026,0.6002,15.1876,1.476,18.9464,22.9666,15.261400000000002,1788.2985188699797,1681.88208008,1.0,1.8,1.71474,1.47792,52.190200000000004,17.933600000000002,4.8194,25.282259999999997,1.71474,0.101848,4.799799999999999,1.6207,-0.019099999999999985,11.9148,30.974200000000003,1.2187,1.5204,12.2234,2.4086,42.095,8.0882,13.343200000000001,1.1038,20.8718,6.090199999999999,1.822,19.6638,2.7446,29.4132,23.2864,13.444799999999999,1647.3803151591378,0,-29.505615239999997
2022-04-09_Arminia_Wolfsburg,2022-04-09,15:30,Bundesliga,Matchweek 29,Sat,2022,4.0,0.0,Wolfsburg,Arminia,Home Win,1641.74145508,1,15.0,1.1296,1.062,1.37476,1.0485200000000001,50.8574,11.880200000000002,4.1274,34.924859999999995,1.37476,0.11696000000000001,3.7636000000000003,0.8428,-0.21919999999999998,16.6936,27.217399999999998,1.1192,1.23232,9.2366,1.3602,36.7178,6.7164,15.795000000000002,2.3128,18.061,4.8538,1.6416,15.6148,2.5062,22.2046,19.3572,15.020800000000001,1675.6596644782421,1555.50683594,0.3204,2.146,0.65028,2.70782,38.9852,8.5886,3.0274,32.4399,0.65028,0.08161800000000001,6.4502,2.4596999999999998,0.3137000000000001,17.9038,25.4802,0.43814,0.69328,6.6482,1.3912,30.655199999999997,5.837000000000001,10.7044,1.3296,9.1316,2.6308000000000002,0.3204,12.154,0.5998,15.3824,12.815000000000001,13.4676,1738.5325744653198,0,86.23461913999995
2022-04-10_Hoffenheim_RB Leipzig,2022-04-10,19:30,Bundesliga,Matchweek 29,Sun,2022,3.0,0.0,RB Leipzig,Hoffenheim,Home Win,1821.17370605,1,19.0,1.81,0.5778,1.33452,0.50524,59.2544,12.1278,5.0704,44.12266,1.30248,0.11656,1.7492,0.22832,-0.34948,8.6362,40.6972,1.0230000000000001,1.3147600000000002,8.921199999999999,2.0982000000000003,47.39959999999999,13.1648,16.824399999999997,1.3758,13.968200000000001,4.274,3.2818,16.1672,1.5699999999999998,21.7924,29.160800000000002,17.040399999999998,1691.4585700928078,1697.11083984,0.7756000000000001,1.6068,1.45452,1.5657,54.97139999999999,11.597,2.6254,21.45498,1.45452,0.128886,4.884,1.35382,-0.25298,13.395199999999999,30.6202,1.4184799999999997,1.31884,9.6434,3.3560000000000003,45.3052,9.2738,12.894,0.38,17.3598,3.8962000000000003,1.2308,15.2406,1.8784,21.0458,21.4076,19.351999999999997,1644.421564820434,0,124.06286621000004
2022-04-10_Eint Frankfurt_Freiburg,2022-04-10,17:30,Bundesliga,Matchweek 29,Sun,2022,1.0,2.0,Eint Frankfurt,Freiburg,Away Win,1728.70422363,1,17.0,0.4396,1.0939999999999999,1.3490799999999998,1.3382800000000001,56.092,15.3018,4.1976,25.93824,1.3490799999999998,0.101198,4.7026,1.60296,0.50896,8.092600000000001,34.940599999999996,1.1407,1.3973,12.557,3.5414000000000003,50.727000000000004,10.59,13.9576,1.6772,27.711999999999996,7.9536,0.2198,18.8904,4.0328,28.6722,31.7162,26.9512,1673.160114308524,1712.04162598,0.7756000000000001,1.3966,1.04534,1.15614,46.14,11.177999999999999,3.3778,42.743539999999996,1.04534,0.104966,4.0096,0.9795200000000001,-0.41708,16.37,27.365000000000002,0.49662000000000006,0.62508,7.368599999999999,1.1958,32.7738,6.9292,10.9972,0.9206,16.6448,5.441599999999999,0.7756000000000001,11.158199999999999,2.3062,17.6782,14.9778,8.079,1679.5040983651697,2,16.662597649999952
2022-04-10_Bochum_Leverkusen,2022-04-10,15:30,Bundesliga,Matchweek 29,Sun,2022,0.0,0.0,Bochum,Leverkusen,Draw,1608.02038574,1,15.0,1.472,1.5823999999999998,,,47.4918,14.257,5.4572,38.59058,,,3.051,,,,,,,,,,,,,21.4302,,,,,,,,1730.8982756121923,1768.93383789,2.3142,1.3294,2.1086400000000003,1.29316,44.691,13.6118,5.8378,47.05088000000001,1.8362999999999998,0.15396400000000002,4.8498,1.18964,0.03824000000000001,16.790399999999998,21.9506,1.5495599999999998,1.33068,9.7622,1.5108000000000001,25.3726,6.1606000000000005,10.630799999999999,1.8994,12.2318,4.734,3.4945999999999997,16.277,1.4773999999999998,22.9588,23.343000000000004,16.511,1776.8880724107737,1,-160.91345215
2022-04-16_Gladbach_Koln,2022-04-16,18:30,Bundesliga,Matchweek 30,Sat,2022,1.0,3.0,Gladbach,Koln,Away Win,1680.48913574,1,18.0,1.7736,1.3162,1.90416,1.30938,57.0004,15.9418,6.2576,39.2743,1.72832,0.110052,5.0456,1.5197,0.20349999999999996,13.403,30.3984,1.4006,1.7011,12.164,1.7448000000000001,44.071600000000004,10.2332,17.7412,2.7504,15.046400000000002,3.9514,3.5472,21.8718,1.6352,28.3442,28.680999999999997,15.2152,1643.6464787851457,1652.91003418,0.916,1.2964,0.63826,1.432,53.214999999999996,9.228,2.5314000000000005,29.4184,0.63826,0.080596,4.4586,1.48628,0.18988,15.157599999999999,22.2694,0.4671,0.75418,6.7748,2.083,34.7816,5.9898,14.770800000000001,0.5162,18.622799999999998,5.0216,1.5116,11.6104,1.8454000000000002,15.959800000000001,16.017599999999998,15.6372,1679.3714619142,2,27.579101560000026
2022-04-16_Mainz 05_Stuttgart,2022-04-16,15:30,Bundesliga,Matchweek 30,Sat,2022,0.0,0.0,Mainz 05,Stuttgart,Draw,1659.39001465,1,15.0,2.0864,0.6154,2.0898399999999997,0.94758,46.58540000000001,13.310199999999998,3.2764,24.306340000000002,1.36136,0.114328,3.2408,0.78332,0.16792,9.944799999999999,24.476599999999998,1.14556,1.12396,7.7922,1.9756,36.1566,8.485,12.549399999999999,0.5824,18.988,5.7624,2.8278,14.752400000000002,1.9656000000000002,20.4484,27.3016,14.9254,1689.9169179678279,1599.02124023,1.0178,1.892,1.31936,1.6826999999999999,46.215199999999996,10.793199999999999,3.0554,28.894000000000002,1.14842,0.103508,4.5318,1.88822,0.15642,20.724800000000002,21.4356,0.99742,1.13532,8.937800000000001,0.9822,27.628800000000002,4.6026,16.474800000000002,0.8642000000000001,14.0418,2.2218,1.6134,14.3136,1.939,19.2682,16.2524,14.8428,1676.6987125729042,1,60.36877441999991
2022-04-16_Dortmund_Wolfsburg,2022-04-16,15:30,Bundesliga,Matchweek 30,Sat,2022,6.0,1.0,Dortmund,Wolfsburg,Home Win,1791.640625,1,15.0,2.8078000000000003,2.0269999999999997,2.04926,1.1006799999999999,60.4522,15.2812,5.1174,33.46804,1.9108,0.123394,4.82,1.23072,-0.61828,8.5778,35.8564,1.3424400000000003,1.5741399999999999,10.34,0.76,47.764,9.7578,10.9568,2.9306,14.9094,6.2654,4.508000000000001,18.035,2.0626,25.367,26.692,23.0422,1706.459128955332,1646.37158203,1.1912,2.108,1.22644,1.56948,48.8412,11.602,3.5522,30.90716,1.10184,0.112982,5.7278,1.93096,-0.17703999999999998,14.381799999999998,21.359199999999998,0.85312,0.9355399999999999,7.5348,2.3824,33.9422,7.605600000000001,14.6508,1.0198,16.8652,3.7698,1.6088,14.359,1.0442,20.2308,19.3144,12.663,1695.085192823578,0,145.2690429700001
2022-04-16_Bochum_Freiburg,2022-04-16,15:30,Bundesliga,Matchweek 30,Sat,2022,3.0,0.0,Freiburg,Bochum,Home Win,1717.36755371,1,15.0,1.9954,1.5943999999999998,1.50546,1.51316,48.9178,13.646600000000001,4.813,35.66464,1.34722,0.102432,4.9868,1.4091200000000002,-0.18528,15.018600000000001,25.8356,0.93614,1.2614400000000001,9.0916,1.7404000000000002,38.6136,10.2624,10.7806,0.9623999999999999,18.955199999999998,5.1768,2.8352,16.6942,1.9558,23.3134,22.946799999999996,13.5956,1726.53760639621,1606.70581055,1.084,1.2198,1.5863000000000003,1.46494,45.5614,12.384799999999998,4.1722,37.79124,1.31968,0.112318,5.064,1.4575200000000001,0.65532,13.455400000000001,24.8376,0.89554,1.03552,9.2776,1.808,29.349200000000003,4.3238,11.975999999999999,0.8444,18.0876,3.8512000000000004,1.5015999999999998,13.4986,2.4044,19.528399999999998,21.4528,12.368,1668.409751001214,0,110.66174316000001
2022-04-16_Augsburg_Hertha BSC,2022-04-16,15:30,Bundesliga,Matchweek 30,Sat,2022,0.0,1.0,Augsburg,Hertha BSC,Away Win,1617.1237793,1,15.0,1.8439999999999999,0.7979999999999999,1.43364,1.42836,42.114000000000004,12.1506,4.0386,33.706340000000004,1.23828,0.10946199999999999,4.5492,1.12736,0.32936,18.038600000000002,17.858999999999998,0.90272,0.71844,8.478800000000001,1.5584,25.296,5.243799999999999,13.241799999999998,0.1602,15.8464,5.4681999999999995,2.7058,13.7026,2.8676000000000004,20.148,18.8738,12.5458,1708.451822072316,1565.31335449,0.4222,1.8774,1.00624,1.9757600000000002,45.463,13.496599999999999,3.4379999999999997,29.09794,1.00624,0.073948,4.9238,2.08788,0.21048000000000006,13.4908,24.723000000000003,0.78886,0.96432,10.209000000000001,2.3320000000000003,36.768800000000006,7.423399999999999,13.9368,0.7536,18.7384,4.9826,0.8444,17.9774,2.4068000000000005,24.1558,20.935799999999997,17.4102,1678.3466641132861,2,51.810424810000086
2022-04-17_Eint Frankfurt_Union Berlin,2022-04-17,17:30,Bundesliga,Matchweek 30,Sun,2022,2.0,0.0,Union Berlin,Eint Frankfurt,Home Win,1679.00976562,1,17.0,1.3778,1.1118000000000001,1.26682,1.0106199999999999,42.24719999999999,9.9348,3.0065999999999997,32.374700000000004,1.09098,0.11506399999999999,2.8102,0.85682,-0.09478000000000002,14.7284,25.273600000000002,0.77198,0.99238,6.4024,4.1098,33.8526,7.7076,11.4264,0.536,19.201999999999998,1.8994,1.6894,9.9406,1.022,16.1282,14.8346,12.258,1690.003448487884,1714.53625488,1.5734,0.9338,1.0436,1.0257399999999999,47.6602,10.7494,3.4232,26.64772,1.0436,0.090736,5.4576,1.10044,0.16664000000000004,16.2738,23.645799999999998,0.8477199999999999,0.9265,7.804800000000001,2.3026,33.3692,6.2886,11.034000000000002,1.5326,17.3596,6.4062,2.927,13.8398,2.0658000000000003,18.2778,17.5592,16.2464,1660.6741993651221,0,-35.526489259999835
2022-04-17_Greuther Furth_Hoffenheim,2022-04-17,17:30,Bundesliga,Matchweek 30,Sun,2022,0.0,0.0,Hoffenheim,Greuther Furth,Draw,1686.05688477,1,17.0,1.536,1.3866,2.14708,1.9030200000000002,52.120599999999996,15.1528,5.8754,42.29936,2.14708,0.15542,4.6494,1.46776,0.24136,12.690999999999999,34.534800000000004,1.92474,2.1546999999999996,11.272800000000002,4.7178,49.2346,14.524600000000001,13.4232,1.0324,23.1646,7.096,3.072,21.594,2.1864,27.134,33.0938,17.8846,1713.8836527105777,1555.50683594,0.916,2.2632,0.76656,1.50806,41.1422,6.7446,2.536,40.15326,0.62416,0.10051600000000001,6.4552000000000005,1.7230800000000002,-0.34231999999999996,19.4094,20.4822,0.3791,0.4907,3.4938,1.5534,24.420800000000003,3.9976000000000003,13.3972,0.2442,10.8084,3.445,1.3924,7.2762,0.7736,12.0188,12.5916,9.5976,1715.7975335198757,1,130.55004882999992
2022-04-17_Arminia_Bayern Munich,2022-04-17,15:30,Bundesliga,Matchweek 30,Sun,2022,0.0,3.0,Arminia,Bayern Munich,Away Win,1555.50683594,1,15.0,0.9404,0.9623999999999999,0.6155,1.2933000000000001,46.3912,9.955200000000001,3.2832,31.733960000000003,0.6155,0.060168,2.9825999999999997,0.9007000000000001,-0.06169999999999998,14.491800000000001,21.769599999999997,0.50234,0.755,7.419199999999999,1.9988000000000001,29.058600000000002,6.7818000000000005,12.526200000000001,0.3758,17.071399999999997,5.3414,1.6366,10.93,1.5248,15.650400000000001,17.9082,11.1164,1626.216066406914,1975.02624512,2.3912,1.3362,2.8442600000000002,1.09158,64.5802,21.7824,9.3564,41.65376,2.8442600000000002,0.130378,3.6376000000000004,1.0457800000000002,-0.29042,8.205400000000001,49.356,2.03944,2.63746,15.7622,2.1466,58.50899999999999,12.9774,13.657800000000002,2.6784,21.0578,7.8498,4.2421999999999995,29.111199999999997,3.2176000000000005,38.5548,34.8722,20.788800000000002,1680.604967870192,2,-419.51940918000014
2022-04-17_Leverkusen_RB Leipzig,2022-04-17,19:30,Bundesliga,Matchweek 30,Sun,2022,0.0,1.0,Leverkusen,RB Leipzig,Away Win,1761.40637207,1,19.0,2.5947999999999998,0.9802,2.09596,0.8026800000000001,65.5936,19.175,6.8952,34.66924,2.09596,0.115088,3.7425999999999995,0.88444,-0.09575999999999998,7.1732,46.2162,1.73386,2.58676,15.7664,3.1878,61.1352,16.092200000000002,10.7636,3.2132000000000005,22.2406,6.679799999999999,4.6536,27.931,2.051,35.88719999999999,35.2574,22.311,1599.1564608420379,1823.38562012,3.8818,1.1226,1.72236,1.06974,48.25320000000001,11.2148,5.461,45.25912,1.57996,0.140288,2.7394000000000003,0.68126,-0.28114,12.086000000000002,28.7842,1.41464,1.58592,9.467600000000001,1.6792,37.341,11.4284,11.6992,2.6322,8.6464,3.4406,7.0694,14.6004,1.9712,20.634800000000002,21.5164,15.264,1711.003766137308,2,-61.979248050000024
2022-04-22_Mainz 05_Wolfsburg,2022-04-22,20:30,Bundesliga,Matchweek 31,Fri,2022,5.0,0.0,Wolfsburg,Mainz 05,Home Win,1649.53479004,1,20.0,1.9933999999999998,0.9558,1.48056,0.9980600000000001,51.7926,12.080599999999999,4.7472,39.9389,1.48056,0.121824,3.9756000000000005,0.8561799999999999,-0.09962,14.1702,29.2378,1.2405599999999999,1.29354,9.5014,0.9358,40.1972,7.2332,14.9386,2.0374000000000003,17.999,4.668399999999999,3.1868,16.330199999999998,2.1113999999999997,22.3168,19.221600000000002,15.7074,1654.7609302009882,1667.16833496,1.2442,2.0642,1.5179200000000002,1.5822399999999999,49.8412,15.986600000000001,5.0816,33.39712,1.5179200000000002,0.101664,4.8198,1.49888,-0.56532,13.677000000000001,30.2886,0.95382,1.1732400000000003,10.3034,1.8352,38.157799999999995,7.8352,14.918200000000002,1.4818,18.643,5.6928,2.3282,17.511400000000002,2.2376,26.0648,22.1486,13.300400000000002,1661.84495295103,0,-17.633544920000077
2022-04-23_Eint Frankfurt_Hoffenheim,2022-04-23,15:30,Bundesliga,Matchweek 31,Sat,2022,2.0,2.0,Eint Frankfurt,Hoffenheim,Draw,1732.32873535,1,15.0,0.6398,1.1846,1.15998,1.26116,53.864999999999995,15.572000000000001,3.9896000000000003,24.524240000000002,1.15998,0.087424,4.4879999999999995,1.44286,0.25825999999999993,9.2924,31.1636,1.05336,1.4020000000000001,12.2132,3.5873999999999997,42.743199999999995,8.9218,13.1294,2.298,26.143600000000003,6.2048000000000005,0.6862,18.513599999999997,2.7644,27.008000000000003,28.282200000000003,25.903,1699.610664870338,1691.02148438,0.5538,1.8904,1.2425,1.58796,53.077200000000005,9.5836,1.786,14.06014,1.2425,0.11911,4.7956,1.4229,-0.4675,11.446,27.7518,1.22448,1.21808,8.1138,2.5877999999999997,40.0706,7.3488,12.760399999999999,0.9304,14.3172,2.5974000000000004,1.1076,13.3954,1.3579999999999999,17.9548,18.2482,17.475,1681.1570370607958,1,41.30725097000004
2022-04-23_Freiburg_Gladbach,2022-04-23,15:30,Bundesliga,Matchweek 31,Sat,2022,3.0,3.0,Freiburg,Gladbach,Draw,1735.5177002,1,15.0,2.24,1.435,1.6614,1.41626,51.9562,13.7818,5.708399999999999,41.263580000000005,1.5190000000000001,0.112956,5.076599999999999,1.2882200000000001,-0.14678000000000002,13.940000000000001,29.1588,1.2211400000000001,1.50948,10.4034,2.1106,41.1498,11.468800000000002,11.379199999999999,0.5778,16.341,4.5264,3.7283999999999997,18.2016,1.9602000000000002,24.270400000000002,24.440400000000004,14.556799999999999,1713.0709051270637,1677.35388184,1.4838,1.8216,,,50.1578,12.0362,4.2662,40.742259999999995,,,5.7484,,,,,,,,,,,,,12.1382,,,,,,,,1622.8084132102158,1,58.16381836000005
2022-04-23_Arminia_Koln,2022-04-23,15:30,Bundesliga,Matchweek 31,Sat,2022,3.0,1.0,Koln,Arminia,Home Win,1677.76367188,1,15.0,1.2906,0.9059999999999999,1.35382,1.19698,53.185199999999995,11.806799999999999,4.1366,34.265879999999996,1.35382,0.118672,3.3944,1.1698,0.26380000000000003,11.2706,24.7954,1.1697199999999999,0.95928,9.2588,3.7491999999999996,37.2892,9.9152,17.9422,1.1472,24.0666,6.454999999999999,1.517,14.136199999999999,1.7284000000000002,18.4192,22.4814,15.723599999999998,1730.292337010656,1555.50683594,0.0,2.9082,0.49548000000000003,2.6515,41.949799999999996,8.285400000000001,2.7362,30.65934,0.49548000000000003,0.06259600000000001,6.261,2.49702,-0.41118000000000005,15.639,22.0132,0.34664,0.51858,6.239000000000001,1.2520000000000002,27.6474,4.8204,11.655,1.1966,8.229800000000001,2.7117999999999998,0.0,11.694200000000002,0.6398,15.0438,11.179599999999999,11.223,1712.946542361358,0,122.25683593999997
2022-04-23_Greuther Furth_Leverkusen,2022-04-23,15:30,Bundesliga,Matchweek 31,Sat,2022,1.0,4.0,Greuther Furth,Leverkusen,Away Win,1555.50683594,1,15.0,0.6962,2.0134000000000003,0.9103199999999999,1.70258,43.784800000000004,10.444400000000002,2.1926,19.20534,0.7821600000000001,0.075176,5.1448,1.56988,-0.44352,19.4916,19.8502,0.61034,0.57502,6.9658,0.8398,30.367000000000004,4.5478,10.732800000000001,1.0166,13.2858,3.48,1.0344,13.0112,1.6044,17.9066,14.2692,15.075399999999998,1700.5768604728419,1765.10192871,1.7944,1.0522,1.47546,1.16174,47.9966,10.123,4.012200000000001,41.99833999999999,1.2801,0.136912,3.988,1.06414,0.17214000000000007,17.6322,24.1094,1.04088,1.10016,7.0792,1.3598,26.524,5.468,11.2442,1.277,10.7112,3.9840000000000004,2.7126,13.886800000000001,0.5646,17.0728,17.939,14.041200000000002,1746.697369138844,2,-209.59509277000006
2022-04-23_RB Leipzig_Union Berlin,2022-04-23,15:30,Bundesliga,Matchweek 31,Sat,2022,1.0,2.0,RB Leipzig,Union Berlin,Away Win,1855.3449707,1,15.0,1.7848000000000002,0.3758,1.14924,0.4602800000000001,55.9776,11.5826,4.675000000000001,42.41256,1.14924,0.10881200000000002,1.4300000000000002,0.19106,-0.18474000000000002,9.5376,33.0362,0.92096,1.2844600000000002,8.5408,1.3116,39.9898,10.6622,18.1956,1.0939999999999999,11.5852,3.4697999999999998,2.921,13.676,1.9014,19.7272,25.982,15.471000000000002,1694.42257150858,1701.43347168,0.9768,1.8196,1.32926,1.29406,47.8114,13.8862,5.775600000000001,41.20230000000001,1.32926,0.10037399999999999,4.122199999999999,1.1761,-0.2015,12.6916,28.053,1.0728,0.90188,10.1802,4.3073999999999995,36.9924,8.339599999999999,9.4398,0.2198,26.590000000000003,6.0443999999999996,1.4652,19.542,1.7578,23.787799999999997,20.397199999999998,13.200800000000001,1686.402765258674,2,153.91149902000006
2022-04-23_Bayern Munich_Dortmund,2022-04-23,18:30,Bundesliga,Matchweek 31,Sat,2022,3.0,1.0,Bayern Munich,Dortmund,Home Win,1988.58239746,1,18.0,2.5138000000000003,0.6962,2.09326,1.16284,68.3734,17.474400000000003,5.366,30.15258,1.72206,0.097278,3.1744000000000003,1.1012,0.6028,7.2408,50.1924,1.33346,2.12542,12.8642,2.778,62.916199999999996,15.4756,16.4088,3.6386,19.9826,4.165,3.1116,23.425199999999997,2.3902,30.173399999999997,34.8504,24.8694,1676.7975035642503,1810.19580078,1.5646,0.3978,1.34522,1.16958,56.9486,10.4664,4.4566,42.94311999999999,1.34522,0.13441999999999998,1.7604,0.8771599999999999,0.47936,14.372800000000002,25.3724,1.2453400000000001,1.2939,8.0886,0.8178,31.4758,6.3736,15.177999999999999,1.1502,13.1376,5.0,2.969,12.974799999999998,1.7191999999999998,18.9858,17.9406,15.9738,1644.881099975504,0,178.38659668000014
2022-04-24_Augsburg_Bochum,2022-04-24,15:30,Bundesliga,Matchweek 31,Sun,2022,0.0,2.0,Bochum,Augsburg,Away Win,1610.27416992,1,15.0,1.0364,1.1358000000000001,,,44.9682,13.310400000000001,4.3906,32.86918,,,2.8017999999999996,,,,,,,,,,,,,21.775599999999997,,,,,,,,1752.5158841079938,1617.25390625,1.1536,2.2386,0.89264,1.7651800000000002,38.9622,9.9606,3.1902000000000004,28.537819999999996,0.89264,0.08279600000000001,5.7454,1.96098,-0.27762,15.2116,16.9502,0.6635800000000001,0.73032,7.2446,3.479,24.736,7.326599999999999,11.574399999999999,1.0146000000000002,14.3306,2.0874,2.1470000000000002,12.6478,1.3138,16.3524,16.8608,10.252600000000001,1729.534612769962,2,-6.979736329999923
2022-04-24_Hertha BSC_Stuttgart,2022-04-24,17:30,Bundesliga,Matchweek 31,Sun,2022,2.0,0.0,Hertha BSC,Stuttgart,Home Win,1586.9017334,1,17.0,1.4396,2.9962,0.77788,1.63418,43.766999999999996,11.0282,4.0352,37.33404,0.77788,0.074932,6.377800000000001,1.93302,-1.06318,16.461199999999998,21.994600000000002,0.66252,0.71436,8.0262,2.2818,30.3116,6.02,15.465599999999998,1.4368,13.735399999999998,2.4764000000000004,2.2128,13.788800000000002,2.1996,19.654400000000003,16.6458,12.2052,1700.6175191890638,1612.96142578,0.916,1.4144,1.3151000000000002,1.4302,47.3262,10.313799999999999,3.3382,35.80606,1.1612399999999998,0.11524999999999999,3.5018000000000002,1.5695999999999999,0.1552,18.5986,19.3178,1.00092,1.05854,8.1556,0.8398,27.222,4.7866,17.2038,0.7778,13.0166,2.2996000000000003,1.452,14.2148,1.745,18.6296,15.438799999999999,14.625999999999998,1667.95533781737,0,-26.059692379999888
2022-04-29_Greuther Furth_Union Berlin,2022-04-29,20:30,Bundesliga,Matchweek 32,Fri,2022,1.0,1.0,Union Berlin,Greuther Furth,Draw,1714.42700195,1,20.0,1.44,0.8564,1.2213,0.91628,42.7106,10.818200000000001,3.106,30.2563,1.0630600000000001,0.101464,2.685,0.6469400000000001,-0.20946000000000004,13.302,24.6462,0.76036,0.99314,7.5832,3.7546000000000004,36.1976,8.0252,11.0394,0.5824,18.249200000000002,2.6862,1.3319999999999999,11.1676,1.0198,17.136400000000002,17.7816,12.3762,1690.7641422609602,1555.50683594,0.536,1.7484,0.66222,1.52932,39.3536,7.158399999999999,2.0940000000000003,31.98124,0.53406,0.084372,5.821199999999999,1.44654,-0.12386000000000007,22.0874,16.9176,0.2791,0.37512,3.156,1.1096,22.259999999999998,3.5094,14.534200000000002,0.2198,10.4948,2.6236000000000006,0.6764,7.6928,0.6962,12.261,11.222999999999999,10.8704,1731.64257758803,1,158.92016601
2022-04-30_Bochum_Dortmund,2022-04-30,15:30,Bundesliga,Matchweek 32,Sat,2022,3.0,4.0,Dortmund,Bochum,Away Win,1809.56860352,1,15.0,3.2712000000000003,1.9244,2.2308,1.2271400000000001,59.5422,13.7994,5.5498,41.36196,2.1062000000000003,0.154798,4.7379999999999995,1.40302,-0.36118000000000006,10.7618,32.952400000000004,1.5847000000000002,1.5979,9.2966,0.3956,47.5318,9.782,10.661,2.7492,13.7094,5.318,5.5456,17.6428,1.4796,23.1556,22.706599999999998,22.4496,1690.3568136723839,1600.8248291,0.9756,1.6862,1.3090600000000001,1.61056,43.507400000000004,12.002400000000002,4.055,37.4006,1.18446,0.10220000000000001,5.7902,1.7159600000000004,0.4055599999999999,12.444600000000001,22.023,0.81714,0.9831,9.350000000000001,1.9272,24.1414,4.103,10.8692,0.76,17.2902,4.0104,1.3514,12.9722,2.2198,18.510800000000003,19.21,11.931,1679.7987294431641,2,208.7437744199999
2022-04-30_Stuttgart_Wolfsburg,2022-04-30,15:30,Bundesliga,Matchweek 32,Sat,2022,1.0,1.0,Stuttgart,Wolfsburg,Draw,1605.8079834,1,15.0,1.7512,1.9822,1.82732,1.39402,53.718599999999995,17.459,5.678400000000001,31.490119999999997,1.82732,0.109104,4.1226,1.18514,-0.79706,11.299999999999999,33.8688,1.4632399999999999,1.46444,12.268,2.3754000000000004,46.991,8.591800000000001,12.1348,1.8641999999999999,19.15,5.272799999999999,2.7287999999999997,21.038,2.6984,31.1358,28.010599999999997,21.9202,1687.880330787318,1669.1862793,1.3162,3.074,1.35472,1.92882,46.948,11.442,3.7412,33.2581,1.24258,0.127774,6.6758,2.35742,-0.71658,14.1876,20.3906,0.83778,1.12176,6.993,1.9558,33.1482,7.0568,15.2302,1.0178,17.8556,4.4254,1.692,13.090599999999998,1.284,19.608,18.250799999999998,10.410599999999999,1706.4753299574159,1,-63.37829590000001
2022-04-30_Arminia_Hertha BSC,2022-04-30,15:30,Bundesliga,Matchweek 32,Sat,2022,1.0,1.0,Arminia,Hertha BSC,Draw,1555.50683594,1,15.0,0.558,1.3104,0.57954,1.7224000000000002,41.3682,9.0388,2.9666,32.1672,0.57954,0.060594,4.2054,1.4479199999999999,0.38171999999999995,15.119200000000001,18.3414,0.44328,0.7051,6.2122,1.6548,24.568799999999996,6.259399999999999,12.806000000000001,0.8266,16.087600000000002,5.595600000000001,0.8962,8.3626,1.5282,12.822600000000001,16.419800000000002,9.463000000000001,1721.589516456002,1600.93981934,0.6242,1.6896,1.13096,1.77722,43.4304,14.456000000000001,3.1942,25.6611,1.13096,0.07888,4.4872,1.7948600000000001,0.10525999999999999,14.218399999999999,20.611,0.92532,1.09324,11.1972,2.1988000000000003,31.231199999999998,6.548399999999999,13.278199999999998,0.534,20.0178,5.905200000000001,1.2484,18.156200000000002,3.1428000000000003,26.4026,21.3512,16.6686,1666.0030068378321,1,-45.43298340000001
2022-04-30_Augsburg_Koln,2022-04-30,15:30,Bundesliga,Matchweek 32,Sat,2022,1.0,4.0,Augsburg,Koln,Away Win,1633.5880127,1,15.0,1.3712,0.9623999999999999,1.27494,1.3090400000000002,45.5332,12.0914,3.1138,26.88662,1.0991,0.09642200000000001,3.7616000000000005,1.01812,0.05571999999999999,17.602400000000003,19.982400000000002,0.92128,0.74542,8.7752,2.4794,25.898799999999998,6.5846,12.8412,0.0,17.071199999999997,4.5888,2.1468,12.9558,2.8808000000000002,20.4334,19.8072,11.3586,1673.880795094628,1687.79882812,1.2686000000000002,1.1226,0.90422,1.3222800000000001,51.5168,11.302799999999998,3.3108,29.68896,0.90422,0.081654,4.2244,1.09928,-0.023319999999999966,13.5882,20.400599999999997,0.749,0.8852599999999999,8.5506,2.0746,34.1706,6.3348,15.182199999999998,0.5646,19.0606,5.0194,2.5372000000000003,12.9584,2.205,19.2264,17.4806,17.4154,1692.541934545398,2,-54.21081542000002
2022-04-30_Bayern Munich_Mainz 05,2022-04-30,15:30,Bundesliga,Matchweek 32,Sat,2022,3.0,1.0,Mainz 05,Bayern Munich,Home Win,1654.40161133,1,15.0,1.7336,0.5538,1.7823200000000001,0.8074600000000001,45.76219999999999,11.9256,2.2278000000000002,18.083579999999998,1.12664,0.10213,3.0724,0.73846,0.18466,9.5176,24.9848,0.95126,0.9262,7.3804,1.7338,33.5222,6.3946000000000005,11.7178,0.38,17.3356,5.3978,2.2568,12.991,2.5016,18.9058,24.9178,13.367599999999998,1681.429703221434,1996.09436035,2.3080000000000003,1.0584,2.42612,0.9503,66.34320000000001,20.6508,7.779,37.72578,2.42612,0.12068799999999999,3.7180000000000004,1.12212,0.06372,9.105800000000002,49.3232,1.7582999999999998,2.44306,14.488399999999999,2.6762,60.382,14.612400000000001,14.1686,2.178,20.7078,6.743799999999999,3.9298,26.693400000000004,2.9515999999999996,35.8484,36.862,23.496000000000002,1658.821363989282,0,-341.69274902000006
2022-04-30_Freiburg_Hoffenheim,2022-04-30,18:30,Bundesliga,Matchweek 32,Sat,2022,3.0,4.0,Hoffenheim,Freiburg,Away Win,1696.95361328,1,18.0,1.0939999999999999,0.8154,1.93142,1.55524,52.709,15.2376,5.5878,39.948640000000005,1.93142,0.138666,4.1402,1.1346599999999998,0.31926,13.0984,34.317,1.72574,2.08036,11.3898,5.2344,45.7276,15.0606,15.2226,1.1292,24.4248,7.819000000000001,2.1879999999999997,20.7138,2.6562,26.9324,33.8612,18.129,1658.902923170156,1736.02099609,1.0422,0.7802,1.05522,0.91426,47.85679999999999,12.269599999999999,3.4399999999999995,35.06492,1.05522,0.090492,3.8202000000000007,0.9306399999999999,0.15044000000000002,16.9652,28.2824,0.61348,0.68584,8.2528,1.3204,34.6272,8.0016,12.6512,0.5402,16.857599999999998,5.585999999999999,1.5306,12.496,2.664,19.1524,16.678,7.1944,1671.4704658198161,2,-39.067382810000026
2022-05-02_Gladbach_RB Leipzig,2022-05-02,20:30,Bundesliga,Matchweek 32,Mon,2022,3.0,1.0,Gladbach,RB Leipzig,Home Win,1683.73535156,1,20.0,1.6962,1.6288,1.79046,1.5082399999999998,56.956,16.9126,6.1318,35.965599999999995,1.6322199999999998,0.095954,5.5738,1.55778,-0.07102000000000006,15.0162,29.4816,1.4082,1.59654,13.501000000000001,2.1586000000000003,41.910599999999995,10.154,18.5998,2.8196,14.6414,4.2004,3.3924,23.5704,2.5484,30.483800000000002,28.645000000000003,16.2586,1638.2778205813702,1847.33190918,3.4494000000000002,0.5778,1.3694200000000003,0.71116,50.3136,9.339800000000002,4.149800000000001,38.43218,1.2412600000000003,0.128166,2.433,0.50014,-0.07766000000000003,13.642599999999998,28.1936,1.07246,1.27986,7.7114,1.367,35.5292,10.2086,12.6176,2.769,7.793199999999999,3.3408,6.418200000000001,12.486799999999999,1.6298,17.3968,19.111,14.2608,1679.2517518552238,0,-163.59655761999988
2022-05-02_Eint Frankfurt_Leverkusen,2022-05-02,20:30,Bundesliga,Matchweek 32,Mon,2022,2.0,0.0,Leverkusen,Eint Frankfurt,Home Win,1774.39831543,1,20.0,1.6144,0.9822,1.6779600000000001,0.62824,60.994600000000005,17.0156,5.4522,31.47574,1.6779600000000001,0.099484,2.8916000000000004,0.76832,-0.21387999999999996,5.2582,44.3296,1.4285800000000002,2.28504,14.424599999999998,2.9690000000000003,59.256,13.9292,10.387,1.45,23.570000000000004,6.423399999999999,2.8906,25.2516,2.5343999999999998,32.4356,29.9592,18.628400000000003,1653.371335890928,1742.01086426,1.2718,1.1846,0.6864399999999999,1.0476,49.215199999999996,10.0976,3.2366000000000006,27.184,0.6864399999999999,0.06647600000000001,5.3118,1.01714,-0.16746,13.6276,21.8952,0.5866600000000001,0.81174,7.68,1.5956,31.102000000000004,4.9504,10.598,1.4793999999999998,15.1934,6.0654,2.3458,12.4464,2.6918,17.1406,14.252000000000002,15.200800000000001,1673.902047947356,0,32.38745116999985
2022-05-06_Arminia_Bochum,2022-05-06,20:30,Bundesliga,Matchweek 33,Fri,2022,2.0,1.0,Bochum,Arminia,Home Win,1614.45849609,1,20.0,0.356,1.2222,,,49.6876,14.932799999999999,3.963,26.449859999999994,,,3.1658,,,,,,,,,,,,,26.126,,,,,,,,1681.084000440126,1555.50683594,0.2442,3.0616000000000003,0.53594,2.47096,41.9666,9.4778,3.0068,29.70804,0.53594,0.054686,5.946600000000001,2.52058,-0.54102,14.1334,20.758,0.34314,0.54112,6.459199999999999,0.6942,26.3846,4.4498,10.8128,0.356,8.762599999999999,4.45,0.0,11.5246,1.0642,16.692800000000002,13.991800000000001,10.1912,1706.058822342166,0,58.95166014999995
2022-05-07_Koln_Wolfsburg,2022-05-07,15:30,Bundesliga,Matchweek 33,Sat,2022,0.0,1.0,Koln,Wolfsburg,Away Win,1701.08703613,1,15.0,1.75,1.0596,1.56264,1.19608,55.241,13.535600000000002,4.7556,34.9513,1.56264,0.11824599999999999,3.7434,1.1128200000000001,0.29741999999999996,10.8228,26.269,1.27484,1.12428,9.677200000000001,3.9183999999999997,39.2018,9.5352,17.2156,1.0324,24.1482,5.877,2.5422000000000002,16.720399999999998,2.044,21.5078,24.431,15.895399999999999,1689.885309570282,1668.53979492,1.1404,3.0108,1.3448399999999998,1.78712,47.1292,12.518600000000001,4.2996,35.179959999999994,1.3448399999999998,0.127882,6.7966,2.47472,-0.53608,15.269200000000001,21.9606,0.9460999999999999,1.14284,7.482,1.9602000000000002,32.721000000000004,7.2952,14.0304,0.916,19.2676,6.0364,1.7228,14.158,1.8881999999999999,20.5236,17.3368,10.4134,1677.13027844444,2,32.54724120999981
2022-05-07_Dortmund_Greuther Furth,2022-05-07,15:30,Bundesliga,Matchweek 33,Sat,2022,1.0,3.0,Greuther Furth,Dortmund,Away Win,1555.50683594,1,15.0,0.5824,2.6446,0.69302,1.8400400000000001,46.336800000000004,8.9024,2.1292,23.053740000000005,0.69302,0.0801,4.8420000000000005,1.9436200000000001,-0.70098,16.523600000000002,22.163,0.58164,0.51544,6.4925999999999995,1.2442,32.1076,4.2164,11.548,0.3382,15.0668,3.4438,0.9868,11.6126,1.3998,15.453400000000002,14.221599999999999,14.4354,1728.65581130259,1795.93493652,1.2198,1.0906,1.21096,1.29474,52.8584,9.443,3.39,34.07542,1.0156,0.10691,2.7612,1.22134,0.13074000000000002,11.8168,25.5122,0.9977999999999999,1.21572,7.4914000000000005,0.736,32.8822,7.3574,13.462399999999999,1.7678000000000003,11.2586,4.0232,2.4396,11.8566,1.5472,16.7896,16.869999999999997,14.6558,1722.01808510775,2,-240.4281005800001
2022-05-07_Freiburg_Union Berlin,2022-05-07,15:30,Bundesliga,Matchweek 33,Sat,2022,1.0,4.0,Freiburg,Union Berlin,Away Win,1744.08825684,1,15.0,2.6044,1.8798,1.81182,1.33368,53.2498,14.348,5.6376,39.68634,1.4883000000000002,0.106778,4.824599999999999,1.31494,-0.56486,11.159600000000001,30.2526,1.2579,1.45414,11.0958,2.488,43.453799999999994,12.6314,11.252999999999998,0.3758,19.8816,5.018,4.044,16.572400000000002,2.7968,23.767,26.294600000000003,16.499000000000002,1709.499938477294,1711.78601074,1.3676,1.5934,1.2931,1.0516,46.6212,13.8976,5.598199999999999,39.94292,1.2931,0.097454,2.9448,0.89218,-0.30342,11.2014,28.880399999999998,1.09554,1.0138,10.5064,4.0324,38.17,8.0172,10.3726,0.1978,24.921400000000002,5.7958,2.2956,19.043599999999998,1.8820000000000001,23.9532,19.724800000000002,14.9344,1740.673052392072,2,32.30224610000005
2022-05-07_Hertha BSC_Mainz 05,2022-05-07,18:30,Bundesliga,Matchweek 33,Sat,2022,1.0,2.0,Hertha BSC,Mainz 05,Away Win,1601.53527832,1,18.0,1.6398,2.5524,0.98428,1.45868,42.1488,10.2486,3.6874,35.69014,0.98428,0.102184,6.5286,1.6588399999999999,-0.89356,16.0826,19.6884,0.84604,0.7906,7.391,2.1536,27.197200000000002,5.285399999999999,12.2678,1.1048,14.782799999999998,2.6288,2.6798,12.056399999999998,2.0354,17.7912,14.927599999999998,13.261600000000001,1695.1429160153298,1675.2635498,0.9756,2.9346,1.2054,2.08242,48.8566,12.7248,4.585,41.10478,1.2054,0.109382,5.570399999999999,2.1959999999999997,-0.7386,12.644400000000001,26.0964,0.70538,0.80194,7.5984,1.5074,34.522800000000004,7.018999999999999,14.3822,1.5778,15.4038,5.4234,1.9512,13.2322,1.8696000000000002,20.408999999999995,18.3824,12.982000000000001,1652.4726479228098,2,-73.72827147999988
2022-05-07_Hoffenheim_Leverkusen,2022-05-07,15:30,Bundesliga,Matchweek 33,Sat,2022,2.0,4.0,Hoffenheim,Leverkusen,Away Win,1688.88635254,1,15.0,1.4288,1.7106,1.8229199999999999,1.85594,53.9594,14.8932,5.5847999999999995,40.13726,1.8229199999999999,0.134354,4.5144,1.7549,0.044300000000000034,12.844199999999999,34.7946,1.58338,1.75398,11.4626,4.7344,44.8664,14.922200000000002,13.6352,0.6838,24.338600000000003,6.139600000000001,2.8576,20.766,1.7256,25.9536,32.0452,16.6066,1692.635189257626,1782.953125,1.8708,0.9028,1.65002,1.0202,49.7276,9.8664,3.9668,42.72456,1.47418,0.162756,3.4566,0.82028,-0.08252,18.2898,25.7406,0.88142,1.02688,6.727,1.2796,27.925400000000003,5.5212,10.287199999999999,1.8818000000000001,10.551800000000002,3.453,2.8971999999999998,13.742199999999999,0.2198,16.232799999999997,16.779799999999998,15.258,1687.5367285636862,2,-94.06677246000004
2022-05-08_Eint Frankfurt_Gladbach,2022-05-08,15:30,Bundesliga,Matchweek 33,Sun,2022,1.0,1.0,Eint Frankfurt,Gladbach,Draw,1733.45605469,1,15.0,1.0642,1.2662,1.21722,1.0897000000000001,51.8922,15.7148,4.8674,29.594700000000003,1.21722,0.089564,4.5834,1.48184,0.45984,10.484200000000001,31.035,1.11126,1.3917800000000002,12.536000000000001,3.1844,42.3916,8.7852,13.016200000000001,2.0682,24.143,6.34,1.3502,19.4506,2.932,27.1628,24.9022,24.535600000000002,1703.4846140417137,1699.45715332,1.9238,2.2278000000000002,,,45.625800000000005,9.27,3.9954000000000005,46.13724,,,5.9176,,,,,,,,,,,,,8.3408,,,,,,,,1660.03507439242,1,33.998901369999885
2022-05-08_Bayern Munich_Stuttgart,2022-05-08,17:30,Bundesliga,Matchweek 33,Sun,2022,2.0,2.0,Bayern Munich,Stuttgart,Draw,1975.2322998,1,17.0,2.5624,0.5824,1.8520600000000003,1.06118,67.33579999999999,15.8292,5.2852,33.2297,1.51798,0.099108,2.3360000000000003,0.9092199999999999,0.50482,6.4724,49.329,1.1615,1.8554400000000002,11.5684,2.5559999999999996,60.459599999999995,14.4514,16.1682,3.4863999999999997,18.119,4.1926,3.833,19.7872,3.128,27.3374,32.235,22.9728,1693.73093037011,1606.45458984,0.536,1.1846,1.18588,1.35508,52.2866,11.059000000000001,3.6486,35.19962,1.04742,0.09719,2.7748,1.1189,-0.06570000000000001,16.0642,22.2046,0.8919600000000001,1.07592,7.9398,1.2442,28.809000000000005,5.8848,17.0716,0.8,15.7334,3.5348000000000006,0.8742,13.993,1.8146,18.998800000000003,15.294799999999999,14.3076,1631.906778320998,1,368.77770996000004
2022-05-08_Augsburg_RB Leipzig,2022-05-08,19:30,Bundesliga,Matchweek 33,Sun,2022,4.0,0.0,RB Leipzig,Augsburg,Home Win,1831.61010742,1,19.0,1.5622,0.8266,0.96456,0.6407799999999999,55.9236,10.059,4.019,39.11826,0.96456,0.104608,1.8312,0.32964,-0.49695999999999996,10.272400000000001,33.22,0.75794,1.1439,7.265599999999999,0.892,40.1456,10.2072,15.689799999999998,0.6962,10.017,3.0343999999999998,2.6848,11.998800000000001,1.8112000000000001,17.212200000000003,24.118,15.844400000000002,1701.445145239236,1620.29980469,1.3824,1.2938,1.05106,1.4535600000000002,40.175,9.632,3.127,29.42494,0.88012,0.08551600000000001,4.1732,1.3879199999999998,0.09411999999999995,18.409,16.034200000000002,0.70164,0.6407799999999999,7.0318,3.4752000000000005,26.1276,7.6822,11.949399999999999,0.7248,13.953199999999999,2.1346,2.2764,12.3946,1.6266,16.428800000000003,17.219,11.004,1696.708309009102,0,211.3103027300001
2022-05-14_Bayern Munich_Wolfsburg,2022-05-14,15:30,Bundesliga,Matchweek 34,Sat,2022,2.0,2.0,Wolfsburg,Bayern Munich,Draw,1675.79467773,1,15.0,2.4384,0.716,1.89002,0.9105599999999999,53.1904,12.2726,5.1168,41.9696,1.69466,0.13741399999999998,3.7338,0.78406,0.06805999999999998,12.819799999999999,33.321600000000004,1.28096,1.4062999999999999,9.8396,1.5306,46.4272,9.2636,13.911999999999999,2.9104,18.2756,4.401400000000001,3.8125999999999998,17.6624,1.4676,22.541,20.7646,17.2902,1672.0964554444602,1964.33166504,2.033,1.1084,2.2514000000000003,1.4592399999999999,67.086,17.267,6.6684,34.704840000000004,2.2514000000000003,0.146922,4.1904,1.06574,-0.042660000000000003,11.537199999999999,48.3792,1.58038,2.3287400000000003,12.485999999999999,2.6528,61.442,13.662999999999998,13.519200000000001,2.4044,20.5368,6.7252,3.4484,22.2726,3.1006,30.002799999999997,33.1456,23.090600000000002,1667.341032836718,1,-288.53698730999986
2022-05-14_Gladbach_Hoffenheim,2022-05-14,15:30,Bundesliga,Matchweek 34,Sat,2022,5.0,1.0,Gladbach,Hoffenheim,Home Win,1699.17492676,1,15.0,1.8266,1.4218,1.63164,1.39534,55.007000000000005,15.400400000000001,6.2628,43.509,1.4892400000000001,0.10336000000000001,5.8606,1.8150399999999998,0.3932399999999999,16.724,25.538,1.1655200000000001,1.09758,11.597399999999999,1.7986,38.124,7.5642,20.337600000000002,2.5934,12.812,4.0804,2.9206,20.1506,2.2936,26.8168,22.7874,13.213999999999999,1693.4256541510658,1676.95031738,0.9868,1.9014,1.05844,1.4294000000000002,51.4716,8.76,2.1516,19.711080000000003,1.05844,0.10987000000000001,5.448600000000001,1.36296,-0.53844,12.3338,24.248800000000003,0.99338,1.11092,6.993,2.829,35.1702,6.893,12.5402,0.8373999999999999,15.318000000000001,3.6144,1.4852,11.9138,1.6663999999999999,16.1288,18.1024,16.806600000000003,1695.8525560546202,0,22.224609380000174
2022-05-14_Freiburg_Leverkusen,2022-05-14,15:30,Bundesliga,Matchweek 34,Sat,2022,2.0,1.0,Leverkusen,Freiburg,Home Win,1789.60717773,1,15.0,1.3646,0.5956,1.6757199999999999,0.49448000000000003,58.3762,15.1162,4.7744,30.66906,1.6757199999999999,0.11418600000000001,3.0023999999999997,0.58728,-0.008319999999999994,6.5532,36.185,1.4601199999999999,1.87814,12.584399999999999,2.6278000000000006,48.877,11.2058,10.436399999999999,1.0166,20.5502,5.316,2.569,22.0634,2.581,28.208,24.6258,19.3214,1682.035473025386,1724.12341309,1.9148,1.2906,1.43484,1.16704,45.2084,11.565999999999999,4.0286,40.7507,1.43484,0.127956,4.715,1.2162199999999999,-0.07438000000000002,17.989800000000002,25.302999999999997,1.06612,0.81054,8.5718,1.0,31.281,6.936400000000001,13.0304,0.6862,15.418199999999999,5.0948,3.0869999999999997,12.114,2.8418000000000005,18.4164,15.2128,6.9866,1681.4826350086078,0,65.48376464000012
2022-05-14_Koln_Stuttgart,2022-05-14,15:30,Bundesliga,Matchweek 34,Sat,2022,2.0,1.0,Stuttgart,Koln,Home Win,1612.07336426,1,15.0,1.5318,1.5956,1.6236199999999998,1.4379,54.7672,18.1896,5.6104,29.96128,1.6236199999999998,0.0921,4.0662,1.30314,-0.29246000000000005,11.426000000000002,38.9628,1.27154,1.2782,12.5854,2.9262,53.58220000000001,10.674399999999999,11.7328,1.5335999999999999,22.5978,6.0222,2.3674,21.4666,3.0728,31.7986,29.3184,20.3628,1676.7123738545042,1688.55041504,1.9744000000000002,0.822,1.2945600000000002,1.47538,52.0974,12.7822,4.1566,32.67614,1.0992,0.085932,4.202,0.9884,0.1664,16.1478,20.348799999999997,0.8762400000000001,0.91676,9.3726,2.0672,36.03959999999999,7.8108,15.928999999999998,0.2198,19.3432,5.361800000000001,3.9488000000000003,13.6954,2.3288,21.5904,22.0168,17.0856,1665.099117652512,0,-76.4770507799999
2022-05-14_Bochum_Union Berlin,2022-05-14,15:30,Bundesliga,Matchweek 34,Sat,2022,3.0,2.0,Union Berlin,Bochum,Home Win,1726.46899414,1,15.0,1.5402,0.5824,1.268,0.5807,45.858399999999996,10.1038,3.2396000000000003,33.76368,1.1256,0.119412,2.0398,0.40714,-0.17526000000000003,13.748400000000002,23.928200000000004,0.6234,0.71314,6.8924,2.9582,35.1364,7.057600000000001,12.3006,0.6242,19.080199999999998,2.6176,1.1988,10.862599999999999,1.0178,15.6134,15.5176,12.3062,1639.88678493742,1617.9901123,1.7106,2.106,1.41022,2.3686,39.8052,12.0462,4.4378,40.44484,1.1027200000000001,0.09421,6.9764,2.06952,0.30172000000000004,13.0768,22.253000000000004,0.87308,1.01804,9.7034,1.8904,23.6826,4.2928,11.382399999999999,0.6398,16.4402,3.3326000000000002,2.7814,13.7518,2.442,19.869,19.7212,12.082,1720.5144583019442,0,108.47888183999999
2022-05-14_Arminia_RB Leipzig,2022-05-14,15:30,Bundesliga,Matchweek 34,Sat,2022,1.0,1.0,Arminia,RB Leipzig,Draw,1555.50683594,1,15.0,0.6022,1.2794,0.57158,1.6281,45.037800000000004,8.2582,2.1932,25.8819,0.57158,0.064418,4.4292,1.60736,0.54776,13.5098,21.2374,0.47778,0.78666,5.4142,1.5892,26.220799999999997,7.3984,13.069600000000001,0.844,15.4902,4.803400000000001,1.0066,7.3612,1.8638,12.0636,15.645199999999999,9.716800000000001,1697.6970067158259,1817.00524902,2.4834000000000005,1.1084,1.01084,0.86216,48.5082,8.8848,4.1464,41.1972,1.01084,0.114256,3.0782,0.96528,-0.14312,12.39,25.823,0.86334,1.2121000000000002,7.6076,1.9628,38.5738,10.1992,12.644400000000001,1.7711999999999999,10.7558,3.5183999999999997,4.966800000000001,11.1844,2.1109999999999998,16.459200000000003,19.9114,14.2346,1690.974033738908,1,-261.4984130800001
2022-05-14_Eint Frankfurt_Mainz 05,2022-05-14,15:30,Bundesliga,Matchweek 34,Sat,2022,2.0,2.0,Mainz 05,Eint Frankfurt,Draw,1679.8614502,1,15.0,2.0044,0.7426,2.09266,0.8378999999999999,43.088,14.8076,3.2818,19.23886,1.61794,0.10547399999999998,2.5768000000000004,0.87998,0.13738,10.698599999999999,23.021400000000003,1.42568,1.2266,9.5402,2.0046,35.8886,7.575999999999999,11.2134,0.1978,19.644,5.846400000000001,2.9636,16.4108,3.5724,23.9876,28.377000000000002,13.9192,1753.7944301746597,1738.40856934,0.712,1.2662,0.53244,1.16612,48.3612,9.122800000000002,3.0246,29.540480000000002,0.53244,0.055618,4.792199999999999,0.97776,-0.2884399999999999,13.5648,25.2686,0.45705999999999997,0.65962,6.747,1.2918,34.9548,4.5228,10.294,1.3314000000000001,13.676400000000001,4.417,1.246,10.803999999999998,1.5575999999999999,14.852199999999998,11.996399999999998,15.413,1707.5760333974679,1,-58.54711913999995
2022-05-14_Augsburg_Greuther Furth,2022-05-14,15:30,Bundesliga,Matchweek 34,Sat,2022,2.0,1.0,Augsburg,Greuther Furth,Home Win,1611.77661133,1,15.0,1.334,1.5546,1.40394,1.5002400000000002,44.6712,11.361400000000001,3.2024,28.94068,1.2457,0.11231400000000002,4.373799999999999,1.6423999999999999,0.08779999999999999,18.6954,20.372999999999998,1.07566,0.9174,8.221,2.8758,27.23,6.6822,13.9222,0.0,16.4668,3.7648,2.1319999999999997,12.006800000000002,2.3602000000000003,19.292599999999997,19.3058,11.2018,1672.9362837891501,1555.50683594,0.5824,1.241,0.51064,1.3722,40.3066,7.1426,1.9404,29.58072,0.51064,0.07848999999999999,5.1064,1.34418,0.26338,22.932000000000002,16.4492,0.24675999999999998,0.45086,3.1404,1.3428,21.469,3.5584,15.9344,0.1978,11.6664,2.9054,0.5646,7.2352,0.3382,10.8256,11.988999999999999,10.0952,1738.933813011382,0,56.26977538999995
2022-05-14_Dortmund_Hertha BSC,2022-05-14,15:30,Bundesliga,Matchweek 34,Sat,2022,2.0,1.0,Dortmund,Hertha BSC,Home Win,1797.24902344,1,15.0,3.3884000000000003,1.9878,2.73942,1.20678,61.209,14.3078,5.8392,41.73702,2.35866,0.165974,4.8642,1.44068,-0.54712,11.662600000000001,31.270999999999997,1.99908,1.81114,10.343800000000002,0.6002,49.6438,9.5154,12.06,2.486,14.671,6.2188,5.968,18.9554,2.3084,25.8262,25.622,22.8488,1658.144913818616,1591.65551758,0.6617999999999999,1.4764,1.08138,1.37552,41.424800000000005,11.9478,3.0864000000000003,30.32616,1.08138,0.091202,3.5616,1.2893000000000001,-0.1871,13.164,16.4128,0.9295599999999999,1.09068,9.4916,1.6021999999999998,27.1942,5.295999999999999,14.5156,0.7248,17.3974,5.6264,1.3235999999999999,14.4804,2.7402,21.8256,19.1976,14.5714,1654.948162868166,0,205.59350586000005
2022-10-22_Leverkusen_Wolfsburg,2022-10-22,15:30,Bundesliga,Matchweek 11,Sat,2023,2.0,2.0,Leverkusen,Wolfsburg,Draw,1716.69970703,1,15.0,1.7524000000000002,1.6676,1.73208,1.2661600000000002,56.9524,16.654600000000002,6.5708,39.62814,1.73208,0.10866200000000001,3.907,1.63024,-0.03736,10.5778,30.097600000000003,1.44812,1.51994,14.204600000000001,2.6056,45.147800000000004,11.315199999999999,15.203400000000002,1.7069999999999999,19.7254,5.9486,3.3446,22.437600000000003,2.0394,29.9912,28.4824,26.578000000000003,1627.9556563709477,1659.7322998,0.442,1.3602,0.8724000000000001,1.87798,46.6726,8.0534,3.3352,35.92494,0.8724000000000001,0.100488,4.627800000000001,1.5051,0.1449,17.4328,23.6586,0.76776,0.8904200000000001,6.2048,0.5824,24.9482,2.7186,18.584799999999998,1.1184,13.492799999999999,3.7826000000000004,0.884,9.1806,2.7216,15.0604,11.649000000000001,8.8152,1750.863202710974,1,56.967407229999935
2022-10-22_Bayern Munich_Hoffenheim,2022-10-22,15:30,Bundesliga,Matchweek 11,Sat,2023,0.0,2.0,Hoffenheim,Bayern Munich,Away Win,1690.49267578,1,15.0,1.6940000000000002,1.0066,2.15448,1.02282,53.2342,17.5678,6.5569999999999995,36.36166,1.86808,0.10387,2.9864,1.06492,0.05832,10.8014,36.8168,1.58532,1.64396,13.559,3.1294000000000004,44.552400000000006,11.185400000000001,13.7238,0.5558000000000001,18.805400000000002,5.2097999999999995,2.8322,22.5676,1.714,30.6612,28.9508,19.2592,1656.452101318474,1965.35510254,2.8934,1.0662,1.9519,1.0925,66.5018,17.9504,6.7982,37.030519999999996,1.8273,0.099138,4.3064,1.0889,0.022700000000000005,10.710799999999999,42.9292,1.4426,1.7574800000000002,12.7228,0.6242,61.7042,13.0548,13.5486,3.9899999999999998,15.542200000000001,5.971,4.8948,23.028599999999997,1.7136,29.324,32.324,24.560399999999998,1694.527000122604,2,-274.86242676000006
2022-10-22_Augsburg_RB Leipzig,2022-10-22,15:30,Bundesliga,Matchweek 11,Sat,2023,3.0,3.0,Augsburg,RB Leipzig,Draw,1613.7121582,1,15.0,0.642,1.6366,1.14232,1.77266,44.126,10.7422,2.9744,26.80646,1.14232,0.10280799999999998,6.404400000000001,2.22274,0.5861399999999999,14.7742,20.025000000000002,0.79298,0.7081200000000001,6.908200000000001,0.4884,26.8932,6.6448,14.6498,0.7979999999999999,14.9118,5.4498,1.0398,10.77,3.0686,16.3424,18.6514,5.9208,1722.8236613759118,1773.73474121,0.5824,2.211,0.8981,1.60592,62.2778,13.937,3.4514,21.070500000000003,0.8981,0.065568,5.3872,2.07414,-0.13685999999999998,10.0388,40.7452,0.7377400000000001,1.2012800000000001,10.2128,2.2342,51.878,8.524799999999999,16.0856,1.6466,21.9764,5.497000000000001,1.1648,18.3154,1.714,24.9246,26.837400000000002,14.735600000000002,1692.01278278838,1,-160.02258301000006
2022-10-23_Hertha BSC_Schalke 04,2022-10-23,17:30,Bundesliga,Matchweek 11,Sun,2023,2.0,1.0,Hertha BSC,Schalke 04,Home Win,1604.02905273,1,17.0,1.264,1.442,1.3257,1.54598,41.0272,13.6066,4.1092,29.69948,1.1303400000000001,0.085764,4.0732,1.06868,-0.37332,13.7106,24.247200000000003,0.9250600000000001,0.8815200000000001,9.236799999999999,1.1204,32.99040000000001,4.756,13.767,1.5559999999999998,13.1212,3.7186,1.6684,16.5474,2.9458,24.105399999999996,20.7906,13.670399999999999,1739.039489598546,1549.65698242,0.358,1.875,0.8024399999999999,1.76884,37.9026,5.9244,1.1382,23.897060000000003,0.66004,0.10416800000000001,6.0718,1.84748,-0.027520000000000044,20.644199999999998,17.6648,0.46776,0.44862,3.5250000000000004,1.286,20.631999999999998,3.2154000000000003,11.584399999999999,0.0,15.4864,3.4290000000000003,0.716,6.5254,1.0939999999999999,10.6364,13.0898,7.6138,1704.365741456158,0,54.372070310000026
2022-10-23_Bochum_Union Berlin,2022-10-23,15:30,Bundesliga,Matchweek 11,Sun,2023,2.0,1.0,Bochum,Union Berlin,Home Win,1570.81677246,1,15.0,1.1126,2.1818,0.6175,1.81744,44.676,12.8602,3.9366,28.901400000000002,0.6175,0.047848,5.6296,1.6824199999999996,-0.32138,16.772,23.6092,0.46521999999999997,0.60742,9.2776,1.8058,31.1038,6.2348,12.2076,1.0816,18.3236,5.8322,1.053,15.033600000000002,3.0023999999999997,21.624000000000002,14.0752,10.211,1736.367739185368,1760.22485352,1.51,0.6175999999999999,0.94732,0.9890599999999999,48.1358,11.14,4.0378,38.004920000000006,0.78908,0.069462,4.2522,1.38608,0.76848,14.9556,24.7112,0.6297200000000001,0.9277599999999999,8.2848,2.9292000000000002,32.6136,9.714599999999999,9.980599999999999,0.558,18.4582,5.3388,2.0904,16.5026,1.644,20.3022,20.4942,11.301,1658.505443311334,0,-189.40808105999986
2022-10-28_Hertha BSC_Werder Bremen,2022-10-28,20:30,Bundesliga,Matchweek 12,Fri,2023,1.0,0.0,Werder Bremen,Hertha BSC,Home Win,1623.96862793,1,20.0,1.9534,1.9384,1.3927200000000002,1.51664,58.8858,11.0748,4.6924,44.095960000000005,1.0723,0.09626200000000001,6.3556,1.71442,-0.22397999999999998,11.26,40.256,0.88564,1.21668,8.9266,1.6374,42.3108,9.320599999999999,14.5856,1.3502,16.7396,3.4156,3.0276,17.1914,0.642,20.2958,18.7808,13.6822,1668.7781762209643,1609.28637695,1.264,1.6110000000000002,1.29102,1.58196,44.083200000000005,11.4124,3.7958000000000003,36.9417,1.12008,0.095224,3.9638,1.5468600000000001,-0.06414000000000006,13.3146,22.379399999999997,0.8976,0.82456,7.8911999999999995,1.2222,29.323999999999998,5.6058,16.148200000000003,1.496,14.240200000000002,3.3648,1.8794,14.344999999999999,1.6356,20.0254,18.1904,14.3322,1698.338464843572,0,14.682250979999935
2022-10-29_Dortmund_Eint Frankfurt,2022-10-29,18:30,Bundesliga,Matchweek 12,Sat,2023,1.0,2.0,Eint Frankfurt,Dortmund,Away Win,1750.03051758,1,18.0,2.5328,0.6022,1.9626599999999998,0.59894,51.0428,12.7426,4.7374,34.55332,1.4295399999999998,0.11148000000000002,2.5012,0.62406,0.02185999999999999,13.36,28.4022,1.05676,1.46914,8.2434,2.1042,37.6888,7.1964,10.978800000000001,2.3328,16.068800000000003,6.079599999999999,4.6434,16.1772,1.0918,23.6764,28.268,17.4358,1722.0494682612139,1796.89160156,1.0982,1.9014,1.5203600000000002,1.5264,62.9948,15.242,5.252800000000001,30.73754,1.5203600000000002,0.10054199999999999,6.0634,1.30566,-0.59574,13.0748,35.079,1.23682,1.10418,11.222000000000001,2.4772,52.348,9.825199999999999,15.844000000000001,0.558,22.9172,8.0542,1.5966,19.982,2.5038,27.1744,26.1542,21.6156,1703.842375928446,2,-46.8610839800001
2022-10-29_Bochum_Wolfsburg,2022-10-29,15:30,Bundesliga,Matchweek 12,Sat,2023,4.0,0.0,Wolfsburg,Bochum,Home Win,1662.77148438,1,15.0,1.8638,2.0396,1.4685599999999999,1.38308,58.21339999999999,14.651799999999998,4.4376,30.29428,1.4685599999999999,0.103434,4.7454,1.9756399999999998,0.13383999999999996,10.675,36.1468,1.2663600000000002,1.6452200000000001,10.3218,3.3282,45.019999999999996,11.9708,15.2334,0.8606,24.1706,6.9132,3.3476,18.7958,2.5318,25.4634,25.245199999999997,14.200199999999999,1645.458987158098,1582.23632812,0.7624,3.108,1.08418,2.80188,45.9956,10.5128,3.5274,36.29436,1.08418,0.09847600000000001,9.5064,3.77894,0.8687400000000001,12.420200000000001,25.1752,0.79586,0.83298,8.2484,2.6346,31.3944,7.7056000000000004,11.926400000000001,0.6175999999999999,20.944,3.965,1.5248,15.022400000000001,1.9184,18.961,18.2062,11.8684,1656.682824754532,0,80.5351562599999
2022-10-29_Bayern Munich_Mainz 05,2022-10-29,15:30,Bundesliga,Matchweek 12,Sat,2023,6.0,2.0,Bayern Munich,Mainz 05,Home Win,1969.5065918,1,15.0,2.9942,0.5736,2.1844,0.65556,65.9752,21.7802,9.960199999999999,44.47294,2.1844,0.10570199999999999,2.5468,0.96006,0.38645999999999997,6.4284,50.7412,1.6671399999999998,1.71966,15.4374,2.1052,61.52719999999999,16.3174,7.6498,0.978,17.3762,6.9068000000000005,4.3355999999999995,29.0514,1.7924,37.914,42.0654,26.6666,1704.553986448902,1695.06359863,1.4044,1.391,1.20198,1.88152,41.885999999999996,11.643799999999999,4.4483999999999995,37.4538,1.07382,0.092724,4.508,1.30012,-0.09088000000000002,12.557200000000002,25.6848,0.82618,1.29698,7.598199999999999,1.8394,36.7804,7.3180000000000005,8.4818,1.243,16.6922,4.725199999999999,2.0154,13.7758,1.4264,18.6812,25.1696,11.4528,1680.989379372254,0,274.44299317000014
2022-10-29_Leverkusen_RB Leipzig,2022-10-29,15:30,Bundesliga,Matchweek 12,Sat,2023,2.0,0.0,RB Leipzig,Leverkusen,Home Win,1770.72399902,1,15.0,2.8816,0.8088,2.7442,1.03162,54.9234,13.794600000000003,5.5932,41.313320000000004,2.25012,0.17022400000000001,2.7936,0.92608,0.27748,13.217000000000002,35.3744,1.48866,1.18746,9.665,0.9714,41.075199999999995,8.144400000000001,10.0128,3.8989999999999996,14.1438,6.2256,4.2860000000000005,16.9404,2.1204,23.599800000000002,25.777,18.1938,1659.789692187756,1713.66040039,1.1738,2.656,1.07712,2.28338,48.032,8.3004,3.9469999999999996,46.8904,1.07712,0.13165,6.7818000000000005,2.2984,-0.50178,12.7406,23.9062,0.93472,0.8176,6.7664,1.5735999999999999,28.1226,4.2134,12.6828,0.5956,10.7712,2.8654,1.9718,10.9836,1.0638,14.731200000000001,12.5738,13.859,1753.1447937996898,0,57.063598630000115
2022-10-29_Augsburg_Stuttgart,2022-10-29,15:30,Bundesliga,Matchweek 12,Sat,2023,2.0,1.0,Stuttgart,Augsburg,Home Win,1606.49353027,1,15.0,1.3526,1.3956,1.2058200000000001,1.2479,51.494,13.8898,3.6950000000000003,26.98408,1.01046,0.07911,4.5192,1.25514,-0.14045999999999997,12.876999999999999,32.778400000000005,0.89486,1.1938,10.1822,2.6826,38.9328,8.286,12.422199999999998,0.716,18.2224,3.9274000000000004,2.283,16.7192,2.4222,24.4132,24.7952,20.540399999999998,1660.1473952886322,1616.72290039,1.666,1.5104000000000002,0.77408,1.7577800000000001,39.1388,9.744800000000001,3.8128,40.97514,0.77408,0.084094,6.416399999999999,2.16018,0.6497800000000001,21.4226,16.3318,0.67674,0.67204,6.1384,1.0596,22.107,4.6152,12.498800000000001,1.4604,14.774000000000001,4.545,3.332,10.6244,2.4330000000000003,15.591,14.979600000000001,8.137200000000002,1661.633243968666,0,-10.229370119999885
2022-10-30_Freiburg_Schalke 04,2022-10-30,17:30,Bundesliga,Matchweek 12,Sun,2023,0.0,2.0,Schalke 04,Freiburg,Away Win,1557.88305664,1,17.0,1.5314,2.9782,1.42576,1.7108,49.4526,15.7878,4.9382,30.412259999999996,1.1552,0.074462,5.9514,2.2060400000000002,-0.77216,13.6938,23.1438,0.8279,0.9765,9.4872,3.2885999999999997,31.4614,8.5116,10.7638,1.1014,25.9508,5.0729999999999995,2.1312,16.8188,3.9484000000000004,27.523799999999998,24.803,12.603200000000003,1659.221108713932,1769.10461426,1.1338,2.0166,0.9251799999999999,1.46754,46.249199999999995,8.7224,2.685,29.650859999999998,0.9251799999999999,0.12084999999999999,4.9152,1.7458200000000001,-0.27078,13.6404,23.1162,0.8809799999999999,0.93292,7.0826,1.1400000000000001,29.389599999999998,4.1796,13.3892,0.0,11.857399999999998,3.1262,2.0896,10.5274,2.2818,15.4226,16.3744,11.107600000000001,1740.426455566548,2,-211.2215576200001
2022-10-30_Gladbach_Union Berlin,2022-10-30,15:30,Bundesliga,Matchweek 12,Sun,2023,2.0,1.0,Union Berlin,Gladbach,Home Win,1766.85388184,1,15.0,1.9624,0.536,1.11584,0.76626,34.2098,13.098399999999998,4.1334,30.630760000000002,1.11584,0.08441,3.3106,0.61006,0.07406000000000003,16.0272,23.575799999999997,0.74148,0.8248599999999999,9.5328,3.6702,23.9838,6.5938,9.1616,0.9623999999999999,17.1934,4.0682,3.4364,16.0552,2.108,21.5274,16.964599999999997,11.047799999999999,1771.068618847146,1720.51513672,1.2066,2.0858,1.23552,1.79744,50.40859999999999,10.9572,5.784000000000001,53.9841,1.23552,0.111562,8.320599999999999,2.3716,0.5056000000000002,18.6224,18.491799999999998,1.01796,0.9272400000000001,8.7552,1.8418,23.4308,5.1916,13.8066,2.4486000000000003,12.1604,5.050400000000001,1.8308,12.7064,2.7237999999999998,19.0,17.543200000000002,11.837599999999998,1703.9300684342738,0,46.338745119999885
2022-10-30_Hoffenheim_Koln,2022-10-30,19:30,Bundesliga,Matchweek 12,Sun,2023,1.0,1.0,Koln,Hoffenheim,Draw,1672.5670166,1,19.0,1.8726000000000003,1.286,1.66622,1.34972,58.5728,16.2336,5.792400000000001,33.5715,1.66622,0.09471600000000001,4.0506,1.11954,0.25114000000000003,14.7898,30.705199999999998,1.2149999999999999,1.5004600000000001,12.3278,3.412,44.3318,8.475000000000001,12.836400000000001,0.5646,26.062199999999997,6.654,3.585,21.5576,3.0518,28.0942,28.7376,18.578400000000002,1672.7197884277462,1699.82458496,1.6466,0.8982,1.4710800000000002,1.28234,48.662,10.6648,3.546,36.19394,1.10478,0.098868,4.231800000000001,1.29984,0.40164,12.2326,24.6266,0.8632599999999999,0.9380599999999999,8.4116,2.2098,32.886,6.3382000000000005,12.672600000000001,0.2198,15.297,4.4604,2.6512000000000002,15.039000000000001,1.4396,19.8908,20.746,14.6588,1680.8041196072081,1,-27.25756836000005
2022-11-04_Gladbach_Stuttgart,2022-11-04,20:30,Bundesliga,Matchweek 13,Fri,2023,3.0,1.0,Gladbach,Stuttgart,Home Win,1715.0333252,1,20.0,2.0968,1.3502,2.0838,1.1947400000000001,57.526799999999994,12.6544,4.8064,38.01204,1.6676600000000001,0.136378,4.2222,1.5058,0.15560000000000007,12.8844,23.7814,1.48624,1.5760800000000001,10.0854,1.2198,36.136799999999994,7.786,17.488,2.2594000000000003,14.069600000000001,5.366599999999999,2.954,15.323000000000002,2.8178,23.6004,25.242,17.41,1700.964484718336,1626.80456543,1.1556,2.5964,1.40934,1.69658,39.419200000000004,11.4408,4.1898,34.38334,1.2510999999999999,0.10516400000000001,5.6062,1.86656,-0.72984,16.335,23.672,1.1691,1.05554,9.485,1.5823999999999998,28.788600000000002,6.8448,11.6486,1.3006,14.1482,3.8124,2.3112,14.3964,2.9712,20.9124,17.3906,15.746599999999999,1743.1954099327759,0,88.22875977000012
2022-11-05_Bochum_Dortmund,2022-11-05,15:30,Bundesliga,Matchweek 13,Sat,2023,3.0,0.0,Dortmund,Bochum,Home Win,1823.33886719,1,15.0,2.3568000000000002,0.9202,1.77874,0.6931200000000001,53.9122,14.027,6.2806,46.995580000000004,1.77874,0.12445400000000001,2.3810000000000002,0.7117800000000001,-0.20842,11.1638,32.4294,1.53052,1.59138,11.0412,1.7892000000000001,47.9958,10.561799999999998,13.6104,1.202,19.334,7.2828,4.3092,19.6896,1.4354,24.796999999999997,25.6294,18.371000000000002,1690.6720257057439,1586.28527832,0.3978,3.3414,0.8816,2.63516,47.205600000000004,10.317599999999999,2.9422,30.988,0.8816,0.080652,8.2906,3.3359200000000007,0.17252000000000012,14.976,24.1372,0.59768,0.70434,7.6912,2.527,30.222600000000003,7.3468,10.4244,0.8,19.1284,3.7684,0.7956,13.6112,1.5382,17.0676,18.1744,11.049,1658.2018447997862,0,237.05358886999988
2022-11-05_Schalke 04_Werder Bremen,2022-11-05,18:30,Bundesliga,Matchweek 13,Sat,2023,2.0,1.0,Werder Bremen,Schalke 04,Home Win,1643.703125,1,18.0,1.7138,1.4562,1.49878,1.26076,57.4764,13.1534,4.7672,37.13876,1.21042,0.091752,4.9548000000000005,1.1969,-0.25930000000000003,11.7782,34.4816,0.94474,1.24266,9.999,2.062,39.3054,9.477,14.126999999999999,1.4594,18.0308,3.7623999999999995,2.6364,18.6698,1.5546,23.417399999999997,21.033,13.17,1660.595314330346,1552.0345459,0.4222,1.7433999999999998,0.8398399999999999,1.19616,41.739999999999995,6.808600000000001,1.2244,21.16206,0.7116799999999999,0.10119399999999999,4.9996,1.54766,-0.19573999999999997,18.4494,18.0748,0.52864,0.52142,4.449199999999999,1.5015999999999998,23.5754,4.1706,12.646799999999999,0.4884,17.9122,4.407,0.8444,7.882,1.1846,11.737599999999999,12.936200000000001,8.5172,1683.46633237277,0,91.66857909999999
2022-11-05_Hoffenheim_RB Leipzig,2022-11-05,15:30,Bundesliga,Matchweek 13,Sat,2023,1.0,3.0,Hoffenheim,RB Leipzig,Away Win,1700.58337402,1,15.0,1.092,1.1059999999999999,1.7594599999999998,1.29034,49.6592,14.3482,5.0478,35.991879999999995,1.61706,0.107366,4.1646,1.23292,0.12691999999999998,11.553799999999999,32.0506,1.4390800000000001,1.52186,11.216999999999999,3.3606,39.4922,9.613199999999999,14.0842,0.356,18.7806,5.2446,1.828,17.2618,1.7426,24.425199999999997,24.4278,15.714400000000001,1739.18312634279,1803.40026855,1.1126,2.5782,1.1636799999999998,1.7206,62.7504,12.9018,3.518,23.83428,1.1636799999999998,0.08454800000000001,5.2924,2.08756,-0.49064,11.777,40.6592,0.87726,1.49538,9.2942,2.4991999999999996,49.092,9.9818,16.2212,1.8262,19.7484,5.1148,1.981,16.6658,1.9868000000000001,23.2258,24.0702,15.783199999999999,1683.15427333921,2,-102.8168945299999
2022-11-05_Mainz 05_Wolfsburg,2022-11-05,15:30,Bundesliga,Matchweek 13,Sat,2023,0.0,3.0,Mainz 05,Wolfsburg,Away Win,1705.32128906,1,15.0,1.6386,0.9516,1.09566,0.87214,51.54599999999999,12.783199999999999,3.8552,30.949,0.9003000000000001,0.070422,2.7537999999999996,0.8667999999999999,-0.08479999999999999,7.867800000000001,34.457,0.5695,0.91036,8.433399999999999,3.1006,41.294200000000004,8.1614,13.3358,0.7778,20.128,4.0662,2.591,15.116399999999999,2.312,20.844,21.2028,12.2464,1698.1186915783799,1685.68908691,0.8862,1.4242,1.00612,1.93906,47.8914,8.0482,2.7134,28.72836,0.8107599999999999,0.09644,4.2326,1.6223200000000002,0.19811999999999996,14.747599999999998,20.5856,0.731,0.83258,6.1844,0.6242,26.8952,3.2352,19.535600000000002,0.9623999999999999,12.655399999999998,3.5602,1.284,8.874400000000001,2.7936,15.0546,11.396,8.733600000000001,1711.434690405204,2,19.632202150000012
2022-11-05_Bayern Munich_Hertha BSC,2022-11-05,15:30,Bundesliga,Matchweek 13,Sat,2023,2.0,3.0,Hertha BSC,Bayern Munich,Away Win,1616.51843262,1,15.0,1.4818,1.3978,1.14336,1.30718,44.4874,12.9574,3.9539999999999997,30.484139999999996,0.9675199999999999,0.07653599999999999,4.01,0.94854,-0.44926,13.595199999999998,27.141199999999998,0.7727799999999999,0.8657000000000001,8.1922,0.82,34.4446,5.7572,14.767000000000001,1.2562,14.23,3.991,2.19,15.671600000000002,2.7512000000000003,23.018,19.201999999999998,14.624199999999998,1694.306422581548,1999.00708008,2.2274,0.8154,1.76602,1.04884,64.92999999999999,17.9668,6.8742,37.531279999999995,1.65388,0.092574,4.319999999999999,1.06886,0.25346,11.860800000000001,40.125600000000006,1.35974,1.63312,13.294599999999999,0.9059999999999999,58.635,13.1374,14.126,3.07,15.631800000000002,5.7296000000000005,3.552,22.7488,2.0864,29.9472,34.5332,26.978600000000004,1687.416644605298,2,-382.4886474599998
2022-11-05_Augsburg_Eint Frankfurt,2022-11-05,15:30,Bundesliga,Matchweek 13,Sat,2023,1.0,2.0,Augsburg,Eint Frankfurt,Away Win,1623.37841797,1,15.0,1.3104,1.6288,1.31788,2.00842,40.129999999999995,10.0356,2.8770000000000002,27.60624,1.12252,0.10829399999999999,6.464,2.16724,0.53844,14.6968,20.1226,0.79812,0.80942,6.385,1.1722000000000001,24.8622,6.4362,13.608,0.7182,16.2744,4.916599999999999,2.401,10.2166,3.306,16.3644,18.586599999999997,5.2962,1735.851588597602,1760.98779297,2.1982,1.7956,1.43632,1.16662,48.3006,12.414200000000001,4.4712,36.10504,1.43632,0.117424,3.7402,1.14322,-0.4325800000000001,13.7834,23.5156,0.9524199999999999,0.89078,8.2972,0.8982,32.2316,4.4086,12.9332,1.3602,13.969000000000001,4.2058,3.1742,13.9322,2.758,21.0672,22.261400000000002,17.516399999999997,1623.581567285274,2,-137.609375
2022-11-06_Leverkusen_Union Berlin,2022-11-06,15:30,Bundesliga,Matchweek 13,Sun,2023,5.0,0.0,Leverkusen,Union Berlin,Home Win,1726.95031738,1,15.0,1.9213999999999998,1.7008,1.73562,1.37484,55.659800000000004,14.4588,5.6928,39.835699999999996,1.54026,0.11123799999999999,3.1836,1.50948,0.05288000000000001,9.8758,28.569,1.28472,1.14958,12.4422,1.3357999999999999,41.4932,8.9534,13.1296,1.7922,15.092199999999998,5.0767999999999995,3.5986,19.8868,1.547,26.652400000000004,23.6294,25.919999999999998,1639.2785574448098,1782.90869141,1.6032,1.0442,1.03908,1.0578400000000001,48.9106,10.2932,3.8339999999999996,38.305099999999996,0.7013199999999999,0.06407399999999999,4.327,1.5316400000000001,0.4874400000000001,15.1928,24.584,0.5334800000000001,0.9238,6.891,2.4478,31.7958,8.7104,11.2036,0.358,19.377200000000002,5.9374,2.3698,14.198400000000001,2.4122000000000003,18.8506,20.621199999999998,10.5822,1632.8823278814739,0,-55.958374030000186
2022-11-06_Freiburg_Koln,2022-11-06,17:30,Bundesliga,Matchweek 13,Sun,2023,2.0,0.0,Freiburg,Koln,Home Win,1775.77429199,1,17.0,1.2662,0.7004,2.21976,1.10096,49.842800000000004,18.639,7.426000000000001,42.44446000000001,1.8642,0.112514,4.4032,0.98156,0.28115999999999997,11.380999999999998,30.3052,1.14296,1.5648,12.883400000000002,2.6486,38.802800000000005,10.1074,11.215,1.8022,21.938200000000002,5.746600000000001,2.1346,20.6548,3.7425999999999995,31.55,29.3676,18.913600000000002,1674.7802647955018,1673.8704834,1.5096,3.034,1.4007199999999997,1.48512,47.6302,9.7318,2.5538,33.01612,1.0824799999999999,0.108608,4.0428,1.71398,-1.12222,14.3232,22.066000000000003,0.9213999999999999,0.7958200000000001,7.8378,2.5846,32.7968,7.4682,13.479800000000001,0.6002,21.2984,5.5922,2.3052,13.5766,1.8632,18.051000000000002,16.008200000000002,10.4176,1668.4289443357418,0,101.90380858999993
2022-11-08_Hertha BSC_Stuttgart,2022-11-08,20:30,Bundesliga,Matchweek 14,Tue,2023,2.0,1.0,Stuttgart,Hertha BSC,Home Win,1625.60314941,1,20.0,1.7058,1.356,1.5904000000000003,1.2808,52.833,17.1314,4.214,25.952199999999998,1.41456,0.085966,4.6114,1.2629000000000001,-0.09310000000000002,13.754600000000002,30.7022,1.25168,1.5519,13.0062,3.0144,37.2414,8.569199999999999,12.436,0.6002,20.986,5.5440000000000005,3.0316,18.8686,3.3568,29.612000000000002,26.6602,18.5118,1640.6642663083921,1621.63110352,0.9934,1.2615999999999998,1.21634,1.59708,44.0422,11.459599999999998,3.2278000000000002,29.7716,1.06248,0.0907,3.3907999999999996,1.28596,0.024360000000000024,13.3948,20.1994,0.82782,0.83534,7.746200000000001,1.2,28.7148,5.2452000000000005,14.491600000000002,0.9138000000000001,15.149000000000001,3.6726,1.5472,14.5872,1.9604,20.388,17.8154,13.410400000000001,1675.5097097173439,0,3.9720458900001177
2022-11-08_Dortmund_Wolfsburg,2022-11-08,18:30,Bundesliga,Matchweek 14,Tue,2023,2.0,0.0,Wolfsburg,Dortmund,Home Win,1690.80175781,1,18.0,2.3658,1.5472,1.6659,1.2514600000000002,56.294399999999996,16.4844,5.026400000000001,30.653940000000002,1.6659,0.10453199999999999,4.1824,1.8479999999999999,0.4788,10.263200000000001,34.5228,1.46392,1.5862800000000001,11.699000000000002,3.4396,43.4532,11.818000000000001,15.0216,0.1978,25.7954,7.642799999999999,4.5338,20.27,3.2112,27.9476,25.885999999999996,14.136200000000002,1637.011949046626,1823.6685791,1.0442,1.8112000000000001,1.3562,1.6935200000000001,58.156,13.5526,4.3508000000000004,27.98692,1.3562,0.09948599999999999,5.912800000000001,1.4172,-0.394,12.014,32.0296,1.09102,0.85632,9.8788,2.0852,49.2042,9.198400000000001,15.082800000000002,0.6022,20.416000000000004,7.6928,1.6928,17.4418,2.1092000000000004,24.0708,23.8292,18.912000000000003,1711.104973438328,0,-132.86682128999996
2022-11-08_Bayern Munich_Werder Bremen,2022-11-08,20:30,Bundesliga,Matchweek 14,Tue,2023,6.0,1.0,Bayern Munich,Werder Bremen,Home Win,2008.64770508,1,20.0,3.8716,1.0046,2.4345800000000004,1.05512,66.422,21.757999999999996,10.741,47.97116,2.2148000000000003,0.10657399999999999,3.2246,1.20262,0.19802000000000003,7.5624,54.6946,1.7681,1.74652,16.5704,2.483,65.1466,15.829600000000001,7.8408,0.736,17.883,7.0161999999999995,6.443999999999999,30.3114,1.5248,38.811,40.093399999999995,27.388199999999998,1706.04054750805,1648.8157959,1.474,1.2264,1.38748,1.66038,47.4018,12.6516,4.2578000000000005,31.13732,1.09122,0.08021,5.9436,1.52238,0.29598,15.7262,24.3728,0.92004,0.7831,10.039,1.7732,28.0272,8.105599999999999,14.393,0.9822,11.1262,3.6695999999999995,2.59,15.4038,2.04,21.971,20.7526,8.6486,1717.050060669854,0,359.8319091799999
2022-11-08_Bochum_Gladbach,2022-11-08,20:30,Bundesliga,Matchweek 14,Tue,2023,2.0,1.0,Bochum,Gladbach,Home Win,1591.39782715,1,20.0,1.3456,1.9193999999999998,0.6946,1.67798,43.178399999999996,11.4648,4.3314,36.87858,0.6946,0.065158,4.933999999999999,1.52322,-0.23598000000000002,16.6386,22.0506,0.6008,0.69434,8.8172,1.681,28.2306,6.8438,11.2658,1.2176,16.6936,5.5489999999999995,1.6362,13.1324,3.0022,19.7196,17.386599999999998,9.9132,1750.295248145822,1726.46008301,1.0418,2.0772,1.16868,1.6356000000000002,46.69539999999999,9.552,4.7846,50.828359999999996,1.16868,0.121614,8.1326,2.14348,0.2640800000000001,20.7022,13.949800000000002,0.9773,0.76356,7.7586,1.3692,16.9528,4.1956,15.4354,1.7711999999999999,10.735,4.757,1.4594,9.3402,3.0398,15.892800000000001,14.2816,10.2,1738.229052029346,0,-135.06225586000005
2022-11-09_Mainz 05_Schalke 04,2022-11-09,20:30,Bundesliga,Matchweek 14,Wed,2023,1.0,0.0,Schalke 04,Mainz 05,Home Win,1557.1472168,1,20.0,1.0898,2.8804000000000003,1.2278,1.9139599999999999,50.73740000000001,15.552999999999999,4.744199999999999,29.53868,1.09964,0.072014,6.1564,2.24316,-0.63724,15.1334,20.231199999999998,0.8195000000000001,0.94884,9.5384,3.1598,28.1846,7.8278,10.198799999999999,1.2354,24.0902,5.2540000000000004,1.4854,16.5926,3.6536,25.605999999999998,24.2224,12.7988,1677.402291698414,1710.43395996,1.464,2.5728,1.31622,2.3781999999999996,38.0576,11.923599999999999,4.2594,35.21714,1.12086,0.094452,6.9432,2.24124,-0.33155999999999997,14.399199999999999,23.042,0.90682,1.2716600000000002,8.371,2.0996,30.2768,6.9978,8.3452,0.3978,15.8462,5.0409999999999995,1.9698000000000002,14.386599999999998,1.7280000000000002,19.89,25.2292,10.230599999999999,1760.7334191439418,0,-153.28674316000001
2022-11-09_Eint Frankfurt_Hoffenheim,2022-11-09,20:30,Bundesliga,Matchweek 14,Wed,2023,4.0,2.0,Eint Frankfurt,Hoffenheim,Home Win,1775.22241211,1,20.0,2.3796,0.8862,2.10066,0.64228,52.315200000000004,15.0546,5.2964,33.62312,1.62082,0.110334,2.451,0.55396,-0.33224,10.8934,28.1626,1.2020600000000001,1.52554,9.7286,2.3822,40.4508,8.6862,10.936600000000002,2.4438,15.9178,5.727399999999999,4.3792,17.7134,1.1826,26.2836,31.1602,19.6902,1744.9476311999722,1705.69604492,1.582,0.62,1.52936,1.1731599999999998,53.800399999999996,10.5308,3.2914000000000003,30.24914,1.19966,0.122844,3.5318,0.95704,0.33704,13.042,28.5356,0.9823000000000001,1.06962,8.503,2.4772,37.745799999999996,7.125400000000001,11.9404,0.442,17.108800000000002,4.8468,2.5862,15.5886,1.1514,19.911,22.8902,17.0232,1674.3502524428382,0,69.52636718999997
2022-11-09_Freiburg_RB Leipzig,2022-11-09,20:30,Bundesliga,Matchweek 14,Wed,2023,3.0,1.0,RB Leipzig,Freiburg,Home Win,1820.62243652,1,20.0,2.7933999999999997,0.4396,2.61858,0.73664,53.16579999999999,13.5592,5.7780000000000005,43.81642,2.17394,0.16664400000000001,2.1818,0.54514,0.10554,11.786000000000001,34.7482,1.4786400000000002,1.2364,9.5426,1.1184,42.064800000000005,8.850800000000001,8.3698,3.8532,13.341000000000001,6.047199999999999,4.2574,17.4112,1.8199999999999998,22.8396,25.4198,18.6954,1669.227078271472,1775.77429199,1.3646,1.815,1.30778,1.33754,49.2866,10.703599999999998,3.6932,31.944159999999997,1.11242,0.120648,4.5796,1.49034,-0.32466,12.6554,25.7786,0.87728,0.97286,8.151,1.8144,32.0128,6.071,15.6362,0.2442,15.1344,4.623,2.569,13.5606,2.642,19.8756,21.4416,12.706,1712.450985230098,0,44.84814453000013
2022-11-09_Koln_Leverkusen,2022-11-09,18:30,Bundesliga,Matchweek 14,Wed,2023,1.0,2.0,Koln,Leverkusen,Away Win,1673.8704834,1,18.0,1.497,1.2573999999999999,1.20148,1.40562,50.6926,12.6824,4.5038,32.367140000000006,1.20148,0.09192,3.6012,1.18408,0.3024800000000001,14.987200000000001,22.8674,0.83746,0.9658,9.0554,2.5058000000000002,35.7778,6.8858,12.6528,0.2198,23.593599999999995,5.9118,2.994,15.499600000000001,2.7582,21.1174,23.871000000000002,16.3904,1692.875713647828,1726.95031738,1.0564,2.7346,0.80636,2.0885599999999998,48.4848,7.5376,3.3638,41.6775,0.80636,0.10274,6.992,2.1120799999999997,-0.62252,12.0224,21.873599999999996,0.6782,0.6849000000000001,6.0569999999999995,1.5162,27.045199999999998,5.0687999999999995,12.0378,0.536,9.8288,2.8788,1.7746,10.3966,1.0574000000000001,13.8252,12.516399999999999,13.096,1750.724718164224,2,-53.079833979999876
2022-11-09_Augsburg_Union Berlin,2022-11-09,20:30,Bundesliga,Matchweek 14,Wed,2023,2.0,2.0,Union Berlin,Augsburg,Draw,1782.90869141,1,20.0,1.822,0.5824,1.07986,0.89056,37.153999999999996,12.2236,3.7876000000000003,30.898960000000002,1.07986,0.084412,3.2796000000000003,0.6434599999999999,0.061059999999999996,13.827,26.46,0.64524,0.8668,7.8378,3.8032000000000004,28.5924,5.869400000000001,7.115200000000001,0.822,19.2392,4.4056,3.2043999999999997,15.296600000000002,2.0972,20.289,15.6148,10.5546,1783.5776298821181,1628.49108887,1.4552,1.7036,0.88316,1.85644,39.6016,10.591,3.8314,36.1487,0.88316,0.087568,5.798000000000001,2.28186,0.57826,21.148000000000003,20.1058,0.7855599999999999,0.71366,7.045399999999999,1.9304000000000001,22.3846,5.530399999999999,11.516200000000001,0.8376,16.25,4.3904,2.9104,11.727,2.5338,17.0852,15.358199999999998,7.4908,1629.9185312488821,1,154.41760253999996
2022-11-11_Dortmund_Gladbach,2022-11-11,20:30,Bundesliga,Matchweek 15,Fri,2023,4.0,2.0,Gladbach,Dortmund,Home Win,1716.32873535,1,20.0,2.4754,1.4594,1.7058200000000001,1.1997,55.97659999999999,13.265400000000001,5.2139999999999995,39.09042,1.5475800000000002,0.119646,4.2,1.68826,0.22886,14.5494,25.4568,1.4075600000000001,1.46078,10.5092,1.442,38.465,8.5958,17.872,1.9892,14.207,4.841399999999999,3.7352,16.3672,2.2476000000000003,23.9724,25.7502,16.9244,1698.027671949118,1813.86901855,0.7956,2.1184000000000003,1.22196,2.0381199999999997,58.784,14.153,4.5156,28.23522,1.22196,0.09176999999999999,6.5982,1.7506,-0.3678000000000001,12.1568,38.995999999999995,0.98214,0.9151,10.979199999999999,2.8092,49.994800000000005,8.99,15.5952,0.3978,21.2624,7.6792,1.2351999999999999,18.4974,2.9308,25.5634,24.2694,19.5764,1723.7247276860421,0,-97.54028319999998
2022-11-12_Augsburg_Bochum,2022-11-12,15:30,Bundesliga,Matchweek 15,Sat,2023,0.0,1.0,Augsburg,Bochum,Away Win,1622.92016602,1,15.0,1.2794,1.666,1.407,1.7978200000000002,39.1636,10.4644,3.2775999999999996,30.48918,1.23116,0.116672,6.6617999999999995,1.97516,0.30916,14.3828,21.2196,0.9047999999999999,1.0515,6.7348,2.0318,24.764,7.457599999999999,12.738000000000001,0.358,17.8446,4.7248,2.3609999999999998,10.871599999999999,3.1754,17.1488,21.0022,5.3666,1748.9150760010298,1597.77246094,0.358,3.5956,0.76692,2.17556,44.754999999999995,8.832400000000002,2.1712000000000002,26.5788,0.76692,0.080586,6.319599999999999,2.71644,-0.71896,12.780999999999999,22.57,0.45698000000000005,0.62624,6.4128,2.0418,28.491,7.5122,9.1726,0.5758,17.0736,3.8916,0.716,10.831399999999999,1.8286000000000002,14.4422,17.0918,7.9254,1688.789259228704,2,25.147705079999923
2022-11-12_Hoffenheim_Wolfsburg,2022-11-12,15:30,Bundesliga,Matchweek 15,Sat,2023,1.0,2.0,Hoffenheim,Wolfsburg,Away Win,1696.82995605,1,15.0,1.0828,1.7280000000000002,1.5293200000000002,1.48994,46.51859999999999,12.5714,4.5546,35.62742,1.4011600000000002,0.103188,5.5576,1.6180400000000001,-0.10996000000000002,10.3334,30.1918,1.21098,1.32874,9.1092,3.0804,38.8544,8.7634,13.5314,0.5646,19.191,5.6086,1.8452,14.9052,1.3800000000000001,21.0872,21.166,15.7544,1773.9854776599582,1721.28283691,1.5302,0.9934,0.97992,1.4847,45.6276,8.3876,2.5978000000000003,26.778660000000002,0.80408,0.09279400000000002,3.5326,1.11962,0.12622,16.526,21.3594,0.7223,0.84814,6.7543999999999995,0.6617999999999999,29.4476,3.4118000000000004,18.2168,1.0662,11.2804,3.6041999999999996,2.6208,10.7964,2.6142000000000003,15.9818,10.868000000000002,9.3486,1698.33823427604,2,-24.45288086000005
2022-11-12_RB Leipzig_Werder Bremen,2022-11-12,15:30,Bundesliga,Matchweek 15,Sat,2023,1.0,2.0,Werder Bremen,RB Leipzig,Away Win,1650.8470459,1,15.0,1.5981999999999998,0.978,1.33354,1.21698,54.930800000000005,13.2264,5.0788,39.733720000000005,1.18936,0.088692,4.3266,1.02298,0.04497999999999999,12.9774,33.1002,1.0367600000000001,1.2716200000000002,10.575800000000001,2.4442,37.9096,9.085,13.105,1.6576,17.1834,3.3978,2.4844,18.7352,1.7433999999999998,22.9756,20.4296,12.408400000000002,1625.3643352041458,1829.48852539,1.5897999999999999,2.2762000000000002,1.3327,1.6673600000000002,61.3338,13.456,4.9756,32.043820000000004,1.3327,0.091862,5.207199999999999,2.18294,-0.09326000000000001,13.4528,34.799800000000005,1.07374,1.56796,11.0184,2.8376,44.0894,10.9046,14.057200000000002,2.4320000000000004,15.645600000000002,3.4616000000000002,2.7156000000000002,18.697,1.5997999999999999,25.2128,22.6098,17.0258,1679.7693627185422,2,-178.64147948999994
2022-11-12_Leverkusen_Stuttgart,2022-11-12,15:30,Bundesliga,Matchweek 15,Sat,2023,2.0,0.0,Leverkusen,Stuttgart,Home Win,1745.28417969,1,15.0,2.9502,1.0982,1.853,1.0943199999999997,56.1822,13.6802,6.6444,50.519040000000004,1.67716,0.12865000000000001,2.3884,0.99806,0.11966000000000002,11.353200000000001,28.700799999999997,1.47602,1.0713400000000002,12.342,0.9138000000000001,39.2458,7.536800000000001,13.9048,1.613,13.084999999999999,4.3806,5.1922,19.398,1.4921999999999997,25.0218,21.2682,24.7508,1671.0900999016578,1632.14465332,0.9958,2.781,1.3351400000000002,1.6745800000000002,40.2658,11.4526,3.7382,31.255900000000004,1.1927400000000001,0.10220599999999999,6.0782,2.03412,-0.74688,15.1248,22.239800000000002,1.11894,1.08324,9.7366,2.1126,30.575200000000002,7.3488,13.037000000000003,0.738,15.3102,3.9312,1.9916,13.5918,3.3624,20.8328,18.861,15.2954,1756.886966917258,0,113.13952636999988
2022-11-12_Hertha BSC_Koln,2022-11-12,15:30,Bundesliga,Matchweek 15,Sat,2023,2.0,0.0,Hertha BSC,Koln,Home Win,1613.45300293,1,15.0,1.822,1.8464,1.24994,1.25112,41.396800000000006,11.2522,4.3469999999999995,44.446780000000004,0.89634,0.077766,3.7205999999999997,1.1302,-0.7162,13.2474,23.6202,0.67224,0.81914,6.519399999999999,1.2264,30.316399999999998,5.8258,14.1902,0.5538,13.1744,3.2152,2.9478,12.73,2.5318,20.141599999999997,18.2932,12.564,1753.515248632362,1667.80078125,1.2144,3.0748,1.3394400000000002,1.5487,47.22280000000001,9.5026,2.4983999999999997,32.078500000000005,1.05304,0.10862999999999999,4.4270000000000005,1.95888,-0.93792,14.3354,21.959,0.89808,0.75622,7.986400000000001,2.1818,30.863000000000003,7.1212,11.8342,0.5402,19.1702,4.4677999999999995,1.9304000000000001,12.8628,1.8768,16.9454,16.1512,10.631599999999999,1686.347616112436,0,-54.34777832000009
2022-11-12_Bayern Munich_Schalke 04,2022-11-12,18:30,Bundesliga,Matchweek 15,Sat,2023,0.0,2.0,Schalke 04,Bayern Munich,Away Win,1552.74719238,1,18.0,1.0808,1.7272,1.19734,1.75928,48.144800000000004,15.253400000000003,4.3814,27.801260000000003,1.19734,0.080138,4.7756,1.7448199999999998,0.017620000000000025,16.0854,20.2634,0.9152199999999999,0.84744,9.340399999999999,2.6111999999999997,28.7658,7.944999999999999,11.6,1.356,22.394799999999996,3.8192,1.1926,16.1008,2.7672000000000003,24.38,23.179000000000002,13.940000000000001,1676.136885081424,2012.65307617,1.7280000000000002,1.2222,1.63528,1.13602,66.7904,16.561,5.5776,33.2068,1.63528,0.10164400000000001,4.3438,1.2629,0.040699999999999986,11.0864,41.6986,1.31496,1.5609799999999998,12.100200000000001,0.8154,58.7798,13.567799999999998,15.522799999999998,2.5746,16.5336,6.145,2.5876,20.587999999999997,1.9778,27.622600000000002,34.2358,26.080600000000004,1682.65712192515,2,-459.9058837900002
2022-11-13_Eint Frankfurt_Mainz 05,2022-11-13,15:30,Bundesliga,Matchweek 15,Sun,2023,1.0,1.0,Mainz 05,Eint Frankfurt,Draw,1693.50915527,1,15.0,1.4748,1.589,1.12938,0.87376,53.001000000000005,13.581800000000001,3.4814000000000003,26.177680000000002,0.9535399999999999,0.06938,2.9226,1.0010599999999998,-0.58794,7.7368,35.4648,0.59698,0.9869999999999999,9.2228,3.2790000000000004,46.0048,10.5314,11.448599999999999,0.5558000000000001,22.689799999999998,5.2806,2.332,18.0796,2.0366,23.6344,24.2012,12.5102,1689.58347905222,1780.79333496,2.3226,1.7160000000000002,1.3550399999999998,1.09788,48.838,12.517000000000001,5.5892,45.418459999999996,1.3550399999999998,0.109916,3.622,1.4952200000000002,-0.022980000000000056,15.0142,21.1456,0.85068,0.8672799999999999,7.879199999999999,0.8642000000000001,31.5668,5.3004,14.0608,0.9358,14.328,4.7736,3.4452000000000003,14.7156,2.0496,21.493,23.700400000000002,18.7742,1627.9229315427042,1,-87.28417968999997
2022-11-13_Freiburg_Union Berlin,2022-11-13,17:30,Bundesliga,Matchweek 15,Sun,2023,4.0,1.0,Freiburg,Union Berlin,Home Win,1781.84411621,1,17.0,1.4838,0.1978,2.19548,0.9543200000000001,52.6658,17.3986,6.895,42.06648,1.8754600000000001,0.12191199999999999,3.586,0.8080200000000001,0.6102200000000001,10.366,28.521400000000003,1.14308,1.3918,11.2858,2.1954000000000002,39.1318,8.8316,11.193399999999999,1.5778,20.2028,5.0952,2.6096,20.001199999999997,3.6242,30.1186,29.763400000000004,18.378,1655.6218092779322,1764.5748291,0.5778,2.0166,0.84982,1.14208,48.3636,9.242799999999999,2.6854,29.559760000000004,0.54582,0.056898,4.8386,1.9115199999999999,-0.10507999999999995,11.533999999999999,24.8462,0.42802,0.70722,6.2692,1.7704,31.059599999999996,6.9856,11.471799999999998,0.178,19.716,6.2762,0.8351999999999999,11.359599999999999,2.6594,16.6234,18.9936,11.2006,1663.9311451659719,0,17.26928711000005
2023-01-20_Bayern Munich_RB Leipzig,2023-01-20,20:30,Bundesliga,Matchweek 16,Fri,2023,1.0,1.0,RB Leipzig,Bayern Munich,Draw,1841.72106934,1,20.0,2.9582,0.6398,2.5601599999999998,0.6396799999999999,55.8114,13.7032,6.0443999999999996,45.07128,2.08,0.15921000000000002,1.8752,0.53618,-0.10362,10.097999999999999,35.6146,1.5340200000000002,1.1895,10.609200000000001,0.9623999999999999,41.2576,9.3982,10.4982,2.4144,12.4858,5.7540000000000004,4.62,17.77,2.4706,24.520599999999998,23.735599999999998,18.5374,1695.239391454668,2014.21472168,1.8994,0.9558,1.71944,1.1745,66.0468,17.005,5.619800000000001,32.74574,1.71944,0.103364,4.1094,1.29988,0.34407999999999994,10.889199999999999,41.1994,1.4255600000000002,1.55046,12.778599999999999,0.7338,59.5022,13.8996,13.184600000000001,2.1846,15.1152,5.7422,3.1614,22.3386,2.2242,28.9372,35.5216,27.9376,1640.345660058556,1,-172.49365233999993
2023-01-21_Bochum_Hertha BSC,2023-01-21,15:30,Bundesliga,Matchweek 16,Sat,2023,3.0,1.0,Bochum,Hertha BSC,Home Win,1607.93469238,1,15.0,1.6994,0.9623999999999999,1.01262,1.28738,44.90259999999999,11.6184,3.8658,32.9554,1.01262,0.08662199999999999,3.1988,0.89186,-0.07053999999999999,15.629999999999999,22.822400000000002,0.76168,0.75818,8.4472,1.3246,30.249399999999994,5.9828,13.337,1.1958,16.336,5.7382,2.2052,13.563399999999998,3.2462,20.8246,17.3042,10.6988,1712.9666579369418,1624.57470703,1.1382,1.4796,1.12142,1.5364399999999998,44.2148,10.5486,2.8165999999999998,27.8493,0.9829600000000001,0.087628,3.896,1.28646,-0.19313999999999998,14.8648,19.146600000000003,0.79502,0.78738,7.139,1.18,27.2224,4.3438,14.818999999999999,0.7782,16.0552,3.8054,1.8808,12.2424,2.2086,17.974800000000002,17.6456,12.7484,1657.427019749756,0,-16.640014650000012
2023-01-21_Freiburg_Wolfsburg,2023-01-21,15:30,Bundesliga,Matchweek 16,Sat,2023,6.0,0.0,Wolfsburg,Freiburg,Home Win,1729.85253906,1,15.0,2.6176,1.3924,1.89792,1.3584,49.4624,16.535999999999998,5.368,32.5595,1.89792,0.119172,4.9408,1.6510400000000003,0.41883999999999993,13.167200000000001,29.9424,1.57404,1.7341600000000001,11.685,2.9072000000000005,37.7938,9.4058,14.487000000000002,0.9106000000000001,20.955399999999997,6.6134,5.0572,18.545199999999998,3.2901999999999996,27.232,24.0554,12.1248,1691.461081859002,1785.18151855,1.0398,2.0776,0.95192,1.65238,47.4046,9.5008,3.3798,37.82882000000001,0.77608,0.077096,5.21,2.00082,-0.07678000000000004,11.480599999999999,24.7566,0.5400200000000001,0.85906,7.103400000000001,1.633,32.1884,6.540800000000001,14.3518,0.2198,13.844399999999998,4.0724,1.5912,12.460600000000001,2.0894000000000004,17.279,19.865,12.668000000000001,1730.8426838860642,0,-55.32897948999994
2023-01-21_Eint Frankfurt_Schalke 04,2023-01-21,15:30,Bundesliga,Matchweek 16,Sat,2023,3.0,0.0,Eint Frankfurt,Schalke 04,Home Win,1785.82128906,1,15.0,2.5416,1.286,2.12734,0.9887600000000001,53.193200000000004,15.093400000000003,5.3225999999999996,33.60278,1.81086,0.12218600000000002,2.9384,0.86484,-0.42116,11.536399999999999,26.436799999999998,1.55374,1.58182,10.6326,1.7114,38.8408,8.573599999999999,14.261800000000001,2.011,15.326,5.5546,4.6411999999999995,19.739800000000002,0.9202,26.932,28.77,20.7424,1727.3050056384259,1561.36193848,0.6242,2.0574,0.93914,1.13326,46.8152,9.47,1.6904,21.30326,0.93914,0.10384000000000002,4.8554,1.7070400000000001,-0.35036,14.2322,20.5978,0.6567200000000001,0.7234800000000001,5.7696,2.5724,29.267400000000002,6.784,12.338,0.4396,19.9072,4.122199999999999,1.2484,11.601199999999999,1.022,14.750399999999999,15.9174,10.9958,1674.8566336181402,0,224.4593505800001
2023-01-21_Mainz 05_Stuttgart,2023-01-21,15:30,Bundesliga,Matchweek 16,Sat,2023,1.0,1.0,Stuttgart,Mainz 05,Draw,1626.73706055,1,15.0,1.8794,1.3204,1.83324,0.99202,56.001200000000004,17.6954,5.0694,30.086460000000002,1.6749999999999998,0.099462,4.3502,1.1921599999999999,-0.12823999999999997,12.1814,32.362,1.55724,1.66768,14.703599999999998,3.5456,39.6036,9.921800000000001,13.2692,0.7844,23.4622,6.2223999999999995,3.561,20.7682,3.3212,31.625799999999998,29.169200000000004,20.2702,1646.32132282781,1684.75439453,1.1734,2.5598,1.2934400000000001,2.33366,40.9054,11.8312,3.5008000000000004,28.6684,1.1176000000000001,0.093448,6.9374,2.2181200000000003,-0.34168,15.624600000000001,22.9492,0.9438000000000001,1.32214,9.1548,3.1106,28.7184,7.9748,10.3644,0.358,15.264199999999999,4.8486,1.6286,15.0688,2.1436,20.3336,23.9408,8.7538,1715.777908963484,1,-58.017333979999876
2023-01-21_Koln_Werder Bremen,2023-01-21,18:30,Bundesliga,Matchweek 16,Sat,2023,7.0,1.0,Koln,Werder Bremen,Home Win,1649.37341309,1,18.0,1.5914000000000001,1.6199999999999999,1.33666,1.30412,50.7022,15.0442,5.618399999999999,36.05414,1.33666,0.090728,3.2525999999999997,1.09798,-0.18382000000000004,12.1138,23.5362,0.9258,1.0813199999999998,10.359,2.211,36.8236,6.8972,11.7548,0.1978,23.29,5.9206,3.1828000000000003,17.435200000000002,2.7824000000000004,23.968000000000004,24.892799999999998,16.0628,1712.259802734424,1646.22229004,1.1382,2.2806,1.3787000000000003,2.49672,44.9752,10.832799999999999,3.3110000000000004,28.945339999999998,1.11208,0.110492,7.2144,2.9842,0.7036,15.5862,20.163,0.81592,0.69268,8.5698,1.3074,25.061,7.3180000000000005,13.144600000000002,1.084,10.380799999999999,3.5584,2.0984,12.7328,2.1802,17.9782,19.156,7.6626,1773.976990797084,0,3.151123050000024
2023-01-21_Hoffenheim_Union Berlin,2023-01-21,15:30,Bundesliga,Matchweek 16,Sat,2023,3.0,1.0,Union Berlin,Hoffenheim,Home Win,1748.51696777,1,15.0,1.8397999999999999,0.8684000000000001,1.1639399999999998,0.81826,43.9532,14.6314,4.5856,31.40188,1.1639399999999998,0.07620199999999999,3.2958000000000003,0.70122,-0.16718,10.104600000000001,30.1538,0.7239599999999999,1.1764,9.363199999999999,4.7438,33.8266,7.536,7.0154000000000005,1.084,23.3994,5.286,3.284,15.311,3.3526,23.467000000000002,19.1044,12.220200000000002,1742.894155493316,1681.81079102,1.4796,1.5348000000000002,1.5996400000000002,1.56658,54.0414,10.9658,2.9738,26.11946,1.30294,0.125562,4.455399999999999,1.3797199999999998,-0.15508,11.7728,30.5242,1.18824,1.1515,8.840800000000002,2.8178,40.3902,7.356999999999999,11.269799999999998,0.3978,18.407400000000003,5.4388000000000005,2.5834,17.1828,1.1362,21.472800000000003,22.412599999999998,16.4326,1684.490155396228,0,66.70617675000017
2023-01-22_Augsburg_Dortmund,2023-01-22,15:30,Bundesliga,Matchweek 16,Sun,2023,4.0,3.0,Dortmund,Augsburg,Home Win,1801.27722168,1,15.0,2.5654,0.3956,1.8950600000000002,0.5829,55.96300000000001,12.98,5.5642,42.44674,1.6997,0.137102,1.3778,0.4799,0.08429999999999999,11.0474,33.3398,1.30536,1.4089600000000002,9.315999999999999,1.6102,48.393600000000006,9.473,14.1818,0.7934,17.6676,6.610200000000001,4.6668,18.1322,1.2918,23.7056,22.800800000000002,16.236,1678.255216379452,1617.87060547,1.798,1.8774,0.85484,1.68988,38.443799999999996,9.655199999999999,3.7924,38.204840000000004,0.85484,0.089694,5.9624,2.02508,0.14768000000000003,23.895799999999998,19.7072,0.69374,0.6534599999999999,5.9758,1.5932,20.560200000000002,5.477399999999999,9.8668,0.998,12.718000000000002,3.8188,3.3518000000000003,9.612400000000001,2.8245999999999998,15.034799999999999,14.633799999999999,5.9882,1660.096644848272,0,183.4066162099998
2023-01-22_Gladbach_Leverkusen,2023-01-22,17:30,Bundesliga,Matchweek 16,Sun,2023,2.0,3.0,Gladbach,Leverkusen,Away Win,1728.92053223,1,17.0,3.2046,1.6576,1.8749800000000003,1.72578,52.2598,12.6064,5.8694,46.4278,1.73258,0.14254,5.6452,2.2499000000000002,0.5923,13.5972,23.4016,1.6209799999999999,1.40584,10.17,1.1536,36.009,8.7688,16.619600000000002,2.5228,11.6442,4.268800000000001,5.071,15.553999999999998,2.0786000000000002,22.7102,25.131,14.8784,1728.518139477588,1757.99731445,1.0066,2.7052,0.79364,2.01964,48.269,8.0722,3.039,35.8231,0.79364,0.092048,7.5694,2.27824,-0.42696,11.8316,21.1536,0.72038,0.60432,6.0954,1.0762,27.561600000000002,4.2294,11.3456,0.3382,10.3786,2.2584,1.6088,10.3128,1.6842000000000001,14.8194,12.464800000000002,13.3308,1740.33468220245,2,-29.07678222000004
2023-01-24_Bayern Munich_Koln,2023-01-24,20:30,Bundesliga,Matchweek 17,Tue,2023,1.0,1.0,Bayern Munich,Koln,Draw,2010.97827148,1,20.0,4.8054,1.0042,2.86188,1.195,64.72640000000001,19.708,8.981,45.42488,2.4687,0.126894,2.9579999999999997,1.3089,0.3047,7.6946,44.4718,1.8845800000000001,1.5444399999999998,14.9718,1.5138,53.4366,12.7394,8.145199999999999,1.9834,14.0228,6.249599999999999,7.709,25.675800000000002,1.7724,34.7816,35.379,24.4632,1690.374402684024,1649.37341309,0.5162,2.9671999999999996,1.25574,1.6891399999999999,48.1334,8.5432,2.4044,32.80742,1.11334,0.12585999999999997,5.5052,1.9029399999999999,-0.9040599999999999,14.4576,23.7286,0.80294,0.77178,6.0018,1.9193999999999998,31.6654,6.044,12.295,0.442,21.1952,4.6652000000000005,0.8722,11.2464,1.645,15.1766,15.082999999999998,12.0338,1671.3888605465959,1,361.6048583900001
2023-01-24_Hertha BSC_Wolfsburg,2023-01-24,20:30,Bundesliga,Matchweek 17,Tue,2023,0.0,5.0,Hertha BSC,Wolfsburg,Away Win,1624.57470703,1,20.0,1.8397999999999999,1.3734,1.29054,1.37814,42.9218,11.582799999999999,5.0008,47.12308,0.9722999999999999,0.07954800000000001,3.3602000000000003,1.04512,-0.32828,14.843799999999998,25.511400000000002,0.7450199999999999,0.79396,7.0116,1.0596,30.3846,4.578,14.071,0.9868,14.9662,4.9030000000000005,3.0972000000000004,12.1918,2.4786,20.8274,17.4546,14.261000000000001,1735.61808034686,1729.85253906,1.7214,1.1382,0.90864,1.57712,45.353,8.0046,2.638,30.1248,0.7504000000000001,0.09263,5.1328,1.3494599999999999,0.21125999999999998,18.7714,21.023600000000002,0.6768,0.8088799999999999,6.534800000000001,1.3282,31.9542,4.4916,17.950799999999997,1.0596,12.428999999999998,2.767,2.5588,10.316799999999999,1.7318,15.050999999999998,11.025199999999998,10.479000000000001,1695.566799680164,2,-105.27783203000013
2023-01-24_RB Leipzig_Schalke 04,2023-01-24,18:30,Bundesliga,Matchweek 17,Tue,2023,1.0,6.0,Schalke 04,RB Leipzig,Away Win,1561.36193848,1,18.0,0.5402,1.8986,1.0567,1.88864,44.6556,12.5536,3.2782,26.23786,1.0567,0.087452,5.474600000000001,1.90444,0.0058399999999999945,12.5374,18.1396,0.86488,0.68176,8.185400000000001,2.45,24.294,6.097,9.21,1.0762,21.4112,3.9814,0.6408,14.237200000000001,2.5904000000000003,20.4024,19.6982,13.157600000000002,1774.478348729036,1844.95739746,1.9192,1.7160000000000002,1.5857,1.2734200000000002,59.8234,14.952200000000001,5.2105999999999995,34.065020000000004,1.5857,0.10621,4.854,2.02724,0.31123999999999996,15.1052,37.0054,1.22054,1.77858,11.6816,2.2653999999999996,41.550200000000004,11.002400000000002,13.474599999999999,2.6772,14.1274,3.6596,3.4208,20.745800000000003,1.3956,27.8868,23.2696,17.2882,1665.431048533886,2,-283.5954589800001
2023-01-24_Hoffenheim_Stuttgart,2023-01-24,20:30,Bundesliga,Matchweek 17,Tue,2023,2.0,2.0,Hoffenheim,Stuttgart,Draw,1681.81079102,1,20.0,0.642,1.8994,1.1126800000000001,1.41092,47.2902,13.802799999999998,4.755,34.464439999999996,1.1126800000000001,0.083008,5.446,1.55504,-0.10016,11.1326,28.5778,0.86826,1.11634,9.51,3.1282,39.836800000000004,7.5894,12.889600000000002,0.46399999999999997,21.3256,5.7478,1.284,15.682399999999998,2.4188,23.511400000000002,21.7168,14.2374,1775.1728247294861,1626.73706055,0.8962,2.9911999999999996,0.9720799999999999,1.8112599999999999,44.334799999999994,9.998,2.8876,26.474560000000004,0.84392,0.080124,6.0586,2.07042,-0.9207799999999999,12.637599999999999,23.5248,0.7819200000000001,0.99722,7.9094,2.1014,33.8014,7.890600000000001,12.256599999999999,0.62,12.9932,2.8729999999999998,1.7924,12.3116,2.3052,17.7308,19.063200000000002,15.41,1764.791942968518,1,55.07373046999987
2023-01-25_Bochum_Leverkusen,2023-01-25,20:30,Bundesliga,Matchweek 17,Wed,2023,2.0,0.0,Leverkusen,Bochum,Home Win,1757.99731445,1,20.0,2.8552,0.5558000000000001,1.79886,0.78418,54.3428,13.079600000000001,5.8473999999999995,45.80448,1.6406200000000002,0.130228,1.9611999999999998,0.53778,0.17978,10.3854,24.9912,1.51168,1.12304,11.186800000000002,0.7782,35.7582,7.094600000000001,13.6144,1.5515999999999999,11.9672,3.7658000000000005,5.0729999999999995,17.8046,1.6872,24.098599999999998,19.920199999999998,23.0104,1652.686874828138,1607.93469238,0.4222,2.8034,0.8002199999999999,2.2789200000000003,43.58160000000001,9.1932,2.6424,29.92542,0.8002199999999999,0.081086,5.755,2.47824,-0.3251600000000001,14.267800000000001,22.5244,0.5012800000000001,0.60036,6.9598,1.7933999999999999,26.778999999999996,6.9284,9.9438,1.2508,12.6174,2.8374,0.8444,11.7806,1.7016,15.3862,16.0614,6.735,1691.9359884538821,0,150.0626220700001
2023-01-25_Union Berlin_Werder Bremen,2023-01-25,20:30,Bundesliga,Matchweek 17,Wed,2023,1.0,2.0,Werder Bremen,Union Berlin,Away Win,1646.22229004,1,20.0,1.6826,1.2244,1.2325,1.36624,51.3536,12.0268,5.171,48.83046,1.2325,0.1058,3.7613999999999996,1.17722,-0.04717999999999997,12.3914,31.215600000000002,0.9054000000000001,1.20562,9.5414,2.644,36.3442,9.6648,11.685199999999998,1.4918,18.041600000000003,2.6254,2.7243999999999997,16.808,1.8132,21.212600000000002,20.142200000000003,13.1882,1680.1375574698918,1748.51696777,0.62,2.7918,0.9636800000000001,1.5030199999999998,43.5872,7.2208000000000006,2.3726000000000003,36.188280000000006,0.43914,0.06209200000000001,5.1432,2.41974,-0.37206000000000006,10.0268,20.766000000000002,0.34754,0.53672,4.833,1.2608,27.578999999999997,6.010199999999999,10.8478,0.1602,17.5908,4.7392,1.24,8.7492,2.105,13.4982,16.407999999999998,7.8736,1689.322663476114,2,-102.2946777300001
2023-01-25_Augsburg_Gladbach,2023-01-25,20:30,Bundesliga,Matchweek 17,Wed,2023,1.0,0.0,Augsburg,Gladbach,Home Win,1617.87060547,1,20.0,1.1514,1.4552,1.7458200000000001,1.5838200000000002,41.5126,12.5598,4.0266,32.55768,1.39222,0.11832999999999999,6.1072,1.6269,0.1716999999999999,13.3118,22.5186,1.1029200000000001,1.31822,8.4148,2.5612,28.8388,9.0212,11.6992,0.178,18.981,4.9964,2.1248,13.803,2.5252,20.9292,25.041599999999995,7.0952,1735.142179003844,1728.92053223,1.0376,2.2136,1.17504,1.55668,50.742,9.8292,4.361800000000001,43.19824,1.17504,0.119452,5.4124,1.7919,-0.24369999999999997,17.2368,15.363999999999999,1.02164,0.9657800000000001,7.8709999999999996,1.4764,23.7714,5.341000000000001,16.0364,1.9382000000000001,12.5032,4.8696,1.4134,10.471200000000001,2.9358,16.8126,15.6508,10.024000000000001,1668.864188796422,0,-111.04992675999983
2023-01-25_Eint Frankfurt_Freiburg,2023-01-25,20:30,Bundesliga,Matchweek 17,Wed,2023,1.0,1.0,Freiburg,Eint Frankfurt,Draw,1785.18151855,1,20.0,2.168,0.4222,1.9752200000000002,1.10098,58.0598,12.842199999999998,5.2078,46.32592,1.42626,0.126604,2.9948,0.88046,0.45826,8.6434,37.0042,1.0554999999999999,1.35258,8.8268,1.9316,39.6626,8.4158,10.1972,1.1316,18.6614,4.7856000000000005,3.9138,17.026400000000002,2.685,23.3482,25.6474,18.528399999999998,1691.205299828844,1785.82128906,1.7578,1.356,1.39954,1.09486,51.973200000000006,12.2652,4.897799999999999,39.55198,1.39954,0.116926,4.1482,1.4713,0.2933,15.345400000000001,22.463800000000003,0.91004,0.9482200000000001,7.7912,1.5104000000000002,34.0524,5.803,12.4572,0.7979999999999999,13.8628,3.7754,2.5798,15.465,1.7562,21.632,24.018800000000002,17.9642,1646.3467367425822,1,-0.6397705100000621
2023-01-25_Dortmund_Mainz 05,2023-01-25,18:30,Bundesliga,Matchweek 17,Wed,2023,1.0,2.0,Mainz 05,Dortmund,Away Win,1684.75439453,1,18.0,1.5714,1.2418,1.18086,0.95198,48.6732,14.0238,4.1658,29.2829,1.02262,0.072884,2.642,0.8135399999999999,-0.42826,9.0282,32.7114,0.75822,1.0083199999999999,10.665799999999999,2.7626000000000004,42.3536,9.89,10.970999999999998,0.356,22.1766,5.541,2.587,18.116,2.4772,25.2364,25.6024,11.061599999999999,1702.864922436372,1801.27722168,1.2044,2.4508,1.74586,2.0587400000000002,59.8708,16.9008,6.506,37.62084,1.74586,0.10680400000000001,6.6826,2.03742,-0.41337999999999997,10.3758,42.9248,1.22698,1.34758,12.3792,2.5842,54.5002,10.3004,15.4356,0.6022,21.969,7.9556,1.8442000000000003,20.8108,3.2262,29.956400000000002,29.5036,20.7284,1718.958794604466,2,-116.52282715000001
2023-01-27_RB Leipzig_Stuttgart,2023-01-27,20:30,Bundesliga,Matchweek 18,Fri,2023,2.0,1.0,RB Leipzig,Stuttgart,Home Win,1851.44372559,1,20.0,2.474,0.82,2.1866999999999996,0.6600999999999999,53.9976,12.611999999999998,5.4516,43.08812,1.75454,0.142636,2.1759999999999997,0.58022,-0.23978,8.446200000000001,31.634199999999996,1.26758,1.09728,9.6716,0.5778,40.275800000000004,8.77,11.758000000000001,1.6962,11.8488,5.190199999999999,3.8254,16.9606,2.0352,23.292,22.297000000000004,17.6952,1758.356412718848,1629.79724121,1.0066,2.892,0.89718,1.8013,47.452799999999996,10.086400000000001,3.2871999999999995,31.23538,0.89718,0.086436,6.0526,2.21868,-0.67332,14.759799999999998,26.0468,0.81696,0.9863200000000001,7.6182,2.2354,36.2514,8.0898,12.8194,0.8022,13.081999999999999,3.5624,1.7690000000000001,11.835999999999999,1.9304000000000001,16.3806,20.4544,16.5782,1717.017494459318,0,221.64648437999995
2023-01-28_Bochum_Mainz 05,2023-01-28,15:30,Bundesliga,Matchweek 18,Sat,2023,5.0,2.0,Mainz 05,Bochum,Home Win,1684.69921875,1,15.0,1.5141999999999998,1.4618,1.2548599999999999,1.1654200000000001,44.8658,13.965600000000002,4.4376,31.86186,1.11246,0.07992199999999999,3.5546000000000006,1.12406,-0.33774000000000004,10.479000000000001,30.642400000000002,0.8200799999999999,0.85214,10.787600000000001,3.0745999999999998,38.88720000000001,9.945,9.853,0.5646,20.337600000000002,4.8984000000000005,2.6724,19.3576,2.3854,25.4894,25.730600000000003,11.055399999999999,1743.375780249414,1617.83654785,0.38,2.4346,0.87672,1.90384,45.641999999999996,10.6716,2.4782,21.94614,0.87672,0.08142,4.8586,2.0167,-0.41790000000000005,12.9642,26.5442,0.58326,0.82894,8.1732,1.714,30.6176,7.900599999999999,11.9032,1.5699999999999998,15.286000000000001,3.242,0.76,12.9562,2.5082,17.666400000000003,21.4484,6.95,1699.38381867769,0,66.86267090000001
2023-01-28_Bayern Munich_Eint Frankfurt,2023-01-28,18:30,Bundesliga,Matchweek 18,Sat,2023,1.0,1.0,Bayern Munich,Eint Frankfurt,Draw,2002.74182129,1,18.0,4.280600000000001,0.8595999999999999,2.6003600000000002,1.09782,67.5398,21.1024,8.927,43.162760000000006,2.2465,0.11155399999999999,2.4738,1.05058,0.19098000000000004,8.013399999999999,52.294399999999996,1.7052000000000003,1.5544200000000001,16.3398,2.295,64.1254,14.863199999999999,9.1074,1.4968,19.525199999999998,7.3898,6.8496000000000015,28.2942,1.8394,36.8454,38.4598,24.7608,1692.8960153561118,1789.70739746,1.3936,1.3204,1.16422,1.3051599999999999,54.10640000000001,10.1408,3.7427999999999995,38.93848,1.16422,0.103466,4.666,1.53948,0.37928,14.3016,23.5386,0.74252,0.85014,6.735199999999999,1.4594,35.9334,6.255199999999999,14.265,0.7182,14.109,3.5536000000000003,2.2334,12.1556,1.9247999999999998,17.717399999999998,21.563200000000002,16.2582,1685.274933860546,1,213.03442382999992
2023-01-28_Hertha BSC_Union Berlin,2023-01-28,15:30,Bundesliga,Matchweek 18,Sat,2023,0.0,2.0,Hertha BSC,Union Berlin,Away Win,1601.19482422,1,15.0,1.5116,2.3128,1.1294,1.79548,42.6856,10.359599999999999,4.2682,43.36708,0.843,0.071268,4.1568000000000005,1.7532,-0.5596,15.0038,22.918400000000002,0.60844,0.6913,5.7896,0.9536,25.974000000000004,4.32,13.343,0.5998,14.481399999999999,5.5896,2.6432,10.807599999999999,2.1424,18.503,16.3442,11.9048,1740.579351147238,1755.68676758,1.0464,2.4684,0.99176,1.3838799999999998,41.842,6.389399999999999,2.6354,41.634280000000004,0.51966,0.07897799999999999,5.0288,1.9982199999999999,-0.47018,12.942800000000002,19.4474,0.34396,0.6419,4.2288,1.2906,25.0492,4.711600000000001,12.1164,0.2442,15.6572,4.965199999999999,1.6044,7.7326,1.8501999999999998,11.774000000000001,14.837,7.365200000000001,1672.231682787686,2,-154.49194335999982
2023-01-28_Gladbach_Hoffenheim,2023-01-28,15:30,Bundesliga,Matchweek 18,Sat,2023,1.0,4.0,Hoffenheim,Gladbach,Away Win,1671.63623047,1,15.0,1.0662,2.1978,1.38888,1.32094,47.3176,14.6438,5.3122,36.45992,1.38888,0.09635800000000003,5.3012,1.7957599999999998,-0.18224,10.631,25.9902,1.00238,1.54312,10.136,3.2596000000000003,40.2862,7.630599999999999,11.7238,0.41759999999999997,21.8258,5.9172,2.1324,17.124000000000002,3.0096,25.2028,24.6202,14.558,1743.11839255217,1720.28601074,0.9338,2.2364,0.95776,1.46218,51.123999999999995,8.537,3.6929999999999996,40.71383999999999,0.95776,0.104296,4.8386000000000005,1.6162,-0.46,16.280199999999997,17.2254,0.8097,0.87596,6.5746,1.3846,24.86,5.795400000000001,17.0096,1.5559999999999998,12.4088,4.005800000000001,1.272,8.6824,2.3096,14.0686,15.064999999999998,9.645,1647.773241628736,2,-48.64978026999984
2023-01-28_Werder Bremen_Wolfsburg,2023-01-28,15:30,Bundesliga,Matchweek 18,Sat,2023,2.0,1.0,Werder Bremen,Wolfsburg,Home Win,1630.55810547,1,15.0,1.0376,1.4462,0.9818,1.16662,53.604400000000005,11.003,4.4772,46.557520000000004,0.9818,0.092128,3.4528,0.9721,-0.47409999999999997,13.6172,31.3386,0.68182,1.03646,8.0778,2.6796,40.8264,10.3752,13.325999999999999,1.2984,18.9702,3.007,2.0752,14.2526,1.7318,19.1492,20.9606,13.125399999999999,1689.897633957986,1762.95141602,2.7702,0.736,1.53152,1.3152,47.483000000000004,10.3902,3.8394000000000004,36.27022,1.2181799999999998,0.11523,4.5312,1.09032,0.35432,17.1294,20.700400000000002,1.01984,1.1042800000000002,8.1348,1.4396,31.926199999999998,5.8518,17.6674,0.9536,16.0818,3.3228,4.5006,12.471,2.3912,19.5738,15.895000000000001,11.952200000000001,1671.763895016928,0,-132.3933105499998
2023-01-28_Augsburg_Freiburg,2023-01-28,15:30,Bundesliga,Matchweek 18,Sat,2023,3.0,1.0,Freiburg,Augsburg,Home Win,1765.56079102,1,15.0,2.1954000000000002,0.6242,2.08304,0.86672,56.797999999999995,13.001800000000001,4.8986,42.68919999999999,1.58896,0.137596,2.4628,0.78476,0.16056000000000004,8.3908,35.46,1.05994,1.3284799999999999,8.3114,2.1826,38.5196,10.2278,12.275200000000002,1.1184,18.0182,4.2744,4.010800000000001,16.8792,2.228,22.6802,27.6918,16.922,1712.861477977448,1615.15527344,2.2066,2.6664,1.0403,2.04158,37.7994,9.9456,3.5248,35.600319999999996,1.0403,0.102376,6.5546,1.79834,-0.8680599999999999,24.415399999999998,21.4782,0.7920400000000001,0.62486,6.855,1.5338,22.5578,6.2064,8.715,1.6308,12.3134,3.1602,3.705,10.1836,2.7422,17.4174,15.503,7.3104,1700.28849106434,0,150.40551757999992
2023-01-29_Koln_Schalke 04,2023-01-29,15:30,Bundesliga,Matchweek 18,Sun,2023,0.0,0.0,Schalke 04,Koln,Draw,1550.98950195,1,15.0,0.442,2.7414,0.86242,2.15724,42.6154,11.044599999999999,2.3294,21.23464,0.86242,0.082382,7.4807999999999995,2.53012,-0.21128,11.6066,15.6746,0.70862,0.5038,6.7574,2.2608,23.1784,5.8988,10.754,0.7802,15.8002,2.6740000000000004,0.4884,12.2714,1.9988,17.110799999999998,15.456,12.0648,1815.3348201895421,1673.27404785,0.5646,2.7704,1.0227600000000001,1.83324,39.5642,5.8262,1.9756,35.25,0.8946,0.161906,6.664,1.93236,-0.83804,18.984,17.386200000000002,0.6484800000000001,0.48834,3.7272,0.7182,23.455,3.9094,11.3888,0.642,15.273800000000001,4.022,0.885,6.9498,0.8595999999999999,9.3894,12.0796,10.421199999999999,1769.68766564841,1,-122.28454590000001
2023-01-29_Dortmund_Leverkusen,2023-01-29,17:30,Bundesliga,Matchweek 18,Sun,2023,0.0,2.0,Leverkusen,Dortmund,Away Win,1766.63183594,1,17.0,2.9137999999999997,0.356,1.77454,0.5739,54.7966,11.474,4.985799999999999,43.24242,1.4367800000000002,0.124762,1.0,0.30772,0.12972,12.2562,24.1708,1.39282,1.00424,9.5704,0.9446,33.087,6.3202,14.4856,1.2522,10.0846,2.8242000000000003,5.2540000000000004,15.638,1.5302,21.570200000000003,19.474999999999998,20.1582,1650.14294728844,1803.99255371,1.284,2.0174000000000003,1.5771400000000002,1.8719199999999998,60.6608,14.724799999999998,6.1672,41.919360000000005,1.5771400000000002,0.11301,5.5492,1.93484,-0.08256000000000002,9.5612,43.053399999999996,1.18222,1.33286,10.887800000000002,1.749,50.4434,8.572799999999999,15.0154,0.8862,19.8304,6.3065999999999995,2.104,17.922800000000002,2.5710000000000006,25.4446,26.435000000000002,19.158,1714.5577269770301,2,-37.360717770000065
2023-02-03_Augsburg_Leverkusen,2023-02-03,20:30,Bundesliga,Matchweek 19,Fri,2023,1.0,0.0,Augsburg,Leverkusen,Home Win,1619.36291504,1,20.0,1.1362,1.3096,1.5459,1.26796,44.645399999999995,13.2808,4.024,30.51812,1.2276600000000002,0.097636,5.1196,1.33998,0.030379999999999983,11.827,24.5088,1.01938,1.30082,9.0502,2.3049999999999997,30.8974,7.8424,12.2618,0.4044,20.1806,4.940999999999999,2.1122,15.0764,3.1052,22.966800000000003,25.114400000000003,11.714,1702.996894850002,1759.48303223,1.3502,2.6346,1.01526,1.7878599999999998,44.6022,8.8536,3.4794,36.96204,1.01526,0.10461400000000001,7.900799999999999,2.0350200000000003,-0.59958,12.5252,19.008,0.8272200000000001,0.56064,6.974400000000001,0.536,26.263600000000004,4.262200000000001,11.9552,0.1602,7.478,2.0442,2.2364,11.714400000000001,1.5158,16.4588,13.4068,12.8446,1759.868330005408,0,-140.12011718999997
2023-02-04_Koln_RB Leipzig,2023-02-04,15:30,Bundesliga,Matchweek 19,Sat,2023,0.0,0.0,Koln,RB Leipzig,Draw,1671.42004395,1,15.0,3.1416000000000004,1.558,1.8490600000000001,1.0307,50.1996,16.0492,6.333399999999999,38.44564,1.8490600000000001,0.122842,2.9831999999999996,0.8928200000000001,-0.50498,12.890799999999999,26.4574,1.3572,1.1941199999999998,10.855799999999999,1.8456,36.2534,6.7074,12.6118,0.178,19.5978,4.807600000000001,4.8180000000000005,18.9336,2.0716,25.5574,26.9454,19.1194,1693.646450683236,1853.70471191,3.1924,1.356,1.95666,0.9277,59.82899999999999,16.854599999999998,7.3872,40.933060000000005,1.95666,0.11724000000000001,3.1710000000000003,1.51524,0.15924,13.517800000000001,36.2402,1.4370800000000001,1.92606,13.0226,1.9946,39.4884,12.6556,14.7482,3.242,12.372799999999998,4.3262,5.764799999999999,23.2014,1.8444000000000003,31.205,25.3962,18.436,1634.577628759462,1,-182.28466795999998
2023-02-04_Bochum_Hoffenheim,2023-02-04,15:30,Bundesliga,Matchweek 19,Sat,2023,5.0,2.0,Bochum,Hoffenheim,Home Win,1604.39672852,1,15.0,2.262,0.822,1.18674,1.0900400000000001,45.1682,10.158999999999999,3.4908,33.19252,1.18674,0.111264,2.358,0.59314,-0.22886,17.897199999999998,20.0774,0.87762,0.72912,7.1932,0.8595999999999999,27.217599999999997,4.142600000000001,12.626800000000001,1.8088000000000002,12.518600000000001,4.3991999999999996,3.2056000000000004,12.453800000000001,2.5890000000000004,18.1354,16.441000000000003,9.708,1706.4712514423939,1657.17578125,1.5757999999999999,1.9698000000000002,1.61174,1.82976,53.0044,11.7902,3.3648,27.515259999999998,1.34474,0.123888,4.51,1.4262200000000003,-0.54358,17.023600000000002,26.976599999999998,1.26034,1.22286,9.7218,2.736,34.9024,7.7538,10.8102,0.6022,15.992400000000002,4.7181999999999995,2.8133999999999997,18.218,1.1226,22.7232,22.3036,15.4124,1682.5111325924022,0,-52.7790527300001
2023-02-04_Gladbach_Schalke 04,2023-02-04,18:30,Bundesliga,Matchweek 19,Sat,2023,0.0,0.0,Gladbach,Schalke 04,Draw,1725.61938477,1,18.0,2.94,2.2244,1.5424,1.9118399999999998,55.440400000000004,11.9808,5.7942,47.937219999999996,1.4142400000000002,0.126636,5.825,2.43238,0.20797999999999997,10.995600000000001,26.424,1.3182200000000002,1.3175800000000002,9.7764,1.3824,42.4452,9.6686,16.7016,1.938,13.533000000000001,3.1768,4.9639999999999995,14.3452,2.515,21.453400000000002,24.0644,14.8256,1731.4073012688118,1552.84350586,0.41759999999999997,2.44,0.9531799999999999,1.2264400000000002,47.834199999999996,11.4328,2.2098,21.91662,0.9531799999999999,0.09047799999999999,4.6697999999999995,2.0458600000000002,-0.39413999999999993,12.831999999999999,20.185000000000002,0.63898,0.80558,6.4812,3.1478,29.188000000000002,6.8058,13.381,0.6398,20.4166,3.6773999999999996,0.8351999999999999,11.997399999999999,1.7524000000000002,17.529600000000002,15.617,11.6408,1709.513926341826,1,172.77587890999985
2023-02-04_Dortmund_Freiburg,2023-02-04,15:30,Bundesliga,Matchweek 19,Sat,2023,5.0,1.0,Dortmund,Freiburg,Home Win,1822.07971191,1,15.0,3.1414,1.0886,2.12532,0.86764,59.9066,16.1122,6.4844,41.53142,1.9494799999999999,0.13006600000000001,1.9284,0.8182,-0.27040000000000003,8.824200000000001,32.7176,1.54456,1.5689600000000001,12.0262,1.505,47.589200000000005,9.8698,12.7544,1.2024,19.065800000000003,6.9374,5.8652,21.405,2.3394,29.1188,26.1066,18.310000000000002,1662.09857136087,1769.5222168,0.9358,3.335,0.8834399999999999,2.04556,46.9316,8.729600000000001,2.7092000000000005,32.633520000000004,0.7252,0.078828,6.6983999999999995,2.53452,-0.8004800000000001,9.779,22.8948,0.50276,0.9608400000000001,6.272000000000001,1.7138,29.2302,6.875,12.863,0.442,13.083,4.4534,1.432,11.7934,1.692,15.9972,19.3014,10.7592,1736.33804467694,0,52.55749510999999
2023-02-04_Eint Frankfurt_Hertha BSC,2023-02-04,15:30,Bundesliga,Matchweek 19,Sat,2023,3.0,0.0,Eint Frankfurt,Hertha BSC,Home Win,1797.16784668,1,15.0,3.02,1.0131999999999999,2.1066599999999998,1.18528,49.4342,15.0722,5.522799999999999,36.346959999999996,1.8218599999999998,0.124294,3.1887999999999996,1.14584,0.13264000000000004,13.680800000000001,25.2158,1.59488,1.64012,11.146,1.3518,36.6584,7.739400000000001,13.5034,1.9097999999999997,12.4862,4.7782,5.6422,20.0866,0.6398,26.5268,27.0716,21.3448,1699.6201946534202,1593.41040039,0.9802,2.0642,0.92624,1.7158,44.7492,10.017,2.1582,23.74118,0.80164,0.080656,4.094799999999999,1.6173600000000001,-0.44684,12.8248,19.732,0.54924,0.74214,6.0158,1.0178,27.567600000000002,4.6094,14.3486,0.7004,18.5916,4.7458,1.3602,10.632,1.6552,16.6354,16.7836,11.076,1652.954376512382,0,203.75744628999996
2023-02-04_Mainz 05_Union Berlin,2023-02-04,15:30,Bundesliga,Matchweek 19,Sat,2023,2.0,1.0,Union Berlin,Mainz 05,Home Win,1769.70910645,1,15.0,2.2442,0.8815999999999999,1.71244,0.76434,48.507200000000005,17.287,5.0596,29.94934,1.51708,0.087232,3.0778,0.52808,-0.35352,8.840399999999999,30.6478,1.09112,1.3573799999999998,11.9456,6.9114,35.0184,9.7686,8.1908,1.2198,28.131999999999998,6.2342,3.644,20.372799999999998,3.95,29.534400000000005,22.7896,12.1426,1695.6735173112259,1687.20068359,1.156,1.9712,1.405,1.8854000000000002,42.613200000000006,12.2806,3.1064,24.62628,1.0514000000000001,0.087218,5.9226,1.77022,-0.20098,13.808600000000002,21.5216,0.86498,1.10016,8.9834,2.9995999999999996,28.046599999999998,7.289,11.305,0.178,16.159,4.8637999999999995,1.954,15.1502,2.1734,21.7978,21.9814,9.210999999999999,1700.9708628939281,0,82.50842286000011
2023-02-05_Bayern Munich_Wolfsburg,2023-02-05,17:30,Bundesliga,Matchweek 19,Sun,2023,2.0,4.0,Wolfsburg,Bayern Munich,Away Win,1752.98327637,1,17.0,3.5326000000000004,0.6764,2.22326,1.0042200000000001,50.104200000000006,16.270599999999998,6.5964,44.477639999999994,2.0279,0.131466,3.97,1.0677800000000002,0.39138,12.318200000000001,30.115399999999998,1.75082,1.6186600000000002,12.1932,2.428,39.311800000000005,9.9976,14.35,0.8196,18.084999999999997,5.231,6.6608,20.4648,2.6286,28.1062,23.8938,13.2772,1714.3720276347199,1996.23950195,1.9536,0.9601999999999999,1.4876999999999998,0.9828600000000001,62.6468,14.2742,4.681,31.89834,1.4876999999999998,0.10446799999999999,3.8542000000000005,1.34756,0.38736,10.888599999999999,38.4848,1.1888,1.3023799999999999,10.703,0.7604,53.1736,10.9468,13.9102,1.5335999999999999,12.2966,4.502800000000001,3.3336,18.5094,1.8134,24.848000000000003,30.020400000000002,24.481199999999998,1697.5846007822079,2,-243.25622557999986
2023-02-05_Stuttgart_Werder Bremen,2023-02-05,15:30,Bundesliga,Matchweek 19,Sun,2023,0.0,2.0,Stuttgart,Werder Bremen,Away Win,1627.53625488,1,15.0,1.7913999999999999,1.0,1.8964,1.09048,55.757,17.6698,5.2508,31.26488,1.754,0.10872599999999999,3.25,1.15408,0.15408,13.2724,30.463400000000004,1.7012800000000001,1.72298,15.254,2.9026,39.7346,8.3644,14.507399999999997,0.9059999999999999,20.93,5.3233999999999995,3.4048,20.1028,3.1889999999999996,30.674400000000002,28.1196,18.990000000000002,1647.37231484386,1634.28820801,0.9802,3.762,1.02572,2.8643,45.4776,8.807599999999999,2.6031999999999997,30.0515,0.90112,0.102562,7.481400000000001,3.45962,-0.05818000000000001,12.5646,20.1466,0.6634000000000001,0.77668,7.4918000000000005,1.5208,24.7224,6.653600000000001,12.109,0.9756,12.208,3.2584,1.8001999999999998,10.184999999999999,1.918,14.6732,18.919600000000003,8.3848,1769.7110407009318,2,-6.7519531300001745
2023-02-10_Schalke 04_Wolfsburg,2023-02-10,20:30,Bundesliga,Matchweek 20,Fri,2023,0.0,0.0,Schalke 04,Wolfsburg,Draw,1558.61547852,1,20.0,0.3978,2.0347999999999997,0.96826,1.5534,44.1868,11.9286,2.2964,20.07422,0.96826,0.084026,5.723599999999999,1.7292800000000002,-0.30552,12.9552,17.9608,0.82426,0.65552,7.7584,2.5348,25.758599999999998,6.2532,12.9648,1.0464,19.683,3.5392,0.4396,14.541999999999998,2.1548,18.9766,17.8198,10.104600000000001,1800.105740990436,1747.8302002,2.5932000000000004,1.0066,1.2898199999999997,1.4325200000000002,49.300399999999996,9.963000000000001,3.1788000000000003,31.60436,1.0078,0.09873199999999999,4.577999999999999,1.0103600000000001,0.003760000000000041,15.03,22.7282,0.8337,0.9841199999999999,7.8772,1.6398,35.9174,7.276,17.024,0.9581999999999999,17.4066,3.7348,4.2506,12.2798,1.8196,18.8842,19.4248,14.1432,1669.459257786544,1,-189.21472168000014
2023-02-11_Freiburg_Stuttgart,2023-02-11,15:30,Bundesliga,Matchweek 20,Sat,2023,2.0,1.0,Freiburg,Stuttgart,Home Win,1759.19458008,1,15.0,2.42,0.6617999999999999,2.00148,0.9644600000000001,54.70819999999999,13.246000000000002,5.7414,47.459959999999995,1.5568400000000002,0.128186,2.3282,0.86188,0.20007999999999998,10.6054,34.0366,1.1328,1.36566,8.7246,2.6528,38.3234,10.1052,10.938600000000001,0.7182,17.860599999999998,3.8586,4.6422,18.645000000000003,1.8168,23.444999999999997,26.2578,16.2972,1694.934715698072,1614.41625977,0.8617999999999999,2.6586,1.00632,1.5770000000000002,47.739999999999995,9.7452,2.6818,27.5696,0.81096,0.081468,5.559,1.8017,-0.8569,12.597999999999999,25.165599999999998,0.72876,0.9356,7.468000000000001,2.1118,34.6936,7.103999999999999,11.7724,1.3104,12.7412,3.9504,1.2596,11.564,2.0932,16.3658,18.166999999999998,15.0552,1759.102338430266,0,144.77832031000003
2023-02-11_RB Leipzig_Union Berlin,2023-02-11,18:30,Bundesliga,Matchweek 20,Sat,2023,1.0,2.0,RB Leipzig,Union Berlin,Away Win,1850.21984863,1,18.0,2.1382000000000003,0.9822,1.64986,0.99482,51.690799999999996,11.629800000000001,4.7296,40.860980000000005,1.49162,0.128278,2.791,0.9185000000000001,-0.0637,9.7668,28.6986,1.2163800000000002,1.13638,9.0718,1.1084,34.313399999999994,7.3835999999999995,11.426200000000001,1.5823999999999998,11.043,4.3944,3.6986,15.366800000000001,1.9316,20.932399999999998,19.6604,16.6046,1754.527720385038,1774.3996582,1.286,2.2214,1.03584,1.22334,42.4582,6.4506,2.5278,39.71418,0.61098,0.094734,4.825799999999999,1.72736,-0.4940399999999999,13.0606,19.0262,0.46726,0.5989,4.5502,1.2615999999999998,22.3702,3.5754,12.5932,0.2198,15.447400000000002,4.2362,2.1324,6.4944,1.8652,11.164200000000001,13.7884,6.9403999999999995,1664.3422050533861,2,75.82019042999991
2023-02-11_Bayern Munich_Bochum,2023-02-11,15:30,Bundesliga,Matchweek 20,Sat,2023,3.0,0.0,Bayern Munich,Bochum,Home Win,2001.39257812,1,15.0,3.519800000000001,1.0178,2.4569799999999997,1.01916,68.207,19.527,7.9574,41.07494,2.1385400000000003,0.11672199999999999,1.7495999999999998,0.9734,-0.04439999999999999,8.8888,54.287,1.5869600000000001,1.71108,14.9848,2.1214,65.1908,13.2354,8.5966,1.5912,19.5614,7.495000000000001,5.787599999999999,26.3114,1.6112,34.074600000000004,33.565400000000004,20.701,1708.2892508788277,1618.0090332,0.6862,2.8354,0.9246400000000001,1.90904,47.7432,11.1046,2.4862,21.46964,0.9246400000000001,0.08183599999999999,5.0728,2.38044,-0.45496000000000003,13.300200000000002,27.146,0.53168,0.79164,7.235,1.7426,29.3142,7.378,13.910800000000002,1.413,14.148399999999999,2.9736,1.3724,11.563,2.4574000000000003,17.767400000000002,19.9622,8.287799999999999,1709.755277931112,0,383.3835449200001
2023-02-11_Dortmund_Werder Bremen,2023-02-11,15:30,Bundesliga,Matchweek 20,Sat,2023,0.0,2.0,Werder Bremen,Dortmund,Away Win,1647.40820312,1,15.0,1.4222,1.2573999999999999,1.2334,1.06226,49.083800000000004,11.0586,4.5736,46.33594,1.0624600000000002,0.096798,3.1192,0.91162,-0.34578,15.497399999999999,26.856,0.83574,1.19934,8.7584,3.0000000000000004,37.4928,10.0052,12.761000000000001,0.9802,17.7524,2.7622,2.6002,15.46,2.1470000000000002,20.366999999999997,20.4322,10.9386,1710.779422387662,1832.40734863,1.644,1.5272,1.5238,1.82586,54.380599999999994,12.6984,5.1736,39.67348,1.5238,0.129686,5.7384,1.75038,0.22318000000000002,10.882,37.654399999999995,1.19724,1.21628,9.5778,1.5297999999999998,42.5308,7.2502,14.4814,0.7976,17.1284,5.499,2.382,16.609199999999998,1.8812,22.080799999999996,23.5488,18.5094,1722.5279359129681,2,-184.99914550999983
2023-02-11_Augsburg_Mainz 05,2023-02-11,15:30,Bundesliga,Matchweek 20,Sat,2023,3.0,1.0,Mainz 05,Augsburg,Home Win,1682.51013184,1,15.0,2.4396,1.6598,1.55566,1.27098,45.2998,14.689800000000002,5.2706,36.08408,1.4275,0.099908,3.7434,1.26702,-0.39278,10.487,29.2128,1.0811,0.9045799999999999,11.2854,2.5788,35.9116,9.6062,9.391,0.7081999999999999,18.8942,4.5642,3.8262,19.11,2.6351999999999998,25.5168,26.233999999999998,12.5592,1710.7430174310698,1629.48693848,1.7975999999999999,2.844,1.1495600000000001,1.99302,40.861399999999996,10.639600000000002,3.0398,30.056440000000002,0.9542,0.09193,7.231800000000001,2.19362,-0.65038,20.3782,25.5258,0.6963400000000001,0.73006,7.3138,1.5804,28.851399999999998,7.851,9.387799999999999,1.0352000000000001,14.3916,3.9768000000000003,2.9578,11.398,2.2354,17.8318,18.1508,8.3122,1734.4338229994637,0,53.02319336000005
2023-02-11_Hoffenheim_Leverkusen,2023-02-11,15:30,Bundesliga,Matchweek 20,Sat,2023,1.0,3.0,Hoffenheim,Leverkusen,Away Win,1643.56347656,1,15.0,1.0596,2.6664,1.44444,1.41652,48.406800000000004,14.391,4.892600000000001,34.24404,1.44444,0.101608,5.5594,2.02598,-0.44261999999999996,10.1236,26.4792,1.06658,1.5388400000000002,10.0782,3.1336,38.792199999999994,7.2791999999999994,10.0654,0.62,22.464,5.869599999999999,2.1192,17.9442,3.297,25.7708,24.1376,14.4138,1753.9755301012042,1749.35888672,1.2152,2.0386,0.94492,1.55488,49.06980000000001,9.701,3.3874,33.57812,0.94492,0.094828,7.034,1.6952200000000002,-0.34337999999999996,11.107600000000001,23.9912,0.72684,0.599,7.1772,0.5824,37.114599999999996,6.0896,13.225,0.7326,8.5068,1.7956,2.0128,13.1084,1.1758,17.101599999999998,17.1176,16.6116,1698.011057837796,2,-105.79541016000007
2023-02-12_Gladbach_Hertha BSC,2023-02-12,15:30,Bundesliga,Matchweek 20,Sun,2023,4.0,1.0,Hertha BSC,Gladbach,Home Win,1588.99462891,1,15.0,1.072,2.2816,0.90782,1.71594,45.0592,10.0352,4.2854,43.9464,0.7654200000000001,0.06625600000000001,3.897,1.6390799999999999,-0.64252,14.8916,20.584400000000002,0.5199,0.7898400000000001,5.378,1.2024,28.3184,4.8764,13.7972,0.3956,16.531000000000002,5.186399999999999,1.9462000000000002,10.438400000000001,2.084,17.7316,17.586599999999997,13.279399999999999,1742.929600097598,1719.84753418,1.673,1.536,0.9454800000000001,1.48154,50.335,8.006599999999999,3.3912,41.35212,0.9454800000000001,0.11430799999999999,4.178,1.33946,-0.19654000000000005,16.496199999999998,17.8356,0.8210600000000001,0.91954,5.9404,0.9578,25.118199999999998,4.795,20.2598,1.9888,11.7354,3.6168,2.3216,8.2816,2.5228,13.7292,14.4378,9.404,1658.99051062223,0,-130.85290526999984
2023-02-12_Eint Frankfurt_Koln,2023-02-12,17:30,Bundesliga,Matchweek 20,Sun,2023,3.0,0.0,Koln,Eint Frankfurt,Home Win,1674.90478516,1,17.0,2.395,1.1138,1.58558,0.8846,49.868,13.614,4.2581999999999995,27.73776,1.58558,0.11956,2.0198,0.8270200000000001,-0.28678,9.5066,26.4562,1.1905799999999997,1.10144,8.7842,1.861,38.3698,7.125,13.771799999999999,0.4044,20.947,4.538399999999999,3.4712,15.545,1.5318,21.085400000000003,25.686,16.2332,1718.129806077292,1801.58361816,1.4984,1.0,1.0645,1.47884,48.9674,9.3498,3.3242000000000003,35.68856,1.0645,0.10255799999999998,4.699400000000001,1.34456,0.34456000000000003,14.904,22.6404,0.72824,0.71418,6.7616,1.4134,33.342,5.8854,13.017600000000002,0.358,13.8096,4.0866,2.4983999999999997,11.218800000000002,1.644,16.336000000000002,19.1762,17.108999999999998,1780.8302357160142,0,-126.67883299999994
2023-02-17_Augsburg_Hoffenheim,2023-02-17,20:30,Bundesliga,Matchweek 21,Fri,2023,1.0,0.0,Augsburg,Hoffenheim,Home Win,1622.05078125,1,20.0,1.1226,1.0344,1.32268,1.02812,43.127199999999995,11.9434,4.1216,35.4366,1.03628,0.09254599999999999,4.575,0.8122400000000001,-0.22215999999999997,10.0466,24.9464,0.87208,1.08094,8.0242,2.0302000000000002,30.9636,6.837,11.503,0.2198,16.855400000000003,3.3492,2.2452,12.438399999999998,2.5622000000000003,19.851399999999998,22.916600000000003,11.487,1723.330014919154,1634.19665527,1.7624,2.8496,1.46846,2.1763399999999997,52.67119999999999,10.502000000000002,3.4284,32.00148,1.2281600000000001,0.122938,5.78,1.76106,-1.08854,17.931,23.6598,1.09336,1.1761400000000002,8.4404,2.0298,32.6696,8.655199999999999,12.671000000000001,0.3978,16.4372,4.8464,3.1204,15.2776,1.5546,20.1766,21.9848,14.394199999999998,1674.944495239316,0,-12.145874020000065
2023-02-18_Koln_Stuttgart,2023-02-18,15:30,Bundesliga,Matchweek 21,Sat,2023,3.0,0.0,Stuttgart,Koln,Home Win,1611.78027344,1,15.0,1.6122,1.2442,1.87998,1.0026000000000002,56.8462,18.756,5.514,30.51594,1.7518200000000002,0.100086,3.0808,1.2752000000000001,0.031000000000000014,13.4894,33.071,1.67996,1.6018,15.7492,2.668,44.577799999999996,8.0276,15.9102,0.8154,22.6018,6.4559999999999995,3.0642,20.557199999999998,3.3142,31.748199999999997,26.086,21.1328,1631.336260206342,1692.49926758,0.2198,1.7724,0.80628,1.51038,41.7932,6.1318,1.4896,24.5154,0.80628,0.140624,5.6208,1.4098,-0.36260000000000003,21.2162,15.7376,0.5792,0.53274,3.6544,0.358,21.9438,4.651,11.9824,0.5778,15.8346,4.7524,0.2198,6.322000000000001,1.0178,9.4502,14.069199999999999,10.134599999999999,1725.248914841948,0,-80.71899413999995
2023-02-18_Bochum_Freiburg,2023-02-18,15:30,Bundesliga,Matchweek 21,Sat,2023,0.0,2.0,Bochum,Freiburg,Away Win,1617.2512207,1,15.0,3.1126,1.084,1.6985400000000002,0.89802,46.8374,12.040799999999999,5.5836,45.134640000000005,1.6985400000000002,0.137324,2.6664,0.84802,-0.23597999999999997,13.9474,24.6976,1.32266,0.9504000000000001,8.639,1.262,29.4818,5.005,13.4408,1.6838,14.896800000000002,4.847600000000001,5.327,13.673599999999999,2.9184000000000005,20.6962,19.892000000000003,11.390600000000001,1696.2277970718999,1763.30908203,0.7979999999999999,3.9342,0.7485599999999999,2.07428,39.7358,8.024,2.594,35.17664,0.60616,0.072178,8.038,2.5531800000000002,-1.38102,13.564,17.5004,0.35714,0.69732,5.2238,1.1098,23.0138,5.5664,12.976600000000001,0.3978,10.244200000000001,3.7196,0.712,9.9604,1.4786000000000001,13.267,15.9966,8.5412,1776.526898533224,2,-146.05786132999992
2023-02-18_Eint Frankfurt_Werder Bremen,2023-02-18,18:30,Bundesliga,Matchweek 21,Sat,2023,2.0,0.0,Eint Frankfurt,Werder Bremen,Home Win,1785.46789551,1,18.0,3.1622,0.9117999999999999,2.31782,1.1423400000000001,52.8534,13.888000000000002,5.1262,36.402280000000005,1.86614,0.14084,2.6374,0.85382,-0.05798000000000003,11.194400000000002,29.4222,1.7051200000000002,1.64376,10.8754,1.9492000000000003,41.641200000000005,10.584,13.1086,2.7956000000000003,14.867799999999999,5.433,5.966400000000001,19.5218,0.82,24.8528,28.029200000000003,20.9984,1666.751965917906,1641.60375977,1.2264,3.2416,0.74244,2.6357200000000005,44.5534,7.385,2.0662000000000003,29.87232,0.6303,0.09109400000000001,6.9448,3.1358800000000002,0.11407999999999999,14.9616,20.255599999999998,0.42519999999999997,0.62368,5.6566,1.3246,22.287799999999997,5.7674,12.2746,0.7338,12.876,3.0442,2.4528,8.924800000000001,1.3936,12.743199999999998,14.8,8.8908,1740.78957365851,0,143.86413574000017
2023-02-18_Bayern Munich_Gladbach,2023-02-18,15:30,Bundesliga,Matchweek 21,Sat,2023,3.0,2.0,Gladbach,Bayern Munich,Home Win,1703.6003418,1,15.0,1.925,1.7136,1.2242000000000002,1.77738,53.7108,13.3038,5.4706,43.012859999999996,1.2242000000000002,0.10411,6.030799999999999,2.09608,0.38248000000000004,12.805,25.0284,1.09336,1.0683799999999999,10.7756,1.2,37.8174,8.725,17.7966,1.3116,14.9452,4.0476,3.314,16.119999999999997,2.952,23.1734,23.7138,14.0666,1692.347775438598,2007.12109375,2.4466,1.0642,1.37446,1.1911,60.028,13.746400000000001,4.757000000000001,34.74922,1.37446,0.098578,3.8246,1.31954,0.25534,13.153400000000001,35.9706,1.10988,1.18886,10.476600000000001,0.7844,47.7836,10.4076,15.028599999999999,1.336,12.311,4.4524,4.377,18.102200000000003,1.8761999999999999,24.351,26.9758,22.8234,1698.579409449566,0,-303.52075195
2023-02-18_RB Leipzig_Wolfsburg,2023-02-18,15:30,Bundesliga,Matchweek 21,Sat,2023,0.0,3.0,Wolfsburg,RB Leipzig,Away Win,1744.96984863,1,15.0,3.2352,1.2972000000000001,2.2497800000000003,0.8096000000000001,49.5732,17.276,6.2926,41.017340000000004,2.0739400000000003,0.126878,3.5404,0.71938,-0.57782,12.042,33.7672,1.79458,1.7921400000000003,12.9064,2.7294,44.7532,11.8074,13.5824,0.8376,20.43,5.2636,6.2505999999999995,20.7184,2.7098,29.6606,27.2232,12.761199999999999,1797.7527291960262,1839.46606445,2.729,1.0762,1.93426,0.94376,58.436800000000005,15.004000000000001,6.7044,40.49328,1.93426,0.136494,2.4212000000000007,1.14738,0.07118000000000002,13.721599999999999,31.9884,1.45222,1.6881,11.699399999999999,1.0742,36.0768,10.4924,14.041,3.2178,10.8262,3.8494,4.8999999999999995,20.3952,1.5158,27.509999999999998,22.0264,16.7832,1639.106202808714,2,-94.49621582000009
2023-02-19_Schalke 04_Union Berlin,2023-02-19,15:30,Bundesliga,Matchweek 21,Sun,2023,0.0,0.0,Union Berlin,Schalke 04,Draw,1788.32177734,1,15.0,2.2198,1.0376,1.6079800000000002,0.9621,49.1888,15.9374,4.9536,32.23786,1.4321400000000002,0.089952,3.991,0.81714,-0.22046000000000004,10.7984,29.9176,1.01436,1.28838,10.3418,7.0646,34.939400000000006,10.0802,9.1928,0.9536,28.2514,6.255000000000001,3.6795999999999998,18.4822,3.3666,26.450799999999997,21.9224,12.860800000000001,1698.741494166064,1562.95446777,0.3758,2.0518,1.08764,1.11288,49.2368,14.4966,3.2098,26.14708,1.08764,0.090756,4.4586,1.70384,-0.34796,11.4186,20.0432,0.74602,0.86712,8.7192,3.2772,31.420199999999998,7.7902,12.222000000000001,0.5758,22.4052,4.2422,0.7516,15.8814,2.4097999999999997,22.4816,17.3972,13.386199999999999,1702.7763352046181,1,225.36730956999986
2023-02-19_Dortmund_Hertha BSC,2023-02-19,17:30,Bundesliga,Matchweek 21,Sun,2023,4.0,1.0,Dortmund,Hertha BSC,Home Win,1843.84729004,1,17.0,3.904,1.224,2.1172199999999997,0.8641399999999999,63.1024,18.3992,7.557,42.53983999999999,1.9589800000000002,0.11829,2.4682,0.8584999999999999,-0.3655,6.8882,36.3114,1.5012999999999999,1.54884,13.589200000000002,1.2662,50.2634,10.0388,12.4464,0.938,19.383,8.0764,7.4322,24.4954,2.5498,33.6032,31.0482,21.221400000000003,1702.243479394634,1606.72045898,0.738,2.4462,0.9957199999999999,1.9805000000000001,43.3534,12.1014,2.1424,17.4057,0.88358,0.072824,4.3736,2.03726,-0.40893999999999997,13.086199999999998,18.4498,0.60758,0.8400399999999999,7.767800000000001,1.1602000000000001,26.6226,4.304399999999999,14.2696,0.1978,18.165,4.0828,0.9358,12.122399999999999,2.2222,19.9232,19.568199999999997,10.5358,1686.583286303122,0,237.12683105999986
2023-02-19_Leverkusen_Mainz 05,2023-02-19,19:30,Bundesliga,Matchweek 21,Sun,2023,2.0,3.0,Leverkusen,Mainz 05,Away Win,1752.31530762,1,19.0,2.0456,0.8088,1.7959200000000002,0.67862,54.3404,13.5802,4.9430000000000005,38.144059999999996,1.49192,0.11451599999999999,1.2442,0.41906,0.014660000000000006,11.6982,30.6796,1.3791,0.93172,11.0344,1.1502,35.0438,5.5674,15.669799999999999,1.327,11.6972,4.0628,3.5749999999999997,17.5836,2.454,24.9878,19.6396,18.0122,1700.044100926742,1690.68566895,1.1404,1.974,1.3512400000000002,1.67706,43.5404,11.575800000000001,2.9074,25.2847,0.83764,0.07484400000000001,5.4418,1.66546,-0.3085399999999999,16.357799999999997,23.6346,0.63544,0.82502,7.9639999999999995,2.1228,28.065399999999997,7.215800000000001,11.706999999999999,0.1602,16.775599999999997,4.877400000000001,1.8586,13.825800000000001,2.4002,21.3296,20.353,8.3808,1711.30622231821,2,61.62963867000008
2023-02-24_Gladbach_Mainz 05,2023-02-24,20:30,Bundesliga,Matchweek 22,Fri,2023,4.0,0.0,Mainz 05,Gladbach,Home Win,1701.66210938,1,20.0,2.2074000000000003,1.738,1.7122199999999999,1.4092200000000001,45.049200000000006,14.720799999999999,5.3436,36.47614,1.7122199999999999,0.117454,3.8132000000000006,1.37124,-0.36676000000000003,14.5338,29.547400000000003,1.34604,1.05064,11.012599999999999,1.8,35.2996,9.0572,8.1868,0.6374,17.063,4.3636,3.267,17.4454,2.5715999999999997,23.7114,27.3198,13.236,1696.8424233884118,1717.20336914,1.4616,2.0707999999999998,0.8577,1.8064399999999998,55.51780000000001,7.8618,3.0638,38.35804,0.8577,0.10455400000000001,4.4044,1.5708800000000003,-0.49992000000000003,16.6468,21.026600000000002,0.7601399999999999,0.85876,6.2905999999999995,0.8178,28.7574,4.6712,19.6338,1.7016,11.717600000000001,3.8552,2.1454,8.741800000000001,2.6706,13.8122,14.738199999999999,12.4824,1641.7917427025623,0,-15.541259760000003
2023-02-25_Dortmund_Hoffenheim,2023-02-25,15:30,Bundesliga,Matchweek 22,Sat,2023,0.0,1.0,Hoffenheim,Dortmund,Away Win,1628.29956055,1,15.0,1.1978,2.844,1.35556,1.2707199999999998,49.7194,14.6284,5.4358,37.94222,1.35556,0.09268,4.6826,1.76598,-0.90002,11.732199999999999,27.0962,0.98108,1.38724,9.670199999999998,2.4876,40.5986,6.518599999999999,9.3822,0.8022,20.9964,5.4942,2.3956,19.0472,2.6788,25.9584,22.1466,16.0584,1722.373963866156,1847.39135742,1.6796,1.2302,1.89534,1.51582,56.56060000000001,14.8144,6.5653999999999995,43.791160000000005,1.89534,0.13792600000000002,5.2762,1.4278600000000001,0.19766000000000006,9.9732,40.428000000000004,1.59146,1.46206,11.5618,2.3536,43.3306,8.7344,13.7006,2.283,18.413,6.2258,2.5438,19.9994,2.1814,26.4446,27.133,21.7096,1700.2201364730117,2,-219.09179687000005
2023-02-25_Schalke 04_Stuttgart,2023-02-25,18:30,Bundesliga,Matchweek 22,Sat,2023,2.0,1.0,Schalke 04,Stuttgart,Home Win,1569.72290039,1,18.0,0.358,1.5428000000000002,1.1023800000000001,1.38382,46.2222,13.889600000000002,2.8552,20.566740000000003,1.1023800000000001,0.085506,4.4858,1.29228,-0.25052,10.2854,18.5742,0.85068,0.7821,7.9828,2.4814,26.004,5.9838000000000005,15.643,1.286,21.7572,4.8064,0.3956,14.1998,3.5046,21.954,19.6478,8.4964,1791.80211176771,1626.50048828,1.0198,2.1602,1.03014,1.53278,48.675,10.9918,3.0020000000000002,28.2541,0.8543000000000001,0.07599600000000001,4.7822000000000005,1.7761799999999999,-0.3840199999999999,11.673,25.8932,0.69706,0.8155399999999999,8.1098,1.8564,34.5356,6.4168,13.0044,1.0352000000000001,13.7882,3.9996,1.6219999999999999,13.1288,2.4724,19.36,18.206,14.8612,1754.613744485834,0,-56.77758788999995
2023-02-25_Bochum_Werder Bremen,2023-02-25,15:30,Bundesliga,Matchweek 22,Sat,2023,3.0,0.0,Werder Bremen,Bochum,Home Win,1636.88879395,1,15.0,1.1358000000000001,1.6199999999999999,1.06916,1.50882,47.4216,9.8436,4.5162,48.938340000000004,0.9153,0.09023400000000001,4.8608,1.45534,-0.16466000000000003,15.4478,25.1932,0.7201,1.09616,7.5176,2.7558000000000002,34.8894,8.5836,12.2406,0.9822,16.1234,2.6418,2.0518,14.349199999999998,1.8439999999999999,18.833,18.347,11.8214,1755.1121437741479,1609.23339844,0.6175999999999999,2.7078,0.83334,2.3332800000000002,44.838800000000006,10.2616,2.1934,19.93076,0.83334,0.07621,6.630800000000001,2.51782,-0.18998000000000004,12.0284,26.143,0.46966,0.68478,6.478800000000001,1.3800000000000001,27.3174,6.1192,13.9522,1.1274000000000002,14.7102,3.1204,1.2351999999999999,10.774,2.5558,16.8022,18.7332,7.5266,1787.747500731762,0,27.655395510000062
2023-02-25_Eint Frankfurt_RB Leipzig,2023-02-25,15:30,Bundesliga,Matchweek 22,Sat,2023,2.0,1.0,RB Leipzig,Eint Frankfurt,Home Win,1851.63635254,1,15.0,1.736,1.084,1.21322,0.97888,53.2546,10.89,4.168200000000001,37.5346,1.0708199999999999,0.09838,2.5236,0.97228,-0.11172,8.9694,29.7176,0.8752,1.1095,7.7994,1.2418,34.8264,6.5684000000000005,12.792600000000002,1.1358000000000001,10.2178,3.5340000000000003,3.0962,14.109,1.6942,18.797,17.8966,15.4348,1780.5657222154,1790.18273926,0.916,1.4884,0.75734,1.4797799999999999,52.221199999999996,7.7172,2.5150000000000006,31.3953,0.75734,0.08820800000000001,4.7736,1.39452,-0.09388000000000002,15.202,24.285400000000003,0.56006,0.6595,5.4761999999999995,2.0046,35.0492,6.2852,14.325,0.178,15.3822,5.5874,1.6718,9.9318,1.4354,13.828,18.625999999999998,15.889000000000001,1763.833157421658,0,61.4536132799999
2023-02-25_Augsburg_Hertha BSC,2023-02-25,15:30,Bundesliga,Matchweek 22,Sat,2023,2.0,0.0,Hertha BSC,Augsburg,Home Win,1603.1763916,1,15.0,1.6532,2.1534,1.43426,1.5798600000000003,40.337,11.741,4.2568,39.522360000000006,1.1107400000000003,0.07984000000000001,3.9514,1.6516199999999999,-0.50178,14.0696,16.942,0.73326,0.76762,6.9054,1.1822,25.424,4.068,13.485,0.6002,17.5548,4.923399999999999,3.1284,12.3598,2.2198,20.3004,20.258399999999998,12.819,1765.161024878224,1629.42651367,1.5735999999999999,2.8596,1.34322,2.16348,43.794399999999996,11.785,2.9358,25.361020000000003,0.97202,0.08441,7.252800000000001,2.5462,-0.3134,16.4004,26.427,0.7399600000000001,0.9656800000000001,8.835999999999999,2.0108,27.766599999999997,7.8544,11.1586,0.9316,18.060000000000002,6.077,2.3294,11.791,3.3327999999999998,19.979,19.057000000000002,10.5672,1729.949881130062,0,-26.25012207000009
2023-02-25_Koln_Wolfsburg,2023-02-25,15:30,Bundesliga,Matchweek 22,Sat,2023,0.0,2.0,Koln,Wolfsburg,Away Win,1677.7791748,1,15.0,2.4554,0.714,1.50372,0.8117199999999999,46.153,12.043,4.088,32.371120000000005,1.50372,0.12981199999999998,1.7736,0.61014,-0.10386000000000004,11.2652,24.4684,1.23916,1.1257,8.2172,1.8308,37.2442,5.8473999999999995,13.2622,0.46399999999999997,18.145599999999998,4.0962,3.4798,12.6716,1.7228,18.5462,23.387,16.409599999999998,1752.7228392066338,1732.79968262,2.0454,0.6175999999999999,1.30522,1.2895400000000001,49.6472,9.5224,3.3492,35.42696,0.9713999999999999,0.09729800000000001,4.6202,0.77748,0.15988,17.2012,21.3228,0.7903,0.92128,7.445200000000001,1.5757999999999999,32.8838,7.292600000000001,16.1448,0.9623999999999999,16.2216,3.6614,3.5370000000000004,12.684400000000002,1.3492,18.4956,18.9266,14.505600000000001,1635.5796511717358,2,-55.02050782000015
2023-02-26_Bayern Munich_Union Berlin,2023-02-26,17:30,Bundesliga,Matchweek 22,Sun,2023,3.0,0.0,Bayern Munich,Union Berlin,Home Win,1998.13891602,1,17.0,3.1794000000000007,0.916,2.81196,0.9472200000000001,67.4978,20.6392,8.6942,41.9677,2.33002,0.12049200000000002,1.8188,0.92488,0.008879999999999985,9.1884,53.7234,1.70476,1.9430199999999997,16.3396,3.1302000000000003,66.1252,14.4328,9.3694,1.532,19.9818,7.4896,5.1762,28.666199999999996,2.1826,36.5854,36.638999999999996,23.0286,1679.779953149076,1798.99145508,1.5015999999999998,1.9549999999999998,1.20318,1.0888799999999998,39.6058,6.0172,2.475,41.385960000000004,0.7408199999999999,0.127332,4.1106,1.57248,-0.38252,11.833599999999999,18.347,0.60148,0.5257400000000001,4.3952,1.2354,22.6772,3.8620000000000005,13.322399999999998,0.1978,14.581800000000001,3.78,2.3634,5.8564,1.202,9.638399999999999,13.0328,7.679,1723.21477189857,0,199.14746093999997
2023-02-26_Freiburg_Leverkusen,2023-02-26,15:30,Bundesliga,Matchweek 22,Sun,2023,1.0,1.0,Freiburg,Leverkusen,Draw,1775.94763184,1,15.0,2.378,0.8398,1.8715599999999997,1.06454,53.383599999999994,10.1704,5.0348,49.58496,1.22046,0.119482,2.6838,0.8057,-0.034099999999999964,10.877600000000001,34.532599999999995,0.95418,1.18492,7.542999999999999,2.2992,38.3586,9.462000000000002,10.9888,1.3348,14.9676,3.5843999999999996,4.578,15.185400000000001,1.3026,19.4846,23.845799999999997,15.1582,1684.7354017344937,1753.2791748,1.682,1.3579999999999999,1.13458,1.008,49.019200000000005,10.9402,3.737,32.58406000000001,1.13458,0.10166800000000001,6.353800000000001,1.3108199999999999,-0.04718,10.2316,23.3042,0.9139000000000002,0.84772,8.080400000000001,1.1126,37.625,6.8576,14.179400000000001,2.3688000000000002,11.675,3.4254000000000002,2.9882,14.595200000000002,1.4024,19.3216,19.148000000000003,20.6786,1680.8935816650421,1,22.66845704000002
2023-03-03_Dortmund_RB Leipzig,2023-03-03,20:30,Bundesliga,Matchweek 23,Fri,2023,2.0,1.0,Dortmund,RB Leipzig,Home Win,1856.0324707,1,20.0,4.202,1.0574000000000001,2.28526,0.9598,64.6108,17.7594,7.1572,41.259299999999996,2.14286,0.139996,3.9866,1.08358,0.02617999999999998,7.3434,36.334199999999996,1.7209599999999998,1.4807200000000003,12.9862,1.2396,47.5164,9.002400000000002,12.9902,1.2884000000000002,17.6798,6.9922,7.5774,23.446,2.0064,32.2872,27.6136,20.4112,1642.0733766109383,1860.89575195,2.7560000000000002,0.536,2.1273400000000002,0.66752,56.8514,14.815000000000001,6.0012,36.93916,2.1273400000000002,0.149056,2.2348,0.88398,0.34798,11.696,32.4892,1.62352,1.83812,11.441,1.6552,36.901399999999995,10.9872,13.9926,3.0959999999999996,11.1994,3.8202000000000007,4.909800000000001,20.3112,1.1758,27.126000000000005,22.6234,16.9048,1668.6213848152038,0,-4.86328125
2023-03-04_Bochum_Schalke 04,2023-03-04,15:30,Bundesliga,Matchweek 23,Sat,2023,0.0,2.0,Bochum,Schalke 04,Away Win,1604.02392578,1,15.0,2.3688000000000002,1.464,1.7840399999999998,1.3133599999999999,47.242,13.1578,5.525399999999999,41.70448,1.7840399999999998,0.136916,3.3324,1.01302,-0.45097999999999994,15.562000000000001,25.2608,1.37692,1.1784000000000001,10.0846,1.3800000000000001,29.2454,5.8814,12.8524,1.8596,14.718999999999998,4.2862,4.361800000000001,14.2388,3.2708000000000004,22.6244,20.9682,12.272599999999999,1705.4861079106938,1582.28210449,0.3382,1.2698,1.01884,1.00508,49.7778,14.7118,2.9888000000000003,19.375660000000003,1.01884,0.065052,3.9802,1.3106200000000001,0.040819999999999995,14.5516,19.25,0.68698,0.91806,9.024,3.1493999999999995,30.9542,7.7994,12.876399999999999,0.7624,22.1646,4.3622,0.6764,16.1582,3.3898,23.319200000000002,21.185200000000002,14.645199999999999,1718.7793802722879,2,21.74182128999996
2023-03-04_Hoffenheim_Mainz 05,2023-03-04,15:30,Bundesliga,Matchweek 23,Sat,2023,1.0,0.0,Mainz 05,Hoffenheim,Home Win,1719.73352051,1,15.0,2.9634,1.1316,1.83636,1.4748,41.2608,14.5046,6.3302,43.88788,1.83636,0.128802,3.4876,1.1587399999999999,0.02714000000000001,13.392199999999999,28.4278,1.3791200000000001,1.10444,9.8904,2.0642,33.7192,8.5306,8.700600000000001,0.5736,15.3708,3.3622,4.6495999999999995,16.3474,2.4144,22.3868,27.443800000000003,11.891399999999999,1703.420798706254,1628.90002441,1.1536,2.8088,1.00672,2.24844,53.5252,9.242400000000002,2.853,30.10486,1.00672,0.112876,5.402,1.8447200000000001,-0.9640799999999999,17.5818,22.805,0.86098,1.07642,6.6986,1.4942,32.690799999999996,8.0572,12.8482,0.358,16.7702,3.8850000000000002,2.0873999999999997,12.830999999999998,1.255,16.9634,18.1468,11.136000000000001,1678.5426833497518,0,90.83349610000005
2023-03-04_Augsburg_Werder Bremen,2023-03-04,15:30,Bundesliga,Matchweek 23,Sat,2023,2.0,1.0,Augsburg,Werder Bremen,Home Win,1623.94995117,1,15.0,0.822,0.4984,1.3504,0.72578,45.2886,12.7698,3.9094,32.04896,1.208,0.10061800000000001,3.5966,0.47706,-0.02133999999999999,8.9768,24.5516,1.07464,0.9751399999999999,9.0426,1.6388,32.1646,7.2416,12.573599999999999,0.1978,16.8696,4.0468,1.3998,12.5384,2.4618,20.1542,23.157199999999996,13.912400000000002,1694.2994174572962,1651.33984375,0.8154,3.2614,0.554,2.63974,45.742399999999996,6.3698,1.5712,22.76074,0.554,0.092424,6.8502,2.89886,0.07946000000000003,14.221599999999999,20.241999999999997,0.36941999999999997,0.58246,4.57,0.6154,23.115,3.8046,13.479800000000001,0.7604,12.788400000000001,2.7956,1.6308,6.9906,1.2542,10.5272,14.143,10.7112,1759.1235648697182,0,-27.389892579999923
2023-03-04_Freiburg_Gladbach,2023-03-04,15:30,Bundesliga,Matchweek 23,Sat,2023,0.0,0.0,Gladbach,Freiburg,Draw,1708.37341309,1,15.0,2.3208,1.5979999999999999,1.54364,1.59424,52.6306,15.115400000000001,6.200200000000001,42.58557999999999,1.54364,0.10625600000000002,5.9276,1.8678,0.26979999999999993,12.1246,26.9792,1.37704,1.25806,12.2516,0.9358,40.5656,9.5292,15.4868,0.892,14.129999999999999,4.1872,4.059200000000001,18.1384,3.2009999999999996,26.5516,25.940199999999997,15.4692,1762.668619163774,1773.51599121,1.2066,2.8198,1.26536,1.90588,43.557199999999995,10.996200000000002,3.5556,38.08088,1.1372,0.090496,7.3016000000000005,2.1538399999999998,-0.6659600000000001,14.529,19.792,0.82982,1.0094400000000001,7.2992,1.7314,24.0328,6.7748,14.1442,0.8464,12.805800000000001,3.8476,1.6176,13.5156,2.1192,18.701,18.3946,10.2964,1711.2343603731142,1,-65.14257812000005
2023-03-04_Bayern Munich_Stuttgart,2023-03-04,18:30,Bundesliga,Matchweek 23,Sat,2023,1.0,2.0,Stuttgart,Bayern Munich,Away Win,1623.18273926,1,18.0,1.6068,0.9756,1.7410400000000001,0.79372,55.22880000000001,18.7246,5.806800000000001,32.1179,1.7410400000000001,0.099076,3.0286,0.93816,-0.03743999999999999,13.5964,30.7988,1.6663599999999998,1.63044,15.718399999999999,2.8454,44.584999999999994,8.7574,15.430800000000001,0.7338,22.174200000000003,6.110399999999999,3.2136,21.3782,3.0386,31.8176,27.530600000000003,22.5172,1653.4186335707059,2002.50878906,2.402,1.6904,1.15956,1.54274,57.1386,12.5182,4.2046,34.49042,1.15956,0.090952,4.718999999999999,1.90692,0.21652,11.8732,36.093599999999995,0.9258599999999999,1.0602,9.6638,0.6617999999999999,48.3812,9.2458,13.5606,1.4024,11.114799999999999,3.2862,4.4836,16.9384,1.1118000000000001,21.953,23.638399999999997,21.099,1700.9726082785019,2,-379.32604979999996
2023-03-04_Koln_Union Berlin,2023-03-04,15:30,Bundesliga,Matchweek 23,Sat,2023,0.0,0.0,Union Berlin,Koln,Draw,1794.62145996,1,15.0,1.7094,0.9338,1.3929600000000002,0.84822,53.9952,14.234000000000002,4.714,35.343340000000005,1.2347200000000003,0.088074,2.971,0.68776,-0.24604000000000004,10.842199999999998,33.7538,1.00732,1.2595200000000002,9.186399999999999,7.0022,36.219800000000006,10.648800000000001,12.1922,1.2024,30.6328,6.373600000000001,3.0232,17.0686,2.5972,24.595799999999997,20.852999999999998,12.718799999999998,1650.680304467676,1670.72375488,0.1978,1.6068,0.74678,1.4516600000000002,44.5562,7.5838,2.029,25.393259999999998,0.74678,0.11902,5.758600000000001,1.39232,-0.21448,18.8526,19.615000000000002,0.49358,0.52946,4.521599999999999,0.6664,25.0238,4.9302,11.351600000000001,0.3758,17.5488,5.1656,0.1978,7.5666,2.137,12.2914,15.8484,10.453599999999998,1703.9494134997399,1,123.89770508000015
2023-03-05_Eint Frankfurt_Wolfsburg,2023-03-05,17:30,Bundesliga,Matchweek 23,Sun,2023,2.0,2.0,Wolfsburg,Eint Frankfurt,Draw,1749.09655762,1,17.0,2.6232,1.6118000000000001,1.81406,1.34586,47.33,14.950800000000001,5.574800000000001,40.293220000000005,1.65582,0.105652,3.4421999999999997,0.8807400000000001,-0.73106,12.8144,31.060599999999997,1.4332399999999998,1.3978000000000002,11.250599999999999,1.7356,42.53659999999999,9.440800000000001,14.3008,0.7538,16.5362,4.2164,5.0486,17.8722,2.1504,25.9318,22.0848,11.2316,1819.1672266811138,1784.1418457,0.7802,1.6838,0.70394,1.5738800000000002,50.1134,6.9246,2.231,33.79298,0.70394,0.09427200000000001,4.9404,1.43186,-0.25194,12.351400000000002,25.3222,0.55964,0.64914,5.3844,2.0042,34.5678,5.3358,13.127399999999998,0.6486000000000001,14.279,5.4846,1.5604,8.5852,1.536,12.836000000000002,16.145,14.5908,1805.518478295752,1,-35.045288079999864
2023-03-05_Hertha BSC_Leverkusen,2023-03-05,15:30,Bundesliga,Matchweek 23,Sun,2023,4.0,1.0,Leverkusen,Hertha BSC,Home Win,1755.71081543,1,15.0,2.041,1.1722000000000001,1.8363400000000003,0.82846,56.8044,15.376000000000001,5.1930000000000005,35.64282,1.50716,0.105296,2.685,0.79464,-0.15775999999999996,14.2028,32.5776,1.30794,1.15274,12.252199999999998,2.012,35.8724,6.7316,17.633200000000002,0.8617999999999999,15.479,4.2008,3.5174000000000003,19.0466,2.9412,28.796599999999998,22.4502,20.897199999999998,1703.576206470654,1617.89440918,0.62,2.7458,0.83314,1.9748,43.50619999999999,12.779799999999998,3.5492,25.28958,0.83314,0.066774,4.5804,2.26332,-0.48248,12.6334,19.9258,0.56916,0.77278,8.1354,0.7558,26.271800000000002,3.2087999999999997,12.2008,0.4222,17.7598,4.0744,1.0422,13.0988,2.2,20.4312,18.5346,10.9264,1712.851617870162,0,137.81640625
2023-03-10_Bochum_Koln,2023-03-10,20:30,Bundesliga,Matchweek 24,Fri,2023,0.0,2.0,Koln,Bochum,Away Win,1672.45202637,1,20.0,2.0656,0.9868,1.4733200000000002,0.84496,50.265600000000006,12.427,4.4676,34.59966,1.4733200000000002,0.125388,2.4288,0.6879600000000001,-0.29884,10.5062,27.660800000000002,1.22964,1.10872,8.828,1.9478,38.5172,6.206799999999999,14.501000000000001,0.41759999999999997,20.829,5.4076,2.8434,12.404200000000001,2.0947999999999998,19.2682,24.4132,16.9012,1755.485562254566,1586.53320312,0.5558000000000001,2.737,0.78556,2.17672,44.5986,9.935200000000002,2.074,19.36754,0.78556,0.07414600000000002,7.0004,2.5048399999999997,-0.23216000000000003,13.3792,26.749200000000002,0.46709999999999996,0.6907,5.8424,1.6862,32.745999999999995,6.163,15.7986,1.0146000000000002,15.2716,2.0873999999999997,1.1116000000000001,10.540600000000001,2.356,16.71,20.168799999999997,8.9714,1745.78317019062,2,85.91882325000006
2023-03-11_Hertha BSC_Mainz 05,2023-03-11,15:30,Bundesliga,Matchweek 24,Sat,2023,1.0,1.0,Hertha BSC,Mainz 05,Draw,1608.8338623,1,15.0,1.688,1.5053999999999998,1.2643799999999998,1.2699600000000002,43.0098,12.388,3.8428,30.22596,1.08854,0.075416,3.2236000000000002,1.26128,-0.24412,14.451,16.503600000000002,0.7288,0.6820200000000001,7.2476,1.0198,25.569800000000004,3.917,15.7226,0.5402,18.064400000000003,4.3868,2.9716,12.6008,2.1978,20.5474,19.7768,12.237000000000002,1698.2987223872321,1720.74316406,1.4706000000000001,2.265,1.44822,1.8591200000000003,42.730199999999996,11.5182,3.3609999999999998,29.505319999999998,0.79062,0.072476,6.1744,2.05614,-0.20886,17.831599999999998,22.5064,0.6130599999999999,1.0523,8.3118,2.743,27.494,8.315199999999999,13.233799999999999,0.2442,18.5398,5.178,2.5612000000000004,14.820000000000002,2.6044,21.9292,22.139,8.4428,1731.353210892064,1,-111.90930176000006
2023-03-11_Augsburg_Bayern Munich,2023-03-11,15:30,Bundesliga,Matchweek 24,Sat,2023,5.0,3.0,Bayern Munich,Augsburg,Home Win,2005.77832031,1,15.0,2.729,0.536,2.96294,0.63296,67.6478,20.1428,8.2924,41.23346000000001,2.65894,0.13798,0.916,0.57284,0.03684000000000001,9.2254,53.617599999999996,2.11062,2.6269,16.3174,3.3613999999999997,70.01920000000001,17.164,9.2884,3.3324,21.3044,8.029,4.5378,28.8556,1.676,35.862,40.715,24.0704,1706.684980078684,1627.83874512,1.272,2.7735999999999996,1.1867800000000002,1.71874,47.610600000000005,10.973799999999999,2.3096,20.6286,0.8527,0.077642,6.3948,2.08322,-0.69038,14.129999999999999,23.9538,0.65828,0.85144,8.5082,1.7214,28.8986,7.8688,13.9174,0.9384,19.5194,6.502000000000001,1.808,10.934999999999999,3.1995999999999998,18.9042,18.451,10.598799999999999,1716.7886440938298,0,377.9395751899999
2023-03-11_Dortmund_Schalke 04,2023-03-11,18:30,Bundesliga,Matchweek 24,Sat,2023,2.0,2.0,Schalke 04,Dortmund,Draw,1593.39575195,1,18.0,0.6664,1.6326,1.14216,1.4230999999999998,43.658,13.4124,3.4581999999999997,26.59656,1.14216,0.09284,5.1137999999999995,1.26064,-0.37195999999999996,12.810400000000001,16.963,0.91004,0.93042,7.352,2.6774,21.9194,5.5528,14.5578,1.2573999999999999,19.928,5.646800000000001,1.3328,13.8914,3.3542,21.958799999999997,18.073800000000002,7.1491999999999996,1763.1675434569797,1844.84033203,1.7558,0.8188,2.03678,1.33562,55.495400000000004,16.4102,7.73,46.03254,2.03678,0.137016,4.716,1.1487800000000001,0.32998000000000005,11.641,36.225,1.80654,1.4703,13.1828,2.13,43.0446,9.3496,13.6304,2.2990000000000004,16.9742,6.9918,2.7778,21.2884,2.075,28.921999999999997,29.285600000000002,25.1694,1684.012998510428,1,-251.44458007999992
2023-03-11_Eint Frankfurt_Stuttgart,2023-03-11,15:30,Bundesliga,Matchweek 24,Sat,2023,1.0,1.0,Eint Frankfurt,Stuttgart,Draw,1781.75512695,1,15.0,2.6134,0.6764,2.03652,1.04364,51.491600000000005,12.733999999999998,4.9252,39.27924,1.86068,0.155408,2.0852,0.7251200000000001,0.048719999999999986,10.9188,26.8294,1.75902,1.61288,10.111,1.666,38.3264,9.6932,13.23,2.0394,13.9162,5.1014,4.5604000000000005,16.3624,1.7147999999999999,21.8604,26.3288,20.0216,1651.424566138572,1618.19714355,1.0178,2.0,1.06154,1.61602,53.191399999999994,12.169599999999999,3.346,28.16628,0.9033,0.072512,4.904,1.63766,-0.36234,12.238199999999999,29.499399999999998,0.68852,0.8239799999999999,9.2316,1.8266,35.6148,5.9426,13.3482,0.9316,16.8516,5.0764,1.6598,14.7814,2.6252,21.678,18.5856,19.226599999999998,1715.1697162864218,1,163.5579834
2023-03-11_Gladbach_RB Leipzig,2023-03-11,15:30,Bundesliga,Matchweek 24,Sat,2023,3.0,0.0,RB Leipzig,Gladbach,Home Win,1851.38232422,1,15.0,1.7624,1.2198,1.334,1.06192,54.2388,10.801,4.107200000000001,37.33934000000001,1.20584,0.11275200000000002,3.1037999999999997,1.24134,0.021540000000000017,9.4608,28.7252,1.0197800000000001,1.23066,7.9636000000000005,1.2176,34.8998,7.9326,13.7786,1.4664000000000001,9.3634,3.2364,3.1866,14.7306,1.2364,19.494,20.781399999999998,16.956599999999998,1792.558826146828,1705.24328613,1.1712,2.5522,0.92076,1.9356,59.105999999999995,8.264,2.8131999999999997,33.75722,0.92076,0.105656,5.1966,2.06106,-0.34462,14.552000000000001,26.717399999999998,0.8229600000000001,0.87612,6.75,0.9802,33.675000000000004,4.5482000000000005,19.1818,2.0198,11.1016,3.4814000000000003,1.7866,10.077,2.4594,15.2404,14.5526,12.911,1638.3794526150698,0,146.1390380900002
2023-03-12_Freiburg_Hoffenheim,2023-03-12,15:30,Bundesliga,Matchweek 24,Sun,2023,2.0,1.0,Freiburg,Hoffenheim,Home Win,1770.26916504,1,15.0,2.096,1.0,1.67788,1.4232200000000002,51.1036,9.6206,4.787,49.45544,1.09186,0.114648,3.1037999999999997,1.03372,0.033720000000000014,11.466399999999998,33.968,0.7878000000000001,1.06314,7.0002,1.925,35.525,7.8946000000000005,10.989799999999999,1.0572,13.661400000000002,2.7492,3.7876000000000003,12.924600000000002,0.8398,17.6382,20.698,13.921400000000002,1703.0382585445382,1621.51330566,0.894,2.6278000000000006,0.9716199999999999,2.11912,51.886799999999994,11.26,3.156,29.09372,0.9716199999999999,0.087844,5.8942000000000005,1.7746199999999999,-0.8531800000000002,19.3768,24.2132,0.79162,1.0055200000000002,7.7496,1.7890000000000001,31.624399999999998,8.9282,13.207600000000001,0.178,15.0396,3.6522,1.5902,14.1572,1.3736,19.9298,18.0436,9.6804,1689.46201101163,0,148.75585937999995
2023-03-12_Leverkusen_Werder Bremen,2023-03-12,17:30,Bundesliga,Matchweek 24,Sun,2023,2.0,3.0,Werder Bremen,Leverkusen,Away Win,1641.07409668,1,17.0,1.4664000000000001,1.3138,1.11106,1.2782,50.598,9.959200000000001,4.8088,50.7926,0.9725999999999999,0.095094,4.1864,1.25332,-0.06047999999999998,14.482000000000001,25.9062,0.74808,0.9744200000000001,7.5216,2.536,34.3116,8.425,13.6374,0.8398,17.076,2.4334,2.4908,14.6584,1.8596,19.0938,17.523600000000002,11.8276,1748.7698032472163,1758.39440918,1.758,1.178,1.54392,0.92952,49.7616,13.5206,4.1958,31.86242,1.54392,0.116478,5.829999999999999,1.1144,-0.0636,10.396799999999999,23.0176,1.29648,1.106,10.1142,1.1014,41.101600000000005,6.6276,14.693999999999999,2.8646000000000003,12.972999999999999,3.383,3.1778,17.11,2.0947999999999998,23.517400000000002,23.072799999999997,21.52,1691.153554615748,2,-117.3203125
2023-03-12_Union Berlin_Wolfsburg,2023-03-12,19:30,Bundesliga,Matchweek 24,Sun,2023,1.0,1.0,Wolfsburg,Union Berlin,Draw,1745.10632324,1,19.0,2.2724,1.939,1.8081800000000001,1.2857399999999999,47.7968,13.502000000000002,5.6171999999999995,44.14698,1.66578,0.11973600000000001,3.298,0.96038,-0.97862,14.0424,30.7098,1.4943,1.5245,10.7928,1.862,42.815000000000005,9.6406,14.715,1.411,15.284599999999998,3.7622,4.3668,17.0638,1.4586,23.952199999999998,23.3968,10.8758,1844.77226984548,1786.51623535,1.3514,1.7711999999999999,1.13728,1.5851600000000001,37.1588,5.138599999999999,2.0831999999999997,35.184419999999996,0.72114,0.136692,4.7438,1.6776200000000001,-0.09358,14.912799999999999,18.268,0.61016,0.61524,3.9672000000000005,1.356,21.7326,4.02,12.846,0.178,13.3584,3.6578,2.127,5.6264,0.7934,8.3092,14.0062,7.278599999999999,1789.819177295636,1,-41.40991211000005
2023-03-17_Gladbach_Werder Bremen,2023-03-17,20:30,Bundesliga,Matchweek 25,Fri,2023,2.0,2.0,Gladbach,Werder Bremen,Draw,1698.16833496,1,20.0,1.6562000000000001,1.294,1.6258200000000003,1.34944,52.1348,13.927,5.4475999999999996,39.797079999999994,1.6258200000000003,0.127052,5.4906,1.5235599999999998,0.22956000000000004,11.735399999999998,27.1814,1.4803000000000002,1.28112,11.293800000000001,0.7979999999999999,39.7882,9.388,15.637999999999998,1.8796000000000002,13.6284,4.801,2.9324,16.1268,3.6134,24.487000000000002,25.9464,15.078,1784.91560566265,1633.14782715,0.978,3.1352,0.9881599999999999,2.10412,50.6848,9.174800000000001,2.9792,27.5884,0.9881599999999999,0.105276,6.376799999999999,2.40498,-0.33241999999999994,11.969000000000001,25.4784,0.68994,0.82282,6.134,1.2864,32.404,6.4544,12.8554,0.5402,18.458399999999997,3.937,1.956,10.6544,1.673,14.737400000000001,19.8894,15.5566,1726.314922607912,1,65.02050781000003
2023-03-18_Stuttgart_Wolfsburg,2023-03-18,15:30,Bundesliga,Matchweek 25,Sat,2023,0.0,1.0,Stuttgart,Wolfsburg,Away Win,1606.60839844,1,15.0,1.402,1.2222,1.3874,1.08296,50.5334,15.1126,5.0935999999999995,33.24732,1.3874,0.09572599999999999,3.6142000000000003,1.00758,-0.21462,15.001999999999999,30.706599999999998,1.36344,1.2690400000000002,13.128,2.1842,44.358399999999996,7.3284,15.0434,0.7604,18.5612,4.79,2.804,18.1894,2.1138000000000003,26.2104,22.629,20.2118,1743.9577778571581,1727.10327148,1.8965999999999998,0.5558000000000001,1.33234,1.30942,48.837799999999994,8.349,3.3142,42.21002,0.83654,0.088682,4.9466,0.86624,0.31044000000000005,18.0698,19.8808,0.68798,0.8991199999999999,6.1354,1.5182,31.197200000000002,7.0632,15.786000000000001,0.5778,16.2314,3.2068,3.2948,11.506599999999999,1.07,16.6922,19.6426,14.743200000000002,1635.828206737372,2,-120.49487304000013
2023-03-18_Dortmund_Koln,2023-03-18,18:30,Bundesliga,Matchweek 25,Sat,2023,6.0,1.0,Dortmund,Koln,Home Win,1822.56921387,1,18.0,3.5492,1.1958,1.97486,1.25686,58.77680000000001,15.0968,5.4878,36.100480000000005,1.6513399999999998,0.12046399999999999,4.6648,1.26826,0.07246000000000002,10.2396,35.0792,1.28048,1.22518,10.7894,1.2156,41.514799999999994,7.9368,15.133199999999999,1.5038,16.8346,5.9718,6.498600000000001,19.305200000000003,2.1498,27.817800000000002,24.4208,17.8718,1699.703263353558,1638.43920898,0.178,1.1578,0.8197800000000001,1.2267200000000003,45.333800000000004,8.4024,2.5146,27.82074,0.8197800000000001,0.11755599999999998,4.950200000000001,1.0135800000000001,-0.14422000000000001,21.1972,18.0448,0.5819,0.51652,5.058,1.0882,28.685000000000002,5.814,11.2164,0.3382,18.5592,5.1932,0.178,9.2638,1.635,13.9604,15.8636,9.831600000000002,1715.7308915028798,0,184.13000489
2023-03-18_Bochum_RB Leipzig,2023-03-18,15:30,Bundesliga,Matchweek 25,Sat,2023,1.0,0.0,Bochum,RB Leipzig,Home Win,1585.9708252,1,15.0,1.8434,1.6618,1.7644400000000002,1.18438,50.6366,12.2536,5.2286,43.46022,1.7644400000000002,0.152316,3.5434,0.94846,-0.46914,16.382600000000004,28.0092,1.3736199999999998,1.29708,9.2436,2.1746,32.8722,6.0934,13.543800000000001,1.5294,15.9682,4.4018,3.3486000000000002,13.2264,2.9995999999999996,20.3526,18.1528,10.1476,1667.5111988274439,1830.31994629,2.2920000000000003,0.8266,2.2067200000000002,0.76402,57.222199999999994,15.0336,5.4684,33.63244,2.2067200000000002,0.151476,2.3114,0.90676,0.08016000000000004,11.4938,41.3524,1.7721200000000001,1.9752800000000001,11.797,2.2782,42.1396,10.6002,13.249,3.2864,13.421600000000002,4.4708000000000006,4.1862,20.436,1.4024,27.2252,23.1938,16.3376,1709.7825085697439,0,-244.34912108999993
2023-03-18_Hertha BSC_Hoffenheim,2023-03-18,15:30,Bundesliga,Matchweek 25,Sat,2023,3.0,1.0,Hoffenheim,Hertha BSC,Home Win,1600.96008301,1,15.0,0.9338,2.3712,1.4076400000000002,1.4601799999999998,50.1566,14.7538,5.4364,37.733,1.4076400000000002,0.096294,5.747,1.66284,-0.54816,13.3128,27.8634,1.11388,1.50382,11.0124,2.1946,40.1388,7.4876,8.9556,0.5778,21.1408,7.01,1.8676,19.7074,3.4876,27.015800000000002,24.55,15.619999999999997,1741.223332958274,1592.9909668,0.8022,3.3038,0.9607600000000001,1.9805799999999998,41.7578,11.6692,3.2944000000000004,25.238859999999995,0.7654000000000001,0.062654,5.7434,2.3911800000000003,-0.91262,11.849200000000002,20.898400000000002,0.53224,0.6722199999999999,7.333400000000001,0.7802,25.812,3.3320000000000003,12.1364,0.38,16.1744,3.4344,1.4264,11.668,1.9358000000000002,19.1554,17.004,11.366399999999999,1736.136015331224,0,7.969116210000038
2023-03-18_Augsburg_Schalke 04,2023-03-18,15:30,Bundesliga,Matchweek 25,Sat,2023,1.0,1.0,Augsburg,Schalke 04,Draw,1609.27441406,1,15.0,1.084,0.4044,1.18886,1.0418399999999999,43.983000000000004,12.2486,4.162599999999999,36.65312,1.0607,0.090348,3.937,0.78916,0.38476,12.553799999999999,24.1962,0.8962600000000001,0.75902,8.8384,1.1424,30.315200000000004,6.3408,12.0838,0.178,15.373400000000002,3.9422,1.7040000000000002,12.1404,1.9272,18.6178,20.7996,14.5862,1674.1903614267178,1581.0916748,0.6486000000000001,0.8544,0.97692,1.10666,47.690400000000004,14.3844,3.3781999999999996,24.004600000000003,0.97692,0.064546,3.9821999999999997,1.08976,0.23536,14.940999999999999,18.680600000000002,0.69268,1.05718,9.0656,3.5227999999999997,27.628,7.7194,14.0656,0.3978,22.048000000000002,4.0376,0.8088,15.786200000000001,3.495,23.019199999999998,20.855,14.713,1707.300713719994,1,28.182739260000062
2023-03-19_Eint Frankfurt_Union Berlin,2023-03-19,15:30,Bundesliga,Matchweek 25,Sun,2023,2.0,0.0,Union Berlin,Eint Frankfurt,Home Win,1740.96264648,1,15.0,1.25,0.6962,1.24594,0.83896,53.3632,12.8894,4.01,32.362759999999994,1.10354,0.083824,3.218,0.72338,0.02718000000000001,13.1442,31.981,0.93214,1.36566,8.967600000000001,7.046,36.5654,11.3606,13.038200000000002,0.938,31.9346,6.0920000000000005,2.144,15.408000000000001,2.049,21.9498,23.442,13.812000000000001,1645.503021410178,1755.18334961,1.0464,1.8596,0.52054,1.6641800000000002,48.172000000000004,7.2322,2.0638,30.972839999999998,0.52054,0.073544,5.0464,1.52638,-0.33322,12.760200000000001,26.2786,0.43833999999999995,0.59656,5.545999999999999,1.6154,35.5556,5.6464,12.914599999999998,0.6838,15.2278,5.868600000000001,1.6044,7.517399999999999,1.5823999999999998,12.5758,15.9538,14.1432,1807.8893396250742,0,-14.220703129999947
2023-03-19_Freiburg_Mainz 05,2023-03-19,19:30,Bundesliga,Matchweek 25,Sun,2023,1.0,1.0,Mainz 05,Freiburg,Draw,1702.01074219,1,19.0,2.767,0.8742,1.70502,1.26312,42.8438,14.3658,6.2972,43.85474,1.70502,0.120036,3.4388,1.06958,0.19537999999999997,13.0084,30.394399999999997,1.2879200000000002,1.04074,9.180399999999999,1.9578,37.4106,9.110199999999999,10.1516,0.5162,17.9316,4.991199999999999,4.1404000000000005,16.4128,2.4288,22.2716,29.509,14.488199999999999,1674.0707193596738,1740.41040039,0.7976,2.5376,0.8805,1.99502,42.9928,9.3992,2.9234000000000004,37.489380000000004,0.8805,0.078238,6.8712,2.1048999999999998,-0.4327000000000001,13.9318,17.738799999999998,0.6703600000000001,0.90084,5.816,1.3257999999999999,23.0764,6.1766,12.5322,1.1059999999999999,12.116399999999999,3.5304,0.8792,11.2458,1.719,15.592,15.992799999999999,9.0136,1732.6414390854202,1,-38.399658199999976
2023-03-19_Bayern Munich_Leverkusen,2023-03-19,17:30,Bundesliga,Matchweek 25,Sun,2023,2.0,1.0,Leverkusen,Bayern Munich,Home Win,1751.95068359,1,17.0,2.0928,1.2992,1.76946,0.97098,57.6568,16.1594,5.718,35.34454,1.4731999999999998,0.09711600000000001,2.7608,0.9838200000000001,-0.11757999999999999,12.9174,33.485,1.2939,1.1907400000000001,13.248000000000001,2.055,37.927,8.212,16.693,1.7524000000000002,15.708,5.8342,3.9657999999999998,20.595599999999997,3.2354,30.5032,24.435399999999998,21.7846,1671.2142005863082,1989.76733398,2.2176,1.4772,1.28248,1.4108,55.69460000000001,12.666600000000003,4.6726,37.39332,1.28248,0.0983,4.114599999999999,1.5499800000000001,0.07278,12.1182,36.9728,1.09982,1.1963000000000001,10.186,1.8166000000000002,52.93899999999999,10.165600000000001,11.8066,1.1179999999999999,13.0686,3.4134,4.4352,17.6774,0.8564,22.6464,25.307599999999997,21.2776,1694.1491226827138,0,-237.81665039000018
2023-03-31_Bochum_Eint Frankfurt,2023-03-31,20:30,Bundesliga,Matchweek 26,Fri,2023,1.0,1.0,Eint Frankfurt,Bochum,Draw,1745.64526367,1,20.0,2.4520000000000004,0.5646,1.7298399999999998,1.0480800000000001,50.6772,11.018799999999999,3.8118000000000003,33.467839999999995,1.5715999999999997,0.142542,2.565,0.8491,0.28450000000000003,11.4034,30.897799999999997,1.48894,1.4651,8.6906,1.211,39.0496,9.4354,13.3512,2.5238,17.5434,4.747,4.06,14.5284,1.7433999999999998,19.6,23.977399999999996,17.545,1622.3397574951218,1598.40112305,0.8444,2.4631999999999996,0.89026,1.8127,42.54079999999999,9.309,1.7782,18.287100000000002,0.6949000000000001,0.071848,6.8002,2.2765999999999997,-0.18660000000000002,16.8718,24.1322,0.41272,0.62838,5.1814,1.6176,30.33,5.414199999999999,14.8862,0.4806,15.477,1.8344,1.6888,10.1098,1.832,15.918,21.2614,10.1952,1745.5840244142898,1,147.24414062000005
2023-04-01_Bayern Munich_Dortmund,2023-04-01,18:30,Bundesliga,Matchweek 26,Sat,2023,4.0,2.0,Bayern Munich,Dortmund,Home Win,1977.70471191,1,18.0,2.8120000000000003,1.0708,2.6183,0.99272,67.9598,20.861200000000004,8.119000000000002,39.11936,2.46006,0.12509,2.0012,0.97302,-0.09778,9.8796,54.5184,2.0031,2.76844,17.4068,3.2694,71.0126,16.9802,9.648000000000001,2.1342,21.495,8.0262,4.9841999999999995,30.412000000000003,2.1526,37.5854,43.2066,26.7264,1695.7762676767459,1828.53271484,1.7802,0.6486000000000001,1.8889399999999998,1.26556,57.022999999999996,16.7696,7.4688,43.9875,1.8889399999999998,0.12322000000000001,4.356,1.0009000000000001,0.3523,13.7072,35.449200000000005,1.69822,1.18258,13.7974,1.8728,41.46640000000001,8.882200000000001,14.155800000000001,2.4132000000000002,14.990800000000002,6.4602,3.0442,23.357599999999998,1.435,30.939799999999998,25.918,26.706400000000002,1657.222949413242,0,149.1719970700001
2023-04-01_Freiburg_Hertha BSC,2023-04-01,15:30,Bundesliga,Matchweek 26,Sat,2023,1.0,1.0,Freiburg,Hertha BSC,Draw,1741.19812012,1,15.0,1.798,1.0,1.32494,1.2799800000000001,50.019,10.135200000000001,4.6082,43.9897,1.0282399999999998,0.10009000000000001,2.7492,0.845,-0.155,11.707999999999998,28.512999999999998,0.73016,0.91028,7.6768,2.3208,31.6324,6.784,15.474799999999998,0.9514,13.739400000000002,2.6742000000000004,3.3762,13.2644,1.4884,18.5834,19.495400000000004,11.2988,1674.26205722545,1584.3626709,0.822,3.4176,1.00794,2.12902,44.5124,11.601999999999999,3.8974,31.200939999999996,0.8321,0.069714,5.869199999999999,2.52856,-0.8890399999999999,11.7318,20.6968,0.57784,0.77708,7.443999999999999,1.0464,27.0402,4.664,12.366999999999999,0.1978,16.7454,4.5678,1.2396,12.666,1.5538,19.7162,16.715,10.653,1719.0596979007842,1,156.8354492200001
2023-04-01_Leverkusen_Schalke 04,2023-04-01,15:30,Bundesliga,Matchweek 26,Sat,2023,0.0,3.0,Schalke 04,Leverkusen,Away Win,1583.65979004,1,15.0,1.0882,1.6694,1.27888,1.49524,43.224000000000004,13.5034,3.8007999999999997,29.58162,1.27888,0.104326,5.691,1.34904,-0.32036000000000003,13.0622,17.6874,1.01114,1.07714,7.8492,3.2421999999999995,22.9246,6.5626,14.578400000000002,1.1316,20.7998,5.2378,2.1764,13.6462,3.3628,21.695,17.9984,8.555399999999999,1747.1405855956218,1764.01330566,2.0264,1.4044,1.43188,1.07426,50.206199999999995,13.901200000000001,4.5646,33.751639999999995,1.43188,0.101738,5.7028,1.14412,-0.26028,9.924600000000002,22.6154,1.15476,1.0065600000000001,10.8238,0.9912000000000001,39.49079999999999,7.041399999999999,15.977999999999998,2.5780000000000003,11.554599999999999,3.6330000000000005,3.8926,18.4526,1.4527999999999999,24.6752,23.6748,21.9886,1681.420107691622,2,-180.35351562000005
2023-04-01_Augsburg_Wolfsburg,2023-04-01,15:30,Bundesliga,Matchweek 26,Sat,2023,2.0,2.0,Wolfsburg,Augsburg,Draw,1733.60546875,1,15.0,2.0010000000000003,1.9892,1.69646,1.24388,51.845200000000006,13.3634,5.511400000000001,43.56004,1.5683000000000002,0.112998,2.5913999999999997,1.04642,-0.94278,12.396400000000002,30.5152,1.4416399999999998,1.34788,10.0368,2.7526,44.5192,10.153199999999998,14.399400000000002,0.8373999999999999,15.444400000000002,3.2534,3.8417999999999997,18.1784,0.736,24.112799999999996,23.9898,11.465,1833.58474052435,1606.70629883,1.589,3.4288000000000003,1.59204,1.95986,45.4842,11.7972,3.0112,24.62482,1.0960400000000001,0.09253,6.8435999999999995,2.6641399999999997,-0.76466,12.242799999999999,23.2138,0.8666400000000001,0.78184,8.889800000000001,1.5492,27.2758,7.0934,13.5698,0.9446,19.6764,6.640000000000001,2.4156000000000004,13.515799999999999,2.7912,21.288,18.9264,12.380600000000001,1777.82417248603,1,126.89916992000008
2023-04-01_Mainz 05_RB Leipzig,2023-04-01,15:30,Bundesliga,Matchweek 26,Sat,2023,0.0,3.0,RB Leipzig,Mainz 05,Away Win,1817.88964844,1,15.0,1.8862,0.9536,1.39298,1.31756,56.5684,10.7326,4.6408,41.890299999999996,1.1976200000000001,0.114038,3.2376,1.3969600000000002,0.44336,9.0146,34.8574,1.07784,1.3008600000000001,7.7348,1.44,42.1358,8.8722,11.3264,1.4198,11.5806,4.7338000000000005,3.1238,14.1368,1.5128,18.9356,23.2014,19.2148,1773.65993630277,1701.22302246,1.2794,1.4176,1.1082800000000002,1.59254,48.3942,9.956999999999999,3.1808,34.32424,0.6318,0.07134599999999999,4.6594,1.4270800000000001,0.009479999999999992,17.3602,22.2998,0.50084,0.93942,7.115600000000001,2.7688,27.9538,7.9395999999999995,13.1546,0.46399999999999997,20.2836,5.892799999999999,2.3609999999999998,12.8404,2.3998000000000004,19.061799999999998,19.7276,8.098400000000002,1667.098775953606,2,116.66662597999994
2023-04-01_Stuttgart_Union Berlin,2023-04-01,15:30,Bundesliga,Matchweek 26,Sat,2023,3.0,0.0,Union Berlin,Stuttgart,Home Win,1750.50073242,1,15.0,1.325,0.3382,1.26576,1.32788,48.55459999999999,12.523800000000001,3.4764,29.453280000000003,1.1376,0.09120800000000001,3.8288,0.9940800000000001,0.65588,16.8694,29.208199999999998,0.98776,1.0428199999999999,7.905799999999999,5.720400000000001,32.4694,8.8826,14.0994,0.8,28.2784,5.3502,1.8412,15.023000000000001,1.4674,21.434,21.5004,11.5006,1674.741059422716,1600.10620117,1.1602000000000001,1.7558,1.10746,1.3946399999999999,51.6634,12.385200000000001,3.8440000000000003,33.05552,0.96506,0.079028,4.2252,1.3641,-0.3917,14.8448,28.072799999999997,0.76176,0.77274,9.5852,1.8439999999999999,33.7442,6.048400000000001,14.822799999999999,0.6942,17.1876,4.768800000000001,1.9822,14.5916,3.0952,22.2194,19.503999999999998,20.0254,1727.0814553231598,0,150.39453125
2023-04-02_Gladbach_Koln,2023-04-02,15:30,Bundesliga,Matchweek 26,Sun,2023,0.0,0.0,Koln,Gladbach,Draw,1632.47570801,1,15.0,1.7147999999999999,1.0882,1.2950599999999999,0.90048,52.2606,11.131,4.2326,36.94474,1.2950599999999999,0.118406,2.486,1.00222,-0.08598000000000001,10.1996,27.2624,1.08458,1.16228,8.1686,2.3414,38.644800000000004,7.7514,15.316000000000003,0.8642000000000001,26.8072,6.4437999999999995,2.2706,11.843,2.1854,18.188200000000002,25.593,17.0554,1718.338267698216,1678.8503418,0.9097999999999999,2.7412,1.10404,2.06412,53.7114,7.7492,2.7318,34.907439999999994,0.9086799999999999,0.11241600000000002,6.298,2.3768599999999998,-0.23246,15.0292,24.3806,0.7129800000000001,0.73756,6.1866,1.2264,27.370200000000004,4.0608,17.0658,1.7736,9.4378,2.7005999999999997,1.4636,9.048399999999999,1.925,13.7512,13.6204,14.2732,1697.1701528346,1,-46.37463378999996
2023-04-02_Hoffenheim_Werder Bremen,2023-04-02,17:30,Bundesliga,Matchweek 26,Sun,2023,1.0,2.0,Werder Bremen,Hoffenheim,Away Win,1620.88366699,1,17.0,1.664,1.6266,1.30972,1.14942,51.5596,10.64,4.6838,44.467800000000004,0.98976,0.08881800000000001,4.556,1.24912,-0.37748000000000004,12.08,27.104400000000002,0.8742000000000001,1.08906,8.3462,2.3382,37.1786,9.7594,13.662199999999999,1.0,15.903400000000001,2.6784,2.686,16.246,1.5294,20.537799999999997,18.159599999999998,10.723799999999999,1739.4773595461959,1609.58850098,0.7604,2.2766,0.85912,1.64996,49.6444,11.334200000000001,2.652,24.605719999999998,0.85912,0.079408,5.028,1.5341,-0.7425,19.0718,22.2622,0.6771199999999999,0.9917200000000002,7.630599999999999,2.1544,27.7342,9.0796,13.231,0.4044,14.0704,3.0544,1.3428,13.276600000000002,1.8246000000000002,19.8488,18.095200000000002,8.6474,1696.83383835543,2,11.295166010000003
2023-04-08_Hertha BSC_RB Leipzig,2023-04-08,18:30,Bundesliga,Matchweek 27,Sat,2023,0.0,1.0,Hertha BSC,RB Leipzig,Away Win,1590.00402832,1,18.0,1.4749999999999999,1.599,1.24466,1.00552,41.7996,11.283999999999999,3.0376,27.31984,0.8910600000000001,0.069106,3.2012000000000005,1.13746,-0.46154,13.741,13.8022,0.60056,0.64054,6.546,1.0178,22.2056,4.2136000000000005,16.183,0.1978,18.113599999999998,4.2156,2.486,10.7428,2.4222,18.018,19.0662,10.127,1708.173892015574,1796.12182617,1.7744000000000002,0.844,2.18046,0.8264800000000001,59.8746,16.884,6.4426,36.072140000000005,2.18046,0.13855800000000001,1.7036,0.55334,-0.29066,9.8468,42.539,1.7049,1.95776,13.471,2.5387999999999997,42.9914,11.661200000000001,12.103000000000002,3.1578,15.2332,5.1564,3.1908,21.5136,2.8274,30.521800000000002,26.004999999999995,18.49,1688.0479990003098,2,-206.11779785
2023-04-08_Bayern Munich_Freiburg,2023-04-08,15:30,Bundesliga,Matchweek 27,Sat,2023,0.0,1.0,Freiburg,Bayern Munich,Away Win,1735.55664062,1,15.0,1.7182,1.0,1.2115,1.56266,52.836,11.1544,5.38,46.24872,0.9445,0.085546,2.6742000000000004,1.0791000000000002,0.0791,11.4372,32.8454,0.7427400000000001,0.83716,8.441799999999999,3.1214000000000004,32.3574,5.8964,14.2626,0.712,15.3866,2.3184,3.2386,14.859199999999998,2.4164000000000003,21.5114,16.7506,11.5688,1636.222578637436,1982.06005859,1.9516,1.8177999999999999,1.1245,1.6426999999999998,54.9722,11.0582,4.8054,42.83854,1.1245,0.097472,4.6356,1.78354,-0.03426,10.640999999999998,35.745999999999995,0.9400999999999999,1.16344,9.0582,2.3676,51.56,9.572600000000001,12.4026,0.8178,13.5946,3.0838,3.9032,15.5354,0.3382,20.2192,23.303,20.064,1728.648809132194,2,-246.50341796999987
2023-04-08_Mainz 05_Werder Bremen,2023-04-08,15:30,Bundesliga,Matchweek 27,Sat,2023,2.0,2.0,Mainz 05,Werder Bremen,Draw,1722.99084473,1,15.0,2.5902000000000003,0.7426,1.6056400000000002,1.3356400000000002,44.55720000000001,13.6408,6.3116,46.87688,1.6056400000000002,0.11803,3.4508,0.9328599999999999,0.19026,14.1284,30.0992,1.2391,1.0454800000000002,8.429799999999998,1.5735999999999999,36.902,8.3666,10.325,0.8088,18.948,4.936399999999999,3.9262,13.9854,2.9744,20.5352,27.7372,12.674399999999999,1671.9293615714578,1611.19189453,1.2244,2.445,1.0194,2.08954,50.249,9.346,3.1256,29.185899999999997,1.0194,0.103542,6.2508,1.63918,-0.44782,11.5276,27.0168,0.85192,0.9715,6.8976,2.1346,34.827,7.386,13.014,0.6862,20.099,4.1876,2.4488,12.142800000000001,1.2174,16.017599999999998,23.008200000000002,18.7524,1678.7335305419338,1,111.79895020000004
2023-04-08_Dortmund_Union Berlin,2023-04-08,15:30,Bundesliga,Matchweek 27,Sat,2023,2.0,1.0,Dortmund,Union Berlin,Home Win,1824.17724609,1,15.0,4.2268,1.3204,2.3669,1.4354,59.63099999999999,15.796000000000001,6.603999999999999,43.01034,2.19106,0.157604,5.275,1.3091000000000002,-0.011300000000000001,12.169599999999999,37.257000000000005,1.73844,1.4645000000000001,11.7636,1.3381999999999998,42.4836,8.764,13.4106,1.8418,17.0718,5.3302000000000005,7.8138000000000005,20.760199999999998,1.9348,29.065599999999996,27.4618,20.0144,1701.098873484464,1756.18347168,1.3162,1.2615999999999998,1.09586,1.5102200000000001,39.6612,7.022399999999999,1.9747999999999999,26.67754,0.74226,0.123694,5.0138,1.55134,0.28974,15.686800000000002,21.836599999999997,0.61796,0.63256,4.9914000000000005,1.3204,25.698999999999998,4.1622,12.661200000000001,0.4044,14.7318,4.3688,2.1142,7.6616,1.2024,11.3528,14.726600000000001,8.1158,1780.056873510986,0,67.99377441000001
2023-04-08_Eint Frankfurt_Leverkusen,2023-04-08,15:30,Bundesliga,Matchweek 27,Sat,2023,3.0,1.0,Leverkusen,Eint Frankfurt,Home Win,1772.73925781,1,15.0,2.0836,1.4134,1.85018,1.0748000000000002,55.1698,15.0106,5.4462,36.3374,1.19284,0.08087,3.8056,1.03192,-0.20348,13.690600000000002,32.28,1.0358999999999998,0.93304,11.990400000000001,1.7052,38.4434,7.014000000000001,15.634999999999998,1.4329999999999998,14.360000000000001,5.895,3.9694,19.547400000000003,2.6234,28.775599999999997,23.0032,21.4502,1754.633811693646,1740.17749023,0.7976,2.0178000000000003,1.09898,1.54126,50.6642,10.572,2.79,27.087940000000003,1.09898,0.094608,4.5534,1.54698,-0.47082,13.2286,26.739200000000004,0.8684799999999999,1.01646,8.466,2.2864,39.3632,6.1701999999999995,13.7674,1.3479999999999999,19.0564,6.558400000000001,1.1556,12.0496,1.8684000000000003,18.855800000000002,20.586599999999997,17.736,1794.8204636968421,0,32.56176757999992
2023-04-08_Augsburg_Koln,2023-04-08,15:30,Bundesliga,Matchweek 27,Sat,2023,1.0,3.0,Augsburg,Koln,Away Win,1611.73193359,1,15.0,1.2198,0.46399999999999997,0.826,1.21864,42.2986,10.770199999999999,3.758,36.880579999999995,0.826,0.078102,4.1876,0.9124000000000001,0.4484,16.982799999999997,21.7904,0.668,0.51126,7.445200000000001,1.084,25.278599999999997,5.0532,12.4638,0.4044,15.792000000000002,4.8806,2.022,10.240400000000001,2.0786000000000002,15.993200000000002,16.5032,12.8182,1662.472232055002,1631.98608398,0.4044,2.2188,0.869,1.65034,42.33739999999999,8.8064,3.0516,31.8245,0.869,0.11892,5.2552,1.88248,-0.33632,18.824,16.41,0.48722,0.41394,5.928999999999999,1.0794,29.661199999999997,5.244199999999999,9.641200000000001,0.1602,18.226599999999998,5.418,0.4044,8.7608,1.8155999999999999,14.3644,15.244599999999998,10.2044,1756.5741874508901,2,-20.254150390000177
2023-04-09_Gladbach_Wolfsburg,2023-04-09,15:30,Bundesliga,Matchweek 27,Sun,2023,2.0,0.0,Gladbach,Wolfsburg,Home Win,1679.33996582,1,15.0,1.4022000000000001,1.3646,1.9907,1.09938,55.460800000000006,16.076,5.9912,37.26298,1.9907,0.126024,4.2322,1.10632,-0.25828,12.117799999999999,30.1144,1.73764,1.41952,12.8736,0.9623999999999999,40.89540000000001,9.2934,14.741599999999998,2.9686,15.0072,5.4976,2.1182,18.3558,4.1846,28.1892,27.6494,19.0098,1743.679380419708,1728.57983398,1.6628,0.356,1.24468,1.09868,48.6862,8.8466,3.2828000000000004,38.91184,0.79846,0.07716200000000001,3.7868,0.67542,0.31942000000000004,16.4212,22.623,0.64034,0.8692,6.1218,1.178,32.54260000000001,7.5452,15.174800000000001,0.3758,16.3082,4.6954,3.1654,11.688400000000001,1.063,16.366999999999997,20.9758,15.689799999999998,1619.8999860112099,0,-49.239868160000015
2023-04-09_Hoffenheim_Schalke 04,2023-04-09,19:30,Bundesliga,Matchweek 27,Sun,2023,2.0,0.0,Hoffenheim,Schalke 04,Home Win,1619.28015137,1,19.0,1.4288,2.0898,1.69992,1.4574200000000002,48.2106,13.525000000000002,4.9602,37.42848,1.33362,0.097548,5.9608,1.76188,-0.32792,13.87,24.193400000000004,1.0148199999999998,1.3136800000000002,9.5578,1.9868000000000001,34.0992,7.4948,8.8158,0.3758,18.5082,7.253399999999999,2.6134000000000004,17.5064,3.2506,24.5074,22.0208,13.116,1707.902389258522,1574.93371582,0.6838,0.7248,1.11692,0.92506,48.909800000000004,13.3808,3.5846,26.847480000000004,0.9215599999999999,0.06753400000000001,3.5956,0.9798600000000001,0.25506,16.444399999999998,23.32,0.7278399999999999,1.06148,9.5474,4.159000000000001,32.584199999999996,9.468599999999999,13.7592,0.6022,27.1714,4.6664,0.9279999999999999,15.4308,4.4664,23.073000000000004,23.122999999999998,17.772,1692.5281393542198,0,44.346435550000024
2023-04-09_Bochum_Stuttgart,2023-04-09,17:30,Bundesliga,Matchweek 27,Sun,2023,2.0,3.0,Bochum,Stuttgart,Away Win,1603.86889648,1,17.0,1.6148,1.3514,1.5682000000000003,1.3901000000000001,47.486999999999995,11.107000000000001,4.6172,40.77772,1.5682000000000003,0.152086,4.8542,1.06452,-0.06707999999999997,16.7652,27.8524,1.25856,1.20852,8.6306,2.0572,28.8338,5.639799999999999,11.4034,1.2322,14.262,3.5848,2.8252,11.55,2.367,17.398200000000003,16.9162,9.8442,1698.76643100516,1594.42346191,0.7558,2.0244,1.41858,1.43074,54.0388,14.144200000000001,4.5922,32.60182,1.2904200000000001,0.088452,4.1584,1.4432399999999999,-0.33696000000000004,14.9164,29.4862,1.07304,0.9264000000000001,11.3242,1.8596,33.737,5.411,14.8406,1.2132,17.545199999999998,4.936,1.3514,16.474,3.5181999999999998,25.8808,18.5768,18.990000000000002,1739.331165551474,2,9.445434570000089
2023-04-14_Hertha BSC_Schalke 04,2023-04-14,20:30,Bundesliga,Matchweek 28,Fri,2023,5.0,2.0,Schalke 04,Hertha BSC,Home Win,1564.56726074,1,20.0,0.8351999999999999,1.37,1.3186600000000002,1.6157599999999999,44.4224,13.785400000000001,4.0089999999999995,31.12736,1.3186600000000002,0.104336,5.3012,1.3668,-0.0031999999999999945,12.9,21.1376,1.04328,1.2336,8.1968,3.6064,25.486,6.850599999999999,13.4994,1.1184,25.092,6.279,1.6703999999999999,13.1814,3.6148000000000002,21.946,20.0286,10.4536,1737.1620289053199,1582.58117676,0.8398,2.8874000000000004,1.21692,1.97844,42.9638,11.2976,3.7076,30.340220000000002,1.05868,0.096164,6.8031999999999995,2.32918,-0.55822,14.5774,16.9756,0.81426,0.84382,7.787999999999999,1.7744,24.1734,5.142,11.453600000000002,0.178,14.3524,3.7344,1.2156,12.8436,1.9868000000000001,19.1562,15.7786,10.976,1740.4823131362118,0,-18.013916020000124
2023-04-15_Bayern Munich_Hoffenheim,2023-04-15,15:30,Bundesliga,Matchweek 28,Sat,2023,1.0,1.0,Bayern Munich,Hoffenheim,Draw,1973.79003906,1,15.0,3.3634,1.308,2.7405999999999997,1.1444400000000001,61.7822,19.077399999999997,8.4954,44.91764,2.5982000000000003,0.140556,2.6338,1.35092,0.04291999999999999,11.889399999999998,44.657000000000004,2.1081,2.73922,16.201,2.954,59.391999999999996,15.6726,8.6622,3.3858,17.5174,7.391,5.1742,26.8194,2.0374000000000003,34.263999999999996,37.8692,26.6536,1734.88388793882,1623.76403809,1.0286,1.8606,0.89764,1.2865800000000003,48.258599999999994,10.424000000000001,2.2984,23.44822,0.89764,0.09412000000000001,4.781,1.4286,-0.43200000000000005,16.9018,23.601,0.74826,1.06582,7.5234,2.6274,30.435,9.6042,14.472999999999999,0.46399999999999997,14.9402,3.6374000000000004,1.897,12.328,1.7422,18.2546,19.9394,8.7386,1670.8376392830319,1,350.02600097000004
2023-04-15_Dortmund_Stuttgart,2023-04-15,15:30,Bundesliga,Matchweek 28,Sat,2023,3.0,3.0,Stuttgart,Dortmund,Draw,1601.27600098,1,15.0,0.9734,1.2,1.0823600000000002,1.02028,50.7474,14.080200000000001,4.0632,28.0597,1.0823600000000002,0.08106,3.697,1.02566,-0.17434,15.0902,31.3684,1.03638,0.9946800000000001,11.317400000000001,2.1216,43.2014,6.3304,13.818,0.5402,18.183999999999997,3.89,1.9468,18.082,1.4698,24.4914,19.5148,20.790399999999998,1757.487360887614,1826.03991699,1.8022,1.4163999999999999,1.85002,1.55206,55.079,15.704,6.5892,39.861720000000005,1.7035,0.11513,5.541399999999999,1.5680800000000001,0.39588,13.6248,34.1392,1.5318399999999999,1.15988,13.0732,2.418,45.4152,10.059000000000001,13.952,1.8834,15.968399999999999,5.8698,3.284,22.0332,1.3914,29.645400000000002,26.202399999999997,26.567999999999998,1731.51461027677,1,-224.76391601
2023-04-15_Augsburg_RB Leipzig,2023-04-15,15:30,Bundesliga,Matchweek 28,Sat,2023,3.0,2.0,RB Leipzig,Augsburg,Home Win,1797.66223145,1,15.0,1.5534,1.4466,1.34812,1.79304,61.70479999999999,11.1478,4.4768,39.4807,1.17228,0.10819200000000001,4.3347999999999995,1.8589,0.4123,9.4014,39.321,1.0544799999999999,1.21634,7.9056,1.7844,44.34139999999999,8.584999999999999,12.714599999999999,1.8662,13.5206,4.5606,2.6672000000000002,13.879,1.7058,19.3306,21.704600000000003,20.547,1721.285939403176,1595.81591797,1.486,2.9976,1.33426,2.2004400000000004,44.135,9.8198,2.6218,27.80704,0.88786,0.093838,6.0826,2.54216,-0.45543999999999996,14.139800000000001,21.971400000000003,0.7679,0.66154,7.924,1.25,25.0062,5.8629999999999995,14.1334,0.6617999999999999,18.5198,7.252600000000001,2.0858,12.287600000000001,2.712,18.2848,16.4918,10.8774,1763.654462720292,0,201.84631347999994
2023-04-15_Koln_Mainz 05,2023-04-15,15:30,Bundesliga,Matchweek 28,Sat,2023,1.0,1.0,Koln,Mainz 05,Draw,1642.01965332,1,15.0,0.534,0.8351999999999999,0.9771799999999999,1.01138,52.278999999999996,10.785400000000001,4.021,36.69934,0.9771799999999999,0.09582,2.4374000000000002,0.8976000000000001,0.06240000000000001,8.681799999999999,25.2502,0.8109999999999999,1.11722,7.9634,3.3282,39.1574,8.6974,13.675,0.7778,33.4736,8.197199999999999,0.8899999999999999,11.482199999999999,2.211,17.5486,23.692,14.4312,1719.088407616034,1715.39978027,1.884,1.1316,1.59024,1.41234,43.1946,12.014800000000001,4.4277999999999995,38.56552,1.16144,0.095632,4.3492,1.4576000000000002,0.32600000000000007,16.9356,20.615999999999996,0.78938,0.8922,8.2808,2.7478000000000002,26.4046,8.0014,12.8066,0.41759999999999997,17.625,5.4152,2.8574,13.933,2.704,21.5974,20.342799999999997,7.5,1719.7698009780343,1,-73.38012694999998
2023-04-15_Eint Frankfurt_Gladbach,2023-04-15,18:30,Bundesliga,Matchweek 28,Sat,2023,1.0,1.0,Eint Frankfurt,Gladbach,Draw,1729.45446777,1,18.0,1.8742,0.46399999999999997,1.9101000000000001,0.9523600000000001,56.0818,12.293800000000001,3.6422000000000008,29.69926,1.5723399999999996,0.131192,2.3644,0.7433,0.2793,9.365400000000001,36.2572,1.48794,1.59626,9.121599999999999,2.3108000000000004,46.5032,11.8338,11.2418,2.3714,26.5572,7.3584,3.1330000000000005,15.0874,3.0342000000000002,22.7822,32.2382,19.5558,1604.4757438975219,1687.07080078,0.8188,2.3228,1.19458,1.9721,52.23,7.9184,2.6586,33.39762,1.01874,0.12471,6.3124,2.13146,-0.07266000000000002,19.6102,21.5998,0.85702,0.7870600000000001,6.8004,1.7922,25.0346,4.3548,17.115,1.452,8.8172,2.3862,1.3172000000000001,9.3318,2.0766,14.452599999999999,12.248999999999999,13.557400000000001,1692.810336062236,1,42.383666990000165
2023-04-16_Leverkusen_Wolfsburg,2023-04-16,19:30,Bundesliga,Matchweek 28,Sun,2023,0.0,0.0,Wolfsburg,Leverkusen,Draw,1714.96643066,1,19.0,1.4242,2.2786,1.9922199999999999,1.16504,55.623999999999995,15.813399999999998,4.8835999999999995,32.95268,1.8212799999999998,0.108932,2.6763999999999997,1.1371,-0.8973000000000001,11.812399999999998,37.168800000000005,1.63402,1.5384600000000002,11.842600000000001,3.5542,51.14919999999999,10.238,14.5594,0.9978,18.9072,3.9048,2.8484,21.6796,1.495,28.6416,25.400400000000005,14.9932,1785.1597314681658,1777.57983398,2.1238,0.9756,1.65962,1.09128,52.259800000000006,15.032,5.4408,35.92502,1.65962,0.105122,4.7116,0.9832,0.007599999999999996,13.1626,22.5422,1.4823,1.3077400000000001,12.162400000000002,1.3804,39.418,7.1814,17.4454,3.2967999999999997,12.8964,4.058,4.2476,19.828400000000002,1.7957999999999998,27.2938,26.1374,22.278,1650.696486573072,1,-62.61340332000009
2023-04-16_Freiburg_Werder Bremen,2023-04-16,15:30,Bundesliga,Matchweek 28,Sun,2023,1.0,2.0,Werder Bremen,Freiburg,Away Win,1612.9005127,1,15.0,1.5976000000000001,1.664,1.31202,1.14446,51.959599999999995,11.2086,4.6154,41.75022,1.02404,0.086936,3.8677999999999995,1.2242,-0.43979999999999997,11.7392,28.226999999999997,0.90004,1.28554,8.988399999999999,3.137,37.2848,9.883799999999999,13.8518,0.7558,16.1248,1.9338,2.6174,18.0634,1.2322,21.449199999999998,21.186,12.0282,1706.4562941910558,1728.93505859,0.8178,2.0954,1.1787,1.62156,45.58,10.7126,3.5636,35.233959999999996,1.1787,0.100832,6.251399999999999,1.6595199999999999,-0.43588000000000005,14.8592,20.3512,0.83306,0.8563200000000001,6.8994,1.6816,23.325,6.3032,14.7208,0.9954000000000001,15.612000000000002,4.11,1.2796,12.7188,2.0354,18.3396,18.3238,9.156400000000001,1712.476356371832,2,-116.03454588999989
2023-04-16_Bochum_Union Berlin,2023-04-16,17:30,Bundesliga,Matchweek 28,Sun,2023,1.0,1.0,Union Berlin,Bochum,Draw,1748.43823242,1,17.0,1.4926,0.1602,1.18504,1.58818,45.7242,11.174000000000001,3.6288,33.25862,1.18504,0.10674,4.5786,1.13564,0.97544,17.059199999999997,28.2986,0.9225,1.02968,7.1502,4.3948,32.8988,8.4174,13.745199999999999,1.0642,24.7106,4.25,2.0572,13.779,1.0882,18.939799999999998,20.641,11.8388,1655.499838059434,1591.13391113,1.0042,2.1726,0.9689400000000001,2.1432599999999997,38.5354,8.5014,1.9445999999999999,22.1304,0.7931000000000001,0.096084,7.008400000000001,2.1656400000000002,-0.006960000000000022,22.7224,19.4466,0.40703999999999996,0.52462,4.3424,1.3116,26.101200000000002,4.4517999999999995,14.465,0.2442,11.7338,1.5626,1.7642,8.3454,1.8046000000000002,14.417,18.8168,10.508399999999998,1743.8048259767602,1,157.3043212900002
2023-04-21_Augsburg_Stuttgart,2023-04-21,20:30,Bundesliga,Matchweek 29,Fri,2023,1.0,1.0,Augsburg,Stuttgart,Draw,1592.40771484,1,20.0,1.1978,1.1502,0.80896,1.46864,44.6666,10.849,3.0496,30.94856,0.80896,0.07729000000000001,4.945600000000001,1.42722,0.27702000000000004,17.5056,19.2368,0.62234,0.5113,6.6238,1.464,24.785600000000002,5.3362,13.982600000000001,0.7081999999999999,17.9666,5.4252,1.7756,9.2512,1.7824,15.084599999999998,17.8296,11.394400000000001,1645.4461593240121,1604.70239258,1.2686000000000002,2.022,1.56886,1.72956,52.9906,14.8066,5.409800000000001,36.8091,1.56886,0.104702,4.3868,1.7885,-0.013700000000000018,15.7898,28.837600000000002,1.3388,0.92936,11.336,2.5062,34.3284,5.7582,14.7006,0.6594,18.1672,4.553999999999999,2.5372000000000003,17.2476,3.1780000000000004,27.2022,20.1166,20.043999999999997,1690.0896576152782,1,-12.294677739999997
2023-04-22_Dortmund_Eint Frankfurt,2023-04-22,18:30,Bundesliga,Matchweek 29,Sat,2023,4.0,0.0,Dortmund,Eint Frankfurt,Home Win,1824.28967285,1,18.0,3.7157999999999998,1.0,2.347,1.1688200000000002,59.2476,13.9864,6.1112,43.67604,2.18876,0.16993999999999998,4.659,1.1284,0.12840000000000001,11.852599999999999,38.973600000000005,1.70696,1.5913399999999998,9.857199999999999,1.6486,41.1824,8.5994,14.2902,1.8576,17.1764,5.7414,6.8557999999999995,18.5218,1.8530000000000002,25.931600000000003,25.297600000000003,21.8786,1726.54782248357,1729.13708496,0.8178,2.4044,1.12238,1.6692200000000001,54.7586,10.5592,2.8552,27.99712,1.12238,0.10047400000000001,5.5748,1.91622,-0.48818000000000006,10.575600000000001,29.0838,0.8905,1.1602000000000001,8.0754,2.6462,42.6108,6.4416,13.535,1.2132,19.772000000000002,6.2584,1.24,12.3334,1.8816,18.6148,20.5166,17.130200000000002,1759.448832885494,0,95.15258788999995
2023-04-22_Bayern Munich_Mainz 05,2023-04-22,15:30,Bundesliga,Matchweek 29,Sat,2023,3.0,1.0,Mainz 05,Bayern Munich,Home Win,1717.69384766,1,15.0,2.0986000000000002,0.8684000000000001,1.60624,1.20558,46.499399999999994,14.165,7.113,50.2418,1.60624,0.113902,3.5058,0.9063400000000001,0.03794,14.160000000000002,30.321600000000004,1.06542,1.1430200000000001,8.5868,2.7372,41.3276,10.283399999999999,13.3228,0.4396,21.3392,4.2542,2.7684,15.696,2.6328000000000005,22.1908,29.660799999999995,11.5416,1664.897698729662,1965.71252441,1.8564,1.4918,1.7657800000000001,1.62168,57.22879999999999,14.3152,5.99,43.31948,1.7657800000000001,0.112376,4.2278,1.57866,0.08685999999999997,11.3536,39.8346,1.5798199999999998,1.6399,11.826799999999999,2.7192,56.632,13.122399999999999,11.3532,1.7128,15.4328,3.9522000000000004,3.7128,19.133,0.8928,24.9694,30.098400000000005,19.5576,1714.036019432988,0,-248.01867674999994
2023-04-22_Bochum_Wolfsburg,2023-04-22,15:30,Bundesliga,Matchweek 29,Sat,2023,1.0,5.0,Bochum,Wolfsburg,Away Win,1599.35681152,1,15.0,1.5091999999999999,1.8046000000000002,1.76674,1.65854,49.102999999999994,11.2404,4.6996,41.26216,1.57138,0.14799400000000001,5.7898,1.74066,0.13386000000000003,16.456,31.1624,1.35038,1.32416,9.3442,2.1956,33.6222,6.2524,9.9978,0.6764,16.465799999999998,4.791399999999999,2.7986,12.5276,2.9628,19.0676,18.233800000000002,10.636600000000001,1683.9865106186758,1717.47705078,0.7756000000000001,0.8088,1.03952,1.32182,49.129400000000004,8.097000000000001,2.5778000000000003,34.4968,0.73888,0.083006,4.5847999999999995,1.01858,0.20978000000000002,15.8788,26.5242,0.65866,0.91788,5.633,1.8928,37.5286,9.056000000000001,14.480599999999999,0.5824,18.6872,5.6028,1.5512000000000001,11.387,0.8684000000000001,14.800199999999998,22.6554,16.8978,1633.74103007865,2,-118.12023925999983
2023-04-22_Hertha BSC_Werder Bremen,2023-04-22,15:30,Bundesliga,Matchweek 29,Sat,2023,2.0,4.0,Hertha BSC,Werder Bremen,Away Win,1573.26135254,1,15.0,1.3274,0.9623999999999999,1.1845800000000002,0.9464,39.8662,11.688,2.6896000000000004,23.20516,0.86634,0.068636,3.337,0.84212,-0.12028000000000001,12.401800000000001,14.3104,0.59932,0.6208999999999999,6.8238,1.1602000000000001,22.029000000000003,3.9922,15.9646,0.4222,18.0906,3.9058,2.2371999999999996,11.5892,2.38,18.881,17.194200000000002,10.4026,1726.5267430653842,1608.92102051,1.4462,1.6796,1.09396,1.91204,49.9794,9.888,3.5014000000000003,31.342640000000003,1.09396,0.108956,7.058400000000001,1.40578,-0.09582000000000002,14.982,27.535800000000002,0.79672,0.83784,6.2194,1.877,35.409,6.4148000000000005,13.445,0.6175999999999999,19.3564,3.9688000000000003,2.8924,12.261,1.6840000000000002,17.1692,20.6654,18.8096,1693.7736580812561,2,-35.6596679700001
2023-04-22_Hoffenheim_Koln,2023-04-22,15:30,Bundesliga,Matchweek 29,Sat,2023,1.0,3.0,Hoffenheim,Koln,Away Win,1634.67077637,1,15.0,1.486,1.5924,1.77882,1.36722,47.557,13.4284,4.3316,33.14332,1.25376,0.09346800000000001,5.5203999999999995,1.5215,-0.07089999999999994,16.069,27.4368,0.96008,1.1148799999999999,9.8462,1.5997999999999999,34.2006,7.7896,9.8552,1.0708,18.1248,7.8606,2.2638,16.779,3.3255999999999997,24.6568,22.5306,11.939,1687.1279391602682,1644.94580078,0.9524,2.097,1.0819,1.47884,46.2636,10.1792,4.0674,37.1492,1.0819,0.10717199999999999,3.9646,1.61336,-0.48363999999999996,17.788,20.3968,0.7527,0.6755800000000001,7.2454,1.7040000000000002,32.3902,6.140599999999999,9.577,0.2442,18.969,4.5436000000000005,1.4408,12.035800000000002,1.7339999999999998,17.523200000000003,16.7736,11.4934,1684.5271830561019,2,-10.275024409999787
2023-04-23_Leverkusen_RB Leipzig,2023-04-23,17:30,Bundesliga,Matchweek 29,Sun,2023,2.0,0.0,Leverkusen,RB Leipzig,Home Win,1790.71362305,1,17.0,2.3194,1.5162,1.9328400000000001,1.08614,52.0776,15.486,6.6666,44.07926,1.45656,0.09643399999999999,3.7692,1.0907799999999999,-0.26522,13.2448,30.230400000000003,1.2909000000000002,0.96854,12.567800000000002,1.3904,37.122,6.624,14.6504,2.0222,13.091,5.3612,4.4608,19.2806,2.1726,29.018400000000003,22.425800000000002,21.937399999999997,1772.2633734362162,1802.74658203,0.976,0.6154,2.0614600000000003,0.765,61.785,16.563200000000002,5.245,30.97962,2.0614600000000003,0.1377,1.6332,0.38264,-0.23276,11.0714,44.038399999999996,1.5922800000000001,1.7766000000000002,13.624,2.629,43.824600000000004,11.6068,11.0834,2.7536,15.2982,4.7524,1.5297999999999998,21.1856,2.6006,29.5606,25.9722,18.4528,1682.364717896094,0,-12.032958979999876
2023-04-23_Gladbach_Union Berlin,2023-04-23,19:30,Bundesliga,Matchweek 29,Sun,2023,0.0,1.0,Gladbach,Union Berlin,Away Win,1692.60852051,1,19.0,1.462,0.7956,2.03816,1.06738,51.863600000000005,15.4802,5.7038,37.1332,2.03816,0.135072,3.4321999999999995,1.0692000000000002,0.27360000000000007,16.2342,28.837799999999998,1.8248199999999999,1.58292,12.5422,1.0662,34.9916,8.8314,13.890600000000001,2.7718000000000003,13.6972,5.8804,2.3064,18.2646,4.2662,27.238,27.240199999999998,17.2114,1737.919635253096,1745.43566895,1.1404,1.4796,0.9497599999999999,1.9075600000000001,38.674400000000006,6.731999999999999,1.5448,22.97688,0.63152,0.10966999999999999,5.4008,2.01342,0.53382,15.529800000000002,23.5626,0.59174,0.62606,5.0924000000000005,1.4884,24.8202,5.0786,11.6182,0.2198,13.249400000000001,2.9226,2.1028000000000002,7.7074,0.938,10.9854,12.856200000000001,7.5716,1810.1208748282702,2,-52.827148439999974
2023-04-23_Freiburg_Schalke 04,2023-04-23,15:30,Bundesliga,Matchweek 29,Sun,2023,4.0,0.0,Freiburg,Schalke 04,Home Win,1738.13476562,1,15.0,1.1138,1.0,1.08944,2.0159599999999998,49.222,10.462399999999999,4.0328,37.23652,0.84914,0.082666,3.7836,1.2633200000000002,0.26331999999999994,11.461,30.796,0.52546,0.67928,7.2326,2.4768000000000003,30.236,5.2302,14.957,0.6408,14.615600000000002,2.1424,2.0496,12.9876,2.2748,20.0072,15.566400000000002,9.7144,1723.7104911606,1579.10742188,0.6154,0.7081999999999999,0.9166599999999999,1.1967400000000001,48.986799999999995,11.9894,3.382,27.78676,0.7408199999999999,0.063456,3.7802,0.8388800000000001,0.37488,17.109,22.5678,0.6529799999999999,1.0465,9.5928,4.631600000000001,31.129199999999997,9.7104,13.838999999999999,0.3978,26.954800000000002,5.5766,0.8351999999999999,15.0996,4.4198,21.4242,22.866799999999998,16.3742,1661.1881635009,0,159.0273437400001
2023-04-28_Bochum_Dortmund,2023-04-28,20:30,Bundesliga,Matchweek 30,Fri,2023,1.0,1.0,Bochum,Dortmund,Draw,1586.24084473,1,20.0,0.8815999999999999,2.5568,1.8357,2.2420400000000003,50.99059999999999,13.670200000000001,4.253,34.22878,1.6598600000000001,0.140426,6.343399999999999,2.12738,-0.25142,14.401,29.937,1.2500200000000001,1.48828,10.198400000000001,2.6643999999999997,32.6836,6.3271999999999995,8.544400000000001,0.3204,19.894,5.8892,1.3212,15.073,4.1876,24.057000000000002,21.597,9.608,1696.027787644882,1832.44128418,2.0662000000000003,2.0074,1.97476,1.49362,57.1452,16.930799999999998,7.1068,40.84134,1.8428799999999999,0.111292,5.3432,1.54574,-0.24186000000000002,13.9622,34.746,1.5663,1.3969200000000002,13.2422,2.5204,50.611000000000004,12.627600000000001,12.4916,1.9391999999999998,16.6484,6.4152000000000005,3.644,22.006,1.2522,30.810200000000002,28.6888,26.5874,1694.6568907705682,1,-246.20043944999998
2023-04-29_Leverkusen_Union Berlin,2023-04-29,15:30,Bundesliga,Matchweek 30,Sat,2023,0.0,0.0,Union Berlin,Leverkusen,Draw,1753.81750488,1,15.0,1.2992,0.2442,1.20098,1.6814600000000002,43.5656,10.912400000000002,3.1776,29.56854,1.20098,0.110952,4.865,1.1865,0.9423,17.4856,24.273200000000003,0.9691000000000001,1.06114,7.5236,3.4344,28.9692,7.110600000000001,12.249600000000001,0.9578,22.2974,4.325,1.7631999999999999,13.701200000000002,1.8119999999999998,19.378400000000003,20.276799999999998,10.4456,1635.2076447733639,1800.0222168,1.9114000000000002,0.7338,1.70018,1.07214,52.4456,15.317200000000001,5.2968,34.411699999999996,1.70018,0.106936,4.252,0.9160200000000001,0.18222,12.5466,21.8464,1.56944,1.57444,13.0672,1.3424,38.025400000000005,7.075,16.08,3.9998000000000005,14.7604,4.729,3.8228000000000004,21.010800000000003,1.9604,28.518,25.6354,23.627200000000002,1670.9052279537,1,-46.204711920000136
2023-04-29_Gladbach_Stuttgart,2023-04-29,15:30,Bundesliga,Matchweek 30,Sat,2023,2.0,1.0,Stuttgart,Gladbach,Home Win,1609.68603516,1,15.0,1.4644,1.6684,1.08528,1.15592,48.242799999999995,13.295399999999999,4.301,31.83128,1.08528,0.084954,4.5040000000000004,1.30172,-0.36668,15.6136,30.511000000000003,0.98064,0.9475200000000001,10.753,2.642,41.0512,8.195,13.4036,0.1978,19.231,4.2894000000000005,2.9288,18.7064,1.2786,24.298,21.3284,19.390600000000003,1784.710325828772,1684.22680664,0.4044,2.1904000000000003,1.12302,2.05254,49.953399999999995,6.8056,2.1602,34.25084,0.96478,0.158102,6.325200000000001,2.09706,0.013460000000000014,21.5474,19.3858,0.8236600000000001,0.7706999999999999,5.9878,1.613,22.2006,3.731,15.950199999999999,1.1184,8.203000000000001,2.2034000000000002,0.8088,8.566,1.4364,12.3096,11.8916,12.769,1704.80716040177,0,-74.54077147999988
2023-04-29_Augsburg_Eint Frankfurt,2023-04-29,15:30,Bundesliga,Matchweek 30,Sat,2023,1.0,1.0,Eint Frankfurt,Augsburg,Draw,1720.98547363,1,15.0,1.4984,0.6617999999999999,2.08332,0.89064,58.681200000000004,13.241399999999999,4.0664,30.76756,1.7793200000000002,0.13784000000000002,2.0396,0.62922,-0.03258,7.0102,41.469,1.5956800000000002,1.61548,9.698,3.1566,53.644400000000005,13.4484,9.996599999999999,2.2342,31.251,8.3438,2.443,16.4,3.3192,24.7022,35.310599999999994,22.3868,1630.8604667725938,1594.51220703,1.6816,2.9978000000000002,1.12662,2.1748600000000002,42.191,9.749400000000001,2.4154,26.01874,0.84022,0.089012,5.641800000000001,2.2760599999999998,-0.72174,13.2376,18.4906,0.71226,0.65656,7.399000000000001,1.325,23.643,5.4558,13.8758,1.3282,18.9678,6.739,2.3214,11.882000000000001,2.1524,18.023600000000002,15.300799999999999,11.822199999999999,1771.682071534226,1,126.47326659999999
2023-04-29_Freiburg_Koln,2023-04-29,15:30,Bundesliga,Matchweek 30,Sat,2023,0.0,1.0,Koln,Freiburg,Away Win,1658.05981445,1,15.0,0.7248,0.9958,1.0083,0.91814,53.648399999999995,11.095199999999998,4.5956,41.91744,1.0083,0.095238,2.1494,0.84454,-0.15126,10.5114,26.445999999999998,0.75106,1.12432,8.0112,2.9512,37.588,8.139199999999999,14.2516,0.5558000000000001,31.4492,7.388999999999999,1.2894,11.9224,2.334,18.1704,23.6226,16.3298,1698.7802381823021,1744.35974121,1.2244,1.265,1.15524,1.48522,46.4546,10.0528,3.7956,40.58598,1.15524,0.106076,5.4054,1.4329,0.16789999999999997,15.6826,22.958199999999998,0.73648,0.72974,6.321,1.8576,26.923,6.1286,14.837200000000001,0.7516,15.9834,3.4663999999999997,2.1284,12.2584,1.9317999999999997,17.617,17.7588,9.529,1685.656414576486,2,-86.29992676000006
2023-04-29_Schalke 04_Werder Bremen,2023-04-29,18:30,Bundesliga,Matchweek 30,Sat,2023,2.0,1.0,Schalke 04,Werder Bremen,Home Win,1572.88232422,1,18.0,1.9726000000000001,1.7214,1.55098,1.80164,44.6482,13.374400000000001,4.784800000000001,36.78818,1.55098,0.12287799999999999,5.992,1.59644,-0.14937999999999996,14.0866,19.0382,1.28314,1.26466,7.9887999999999995,3.2574,22.1426,6.477200000000001,14.8264,0.9623999999999999,21.4878,6.3512,3.701,12.354,3.0208,20.798,16.5306,10.5408,1708.625350610274,1621.26062012,1.9899999999999998,2.0,1.40082,1.92408,50.158,10.7758,3.6954,30.92798,1.40082,0.128478,6.852600000000001,1.6870800000000004,-0.15272,11.833,25.5284,1.06446,1.16032,7.5624,1.7892000000000001,34.0674,6.273,13.633000000000001,1.0442,18.532,3.9718,3.4916,13.2114,1.6156,18.6172,23.549400000000002,18.3724,1673.896554785972,0,-48.37829590000001
2023-04-29_Hoffenheim_RB Leipzig,2023-04-29,15:30,Bundesliga,Matchweek 30,Sat,2023,1.0,0.0,RB Leipzig,Hoffenheim,Home Win,1793.43786621,1,15.0,1.8422,1.6461999999999999,1.5086199999999999,1.53958,61.91120000000001,11.521400000000002,4.9174,41.97370000000001,1.35038,0.11958,3.813,1.53558,-0.11062,10.494,38.056200000000004,1.25878,1.19026,8.403400000000001,1.6618,43.551,7.982,13.852599999999999,3.8332,12.7802,4.4044,3.2888,14.135200000000001,1.8794,20.0742,20.212600000000002,19.647799999999997,1703.835542333416,1621.5567627,0.8815999999999999,1.1978,0.77578,1.15934,43.9488,9.060400000000001,1.736,20.80674,0.77578,0.09715199999999999,4.8146,1.4536799999999999,0.25587999999999994,19.742,24.5942,0.66018,1.09808,6.25,2.853,29.359,8.278599999999999,12.5722,0.41759999999999997,14.858,3.3853999999999997,1.7631999999999999,11.5066,0.9912000000000001,16.0752,17.703599999999998,8.720600000000001,1754.394100194796,0,171.88110351
2023-04-30_Bayern Munich_Hertha BSC,2023-04-30,15:30,Bundesliga,Matchweek 30,Sun,2023,2.0,0.0,Bayern Munich,Hertha BSC,Home Win,1947.91955566,1,15.0,3.1270000000000002,1.2772,2.6265,1.04114,62.0594,20.523,8.878400000000001,44.16706,2.49834,0.128732,2.4704,1.1448999999999998,-0.13229999999999997,12.5332,40.342,2.10492,2.60756,18.022599999999997,3.5911999999999997,61.084799999999994,17.3588,9.905199999999999,3.1472,20.64,8.817,4.6124,29.555799999999998,2.1778,36.7558,40.6886,30.171800000000005,1699.846698731026,1560.92175293,1.2442,3.3870000000000005,1.35618,2.0005800000000002,45.153400000000005,10.6912,4.2694,36.49886,1.21378,0.11208599999999999,7.0112000000000005,2.2485600000000003,-1.1384400000000001,14.275599999999999,16.9778,0.75402,0.76178,6.7442,1.4527999999999999,24.832600000000003,4.9277999999999995,11.8082,0.1602,17.335800000000003,5.1702,2.0707999999999998,12.471000000000002,1.8439999999999999,17.7872,18.2104,12.0994,1689.35343730541,0,386.9978027300001
2023-04-30_Mainz 05_Wolfsburg,2023-04-30,17:30,Bundesliga,Matchweek 30,Sun,2023,3.0,0.0,Wolfsburg,Mainz 05,Home Win,1730.59301758,1,17.0,0.9934,1.474,1.69558,1.26946,53.064,13.746199999999998,4.4068,33.04984,1.54172,0.103154,2.8088,1.04012,-0.21408000000000005,12.7078,35.510999999999996,1.4164400000000001,1.26276,10.9376,3.1104,46.1302,8.084,16.157,0.998,15.133,2.9934,1.9868,20.346799999999998,1.0572,25.370800000000003,21.4324,16.547800000000002,1752.87166335247,1735.48681641,1.7956,1.1184,1.42474,1.28456,43.86319999999999,10.3042,4.085,38.39492,1.15418,0.11649000000000001,4.3142,1.2853,0.1669,18.095399999999998,22.5404,0.86256,0.98948,7.5644,2.9172000000000002,29.627,8.578,12.193399999999999,0.3758,17.5622,4.885199999999999,2.7716,12.1304,2.5336000000000003,18.4634,20.0968,6.917400000000001,1714.200205640446,0,-4.893798830000151
2023-05-05_Koln_Leverkusen,2023-05-05,20:30,Bundesliga,Matchweek 31,Fri,2023,1.0,2.0,Leverkusen,Koln,Away Win,1800.52954102,1,20.0,2.5757999999999996,1.0762,1.76304,1.31172,46.364799999999995,12.3746,5.8674,47.75728,1.1390599999999997,0.089908,4.3248,1.10054,0.02434,15.2182,24.237399999999997,1.03322,0.80076,10.0808,1.063,31.4606,6.073199999999999,12.6994,1.5316,10.507399999999999,3.6713999999999998,4.9914,16.4338,1.2344000000000002,23.956000000000003,18.9204,20.366799999999998,1775.1307553453541,1650.60217285,1.5897999999999999,2.1314,1.34558,1.37766,46.237399999999994,11.2264,4.881600000000001,43.616800000000005,1.15022,0.10877999999999999,4.2564,1.5363600000000002,-0.59504,16.4558,21.410800000000002,0.8583799999999999,0.78014,8.286000000000001,2.022,35.4904,6.2265999999999995,9.431,0.2198,18.139400000000002,4.300800000000001,2.2736,13.7742,1.4164,18.968600000000002,17.729,13.686,1691.59929277409,2,149.9273681699999
2023-05-05_Mainz 05_Schalke 04,2023-05-05,20:30,Bundesliga,Matchweek 31,Fri,2023,2.0,3.0,Mainz 05,Schalke 04,Away Win,1724.34802246,1,20.0,2.1888,0.8815999999999999,1.4903,1.3327,40.9888,13.516,6.5134,47.581779999999995,1.4903,0.11363000000000001,3.211,0.9945600000000001,0.11296000000000002,12.558,26.049599999999998,0.8414400000000001,0.93454,7.9956,2.4194000000000004,38.2088,8.978399999999999,13.078999999999999,0.3956,20.461000000000002,3.7402,3.1357999999999997,15.2824,2.5694,21.8718,26.9528,10.177999999999999,1743.460338156966,1580.36523438,0.5538,1.6141999999999999,0.75404,1.4313000000000002,50.885999999999996,10.2486,3.0554,29.34714,0.5958,0.059668,5.755800000000001,1.39108,-0.0033199999999999896,17.2422,23.8084,0.5355800000000001,0.93858,7.98,4.2242,30.9602,8.5624,13.843399999999999,0.6022,26.0706,5.519,0.7516,14.080400000000001,3.6452,18.9632,20.770599999999998,15.904,1670.690173655306,2,143.9827880800001
2023-05-06_Bayern Munich_Werder Bremen,2023-05-06,18:30,Bundesliga,Matchweek 31,Sat,2023,1.0,2.0,Werder Bremen,Bayern Munich,Away Win,1613.77783203,1,18.0,1.3936,1.8418,1.27872,1.12444,52.7728,11.3878,4.798,42.534819999999996,1.12048,0.09412600000000002,3.781,1.23062,-0.6111800000000001,10.412,31.7114,1.00888,1.2393399999999999,9.2896,3.3676,39.6866,11.4606,14.3992,0.536,16.4008,2.673,2.4114,18.4572,0.6764,21.271800000000002,22.0446,13.0466,1703.7991101317318,1949.08325195,1.3381999999999998,1.7868,1.9811,1.533,62.655,14.2722,5.302600000000001,37.02916,1.9811,0.13644199999999998,4.0608,1.76614,-0.020659999999999984,9.7324,45.6212,1.8037400000000001,1.82896,11.8326,2.5472,59.929199999999994,13.975399999999999,11.9622,2.6184000000000003,16.943,4.6896,2.6763999999999997,19.4966,0.9036,25.1494,32.64,23.7972,1709.31533476559,2,-335.3054199200001
2023-05-06_Bochum_Gladbach,2023-05-06,15:30,Bundesliga,Matchweek 31,Sat,2023,2.0,0.0,Gladbach,Bochum,Home Win,1675.97583008,1,15.0,1.3158,0.9601999999999999,1.8466200000000002,1.13392,54.0306,13.2902,5.533399999999999,42.428580000000004,1.8466200000000002,0.132446,2.8564,1.0423,0.08209999999999998,15.045799999999998,33.482,1.69788,1.68998,11.2228,2.2806,41.318,9.2808,13.424800000000001,2.7386,15.692800000000002,4.4830000000000005,2.0758,16.9288,3.5070000000000006,24.095399999999998,25.495,20.2088,1766.4405237307938,1591.05908203,0.8595999999999999,1.4786000000000001,1.09532,1.9192200000000001,40.9704,8.663,2.3944,25.46924,0.7417199999999999,0.09159400000000001,5.7866,1.4956,0.01699999999999998,21.894399999999997,21.1462,0.46518,0.6542600000000001,5.2408,2.3572,28.6442,5.9276,13.4534,0.2198,13.913799999999998,2.8274,1.4994,10.176,2.0684,15.7638,20.5002,10.5692,1753.4617524655403,0,84.91674805000002
2023-05-06_Hertha BSC_Stuttgart,2023-05-06,15:30,Bundesliga,Matchweek 31,Sat,2023,2.0,1.0,Hertha BSC,Stuttgart,Home Win,1559.75805664,1,15.0,1.683,1.5546,1.3847200000000002,1.196,41.568,12.2518,2.9648000000000003,24.07964,0.90296,0.06921400000000001,3.5476,1.18982,-0.36478,12.017199999999999,17.2098,0.5938,0.61998,7.7182,1.0,22.838,4.293,15.135399999999999,0.6242,16.7722,5.0362,2.9902,13.6282,1.9536,20.5024,16.798,9.353200000000001,1693.606582860672,1617.93701172,1.2418,1.7756,1.52198,1.43918,56.0542,12.8724,5.168799999999999,40.72008,1.52198,0.132978,3.4714,1.34246,-0.23534,15.1664,27.5886,1.29934,0.9941,9.837200000000001,2.1113999999999997,35.9608,6.515,15.1188,0.8376,17.218,4.3986,2.2394000000000003,14.3484,2.916,23.475,20.105,18.907,1656.2674135224859,0,-58.17895508000015
2023-05-06_Eint Frankfurt_Hoffenheim,2023-05-06,15:30,Bundesliga,Matchweek 31,Sat,2023,3.0,1.0,Hoffenheim,Eint Frankfurt,Home Win,1618.74743652,1,15.0,1.4374,1.589,1.56116,1.40048,48.63399999999999,12.853,4.2984,34.11034,1.0886200000000001,0.086354,5.7124,1.454,-0.135,15.4062,29.2028,0.84314,1.0801399999999999,9.473199999999999,1.884,37.355399999999996,8.6874,10.4582,1.0638,18.1682,6.986000000000001,2.2374,15.736,3.0488,23.2818,20.78,12.589399999999998,1672.042763794056,1715.99694824,0.736,2.7082,1.1133600000000001,1.5978800000000002,52.05239999999999,10.8356,2.9137999999999997,28.210359999999998,1.1133600000000001,0.09642600000000001,6.15,1.9923000000000002,-0.7159,10.7736,30.7848,0.89468,1.20184,8.6444,2.1932,42.9262,6.2532000000000005,12.5604,1.336,17.3968,4.823200000000001,1.116,12.776599999999998,1.7933999999999999,19.218,20.753,14.7192,1787.4733693836201,0,-97.24951171999987
2023-05-06_Augsburg_Union Berlin,2023-05-06,15:30,Bundesliga,Matchweek 31,Sat,2023,1.0,0.0,Augsburg,Union Berlin,Home Win,1599.50073242,1,15.0,1.178,1.2794,0.76924,1.50384,43.5676,9.299000000000001,2.2678000000000003,26.748079999999998,0.76924,0.09809800000000002,4.6068,1.53868,0.25928,16.698600000000003,15.5176,0.6057,0.54902,5.828799999999999,1.6618,21.4562,4.57,14.217,0.6374,18.391000000000002,4.838400000000001,1.798,8.926,1.3158,13.555200000000001,15.504999999999999,11.299200000000003,1619.055595164034,1753.31018066,0.9822,1.3316,1.02804,1.8155999999999999,37.1652,8.224,1.4462,18.25494,0.7416400000000001,0.101494,5.4048,1.84204,0.51044,16.4094,25.26,0.68142,0.63788,6.4042,1.4396,27.4568,5.2592,10.8796,0.442,13.4244,2.8302,1.8042,9.7786,1.0442,14.305600000000002,13.1146,10.1006,1811.5451369380817,0,-153.80944823999994
2023-05-06_Freiburg_RB Leipzig,2023-05-06,15:30,Bundesliga,Matchweek 31,Sat,2023,0.0,1.0,Freiburg,RB Leipzig,Away Win,1751.81738281,1,15.0,1.6907999999999999,0.7558,1.2049400000000001,1.72904,47.6456,14.7558,6.1272,38.60832,1.2049400000000001,0.083842,3.7054,1.3135200000000002,0.55772,12.924399999999999,26.7322,0.79152,0.7357800000000001,10.628,2.9174,26.6286,5.7514,14.461,0.2442,16.5516,2.8166,2.9772,17.328400000000002,4.345000000000001,27.0322,18.9844,12.1966,1704.1664618156378,1796.24731445,0.8784000000000001,1.0422,2.13182,0.8417400000000002,64.381,20.2464,5.6530000000000005,28.446099999999998,2.13182,0.117512,2.4466,0.6617999999999999,-0.38039999999999996,8.4898,44.964200000000005,1.5874599999999999,1.791,15.8918,2.6102,48.0024,11.334399999999999,10.1984,2.2898,18.6194,6.3306000000000004,1.3768,23.585600000000003,3.8056,34.7416,28.670199999999998,18.784200000000002,1710.398130933232,2,-44.42993163999995
2023-05-07_Dortmund_Wolfsburg,2023-05-07,17:30,Bundesliga,Matchweek 31,Sun,2023,6.0,0.0,Dortmund,Wolfsburg,Home Win,1827.6229248,1,17.0,3.6,0.7558,2.10694,1.14072,55.795399999999994,12.2578,5.7676,45.9664,1.96454,0.162386,4.2488,0.96786,0.21206,11.743599999999999,34.483399999999996,1.5541800000000001,1.4168800000000001,8.329799999999999,1.6838,38.2042,8.5512,14.505399999999998,1.6718,16.0614,4.3698,6.6818,15.286200000000001,1.9678,22.5226,21.031,18.5958,1720.983740134436,1741.73181152,1.7748,0.6838,1.7137600000000002,1.50736,46.986599999999996,9.4084,3.5968,38.45446,1.1989999999999998,0.10957,4.8706,1.2421200000000001,0.55832,19.642,24.230200000000004,0.92144,1.09264,6.2581999999999995,1.9036,32.9482,8.6622,13.755799999999999,1.3568,15.167599999999998,4.91,2.817,12.181000000000001,0.8815999999999999,16.2414,22.5136,16.5198,1625.803891845156,0,85.8911132799999
2023-05-12_Hertha BSC_Koln,2023-05-12,20:30,Bundesliga,Matchweek 32,Fri,2023,5.0,2.0,Koln,Hertha BSC,Home Win,1663.72558594,1,20.0,0.2198,1.1404,1.12516,1.17376,56.001999999999995,13.471800000000002,4.536,35.6683,1.12516,0.083622,3.2554,1.1607800000000001,0.02038000000000001,10.1838,28.8318,0.8348,1.20514,9.7636,3.4444,41.4686,10.3112,12.6614,1.577,35.764,8.415,0.4396,15.825600000000001,2.789,22.5372,25.9464,16.2528,1695.091537425952,1567.6817627,0.9756,2.96,1.08636,2.09938,39.4656,7.8034,2.7889999999999997,36.94124,0.9582,0.102992,7.7868,2.2504600000000003,-0.70954,18.976,13.4848,0.58766,0.62348,5.116200000000001,1.5515999999999999,21.5306,4.6348,11.183200000000001,0.0,14.1278,4.3206,1.5754000000000001,8.972600000000002,1.3712,13.380400000000002,15.691799999999999,11.457,1730.218594970226,0,96.04382323999994
2023-05-13_Bayern Munich_Schalke 04,2023-05-13,15:30,Bundesliga,Matchweek 32,Sat,2023,6.0,0.0,Bayern Munich,Schalke 04,Home Win,1951.39660645,1,15.0,2.8699999999999997,1.1494,2.4896599999999998,0.9181199999999999,66.161,21.647599999999997,8.6022,40.98958,2.4896599999999998,0.12009,2.3232,1.0259,-0.1235,10.9588,54.471599999999995,2.23094,2.7477400000000003,19.385599999999997,3.4879999999999995,72.7546,20.1094,9.3822,3.1766,26.4814,11.4658,4.3068,31.4658,2.26,38.689800000000005,42.0528,34.6504,1677.717926368216,1593.41320801,1.231,1.9411999999999998,1.3291,1.47586,49.6646,11.733,4.8034,39.26168,1.0646,0.085562,5.5804,1.47852,-0.26488,16.697200000000002,24.3922,1.0004,0.97354,9.247,3.5132,31.916999999999998,8.45,14.0032,1.1304,25.2188,5.8554,2.1416,16.6026,2.8038,22.2296,20.2164,15.857600000000001,1666.83690112163,0,357.98339844
2023-05-13_Freiburg_Union Berlin,2023-05-13,15:30,Bundesliga,Matchweek 32,Sat,2023,4.0,2.0,Union Berlin,Freiburg,Home Win,1742.83496094,1,15.0,1.1692,0.2198,1.14644,1.65094,39.9696,10.721,2.5272,22.91988,1.14644,0.107414,4.4784,1.07782,0.85802,16.4602,22.2272,0.9277599999999999,0.95736,7.8595999999999995,3.1026000000000002,28.2396,6.667,10.482599999999998,0.5736,21.0142,4.4926,1.5868,12.8984,2.1192,18.2636,19.7048,11.8662,1685.870247362716,1743.25036621,1.202,0.41759999999999997,1.37274,1.45346,48.8484,11.356800000000002,4.4486,40.59962,1.37274,0.114678,4.3998,1.1477600000000001,0.73016,16.9588,24.825200000000002,0.85376,0.87212,7.2097999999999995,1.916,28.982,6.103999999999999,15.2418,0.6764,18.2476,4.5847999999999995,2.404,13.241800000000001,2.8154000000000003,20.8506,20.1456,9.6086,1659.245577271492,0,-0.4154052700000648
2023-05-13_Eint Frankfurt_Mainz 05,2023-05-13,15:30,Bundesliga,Matchweek 32,Sat,2023,3.0,0.0,Eint Frankfurt,Mainz 05,Home Win,1703.4934082,1,15.0,1.1602000000000001,0.8398,1.70428,0.8427399999999999,58.28040000000001,12.3288,3.4714,26.38154,1.54604,0.12052199999999999,2.2798,0.69838,-0.14142,8.186,38.8242,1.3319200000000002,1.5395,8.939800000000002,2.4084000000000003,52.691599999999994,11.749999999999998,10.8294,1.534,28.560200000000002,7.721,1.3336000000000001,15.3274,3.0872,22.7108,34.8234,22.136599999999998,1627.3857989745138,1711.30004883,1.4718000000000002,1.4508,1.5099200000000002,1.46146,44.376999999999995,10.1294,3.5880000000000005,34.18994,1.38176,0.141586,4.2828,1.5065400000000002,0.05574000000000004,15.067200000000001,20.0238,1.12374,1.09264,7.651999999999999,2.6254,26.646,7.5434,11.3414,1.0708,17.1176,4.8966,2.3502,11.1404,2.5802,17.1516,19.8988,6.1048,1710.198646924328,0,-7.806640629999947
2023-05-13_Dortmund_Gladbach,2023-05-13,18:30,Bundesliga,Matchweek 32,Sat,2023,5.0,2.0,Dortmund,Gladbach,Home Win,1837.90112305,1,18.0,4.1284,0.536,2.5613400000000004,1.16106,55.7714,13.941400000000002,6.9118,48.201240000000006,2.23782,0.158376,3.2588,0.78804,0.25204,11.8132,39.6396,1.8340999999999998,2.01566,9.617799999999999,1.6154,41.290800000000004,10.0496,14.0666,2.5372000000000003,16.532,5.942200000000001,7.8346,18.5762,2.2594000000000003,26.5658,25.4558,19.0684,1742.526009006526,1682.07824707,0.46399999999999997,1.883,1.23164,1.9763799999999998,49.1724,6.925,2.2442,34.57634,0.9183,0.148294,6.1926,2.1617800000000003,0.3749,20.2158,21.7686,0.76688,0.7048,5.944800000000001,1.5515999999999999,24.902,4.5904,15.266800000000002,1.2066,10.392199999999999,3.0716,0.6838,9.442,0.9601999999999999,12.6786,11.57,11.2944,1698.275440480132,0,155.82287597999994
2023-05-13_Hoffenheim_Wolfsburg,2023-05-13,15:30,Bundesliga,Matchweek 32,Sat,2023,2.0,1.0,Wolfsburg,Hoffenheim,Home Win,1731.45361328,1,15.0,1.6266,0.894,1.9610800000000002,1.1251,54.010400000000004,13.803799999999999,4.6544,35.3886,1.82262,0.134908,2.4396,0.88192,0.18572,12.104599999999998,37.04559999999999,1.6854599999999997,1.38622,10.832,3.2876,45.7048,9.1406,16.0414,1.875,14.951800000000002,3.1382000000000003,3.0090000000000003,18.9232,1.1956,24.7214,22.6306,17.258,1736.14384755814,1631.25097656,0.7934,1.178,0.68492,1.1545999999999998,41.7794,8.221599999999999,1.5182,20.0054,0.68492,0.092994,4.533200000000001,1.36508,0.18708,19.3122,25.644000000000002,0.5953,1.07826,5.7806,2.4234,29.178800000000003,7.1738,12.370600000000001,0.62,14.528,3.1468000000000003,1.5868,10.2348,1.1362,14.6464,16.7886,11.711400000000001,1783.0165882073138,0,100.20263671999987
2023-05-13_Augsburg_Bochum,2023-05-13,15:30,Bundesliga,Matchweek 32,Sat,2023,3.0,2.0,Bochum,Augsburg,Home Win,1584.95666504,1,15.0,1.0376,2.257,1.6700400000000002,2.3023,47.272999999999996,13.171,4.0836,33.8137,1.5118,0.130498,6.6974,2.44978,0.35298,16.9144,26.857000000000003,1.12734,1.31854,9.501999999999999,2.498,29.240599999999997,5.7620000000000005,8.8342,0.0,18.772399999999998,5.5562,1.6774,15.310199999999998,3.5364,23.131,20.4168,8.9704,1719.639121702916,1609.97595215,1.6134,2.5096,0.9685799999999999,1.75778,40.7746,9.4862,2.618,28.333759999999998,0.8261799999999999,0.08855,4.4566,1.51492,-0.75048,13.2018,18.209,0.66218,0.47231999999999996,6.5382,1.0042,24.5442,4.6778,12.479000000000001,1.1954,16.697,6.0442,2.4334,12.2822,1.3162,16.9562,14.55,11.4076,1772.155371801406,0,-25.01928711000005
2023-05-14_RB Leipzig_Werder Bremen,2023-05-14,17:30,Bundesliga,Matchweek 32,Sun,2023,2.0,1.0,RB Leipzig,Werder Bremen,Home Win,1803.55712891,1,17.0,1.758,1.1932,1.6131,1.2136999999999998,61.043,12.5902,4.6256,38.139860000000006,1.4707000000000001,0.120948,3.2432000000000003,1.1512600000000002,-0.04193999999999998,10.833199999999998,38.5826,1.36826,1.17682,9.772400000000001,1.5956,44.2162,9.6372,13.9674,4.1826,13.966999999999999,5.240600000000001,3.1599999999999997,16.407799999999998,1.7913999999999999,21.908600000000003,23.354,21.136200000000002,1673.5669938243261,1610.20727539,2.0352,2.0,1.51052,1.81954,47.711999999999996,11.7076,3.5700000000000003,30.276160000000004,1.51052,0.131956,7.744000000000001,1.8581400000000001,-0.14186,17.654400000000003,23.3218,1.18338,1.16756,8.471400000000001,1.6102,31.4184,6.822400000000001,11.8278,1.284,16.4134,4.0188,3.6308,15.4648,1.454,20.674200000000003,23.571199999999997,16.5256,1633.1390437507239,0,193.34985352000012
2023-05-14_Leverkusen_Stuttgart,2023-05-14,15:30,Bundesliga,Matchweek 32,Sun,2023,1.0,1.0,Stuttgart,Leverkusen,Draw,1608.75598145,1,15.0,1.8064,1.4574,1.3509799999999998,1.26126,45.3114,13.421800000000001,4.1268,30.51416,1.15562,0.08934399999999999,4.5978,1.2971599999999999,-0.16024,15.6964,28.5414,1.02702,0.98162,10.9778,2.5778000000000003,39.2718,8.8524,12.7866,0.6664,17.2778,3.928,3.3686000000000003,18.9242,1.4508,25.056800000000003,23.382,17.365399999999998,1781.8577341536302,1782.31445312,1.2876,0.5162,1.5236200000000002,1.05932,55.8642,14.2528,4.4344,28.878719999999998,1.5236200000000002,0.098474,3.2058,0.64254,0.12634,14.345200000000002,26.3018,1.3715400000000002,1.49376,12.172,1.264,42.119,7.656000000000001,14.462399999999999,3.3232000000000004,14.308,4.0794,2.5752,19.9212,1.7202,26.156599999999997,24.150800000000004,22.2554,1695.097762450484,1,-173.55847167000002
2023-05-19_Freiburg_Wolfsburg,2023-05-19,20:30,Bundesliga,Matchweek 33,Fri,2023,2.0,0.0,Freiburg,Wolfsburg,Home Win,1732.84289551,1,20.0,1.3776,0.7802,1.06678,1.7028200000000002,46.4042,12.7152,5.1819999999999995,36.47728,1.06678,0.097668,3.979,1.5274999999999999,0.7473000000000001,11.511,25.437600000000003,0.7423799999999999,0.7022,9.3328,2.6256,28.4632,6.4972,14.603200000000001,0.2198,16.829,3.1234,2.5354,15.3188,4.0106,23.5314,20.439799999999998,11.733,1719.565872093948,1734.17333984,1.5974,2.0806,1.64802,2.19484,46.010999999999996,9.9002,3.6814000000000004,37.8114,1.30006,0.12270799999999998,6.1046,1.99378,-0.08681999999999995,18.013,26.0368,1.1135,1.00896,7.353400000000001,1.8132,35.0712,7.9074,13.536,1.077,16.3038,5.4514000000000005,2.5354,12.8956,0.7934,16.3616,22.5388,15.8234,1684.774109372732,0,-1.3304443299998638
2023-05-20_Bochum_Hertha BSC,2023-05-20,15:30,Bundesliga,Matchweek 33,Sat,2023,1.0,1.0,Hertha BSC,Bochum,Draw,1559.31481934,1,15.0,1.4264,1.4991999999999999,1.1067399999999998,1.3706,40.267199999999995,10.2848,2.8242000000000003,28.75946,0.7885,0.085062,3.737,1.30738,-0.19182,13.869,17.2774,0.61118,0.73126,6.681400000000001,1.4884,22.4104,4.508,16.587,0.41759999999999997,14.753,4.6884,2.5146,11.435400000000001,1.9582,17.689600000000002,14.643999999999998,8.9854,1671.3403664791622,1590.6270752,0.7736,1.3866,1.21114,1.6577600000000001,42.6718,10.206199999999999,2.4991999999999996,24.3523,0.8929,0.09620000000000001,5.6754,1.4351200000000002,0.048519999999999994,21.4484,21.7648,0.58518,0.66768,6.0935999999999995,2.2216,29.778,6.2676,12.6196,0.442,12.946,2.8448,1.3494,10.935400000000001,2.0616,17.485400000000002,23.3132,10.7448,1698.7946998300279,1,-31.31225586000005
2023-05-20_Eint Frankfurt_Schalke 04,2023-05-20,15:30,Bundesliga,Matchweek 33,Sat,2023,2.0,2.0,Schalke 04,Eint Frankfurt,Draw,1589.76391602,1,15.0,2.2638,1.7933999999999999,1.5991600000000001,1.72702,46.4606,13.793,6.0274,42.34934,1.5991600000000001,0.120032,5.348400000000001,1.6176599999999999,-0.19771999999999998,12.933800000000002,22.6854,1.35694,1.33146,9.6552,4.841,24.958399999999997,8.5272,14.9558,1.3104,25.1134,7.1046,3.8194,14.7166,2.6862,22.207,17.721799999999998,11.6516,1681.631975268496,1713.45556641,0.7624,2.8816,1.42386,1.7301800000000003,56.67479999999999,13.382200000000001,3.5107999999999997,24.872840000000004,1.42386,0.098782,5.7908,2.13518,-0.74642,11.072999999999999,33.481,1.07054,1.4935,10.333400000000001,2.6622,47.6056,8.714,14.357800000000001,0.914,21.3522,6.1617999999999995,0.9601999999999999,17.671,1.714,23.823999999999998,25.694,17.7214,1737.021438889596,1,-123.69165039000018
2023-05-20_Koln_Werder Bremen,2023-05-20,15:30,Bundesliga,Matchweek 33,Sat,2023,1.0,1.0,Werder Bremen,Koln,Draw,1607.73693848,1,15.0,1.4984,1.8576,1.2352599999999998,0.9934,49.208999999999996,12.1258,4.2298,35.63962,1.09286,0.090714,3.082,1.0257,-0.8319,12.092,30.139999999999997,0.99684,1.1997999999999998,9.837399999999999,3.2308,38.0174,11.347,14.3476,0.5824,16.549,2.2174,2.6586,18.888199999999998,0.5646,21.9214,22.705,13.386199999999999,1745.156056762244,1669.57788086,1.9192,1.7298,1.33426,1.2433400000000001,42.474199999999996,10.0828,5.0376,51.88864000000001,1.15842,0.118992,3.554,1.17754,-0.55226,19.1848,19.339399999999998,0.9002,0.75212,7.769,2.5082,33.3878,6.4482,9.732199999999999,0.442,16.3718,3.494,3.0229999999999997,13.6968,0.5538,17.3182,16.8236,13.950000000000001,1729.7062049817641,1,-61.840942380000115
2023-05-20_Bayern Munich_RB Leipzig,2023-05-20,18:30,Bundesliga,Matchweek 33,Sat,2023,1.0,3.0,Bayern Munich,RB Leipzig,Away Win,1952.53125,1,18.0,3.6155999999999997,1.0344,3.01588,0.8662799999999999,64.7362,22.4598,9.374600000000001,42.611360000000005,2.82052,0.128524,2.0907999999999998,0.9232599999999999,-0.11114000000000002,12.183599999999998,48.621199999999995,2.0748599999999997,2.37138,18.8588,2.5624000000000002,65.13380000000001,17.468400000000003,8.9556,2.6822,21.5498,9.8542,5.6972000000000005,30.787,2.5223999999999998,40.0864,39.185199999999995,32.188,1639.641223634002,1806.02746582,0.6022,0.938,1.9500400000000002,0.8264,64.13119999999999,19.089199999999998,5.731800000000001,31.39768,1.9500400000000002,0.11743600000000001,2.1578,0.6300600000000001,-0.30794,9.3616,45.3884,1.39012,1.65772,15.2584,2.505,49.155800000000006,10.3798,9.946,4.2144,16.6482,5.7092,0.5182,22.106,3.2808,32.1138,28.603,20.1708,1715.534664722028,2,146.5037841799999
2023-05-20_Hoffenheim_Union Berlin,2023-05-20,15:30,Bundesliga,Matchweek 33,Sat,2023,4.0,2.0,Hoffenheim,Union Berlin,Home Win,1626.01672363,1,15.0,1.8820000000000001,1.2418,1.8412800000000002,1.5958200000000002,44.3752,11.690800000000001,3.736,33.3172,1.22068,0.11890600000000001,6.029599999999999,1.5363000000000002,0.2945,17.719,28.9268,1.0286,1.2519,8.8816,1.7956,32.592200000000005,8.2186,11.045,0.8132,16.386200000000002,5.8104000000000005,3.1904,14.2972,2.7438,21.6324,21.410999999999998,10.3888,1671.631918309932,1750.72790527,0.5956,1.2984,0.85106,1.7672400000000001,43.2536,9.611,2.2342,20.84494,0.70866,0.078602,5.3084,1.6989199999999998,0.40052,17.766199999999998,27.952599999999997,0.6688799999999999,0.7261799999999999,7.7732,2.6166,31.5066,6.9426000000000005,9.7824,0.642,18.1218,3.6798,1.1912,13.0078,1.0398,17.3822,14.4684,11.556000000000001,1754.186470824788,0,-124.71118164000018
2023-05-21_Gladbach_Leverkusen,2023-05-21,19:30,Bundesliga,Matchweek 33,Sun,2023,2.0,2.0,Leverkusen,Gladbach,Draw,1779.38842773,1,19.0,2.274,1.0244,1.4892600000000003,1.1452200000000001,47.840199999999996,11.4278,5.148,44.29622,1.02862,0.08647400000000001,4.104,0.9519,-0.07250000000000001,13.054599999999999,22.9836,0.9422,0.67092,8.7192,0.38,34.4122,4.7566,11.7644,1.2342,12.6896,4.9252,4.548,14.604399999999998,1.411,21.653399999999998,18.219,17.2788,1756.893126706734,1675.72119141,0.9059999999999999,2.339,1.42384,2.6181,46.2602,7.8652,3.1966,40.12716,0.94646,0.139134,7.350200000000001,2.51988,0.18088000000000004,21.6914,20.074,0.8001800000000001,0.7919799999999999,6.6388,1.9848,24.8476,5.3082,13.098,1.286,11.762599999999999,3.3087999999999997,1.5922,11.407399999999999,1.0642,14.9204,12.389800000000001,11.264999999999999,1731.882662867708,1,103.66723632000003
2023-05-21_Mainz 05_Stuttgart,2023-05-21,15:30,Bundesliga,Matchweek 33,Sun,2023,1.0,4.0,Mainz 05,Stuttgart,Away Win,1698.82324219,1,15.0,1.8816,1.526,1.39918,1.7345800000000002,45.6174,12.587599999999998,5.6852,44.35734,1.39918,0.11771000000000001,5.0434,1.8630600000000002,0.33705999999999997,13.855599999999999,25.9002,0.8673,0.82456,7.895999999999999,2.4774000000000003,36.345800000000004,7.9594,12.915000000000001,0.6002,22.212400000000002,4.643,2.5456,13.844800000000001,2.9008,21.152,25.7922,11.8138,1707.42539501885,1611.68188477,1.2176,1.798,1.5630000000000002,1.37196,58.1702,12.552400000000002,4.9075999999999995,39.39240000000001,1.5630000000000002,0.136448,2.9915999999999996,1.2993199999999998,-0.32068,14.217,32.8254,1.35704,1.08236,8.888200000000001,2.6886,41.349000000000004,6.4636000000000005,13.6418,0.998,16.2986,3.8819999999999997,2.2154000000000003,14.0366,2.536,22.762,20.783,16.2652,1645.1757025852141,2,87.14135742000008
2023-05-21_Augsburg_Dortmund,2023-05-21,17:30,Bundesliga,Matchweek 33,Sun,2023,0.0,3.0,Augsburg,Dortmund,Away Win,1601.79101562,1,17.0,1.1602000000000001,1.1514,0.6814,1.43784,41.857,9.669,2.4852,27.493600000000004,0.6814,0.08664000000000001,5.0786,1.6001200000000002,0.44872,20.468,16.31,0.48538,0.55412,5.6133999999999995,1.8397999999999999,21.578,3.9362,14.051000000000002,0.5736,18.9842,4.2218,1.9624,9.966,0.7516,13.711200000000002,13.8566,10.6484,1649.6577405006499,1841.74365234,1.8154,2.0508,2.07614,1.4774800000000001,59.4726,18.014599999999998,6.8078,37.3131,1.95746,0.11172200000000002,5.2088,1.5043600000000001,-0.34863999999999995,13.7102,36.2924,1.6497000000000002,1.5349400000000002,14.3948,2.9126000000000003,49.938199999999995,12.0766,13.319,0.736,20.835,7.4506,2.947,23.8706,1.327,33.0828,30.9738,29.2148,1674.988504761478,2,-239.95263671999987
2023-05-27_Augsburg_Gladbach,2023-05-27,15:30,Bundesliga,Matchweek 34,Sat,2023,2.0,0.0,Gladbach,Augsburg,Home Win,1678.25793457,1,15.0,1.24,0.5758,1.7798200000000002,1.13052,54.4162,15.614600000000001,6.1684,41.03602000000001,1.7798200000000002,0.118548,2.3382,0.80944,0.23364000000000001,14.6292,32.7016,1.57712,1.56004,12.9656,2.541,42.2312,10.4296,14.015,2.4646,16.0122,6.144,1.8798,20.0662,4.0446,27.9602,29.9084,19.255399999999998,1688.9140540527221,1593.18994141,1.9404,2.7028,1.23918,1.7884399999999998,39.6114,11.047,2.7003999999999997,26.94546,1.1110200000000001,0.10278799999999999,5.5318,1.73642,-0.50238,15.179200000000002,16.0904,0.8901600000000001,0.6116,7.5611999999999995,0.6154,21.571,4.2774,11.5218,1.1758,15.718,6.284000000000001,2.6784,13.907599999999999,1.873,19.4468,16.5928,11.5552,1750.804074438614,0,85.06799316000001
2023-05-27_Eint Frankfurt_Freiburg,2023-05-27,15:30,Bundesliga,Matchweek 34,Sat,2023,2.0,1.0,Eint Frankfurt,Freiburg,Home Win,1709.99157715,1,15.0,1.4884,0.7558,1.76822,0.95938,59.3938,13.660800000000002,3.4799999999999995,23.06416,1.45488,0.101608,2.7844,0.9215599999999999,0.16575999999999996,8.556000000000001,41.404,1.21334,1.4346,10.166599999999999,2.3674,55.6054,11.9072,10.7466,1.4806,28.323999999999998,7.4486,2.1328,18.8014,2.9342,25.657799999999998,34.717,22.8434,1645.8264417233738,1739.7277832,1.2818,1.3526,1.3734000000000002,1.4725400000000002,51.8496,9.9236,4.2596,42.514880000000005,1.17804,0.11476800000000001,4.2156,1.23622,-0.11637999999999993,15.8864,27.872799999999998,0.7198,0.7207399999999999,6.8122,1.536,33.8116,6.3936,15.806,0.3204,19.399600000000003,5.1148,2.3194,12.064200000000001,2.5456,18.891399999999997,18.3892,10.2478,1685.712898976556,0,-29.736206049999964
2023-05-27_Bayern Munich_Koln,2023-05-27,15:30,Bundesliga,Matchweek 34,Sat,2023,1.0,2.0,Koln,Bayern Munich,Away Win,1667.88195801,1,15.0,1.4188,1.2264,1.88968,1.18082,57.5672,17.8204,7.268599999999999,39.15012,1.88968,0.095028,3.0858000000000003,1.13032,-0.09608,10.698,28.1162,1.5839400000000001,1.8784,13.6946,3.4,43.9524,11.7896,12.1184,1.4194,36.6088,9.062000000000001,2.8376,20.6156,4.3754,31.3192,32.2012,18.281200000000002,1658.542214086928,1932.19042969,1.4044,1.4198,1.96622,1.20458,65.9734,14.1448,5.028,35.29522,1.96622,0.138124,3.1338,1.2846599999999997,-0.13514,9.415,50.163799999999995,1.69892,1.81488,11.749199999999998,2.6366,61.1778,14.3986,13.1312,2.5566,20.299999999999997,6.9068000000000005,2.5646,19.1026,1.5458,25.078400000000002,34.1618,24.883,1686.807854320502,2,-264.3084716799999
2023-05-27_Hertha BSC_Wolfsburg,2023-05-27,15:30,Bundesliga,Matchweek 34,Sat,2023,1.0,2.0,Wolfsburg,Hertha BSC,Away Win,1723.41943359,1,15.0,1.664,0.7604,1.7596,1.17028,52.34400000000001,12.8906,4.0564,32.772400000000005,1.635,0.13009400000000002,2.3956,0.70838,0.37017999999999995,13.6152,35.9962,1.46272,1.1834,10.116,2.7704,43.768600000000006,8.0056,16.625600000000002,1.4991999999999999,14.668,2.9802000000000004,3.1082,17.7536,1.176,22.9836,19.7488,15.999200000000002,1703.610403978924,1556.26757812,1.2222,3.3082000000000003,1.08768,2.7088,38.93,8.3554,3.0984000000000003,38.97086,1.08768,0.116224,9.6176,3.33434,0.026139999999999997,21.941599999999998,12.527000000000001,0.62212,0.6787799999999999,5.637,1.4964,22.4658,5.2038,10.8764,0.4884,14.158800000000001,4.3326,2.1062,9.896,1.0898,14.462999999999997,17.7082,11.6554,1710.3129812745499,2,167.15185546999987
2023-05-27_Bochum_Leverkusen,2023-05-27,15:30,Bundesliga,Matchweek 34,Sat,2023,3.0,0.0,Bochum,Leverkusen,Home Win,1589.80529785,1,15.0,1.6663999999999999,2.2312000000000003,1.6085600000000002,2.42506,47.18019999999999,14.0188,5.052,37.21734,1.46616,0.11447,5.9392000000000005,2.4801,0.2489,15.558200000000001,25.8616,1.08574,1.2389800000000002,9.8842,1.7713999999999999,26.9974,5.009,9.8394,0.4884,20.1158,6.133000000000001,2.2422,15.944,3.871,24.5034,21.384,11.1594,1712.6683140377158,1767.08728027,1.2588000000000001,0.5646,1.49356,1.15548,54.0686,12.918,3.6582,25.010959999999997,1.3226200000000001,0.09574200000000001,2.5526,0.70154,0.13694,15.031600000000001,31.1884,1.21458,1.34342,11.622,1.4818,41.1864,8.222999999999999,12.318200000000001,2.8024000000000004,14.4772,3.9714,2.5176000000000003,19.5404,1.2156,24.686999999999998,21.4168,22.1738,1662.3591711425179,0,-177.28198242000008
2023-05-27_RB Leipzig_Schalke 04,2023-05-27,15:30,Bundesliga,Matchweek 34,Sat,2023,4.0,2.0,RB Leipzig,Schalke 04,Home Win,1822.49926758,1,15.0,1.7822,1.1738,1.7439,1.24554,62.192,14.7732,5.151400000000001,35.66264,1.6157400000000002,0.111202,2.8303999999999996,1.11284,-0.06096000000000001,9.628799999999998,41.5756,1.48912,1.4633600000000002,11.5488,1.2918,49.3554,10.462200000000001,14.9474,3.82,15.1238,5.160799999999999,3.2439999999999998,18.0766,2.3448,25.8692,25.0402,20.4902,1641.28085410207,1589.35888672,0.8196,3.2122,1.2074,2.43504,48.3534,11.071399999999999,3.7464000000000004,29.568299999999997,0.96934,0.080566,7.62,2.4939400000000003,-0.54026,13.7972,24.4296,0.9115599999999999,0.81084,9.1224,3.0734,34.1322,7.572399999999999,12.7936,1.0173999999999999,25.040999999999997,5.425599999999999,1.6392,16.5308,2.335,21.6068,19.206400000000002,14.883399999999998,1745.3834313477062,0,233.14038085999982
2023-05-27_Dortmund_Mainz 05,2023-05-27,15:30,Bundesliga,Matchweek 34,Sat,2023,2.0,2.0,Dortmund,Mainz 05,Draw,1846.47558594,1,15.0,4.6482,0.8266,3.2311,1.2161600000000001,57.900999999999996,19.5964,8.6184,47.38868000000001,2.8599,0.168074,3.9213999999999998,1.0002,0.1736,9.846,41.461999999999996,1.9393200000000002,2.08948,13.4516,2.0422000000000002,47.2316,11.454,12.9506,1.9952,19.064799999999998,7.2132000000000005,8.427999999999999,25.0888,2.7218,36.3982,31.292,24.7988,1710.6980947493141,1676.0982666,0.892,1.75,1.3724,1.53536,46.0256,9.727999999999998,3.0966,31.044259999999998,1.3724,0.145194,4.3104000000000005,1.40058,-0.34941999999999995,14.4394,20.1214,1.08136,0.87036,6.1774,2.2744,26.1044,6.1796,8.921,0.8196,15.4524,3.9302,1.25,9.3844,1.8896,14.806,17.3462,7.6154,1702.4884651359998,1,170.37731933999999
2023-05-27_Hoffenheim_Stuttgart,2023-05-27,15:30,Bundesliga,Matchweek 34,Sat,2023,1.0,1.0,Stuttgart,Hoffenheim,Draw,1630.53796387,1,15.0,1.4374,1.5558,1.31708,1.50258,46.989399999999996,11.582,2.7048,21.52186,0.9702999999999999,0.08452599999999999,4.049600000000001,1.38836,-0.16744000000000003,14.750000000000002,28.5638,0.86898,0.87254,9.5708,1.8874,38.944599999999994,8.0904,12.6638,1.3324,17.4382,4.811999999999999,2.4108,16.645599999999998,1.5057999999999998,21.988400000000002,21.502000000000002,14.898399999999999,1794.8512274628501,1637.46520996,0.9581999999999999,1.4044,0.74526,1.14914,43.146,7.6786,1.4222,20.00466,0.74526,0.10090199999999999,3.9472000000000005,1.42622,0.021820000000000006,16.362000000000002,25.747200000000003,0.5225,0.97716,4.9816,1.7484,28.7842,6.0912,13.122,0.558,17.1054,4.1088000000000005,1.428,9.102,1.6110000000000002,13.7284,17.598,12.373000000000001,1779.5486980456299,1,-6.927246089999926
2023-05-27_Union Berlin_Werder Bremen,2023-05-27,15:30,Bundesliga,Matchweek 34,Sat,2023,1.0,0.0,Union Berlin,Werder Bremen,Home Win,1735.41027832,1,15.0,2.029,0.6862,1.32596,1.86884,37.5098,10.937199999999999,2.9628,26.79038,1.32596,0.12464799999999998,4.674600000000001,1.40188,0.71568,17.102600000000002,21.927999999999997,1.11916,0.8751,8.262,2.1714,23.9552,5.491,10.6344,0.7604,17.5292,3.5666,3.3815999999999997,13.0526,2.1514,18.5696,18.092399999999998,11.6914,1702.072186718418,1605.5637207,1.9316,2.0,1.29644,2.08828,43.5244,9.1182,2.6919999999999997,30.3328,1.29644,0.147854,7.958,2.0353399999999997,0.03534000000000001,16.545,20.150000000000002,1.0152800000000002,1.09312,6.7266,1.0166,27.0836,5.731000000000001,12.921800000000001,1.1556,12.5998,3.0959999999999996,3.4676,13.1882,0.7318,16.5788,20.2746,13.3218,1676.0782188983221,0,129.8465576200001
2023-11-10_Gladbach_Wolfsburg,2023-11-10,20:30,Bundesliga,Matchweek 11,Fri,2024,4.0,0.0,Gladbach,Wolfsburg,Home Win,1673.51013184,1,20.0,1.1059999999999999,1.7182,1.10556,1.27172,47.6696,13.728,4.2514,30.547039999999996,1.10556,0.077298,6.3148,1.50534,-0.21286,13.793200000000002,32.7384,0.8936799999999999,1.0294,11.4444,1.921,42.633799999999994,6.4166,12.713799999999999,1.072,20.0,6.8180000000000005,1.7235999999999998,15.132600000000002,4.0268,24.7524,19.1392,19.441200000000002,1727.868670092348,1700.71777344,1.2066,2.2840000000000003,1.19048,1.77178,49.672399999999996,10.708400000000001,4.7250000000000005,42.439080000000004,0.99512,0.101278,4.981,1.9977399999999998,-0.04206,13.449399999999999,28.3082,0.7268600000000001,0.83966,8.286200000000001,2.2268,39.8232,7.3706,15.716999999999999,0.7182,16.319,3.8274,2.0332,15.957999999999998,1.1234,20.745,19.4872,15.131400000000003,1677.5254408939022,0,-27.207641599999988
2023-11-11_Augsburg_Hoffenheim,2023-11-11,15:30,Bundesliga,Matchweek 11,Sat,2024,1.0,1.0,Augsburg,Hoffenheim,Draw,1610.62976074,1,15.0,2.3448,2.1226000000000003,1.4046,1.41334,44.163399999999996,11.9008,4.147,42.34268,1.27644,0.132568,5.1848,1.81994,-0.30266000000000004,16.1184,25.5018,0.9499799999999999,1.00542,9.4636,2.8904,27.7994,7.623600000000001,14.433600000000002,1.116,20.2908,4.5092,3.4234,17.0574,2.0352,21.8482,21.2892,10.429000000000002,1633.8922856207362,1681.30432129,2.8022000000000005,1.4264,1.8869600000000002,1.93392,44.29280000000001,10.3582,3.9425999999999997,41.2238,1.4052000000000002,0.145282,6.44,1.90048,0.47408000000000006,24.0426,26.2392,0.96772,0.9187,6.659400000000001,0.736,31.514000000000003,5.7568,12.9436,1.75,13.591,3.7392000000000003,4.505800000000001,12.899,1.2896,19.041999999999998,15.481,13.1232,1655.475931055194,1,-70.67456055000002
2023-11-11_Bayern Munich_Heidenheim,2023-11-11,15:30,Bundesliga,Matchweek 11,Sat,2024,4.0,2.0,Bayern Munich,Heidenheim,Home Win,1986.39038086,1,15.0,4.8342,0.5162,3.71568,0.69864,59.4668,22.374200000000002,10.238,44.42076,3.4453,0.151206,2.385,0.88638,0.37017999999999995,5.8908000000000005,44.61919999999999,3.13714,2.9147600000000002,19.3538,1.0244,62.529799999999994,14.638200000000001,10.0794,4.0282,20.042,7.6784,7.994200000000001,30.250799999999998,3.2034000000000002,41.1196,42.151399999999995,29.991200000000003,1643.6913521003598,1576.54431152,0.7979999999999999,2.3956,1.02638,2.29198,43.517799999999994,8.6888,2.8621999999999996,44.89918,0.9017799999999999,0.132738,7.2234,1.98336,-0.16804,10.9992,23.148000000000003,0.5596,0.7706000000000001,5.9204,1.6528,34.7228,6.7474,10.6822,0.7934,20.1186,4.8806,1.418,10.4412,1.4264,14.759,16.900599999999997,13.0582,1731.18512321676,0,409.84606934
2023-11-11_Darmstadt 98_Mainz 05,2023-11-11,15:30,Bundesliga,Matchweek 11,Sat,2024,0.0,0.0,Darmstadt 98,Mainz 05,Draw,1549.00891113,1,15.0,1.9494,2.7182,1.7552400000000001,1.9739,53.4782,16.005200000000002,4.8126,30.549980000000005,1.42116,0.091766,6.4434,2.44344,-0.27476,11.6682,29.652199999999997,1.16804,1.2222600000000001,12.783200000000003,2.6782000000000004,35.918,6.3578,14.722,1.8286,22.659200000000002,5.949199999999999,3.5032,20.5414,3.8472,29.295600000000007,22.087000000000003,13.649,1686.7243256843599,1650.63378906,1.286,2.6763999999999997,0.84966,1.79064,50.9528,11.2442,3.361,28.53942,0.59334,0.054628,5.5776,2.79986,0.12346000000000001,15.277800000000001,28.932599999999997,0.45092,0.8369800000000001,8.0442,1.8632,37.3478,7.6188,14.4726,0.5538,17.2864,3.8335999999999997,1.7036,14.263399999999999,1.897,20.0458,17.6724,12.6008,1629.5784302520779,1,-101.62487793000014
2023-11-12_Leverkusen_Union Berlin,2023-11-12,15:30,Bundesliga,Matchweek 11,Sun,2024,4.0,0.0,Leverkusen,Union Berlin,Home Win,1834.71875,1,15.0,3.3096,0.9404,2.4404399999999997,0.93194,65.0698,19.6192,8.390400000000001,43.32826,2.3019800000000004,0.11840600000000001,2.9268,0.94378,0.0033800000000000496,9.6954,60.5698,2.10438,1.96366,16.041,1.0344,59.654799999999994,13.526399999999999,9.0766,2.8120000000000003,14.6022,7.8414,6.375,24.6698,1.9918,34.437400000000004,32.8154,27.5988,1652.5847116213358,1658.3269043,1.2584,2.0816,1.35754,1.14494,42.401399999999995,13.7676,4.9792000000000005,35.2415,1.1817,0.08379,4.8018,1.1423400000000001,-0.69506,15.454,28.604800000000004,0.7575,1.0583200000000001,10.2644,3.092,37.2146,7.971399999999999,10.720600000000001,0.7802,22.263199999999998,5.4830000000000005,2.5168,17.6878,2.6892,24.956,21.55,9.9158,1653.9727341557023,0,176.39184569999998
2023-11-12_Freiburg_RB Leipzig,2023-11-12,19:30,Bundesliga,Matchweek 11,Sun,2024,3.0,1.0,RB Leipzig,Freiburg,Home Win,1845.40942383,1,19.0,3.1958,0.5558000000000001,2.19776,1.24146,56.8112,15.3948,6.8156,43.38794,1.6507200000000002,0.10689000000000001,3.0434,1.1816,0.6258,9.4896,37.5218,1.1486,1.2953000000000001,10.5288,2.1698,43.6644,10.2172,11.4776,3.1104000000000003,20.3764,6.472199999999999,4.4922,19.501800000000003,1.7798,26.7528,22.8994,18.3594,1675.81559955931,1721.92382812,0.5646,2.198,0.93518,1.51496,39.9112,9.4638,3.2978,25.96272,0.93518,0.082666,4.7956,1.46088,-0.73712,13.091399999999998,19.897,0.64278,0.65386,6.588399999999999,2.039,27.716600000000003,5.746,10.2764,0.178,13.4926,2.8224,0.6486000000000001,11.74,1.7570000000000001,15.696200000000001,16.3048,12.150400000000001,1762.1763903068302,0,123.48559570999987
2023-11-12_Eint Frankfurt_Werder Bremen,2023-11-12,17:30,Bundesliga,Matchweek 11,Sun,2024,2.0,2.0,Werder Bremen,Eint Frankfurt,Draw,1611.01428223,1,17.0,2.0356,1.498,1.3633,1.35884,46.01780000000001,11.7592,3.8731999999999998,31.92566,1.2387,0.10133600000000001,4.2948,1.20508,-0.29292,16.392200000000003,25.112000000000002,1.16444,1.2050400000000001,10.6122,1.2132,36.0388,8.099599999999999,14.888000000000002,1.9846000000000001,13.646600000000001,3.57,3.363,19.011,0.9714,22.8326,15.519200000000001,12.2442,1706.35817106832,1741.61462402,1.7302,0.9536,1.4584,1.6598600000000001,50.1096,8.4016,3.8510000000000004,51.1652,1.4584,0.208544,5.4014,1.42132,0.46772,22.7138,23.3638,1.34304,0.9793999999999999,6.6834,0.916,25.285999999999998,5.1209999999999996,15.6508,0.7979999999999999,10.161200000000001,2.6916,2.8184,10.0188,1.4176,14.8516,17.819,14.0662,1666.058063770382,1,-130.60034179000013
2023-11-24_Bayern Munich_Koln,2023-11-24,20:30,Bundesliga,Matchweek 12,Fri,2024,0.0,1.0,Koln,Bayern Munich,Away Win,1633.07885742,1,20.0,1.2418,1.714,1.5425,1.6457000000000002,53.485800000000005,19.0208,6.3824000000000005,32.07188,1.19082,0.064508,3.5704,1.56816,-0.14584,7.8678,29.294000000000004,1.01756,1.40204,13.6984,3.7124,46.863,10.796600000000002,9.854800000000001,0.8022,33.3124,9.058,1.9256,24.1054,4.2004,34.495599999999996,28.779600000000002,24.473599999999998,1656.75855739688,1989.70153809,3.0286,0.7934,2.50778,0.77396,62.043200000000006,16.7092,6.6918,41.710119999999996,2.36932,0.15467,1.9934,0.8084399999999999,0.015039999999999942,10.156400000000001,45.465,2.1741200000000003,2.04964,13.8168,2.1958,53.409200000000006,12.1804,11.746,3.6750000000000003,15.0626,5.856,5.4418,22.492600000000003,3.1484000000000005,30.8204,34.2534,28.4716,1730.62433449825,2,-356.6226806699999
2023-11-25_Eint Frankfurt_Stuttgart,2023-11-25,18:30,Bundesliga,Matchweek 12,Sat,2024,1.0,2.0,Eint Frankfurt,Stuttgart,Away Win,1743.45239258,1,18.0,1.5104000000000002,0.9106000000000001,1.50964,1.1402,53.3992,11.453199999999999,4.4118,38.9615,1.28496,0.12110400000000002,2.2906,0.73442,-0.17618,14.8146,31.2048,0.9634400000000001,1.37786,8.329600000000001,1.6134,43.987399999999994,10.6618,11.7158,2.736,15.4026,4.5893999999999995,2.5324,14.305799999999998,1.7902,19.2222,28.7268,19.5712,1678.0136028322318,1710.07189941,1.7492,1.4674,1.8981599999999998,1.01194,59.0514,13.7774,3.683,29.37428,1.7027999999999999,0.13325599999999999,4.2376,0.86648,-0.60092,17.4844,37.1422,1.42744,1.5632199999999998,9.7286,2.3214,44.0456,8.6542,12.8372,1.7016,13.988600000000002,4.0488,3.3006,19.048000000000002,0.358,25.2804,23.025000000000002,17.1766,1659.9792162833642,2,33.38049316999991
2023-11-25_RB Leipzig_Wolfsburg,2023-11-25,15:30,Bundesliga,Matchweek 12,Sat,2024,2.0,1.0,Wolfsburg,RB Leipzig,Home Win,1689.18005371,1,15.0,1.7802,1.1059999999999999,1.75504,1.3558400000000002,49.1096,15.0454,5.4958,36.240700000000004,1.55724,0.100262,4.5348,1.4992400000000001,0.39324000000000003,12.2588,28.7176,1.1103999999999998,1.429,10.67,1.8199999999999998,41.1492,8.662,14.605,1.1776,14.997800000000002,4.179,3.1647999999999996,20.1038,1.2332,25.886,22.4152,14.166799999999999,1687.146897729402,1852.86901855,1.7116,1.1888,1.1481000000000001,1.18322,57.05499999999999,10.9572,4.7812,43.49058,1.1481000000000001,0.103636,3.109,1.10448,-0.08432000000000002,13.8874,29.208599999999997,0.8943,0.84618,8.333,1.3626,42.068,7.0144,15.448799999999999,3.9717999999999996,15.9186,4.943200000000001,3.085,14.2448,1.1226,19.515600000000003,17.5362,22.6954,1659.71543007997,0,-163.68896483999993
2023-11-25_Darmstadt 98_Freiburg,2023-11-25,15:30,Bundesliga,Matchweek 12,Sat,2024,1.0,1.0,Freiburg,Darmstadt 98,Draw,1720.77099609,1,15.0,2.084,1.6644,2.0716799999999997,1.59478,54.3894,14.7212,4.8176000000000005,33.10856,1.5642200000000002,0.10309000000000001,3.88,1.74756,0.08316,10.294,38.2554,1.3101,1.16998,11.0406,2.4132,41.0508,8.6976,13.638,0.8792,23.0064,5.3172,3.7039999999999997,18.174400000000002,3.1384000000000003,26.8478,22.031,15.0404,1652.2792975327739,1552.36157227,0.8154,3.8169999999999997,0.75744,2.80782,42.202200000000005,8.9978,2.3544,23.101480000000002,0.5816,0.062708,9.536999999999999,3.1572000000000005,-0.6597999999999999,15.675999999999998,21.3036,0.4508,0.54024,6.916599999999999,1.0198,25.735,5.2504,12.489799999999999,0.4884,9.824399999999999,2.7512000000000003,1.0154,11.8422,0.9756,16.2558,15.229200000000002,11.6724,1745.677376295418,1,168.40942382000003
2023-11-25_Leverkusen_Werder Bremen,2023-11-25,15:30,Bundesliga,Matchweek 12,Sat,2024,0.0,3.0,Werder Bremen,Leverkusen,Away Win,1615.20227051,1,15.0,2.3204000000000002,1.2598,1.5067200000000003,1.3075999999999999,49.344,12.648200000000001,4.3184000000000005,34.456779999999995,1.22364,0.092876,3.156,0.98386,-0.27593999999999996,16.2972,27.0308,1.1368,1.2710199999999998,11.0716,1.336,37.376599999999996,7.8336,14.5434,1.786,13.481800000000002,3.9454,3.7592000000000003,19.1304,1.3626,23.846600000000002,17.0088,13.185,1681.91293937876,1846.44543457,2.6022000000000003,1.0642,1.6857400000000002,1.33974,54.903999999999996,12.2228,5.8271999999999995,48.55732,1.54334,0.134616,5.5440000000000005,1.45374,0.38954,14.772,36.602,1.42012,1.6405,10.488999999999999,0.46399999999999997,47.004599999999996,10.5162,9.527199999999999,3.3928000000000003,10.158999999999999,3.5834000000000006,4.8088,17.2286,0.9623999999999999,22.5826,27.8286,24.1828,1725.3201161151678,2,-231.24316406000003
2023-11-25_Augsburg_Union Berlin,2023-11-25,15:30,Bundesliga,Matchweek 12,Sat,2024,1.0,1.0,Union Berlin,Augsburg,Draw,1655.09875488,1,15.0,0.6408,2.4818000000000002,0.9770800000000001,1.6761,46.8734,11.312199999999999,3.0806,28.2548,0.9770800000000001,0.09069800000000001,4.151599999999999,2.3091999999999997,-0.17259999999999998,9.26,32.1156,0.72218,0.82792,7.8926,3.6242,40.2874,7.33,12.1158,0.7558,29.999,6.2674,1.2816,12.8912,2.9666000000000006,19.9052,20.052999999999997,12.6014,1714.9327953127022,1613.09545898,1.5033999999999998,2.0940000000000003,1.7574,1.66026,42.7564,13.1754,3.3912,29.792699999999996,1.58156,0.12764799999999998,6.2476,1.76646,-0.16734000000000002,16.294800000000002,20.945,0.7765799999999999,1.1246800000000001,7.993799999999999,1.4876,25.173,5.1926,12.794,0.9202,13.865199999999998,3.8896,2.787,11.912199999999999,3.1936,21.1084,20.6414,9.831,1720.44835783739,1,42.003295899999785
2023-11-25_Dortmund_Gladbach,2023-11-25,15:30,Bundesliga,Matchweek 12,Sat,2024,4.0,2.0,Dortmund,Gladbach,Home Win,1852.6217041,1,15.0,1.5094,1.6928,1.97944,1.5716999999999999,58.6956,17.5752,4.5612,26.479180000000003,1.85128,0.103212,4.3016,1.6202200000000002,-0.07258,10.7858,41.323,1.5406400000000002,1.80424,13.354199999999999,1.286,52.3522,10.8426,14.6588,2.602,19.5044,5.0924,2.463,23.417,2.2085999999999997,31.4056,30.3668,25.098399999999998,1717.031462107804,1689.65563965,2.7206,2.7646,2.1433400000000002,2.31764,45.3746,13.8172,5.241599999999999,40.238440000000004,1.67742,0.114076,7.0485999999999995,2.87028,0.10567999999999994,22.2004,23.952399999999997,1.4833599999999998,1.07646,11.500800000000002,3.1399999999999997,29.977199999999996,6.722600000000001,11.9284,1.2479999999999998,15.871400000000001,5.3152,4.7272,17.813000000000002,2.5006,25.788800000000002,20.735999999999997,15.6198,1618.971710327502,0,162.96606444999998
2023-11-26_Hoffenheim_Mainz 05,2023-11-26,17:30,Bundesliga,Matchweek 12,Sun,2024,1.0,1.0,Hoffenheim,Mainz 05,Draw,1683.44641113,1,17.0,1.6002,2.4838,1.67896,1.71832,48.959999999999994,14.081199999999999,4.515000000000001,35.167320000000004,1.5405000000000002,0.119646,5.6764,2.1998,-0.1238,11.529,41.3954,1.0785399999999998,1.22632,10.5146,1.9578,45.3112,8.268999999999998,10.972000000000001,2.9364,19.656200000000002,4.2616000000000005,2.1296,17.052,2.2476000000000003,23.938,21.3332,18.267400000000002,1765.21709411654,1651.88879395,1.0131999999999999,1.832,0.604,1.4597,48.959799999999994,11.652199999999999,3.1248000000000005,26.10478,0.604,0.050839999999999996,4.8872,2.24706,0.41506,14.3172,27.962,0.4314,0.7656,7.9838,2.3652,35.459199999999996,7.312600000000001,15.8906,0.4984,17.9902,4.527,1.389,13.016000000000002,2.4398,19.741,19.4144,13.172999999999998,1594.1347930193701,1,31.557617179999852
2023-11-26_Bochum_Heidenheim,2023-11-26,15:30,Bundesliga,Matchweek 12,Sun,2024,0.0,0.0,Heidenheim,Bochum,Draw,1577.84082031,1,15.0,2.1582,1.9356,1.5570599999999999,2.63418,44.0582,15.9846,4.4562,29.16806,1.3203200000000002,0.085092,4.818600000000001,1.75336,-0.18223999999999996,16.3814,17.3192,0.97036,0.7637200000000001,10.672,1.8784,28.954400000000003,4.5388,11.353200000000001,0.2442,22.439,7.8876,3.4301999999999997,14.4292,4.2219999999999995,25.8206,21.5904,15.628800000000002,1648.798520484846,1609.62512207,1.0286,2.2502000000000004,0.9759800000000001,2.32976,41.129400000000004,10.9116,3.4913999999999996,30.86464,0.9759800000000001,0.08443400000000001,6.3756,2.3169,0.06669999999999998,17.3942,23.421799999999998,0.77664,0.7108,7.0485999999999995,0.8684000000000001,25.6518,5.5088,11.091199999999999,0.5402,11.3734,2.1048,1.349,12.270400000000002,1.6738,18.1694,15.714400000000001,10.7652,1718.69374741427,1,-31.784301760000062
2023-12-01_Darmstadt 98_Koln,2023-12-01,20:30,Bundesliga,Matchweek 13,Fri,2024,0.0,1.0,Darmstadt 98,Koln,Away Win,1562.02172852,1,20.0,1.6102,1.8696000000000002,1.37012,1.7023000000000001,51.2796,13.8186,4.1988,30.697,1.06948,0.078936,5.178,1.883,0.013399999999999995,11.8014,22.1548,0.90376,0.86282,10.863000000000001,1.0244,28.470599999999997,4.536,15.4264,1.8898,17.5004,4.9218,2.8644000000000003,17.2038,3.8066,24.9498,19.203599999999998,11.509599999999999,1669.132402611798,1634.75012207,0.5824,2.6726,1.0503200000000001,3.00968,42.2358,8.842799999999999,3.1506,33.23132,0.92216,0.123226,8.421600000000002,3.2796200000000004,0.60702,15.743599999999997,15.5158,0.62412,0.64822,6.0604,1.2818,24.918799999999997,4.1408000000000005,12.3656,0.2198,14.8508,3.3278000000000003,0.8266,9.692200000000001,2.2334,15.785800000000002,12.146,11.8292,1712.0616543952021,2,-72.72839355000019
2023-12-02_Gladbach_Hoffenheim,2023-12-02,15:30,Bundesliga,Matchweek 13,Sat,2024,2.0,1.0,Gladbach,Hoffenheim,Home Win,1686.05712891,1,15.0,1.9722,1.1138,1.2315,0.87734,48.6118,14.287600000000001,5.4914,38.10016,1.2315,0.082452,5.074,0.9766600000000001,-0.13713999999999998,15.556000000000001,28.0804,0.98198,1.15414,12.032399999999999,1.5846,39.8842,5.409800000000001,13.3194,1.6532,19.067,7.368599999999999,3.2606,14.154,4.4566,24.9652,20.4462,19.052799999999998,1717.12695617667,1681.06591797,2.3336000000000006,1.2396,1.4610400000000001,1.63872,47.0402,10.0898,4.2926,44.51036,1.1428,0.126218,6.1078,1.54096,0.30135999999999996,21.208,27.127000000000002,0.81998,0.8202999999999999,6.360799999999999,0.7624,31.1208,5.881,13.1376,1.675,14.4878,3.721,3.9668000000000005,14.43,0.8722,18.7168,16.2772,13.5108,1657.751026098104,0,4.991210939999974
2023-12-02_Bochum_Wolfsburg,2023-12-02,15:30,Bundesliga,Matchweek 13,Sat,2024,3.0,1.0,Bochum,Wolfsburg,Home Win,1611.00109863,1,15.0,1.2198,1.6154,2.06372,1.19638,49.65,20.212,5.8378,28.7928,1.76328,0.08479600000000001,5.2556,1.2898,-0.1058,12.5622,26.9742,1.0038200000000002,1.27546,14.2902,3.9296,36.8982,11.4144,15.8778,1.0418,22.5426,5.045599999999999,2.0174000000000003,22.756,4.7094,34.068799999999996,28.680799999999998,11.0938,1683.838382079902,1700.03173828,0.7976,2.8882000000000003,0.9484199999999999,1.83108,50.4384,11.2702,4.364199999999999,36.70994,0.7725799999999999,0.06919600000000001,6.148,2.38516,-0.28324000000000005,12.095400000000001,29.4546,0.59324,0.7292000000000001,8.8902,2.2042,41.118399999999994,6.845400000000001,14.512799999999999,0.6022,18.706000000000003,4.521400000000001,1.3974,16.0508,1.2552,21.247400000000003,17.918,14.4742,1678.819426343988,0,-89.03063965000001
2023-12-02_Stuttgart_Werder Bremen,2023-12-02,18:30,Bundesliga,Matchweek 13,Sat,2024,2.0,0.0,Stuttgart,Werder Bremen,Home Win,1721.08972168,1,18.0,2.8564,1.2794,3.0327200000000003,1.05102,60.137,17.5776,8.2356,47.6765,2.30792,0.13395600000000002,3.4536,1.3759800000000002,0.27458,8.247,47.869600000000005,1.7347799999999998,1.93716,13.7734,2.6962,53.8828,10.9506,12.9064,2.4122000000000003,19.0996,4.9834,5.5526,25.065,2.5456,34.441199999999995,30.5188,26.313000000000002,1713.3034931649943,1608.69140625,1.24,2.3716,1.37186,2.213,50.143,10.6324,3.0776000000000003,29.110800000000005,1.19386,0.114312,5.0762,1.9174000000000002,-0.4542,15.016599999999999,24.3736,1.0978400000000001,1.3372000000000002,8.2522,2.8974,29.8806,7.3518,13.5606,1.5694000000000001,13.7624,3.1378,2.302,14.8362,1.1226,18.9346,18.7592,13.9164,1679.6951845693582,0,112.39831542999991
2023-12-02_Heidenheim_RB Leipzig,2023-12-02,15:30,Bundesliga,Matchweek 13,Sat,2024,2.0,1.0,RB Leipzig,Heidenheim,Home Win,1840.76940918,1,15.0,2.8880000000000003,0.6002,2.18246,1.08078,58.2396,14.390600000000003,5.7692,39.83708,1.49478,0.10275999999999999,3.039,0.9792399999999999,0.37904,9.2966,37.7812,1.10494,1.26696,10.432,1.8086,43.498,9.5072,12.450800000000001,3.3436,19.206000000000003,6.957599999999999,4.0106,19.508,1.4134,25.713,23.154,18.7676,1692.000734152714,1577.21398926,1.2066,2.8444,0.97048,2.2339,38.5056,7.755,2.9202,45.4889,0.85834,0.13722600000000001,7.301,1.9517399999999998,-0.67286,11.475999999999999,18.9058,0.45712,0.6382,5.1076,1.5433999999999999,29.490599999999997,5.7518,9.837,0.9581999999999999,17.3324,3.8716000000000004,1.7646,9.4322,1.4838,13.530000000000001,16.234,13.4526,1796.5578858152562,0,263.55541991999985
2023-12-03_Freiburg_Mainz 05,2023-12-03,15:30,Bundesliga,Matchweek 13,Sun,2024,0.0,1.0,Mainz 05,Freiburg,Away Win,1655.01831055,1,15.0,1.0464,1.947,0.9128999999999999,1.1963400000000002,38.839999999999996,12.5292,3.4806000000000004,28.96224,0.9128999999999999,0.076396,3.1648000000000005,1.4172,-0.33199999999999996,10.2084,25.5,0.67358,0.76846,9.6286,2.224,29.958399999999997,5.8144,10.1734,0.2198,13.2914,3.3904,1.4508,13.9778,2.8332,22.001,21.5788,10.636,1803.9005444592099,1722.86938477,0.46399999999999997,2.5666,0.5889,1.6255600000000001,38.234,8.120000000000001,2.6914,25.890019999999996,0.5889,0.067424,5.204400000000001,1.81432,-0.75228,12.305399999999999,18.8424,0.44107999999999997,0.5087200000000001,5.9646,1.7468,26.58,4.5622,9.9604,0.1602,11.5134,2.9844000000000004,0.9279999999999999,9.8476,1.6814,13.7642,15.0326,11.0378,1800.233704174464,2,-67.85107421999987
2023-12-03_Dortmund_Leverkusen,2023-12-03,17:30,Bundesliga,Matchweek 13,Sun,2024,1.0,1.0,Leverkusen,Dortmund,Draw,1855.62695312,1,17.0,3.5227999999999997,0.558,2.58052,0.60804,69.0674,20.4664,8.9838,43.40178,2.45592,0.122006,2.2574,0.73078,0.17278000000000004,8.8492,65.427,2.14598,2.0149399999999997,16.945999999999998,0.7426,67.52199999999999,13.2178,7.7038,2.875,14.886199999999999,8.9224,6.3374,26.332800000000002,2.3810000000000002,35.9676,33.6194,26.029399999999995,1629.076418408914,1870.35900879,2.3692,1.8618,1.6619,2.2232200000000004,51.42979999999999,10.3978,3.839,39.3879,1.6619,0.18320999999999998,6.4074,2.24492,0.38312,13.018,29.211399999999998,1.2546599999999999,1.04932,7.745,2.1578,30.270000000000003,6.5426,16.5048,1.6444,16.2708,3.7816,4.1648000000000005,14.464799999999999,1.294,19.508,15.729999999999999,17.9142,1685.77898149394,1,-14.732055669999909
2023-12-03_Augsburg_Eint Frankfurt,2023-12-03,19:30,Bundesliga,Matchweek 13,Sun,2024,2.0,1.0,Augsburg,Eint Frankfurt,Home Win,1616.50878906,1,19.0,1.7777999999999998,1.5778,1.17672,1.22224,39.9748,10.6572,4.332400000000001,46.86094,1.17672,0.129754,5.4106,1.4684400000000002,-0.10935999999999997,17.2718,24.975,0.8729,0.8506999999999999,8.508,2.6572,27.9548,6.5962000000000005,14.434399999999998,0.9601999999999999,19.8292,3.6374,2.5602,13.9122,2.6642,19.6006,21.272000000000002,11.0862,1638.2077564701522,1719.33276367,1.9014,1.2024,1.6423199999999998,1.6870800000000001,48.9012,9.970600000000001,4.0542,49.21262,1.6423199999999998,0.19881,5.217,1.71544,0.51304,20.6658,28.3998,1.5040799999999999,1.05032,8.6126,1.0244,29.729599999999998,6.962400000000001,11.602,0.7182,11.3778,3.5549999999999997,3.2249999999999996,12.6028,2.1084,17.840600000000002,20.0788,16.313000000000002,1651.578391408486,0,-102.82397461000005
2023-12-08_Bochum_Hoffenheim,2023-12-08,20:30,Bundesliga,Matchweek 14,Fri,2024,3.0,1.0,Hoffenheim,Bochum,Home Win,1675.10107422,1,20.0,1.5402,2.1912000000000003,1.60222,1.6111199999999999,49.7964,13.163800000000002,4.4636,35.54696,1.47762,0.125892,5.3204,2.45282,0.26161999999999996,9.7342,41.699600000000004,1.00742,1.15158,9.598,1.8177999999999999,43.593599999999995,8.2978,12.24,2.7426000000000004,18.8696,4.2354,2.2608,15.2166,1.8344,22.0696,18.8928,14.012799999999999,1742.236036353304,1623.04772949,0.6374,1.7368,0.74536,2.0181199999999997,40.531000000000006,9.2344,2.4772,27.1689,0.74536,0.074224,5.8938,1.9077000000000002,0.17089999999999989,17.8196,23.8916,0.5992000000000001,0.57436,6.0344,0.8815999999999999,25.7776,4.9812,12.503,0.9304,12.2804,2.3944,0.6374,11.0898,1.1738,15.501199999999999,14.5894,11.133000000000001,1703.2554710211662,0,52.05334473000016
2023-12-09_Dortmund_RB Leipzig,2023-12-09,18:30,Bundesliga,Matchweek 14,Sat,2024,2.0,3.0,Dortmund,RB Leipzig,Away Win,1871.86914062,1,18.0,2.0468,1.7235999999999998,2.07266,1.35598,56.339600000000004,18.8386,6.2702,32.01866,2.07266,0.10689000000000001,3.739,1.58386,-0.13973999999999998,12.4164,40.5344,1.53772,1.7761600000000002,13.8072,1.2573999999999999,48.309799999999996,11.0026,12.462599999999998,3.1302000000000003,16.9676,5.3713999999999995,3.4934000000000003,23.187,2.0876,32.785999999999994,30.041800000000002,23.6232,1733.594320604842,1842.49047852,1.4962000000000002,1.1258,1.4619,1.08278,58.9036,13.9478,5.6356,41.7452,1.4619,0.10427,2.7656,0.7856799999999999,-0.34012,12.5774,33.339600000000004,1.2179,1.22904,10.5534,1.6705999999999999,49.532,8.8226,15.6482,3.6744,20.022599999999997,6.6584,2.8322,18.916,1.7988,25.3808,24.1764,24.724000000000004,1654.1495248548122,2,29.378662100000156
2023-12-09_Freiburg_Wolfsburg,2023-12-09,15:30,Bundesliga,Matchweek 14,Sat,2024,0.0,1.0,Wolfsburg,Freiburg,Away Win,1687.98522949,1,15.0,1.8022,1.2396,1.4820600000000002,1.70654,46.0684,13.3872,4.7694,35.98212,1.3040600000000002,0.097352,6.1348,2.16512,0.9255199999999999,14.1542,28.6342,1.02168,1.41054,9.437800000000001,1.738,38.548,8.84,15.753799999999998,1.0156,15.0304,3.8609999999999998,3.2484,17.719,1.1098,22.934400000000004,21.596799999999998,11.919799999999999,1744.7235574700178,1730.84118652,0.6617999999999999,1.589,0.6056,1.7795199999999998,36.436600000000006,8.6082,2.6340000000000003,24.9459,0.6056,0.06624,5.0398,1.48896,-0.10004000000000002,14.861,17.183999999999997,0.4814,0.48901999999999995,6.3684,1.4838,23.4386,4.2176,11.6738,0.0,11.1296,2.8418000000000005,1.3235999999999999,10.7074,2.1016,15.2208,16.7272,10.401599999999998,1788.3369358896239,2,-42.85595703000013
2023-12-09_Bayern Munich_Eint Frankfurt,2023-12-09,15:30,Bundesliga,Matchweek 14,Sat,2024,5.0,1.0,Eint Frankfurt,Bayern Munich,Home Win,1710.38977051,1,15.0,1.4594,1.308,1.3621800000000002,1.5157599999999998,53.1824,12.428799999999999,3.7822,31.997400000000003,1.15998,0.101578,2.75,1.06288,-0.24512,14.4774,29.654000000000003,0.83618,1.20912,8.684999999999999,1.452,44.5886,11.2722,11.1676,2.0298,16.039,4.0978,1.9908000000000001,15.8286,1.0344,20.7534,30.195800000000002,19.5582,1703.96042299674,1983.58996582,2.3932,0.714,2.70798,0.65888,62.062,16.561799999999998,5.5576,36.41128,2.58338,0.16974,1.8940000000000001,0.7087399999999999,-0.0052599999999999834,10.429000000000002,45.7182,2.23676,2.05028,13.026,2.0762,52.04700000000001,11.3298,9.297,3.9958,16.089,7.335600000000001,3.9884000000000004,21.7902,3.3335999999999997,30.3412,33.318799999999996,24.3642,1725.3462040038341,0,-273.20019531
2023-12-09_Darmstadt 98_Heidenheim,2023-12-09,15:30,Bundesliga,Matchweek 14,Sat,2024,3.0,2.0,Heidenheim,Darmstadt 98,Home Win,1575.49291992,1,15.0,1.654,1.3094000000000001,1.25066,2.03586,46.1378,13.8444,3.7338,29.07614,1.13852,0.08314,3.9598,1.4172600000000002,0.10786000000000001,16.154799999999998,17.6192,0.78354,0.56874,9.2956,1.1138,28.281600000000005,3.1314,11.5062,0.2198,19.7208,7.1222,2.5103999999999997,12.832799999999999,3.2790000000000004,21.8992,18.5362,14.889,1641.6790810796522,1550.84082031,0.978,3.5354,0.70726,2.7015399999999996,40.660799999999995,8.3654,2.0748,21.40018,0.5490200000000001,0.059996,8.8834,2.85388,-0.68152,18.2386,19.7314,0.4213,0.46296,6.2924,0.7736,24.7286,4.2044,14.0944,0.4396,8.7766,2.5318,1.4022000000000001,11.6138,0.978,15.4976,14.918000000000001,11.360800000000001,1743.7317878904942,0,24.65209961000005
2023-12-09_Augsburg_Werder Bremen,2023-12-09,15:30,Bundesliga,Matchweek 14,Sat,2024,2.0,0.0,Werder Bremen,Augsburg,Home Win,1603.37817383,1,15.0,1.5116,1.8664,1.0156,1.34894,47.9326,10.141399999999999,3.4098,37.208200000000005,0.8617400000000001,0.08249599999999999,3.3846,1.07758,-0.54462,15.0582,26.783399999999997,0.798,0.9644,8.8666,1.6466,38.3038,8.0502,12.1028,2.1516,13.621800000000002,3.6508000000000003,2.2298,15.110000000000001,1.1822,18.445400000000003,16.243000000000002,12.8222,1723.3192178692861,1625.4519043,1.453,1.6962,1.89586,1.60334,42.3806,12.858,3.0078,26.37034,1.5422600000000002,0.126766,6.3671999999999995,1.8575000000000002,0.1613,14.9564,21.8594,0.7489199999999999,1.06338,7.306,1.4388,25.544,4.3966,11.7936,0.6398,13.9228,3.9006,2.7082,11.9652,3.0742,20.786,20.853999999999996,11.3572,1672.788291332524,0,-22.0737304700001
2023-12-09_Gladbach_Union Berlin,2023-12-09,15:30,Bundesliga,Matchweek 14,Sat,2024,3.0,1.0,Union Berlin,Gladbach,Home Win,1654.97473145,1,15.0,0.2442,2.3336000000000006,1.11822,1.59198,50.3048,12.0134,3.1284,26.289319999999996,0.92286,0.079094,3.7922,1.9619799999999998,-0.37162,9.2898,36.6646,0.63904,0.8063,9.0242,3.1734,47.2612,7.7854,12.7926,0.536,28.743199999999998,5.9406,0.4884,14.7556,2.9697999999999998,21.723799999999997,21.212600000000002,12.818000000000001,1694.8087719720402,1692.02197266,2.3602000000000003,2.8882000000000003,1.9280799999999998,2.53568,46.4582,13.579400000000001,4.8732,37.1385,1.62408,0.11266999999999999,8.509,3.3661199999999996,0.47792,19.05,23.813200000000002,1.42502,1.1753200000000001,11.0064,3.126000000000001,35.3842,7.971400000000001,11.935400000000001,1.4674,16.4284,4.751,4.2219999999999995,17.4758,2.4504,24.7654,21.0064,15.2254,1680.617540868942,0,-37.04724121000004
2023-12-10_Leverkusen_Stuttgart,2023-12-10,15:30,Bundesliga,Matchweek 14,Sun,2024,1.0,1.0,Stuttgart,Leverkusen,Draw,1726.40283203,1,15.0,2.3382,1.1514,3.3390000000000004,0.99706,61.3648,18.3408,7.7678,43.035399999999996,2.49132,0.138444,2.8314,1.0853,0.09409999999999999,8.8666,48.2234,1.8290000000000002,2.10764,14.4286,2.5824000000000003,54.0474,12.1648,12.2274,3.1478,17.7126,5.6618,4.4322,26.023600000000002,2.6351999999999998,35.4506,33.3742,27.2586,1683.360024488098,1854.11669922,2.642,0.9578,1.37204,1.12484,55.1694,10.9588,4.6352,44.0813,1.24388,0.12238399999999999,4.9454,1.32836,0.37056,13.329799999999999,35.7772,1.10298,1.27366,9.198400000000001,0.9059999999999999,45.2628,9.6114,12.060400000000001,2.7208000000000006,11.3642,3.5368000000000004,4.1954,15.0106,0.822,20.2292,26.4718,22.9114,1704.4784744888161,1,-127.7138671900002
2023-12-10_Koln_Mainz 05,2023-12-10,17:30,Bundesliga,Matchweek 14,Sun,2024,0.0,0.0,Koln,Mainz 05,Draw,1639.15917969,1,17.0,0.9734,1.4984,1.3073000000000001,2.09072,48.741800000000005,16.709400000000002,5.7,30.72202,0.99082,0.05529,3.3249999999999997,1.64694,0.14854,10.999600000000001,25.9786,0.82488,1.20532,11.619200000000001,3.0086000000000004,39.2068,8.9076,8.6484,0.5778,30.0392,8.0196,1.5888,21.7296,3.8362000000000003,30.5598,25.9922,24.9028,1729.724529834634,1647.04650879,1.156,1.3162,0.91106,1.2174199999999997,47.6104,11.787,3.3564,27.68362,0.7157,0.05708200000000001,4.51,1.85066,0.5344599999999999,15.7828,27.8336,0.43826,0.82348,7.841199999999999,2.0846,36.0488,8.0258,13.171399999999998,0.4044,15.8054,4.2860000000000005,1.7384,14.679599999999999,1.9073999999999998,20.167,21.738799999999998,14.332799999999999,1615.875866333528,1,-7.887329099999988
2023-12-15_Gladbach_Werder Bremen,2023-12-15,20:30,Bundesliga,Matchweek 15,Fri,2024,2.0,2.0,Gladbach,Werder Bremen,Draw,1682.7689209,1,20.0,2.1192,0.9581999999999999,1.4557799999999999,0.7854399999999999,50.668800000000005,13.8028,4.998,34.20926,1.28484,0.093858,4.7782,1.0045600000000001,0.04635999999999997,14.2588,28.8808,0.98702,1.21082,10.940600000000002,1.6702000000000001,41.557599999999994,5.9454,12.7666,1.4438,19.1366,7.9526,3.6229999999999998,14.8476,3.39,24.2566,22.0316,18.4354,1675.836458789424,1613.87805176,1.116,2.4786,1.2858399999999999,2.5003,48.0308,10.3368,3.3582,31.337839999999996,1.12564,0.10988,5.0244,2.0965800000000003,-0.38202,12.773,24.0918,1.04364,1.17698,8.1388,2.6636,30.7808,7.2726,12.9162,1.6566,13.4094,3.8124,2.0718,14.0878,1.0662,17.887999999999998,18.0626,12.948,1681.127617430858,1,68.89086913999995
2023-12-16_Heidenheim_Mainz 05,2023-12-16,15:30,Bundesliga,Matchweek 15,Sat,2024,0.0,1.0,Mainz 05,Heidenheim,Away Win,1649.70458984,1,15.0,0.7976,1.8522,1.21024,1.1378400000000002,44.084,14.4298,3.4884000000000004,24.96164,1.21024,0.08364200000000001,3.925,1.42868,-0.24551999999999996,10.1878,26.1378,1.0669399999999998,1.0258,11.8076,2.0574,31.7716,6.5214,10.4002,0.6862,16.148400000000002,5.7492,1.0173999999999999,15.345200000000002,3.6266000000000003,23.7102,25.395400000000002,12.7258,1796.25439047999,1582.02392578,1.0418,2.7600000000000002,0.81484,2.49708,36.5008,6.814400000000001,2.1514,38.880179999999996,0.81484,0.145272,7.3709999999999996,2.3140799999999997,-0.24811999999999995,12.216800000000001,18.8706,0.55908,0.65438,4.9526,1.6332,27.2106,5.088,11.4626,0.9623999999999999,15.301,3.3518000000000003,1.644,8.568000000000001,1.4354,11.791,14.1244,10.488800000000001,1801.336784839508,2,67.68066406000003
2023-12-16_Bochum_Union Berlin,2023-12-16,15:30,Bundesliga,Matchweek 15,Sat,2024,3.0,0.0,Bochum,Union Berlin,Home Win,1616.95495605,1,15.0,1.6862,1.5538,2.0794799999999998,1.20672,50.2382,20.191000000000003,6.1983999999999995,30.635060000000003,1.8091000000000002,0.088644,5.7626,1.25962,-0.09637999999999998,12.806000000000001,27.3532,1.0567,1.27674,14.261199999999999,3.5924,38.306,10.8288,16.455,1.2818,22.808999999999997,5.2852,2.9924,21.9478,5.7152,34.4504,30.6988,11.3284,1664.826983934948,1662.90100098,0.5558000000000001,2.706,0.97662,1.28488,41.8378,11.0044,4.1044,49.47534,0.81838,0.06155000000000001,5.8984000000000005,1.5499800000000001,-0.93622,12.469,29.674599999999998,0.5663800000000001,0.8182800000000001,8.14,2.5944000000000003,35.5812,6.6532,10.171999999999999,0.558,21.336599999999997,4.4578,1.1116000000000001,15.1652,1.8434,20.264400000000002,17.831799999999998,10.2008,1713.1834955332877,0,-45.94604492999997
2023-12-16_Darmstadt 98_Wolfsburg,2023-12-16,15:30,Bundesliga,Matchweek 15,Sat,2024,0.0,1.0,Darmstadt 98,Wolfsburg,Away Win,1546.16223145,1,15.0,1.0166,1.4942,1.2309799999999997,1.33602,51.8048,12.9598,3.1138,24.38666,0.96042,0.074158,4.683400000000001,1.58512,0.09091999999999999,11.656600000000001,24.181000000000004,0.72802,0.72002,9.6556,1.2662,26.769599999999997,3.8497999999999997,16.192999999999998,1.4124,16.4172,3.8084000000000007,1.7128,16.4066,3.3816,23.4452,16.584999999999997,10.5818,1660.963443993338,1680.2869873,0.8178,2.8994000000000004,0.9979799999999999,1.7258600000000002,50.418000000000006,12.175799999999999,4.3835999999999995,34.43856,0.8397399999999999,0.068834,6.7658,2.15686,-0.54474,13.295000000000002,28.7442,0.6195,0.65536,9.2454,2.0396,37.8556,7.305000000000001,14.561200000000001,1.1304,18.9796,5.1018,1.4576,16.013199999999998,1.3738,21.8668,17.160800000000002,11.5638,1667.796188354448,2,-134.12475584999993
2023-12-16_Hoffenheim_RB Leipzig,2023-12-16,18:30,Bundesliga,Matchweek 15,Sat,2024,3.0,1.0,RB Leipzig,Hoffenheim,Home Win,1853.75732422,1,18.0,2.655,0.7844,2.78232,0.97178,61.7224,17.0258,6.0364,34.00148,1.9925000000000002,0.11181,2.2584,0.97132,0.18691999999999998,7.3368,48.9008,1.60166,1.5621200000000002,13.018999999999998,2.216,51.915200000000006,11.654,12.9942,3.8418,21.1592,7.3384,3.4770000000000003,23.4966,2.0046,31.2344,29.275799999999997,22.4538,1679.29945182897,1683.04626465,1.9118,1.4598,1.51258,1.7213200000000002,48.4462,11.8462,4.3634,40.92972,1.2261799999999998,0.11914999999999999,5.3644,1.8086800000000003,0.34888,16.626600000000003,30.5216,0.93448,1.02246,7.790000000000001,1.6188,36.758,7.314,12.2028,1.7516,16.493000000000002,3.5048,3.6258,17.4176,1.1292,21.875799999999998,17.726599999999998,14.436599999999999,1664.656410352678,0,170.7110595700001
2023-12-16_Augsburg_Dortmund,2023-12-16,15:30,Bundesliga,Matchweek 15,Sat,2024,1.0,1.0,Augsburg,Dortmund,Draw,1616.80444336,1,15.0,1.8,1.3758,1.12696,1.11348,39.2886,9.714599999999999,4.055,47.402379999999994,0.9316,0.10991799999999999,5.1812,0.97786,-0.15374,17.8214,24.6538,0.73468,0.98332,7.336200000000001,2.8356,29.301199999999998,7.8016000000000005,13.370000000000001,0.5758,20.4552,3.3294,2.6042,13.3324,2.1094,17.831,22.654,12.775400000000001,1663.3487380366741,1862.45471191,2.2322,1.7756,1.4791599999999998,2.3695399999999998,44.6282,8.8044,3.5108,40.49368,1.4791599999999998,0.18121199999999998,6.222600000000001,2.19486,0.41925999999999997,17.555999999999997,25.4828,1.07824,0.8446,6.0728,1.7536,25.281999999999996,4.890599999999999,14.868399999999998,1.3357999999999999,13.901399999999999,3.0708,3.9482,12.288,0.8762000000000001,16.105800000000002,12.7056,15.813,1740.2300551493802,1,-245.65026854999996
2023-12-17_Eint Frankfurt_Leverkusen,2023-12-17,17:30,Bundesliga,Matchweek 15,Sun,2024,3.0,0.0,Leverkusen,Eint Frankfurt,Home Win,1853.35974121,1,17.0,2.6938000000000004,0.6022,2.43154,0.66046,68.6282,20.4314,7.676200000000001,37.93766,2.3194,0.115922,2.3758,0.8341999999999999,0.23199999999999998,8.6082,61.656600000000005,1.78066,1.87368,16.0304,0.6242,69.859,14.3286,8.0334,3.1758,21.391,11.3604,4.506,26.7672,3.1196,36.4826,38.397,30.2778,1700.590286475388,1737.23937988,1.8112000000000001,1.4264,1.63574,1.57188,52.285799999999995,11.238800000000001,4.2488,43.9523,1.63574,0.186922,4.6628,1.87046,0.44406,19.0334,33.1884,1.39364,1.0297,8.595600000000001,1.5104000000000002,32.443,7.154599999999999,12.085799999999999,0.8464,13.6822,3.888,2.7582,14.5846,2.2418,20.187,21.092,16.8586,1650.058974951898,0,116.12036133000015
2023-12-17_Freiburg_Koln,2023-12-17,15:30,Bundesliga,Matchweek 15,Sun,2024,2.0,0.0,Freiburg,Koln,Home Win,1740.3918457,1,15.0,1.9756,1.7422,1.9091999999999998,1.3888,58.0018,13.5958,4.0592,30.2984,1.4525000000000001,0.10234200000000002,3.5920000000000005,1.59726,-0.14494,7.9342,37.1216,1.2903,1.35278,10.1716,2.3278,46.3628,8.828,14.883399999999998,1.5238,24.4156,6.7508,3.5336000000000003,18.224600000000002,2.8804000000000003,25.5214,22.0398,17.2342,1635.8250919678019,1638.35351562,0.6242,2.261,1.1818,2.72098,46.3964,10.0238,4.1566,39.71028,1.1818,0.137318,7.7792,3.0804,0.8193999999999999,13.7156,17.706200000000003,0.71822,0.6234,6.9754,1.8862,25.671400000000002,4.859400000000001,12.9618,0.6862,17.107799999999997,4.316000000000001,0.844,10.4116,2.01,16.7284,13.8852,14.821,1673.8580902610918,0,102.03833007999992
2023-12-17_Bayern Munich_Stuttgart,2023-12-17,19:30,Bundesliga,Matchweek 15,Sun,2024,3.0,0.0,Bayern Munich,Stuttgart,Home Win,1964.61108398,1,19.0,4.8950000000000005,0.8088,3.42878,0.74764,62.306000000000004,22.181000000000004,10.591,47.058119999999995,3.28638,0.143202,2.3466,0.94662,0.13781999999999997,6.59,46.531400000000005,2.98462,3.10746,19.1184,1.2662,63.6184,14.530000000000001,9.9714,3.9812000000000003,18.296,7.177999999999999,8.4716,28.660600000000002,4.104,40.2636,43.6774,30.391799999999996,1635.3302907960501,1729.01220703,1.9184,0.844,2.11138,0.871,57.013600000000004,13.787999999999998,3.8587999999999996,30.523220000000002,1.93554,0.152466,2.4720000000000004,0.40496000000000004,-0.19484,15.9146,35.483599999999996,1.7309799999999997,1.7887799999999998,10.4766,2.1892,45.1712,9.798,12.809000000000001,2.2640000000000002,14.278200000000002,3.5555999999999996,3.6588000000000003,19.8082,0.178,25.229,24.1644,18.268,1657.694954076782,0,235.5988769500002
2023-12-19_RB Leipzig_Werder Bremen,2023-12-19,18:30,Bundesliga,Matchweek 16,Tue,2024,1.0,1.0,Werder Bremen,RB Leipzig,Draw,1608.91210938,1,18.0,1.5604,1.5356,0.9775200000000002,1.19752,48.083200000000005,10.0946,3.4246,37.1153,0.8390600000000001,0.08236399999999999,2.7136000000000005,0.7968000000000001,-0.519,13.9872,25.7166,0.75728,0.8914600000000001,7.970600000000001,2.3146,37.7292,7.6128,11.127199999999998,2.3366,15.901599999999998,3.2090000000000005,2.4068,14.445400000000001,1.264,17.947200000000002,15.8422,13.7608,1710.9500962153622,1850.9453125,1.6466,1.5015999999999998,1.82646,1.2974999999999999,55.26220000000001,16.8838,6.0164,37.88216,1.82646,0.10916799999999999,3.8100000000000005,0.9124399999999999,-0.5891600000000001,13.7846,36.724999999999994,1.3282399999999999,1.63574,12.652000000000001,2.6804,51.3008,11.2708,13.097199999999999,3.2626,19.532400000000003,6.4486,2.5606,22.588,1.719,30.2274,31.5178,23.807399999999998,1692.544151903792,1,-242.03320312000005
2023-12-19_Dortmund_Mainz 05,2023-12-19,20:30,Bundesliga,Matchweek 16,Tue,2024,1.0,1.0,Dortmund,Mainz 05,Draw,1847.1965332,1,20.0,2.1864,2.2838000000000003,1.98658,1.832,54.5638,18.754799999999996,6.5318000000000005,33.748419999999996,1.98658,0.10520199999999999,5.1743999999999994,1.86056,-0.17904,12.619200000000001,38.9154,1.5527799999999998,1.7685400000000002,14.2148,1.6199999999999999,46.1922,10.4138,12.860600000000002,2.3846,17.6032,5.5784,3.8326000000000002,22.047200000000004,2.8114,32.8074,28.428,22.339600000000004,1762.3764280277578,1629.5847168,0.8962,0.8962,1.07534,1.05358,45.575,12.0526,3.9534000000000002,31.908920000000002,0.8995,0.071026,4.359,1.45488,0.5586800000000001,14.5278,23.646,0.58096,0.73464,7.5687999999999995,1.2552,34.170199999999994,5.8932,11.9888,0.2198,13.994600000000002,4.99,1.2762,13.891000000000002,2.5492,20.0622,20.6002,11.9812,1626.4578348149457,1,217.61181639999995
2023-12-19_Darmstadt 98_Hoffenheim,2023-12-19,20:30,Bundesliga,Matchweek 16,Tue,2024,3.0,3.0,Hoffenheim,Darmstadt 98,Draw,1670.50183105,1,20.0,1.6862,2.072,1.5199,1.64326,49.305,14.556799999999999,5.005599999999999,34.8431,1.40776,0.106442,5.0,2.30428,0.23228,10.8494,39.1406,0.95018,1.17644,10.515,1.9802,43.831399999999995,8.4564,12.072000000000001,2.4240000000000004,18.282400000000003,4.356,2.2906,17.7252,1.3184,24.248800000000003,20.413,16.8298,1715.80113161605,1531.3347168,1.2244,3.1934,0.7986,2.36946,46.2316,11.691600000000001,3.4324000000000003,24.92246,0.6562,0.056111999999999995,7.8298000000000005,2.48122,-0.71218,19.124,24.6746,0.49241999999999997,0.5355,8.360800000000001,1.9172000000000002,27.418200000000002,5.693200000000001,15.7826,0.3956,11.4734,2.7228,1.462,15.503599999999999,1.2244,20.3198,17.744799999999998,11.7572,1698.810108983664,1,139.16711424999994
2023-12-20_Bayern Munich_Wolfsburg,2023-12-20,20:30,Bundesliga,Matchweek 16,Wed,2024,1.0,2.0,Wolfsburg,Bayern Munich,Away Win,1677.76477051,1,20.0,1.3336000000000001,1.2156,1.5691800000000002,1.6459,49.28,13.3366,4.3482,31.86072,1.4089800000000001,0.10971,4.9004,1.81,0.5944,12.108999999999998,30.7008,1.11042,1.5192200000000002,9.238000000000001,1.6199999999999999,38.293000000000006,9.144400000000001,17.076,0.914,16.1924,4.2632,2.3468,17.102600000000002,1.4872,22.9732,22.790599999999998,13.2488,1741.6691924794181,1955.9362793,2.1096,1.7194,2.60394,0.8671599999999999,62.111999999999995,16.185000000000002,4.9692,33.61558,2.4918,0.164206,2.7372,1.0020600000000002,-0.71734,9.6976,43.4516,2.11982,1.97316,13.0352,2.2686,51.08,11.4084,9.5996,3.6519999999999997,14.562,6.6372,3.501,21.8348,2.9678,29.3216,30.9684,22.641799999999996,1729.56204880409,2,-278.17150878999996
2023-12-20_Eint Frankfurt_Gladbach,2023-12-20,20:30,Bundesliga,Matchweek 16,Wed,2024,2.0,1.0,Eint Frankfurt,Gladbach,Home Win,1706.77966309,1,20.0,2.3902,1.2772,1.38476,1.74722,47.283,12.7302,4.5806000000000004,37.051520000000004,1.2028,0.09897600000000001,3.1633999999999998,0.9201,-0.35710000000000003,16.127000000000002,26.625999999999998,0.81372,0.8975000000000001,7.7956,1.3626,38.1484,9.6356,10.8066,1.25,14.037400000000002,2.7788000000000004,3.4568000000000003,15.068999999999999,0.4984,19.4688,26.9692,18.837400000000002,1779.453775730944,1670.38513184,1.9358000000000002,2.8994000000000004,1.4415600000000002,2.6218600000000003,47.86879999999999,11.8798,3.8207999999999998,33.9049,1.28332,0.104194,7.9698,3.0353,0.13589999999999997,18.144399999999997,23.7788,1.123,0.97038,9.6524,2.4926,38.4562,7.3978,11.509400000000001,0.844,17.1978,5.1202000000000005,3.7114,14.344800000000001,2.1612,21.6496,18.2434,16.3592,1694.996086817192,0,36.39453125
2023-12-20_Koln_Union Berlin,2023-12-20,18:30,Bundesliga,Matchweek 16,Wed,2024,2.0,0.0,Union Berlin,Koln,Home Win,1641.30065918,1,18.0,0.9524,1.9118,1.47598,1.52836,49.36280000000001,14.0424,3.8924000000000003,26.991,1.10478,0.07486,3.1362,1.71154,-0.20026,12.003,36.5632,0.75166,0.95102,10.275400000000001,3.4002,49.2864,9.3162,11.5366,0.5824,28.8332,6.379,1.1722000000000001,16.9988,3.4054000000000006,25.1796,24.2544,14.677999999999997,1675.606936304162,1629.67858887,0.41759999999999997,2.2348,1.1692200000000001,2.8785600000000002,45.836200000000005,8.7122,3.4084000000000003,35.10734,1.1692200000000001,0.149238,7.8452,3.0454999999999997,0.8107,16.1298,17.1268,0.7752399999999999,0.60222,5.8128,1.7975999999999999,23.7744,3.6084000000000005,12.0006,0.6175999999999999,15.499600000000001,3.2194,0.6154,10.0822,1.2322,14.525400000000001,12.155,13.0414,1700.7421129645459,0,11.622070309999799
2023-12-20_Freiburg_Heidenheim,2023-12-20,20:30,Bundesliga,Matchweek 16,Wed,2024,3.0,2.0,Heidenheim,Freiburg,Home Win,1584.79406738,1,20.0,1.6444,1.3783999999999998,1.1502400000000002,1.61942,46.3566,13.9156,4.493,33.475939999999994,1.1502400000000002,0.083826,4.696400000000001,1.3922599999999998,0.25806000000000007,16.7162,17.8014,0.8495999999999999,0.76722,9.565999999999999,0.714,28.2974,3.9508,12.2764,0.6862,19.415999999999997,6.9216,2.7152000000000003,12.328600000000002,3.9836,21.444000000000003,21.657,14.223399999999998,1623.9017124025438,1724.14611816,0.8398,1.4300000000000002,0.74156,1.80808,36.849000000000004,7.714799999999999,2.4706,26.49404,0.74156,0.114014,4.447400000000001,1.3512,-0.07880000000000002,14.631,16.7214,0.59536,0.54896,5.7432,1.1912,22.2854,3.7074,12.195,0.4884,11.805,2.8576,1.6796,9.904200000000001,1.9913999999999998,13.921999999999999,14.468399999999999,9.5846,1774.105863135584,0,-139.35205078000013
2023-12-20_Augsburg_Stuttgart,2023-12-20,20:30,Bundesliga,Matchweek 16,Wed,2024,3.0,0.0,Stuttgart,Augsburg,Home Win,1720.33740234,1,20.0,1.916,1.1362,3.30832,1.18594,59.5628,19.2834,7.8468,41.0325,2.54544,0.135158,3.7691999999999997,1.26974,0.13354,9.957,45.690599999999996,1.8172799999999998,1.9271,14.829999999999998,2.38,48.72559999999999,11.0274,11.183599999999998,2.7888,16.0316,6.328200000000001,3.6122,26.8096,2.3274,36.770399999999995,31.583199999999998,24.834799999999998,1745.913241528934,1612.83190918,1.3075999999999999,1.5823999999999998,1.63204,1.6506800000000001,44.2078,11.9512,2.2302,21.44142,1.3138,0.11531799999999999,6.0862,1.85616,0.27376,17.5232,24.6714,0.64192,0.95052,6.698600000000001,1.6949999999999998,28.187600000000003,4.757,11.6818,0.82,13.6098,3.1338,2.4372,10.7152,2.4342,18.088600000000003,17.617399999999996,11.709999999999999,1632.098287427456,0,107.50549316000001
2023-12-20_Bochum_Leverkusen,2023-12-20,20:30,Bundesliga,Matchweek 16,Wed,2024,4.0,0.0,Leverkusen,Bochum,Home Win,1847.00854492,1,20.0,2.5802,0.3978,2.30864,0.57116,66.42340000000002,18.9232,6.831799999999999,36.3727,2.30864,0.13054000000000002,2.3382,0.77312,0.37532,8.203,55.9974,1.6084000000000003,1.6998,14.0738,0.6617999999999999,65.6104,13.175,8.8628,3.8908000000000005,21.485,10.436,4.122800000000001,24.8814,3.0518,33.4602,36.6486,30.3506,1727.797837280828,1621.20556641,0.8178,1.2864,1.0226600000000001,1.4905000000000002,45.162000000000006,13.1064,3.3062,26.3899,1.0226600000000001,0.07956600000000001,4.850999999999999,1.5243799999999998,0.48218,16.849,24.8352,0.88112,0.82994,9.1938,1.526,32.3818,6.880799999999999,13.9622,0.8373999999999999,14.6504,3.2318,1.062,14.532,2.5216000000000003,22.121,19.491,12.3848,1661.798632422412,0,225.80297851
2024-01-12_Bayern Munich_Hoffenheim,2024-01-12,20:30,Bundesliga,Matchweek 17,Fri,2024,3.0,0.0,Bayern Munich,Hoffenheim,Home Win,1962.54382324,1,20.0,4.8496,0.4396,3.46676,0.46778,58.000800000000005,21.8068,10.1876,45.73596,3.3386,0.151648,1.8794,0.59802,0.15842,7.652200000000001,41.038000000000004,3.06468,3.0299399999999994,19.083,1.2396,57.2394,13.400200000000002,9.1416,4.171399999999999,17.0012,6.916,8.801,27.8382,3.8935999999999997,40.0576,38.814,31.650399999999998,1638.128970312286,1665.17321777,1.6764000000000001,2.0464,1.2683,2.0022,47.9016,11.4176,4.6154,44.793820000000004,1.1259000000000001,0.111908,6.5488,2.19618,0.14977999999999997,15.7104,31.123,0.85338,0.96698,7.8111999999999995,2.1896,39.1454,7.571200000000001,12.7592,1.4322000000000001,17.509,2.7776,2.9306,16.576,0.9279999999999999,20.7118,19.007600000000004,14.093,1701.0992762712463,0,297.3706054699999
2024-01-13_Mainz 05_Wolfsburg,2024-01-13,15:30,Bundesliga,Matchweek 17,Sat,2024,1.0,1.0,Mainz 05,Wolfsburg,Draw,1636.33496094,1,15.0,0.5736,1.4786000000000001,1.35018,0.91544,49.7812,15.463799999999999,3.4396,23.439760000000003,1.35018,0.088604,3.1557999999999997,0.9786000000000001,-0.3398,9.1362,33.5828,1.17238,1.15418,12.4154,2.6842,38.1322,7.6462,12.8022,1.1059999999999999,21.1062,6.263,0.7714000000000001,15.955,3.6639999999999997,25.3604,29.7962,15.428,1763.985131885472,1674.62915039,0.9802,2.4652000000000003,0.9725999999999999,1.4546599999999998,49.0758,12.635,4.2894,33.37662,0.8301999999999999,0.065068,6.489199999999999,2.02788,-0.25932000000000005,15.8516,25.86,0.66082,0.7075,10.041799999999999,1.7913999999999999,33.8506,7.3628,15.425999999999998,1.2615999999999998,19.7024,5.868399999999999,1.8001999999999998,16.244400000000002,2.2132,22.9336,16.977,11.5072,1614.6129116956658,1,-38.294189449999976
2024-01-13_Darmstadt 98_Dortmund,2024-01-13,18:30,Bundesliga,Matchweek 17,Sat,2024,0.0,3.0,Darmstadt 98,Dortmund,Away Win,1536.66333008,1,18.0,0.3382,1.3006,0.90836,1.13266,55.8078,12.963799999999999,3.2024,25.02784,0.7802,0.060208000000000005,3.8384,1.2747600000000001,-0.025839999999999988,12.0354,34.0076,0.5222000000000001,0.7580200000000001,9.4016,1.9722,38.790800000000004,6.895199999999999,13.3108,0.8386,20.2708,4.8484,0.6764,16.998399999999997,2.7108,23.156399999999998,16.293799999999997,12.9656,1672.939096774846,1840.44641113,1.6764000000000001,1.5538,1.6345,2.4278800000000005,48.3396,11.6218,3.8598,36.84144,1.6345,0.162554,5.756,2.0953,0.5415000000000001,18.321799999999996,29.785400000000003,1.33018,1.18316,7.8866,2.0224,31.125799999999998,6.3784,14.6374,0.9138000000000001,15.132000000000001,3.3196000000000003,3.0324,15.645399999999999,1.577,21.102400000000003,18.2868,19.2502,1712.5164217506178,2,-303.78308104999996
2024-01-13_Freiburg_Union Berlin,2024-01-13,15:30,Bundesliga,Matchweek 17,Sat,2024,0.0,0.0,Freiburg,Union Berlin,Draw,1720.06689453,1,15.0,1.978,0.9912000000000001,2.30662,1.2112800000000001,57.69,15.445599999999999,4.7858,31.183480000000003,1.89562,0.118642,2.4676,1.0060799999999999,0.014880000000000004,7.6082,39.2392,1.46102,1.54168,10.4986,2.7834,48.9894,10.0544,14.2626,2.104,24.8506,6.4315999999999995,3.3360000000000003,21.365000000000002,1.7272,28.1112,24.854400000000002,18.9528,1608.240502562732,1649.70349121,0.356,2.8796000000000004,0.8912599999999999,1.78248,42.0332,9.361999999999998,3.0730000000000004,42.6831,0.74886,0.063836,6.5854,1.8857400000000002,-0.79606,14.319799999999999,25.114199999999997,0.5408999999999999,0.6622600000000001,7.404999999999999,1.4698,33.992799999999995,5.666799999999999,11.2758,0.358,20.1494,3.9794,0.712,12.153199999999998,2.3474,16.954,16.162399999999998,10.8692,1689.873965698278,1,70.36340331999986
2024-01-13_Eint Frankfurt_RB Leipzig,2024-01-13,15:30,Bundesliga,Matchweek 17,Sat,2024,0.0,1.0,RB Leipzig,Eint Frankfurt,Away Win,1846.3001709,1,15.0,2.8336,0.6617999999999999,3.0868800000000003,0.73834,64.42219999999999,19.830199999999998,7.5862,36.9102,2.37606,0.11751400000000001,2.2884,0.5913999999999999,-0.07040000000000005,9.7892,51.7718,1.77012,1.8666200000000002,15.291599999999999,2.4828,60.733599999999996,13.230599999999999,11.918000000000001,2.8808,22.3968,8.081199999999999,3.6734,26.5306,2.2484,36.2366,35.3626,23.7506,1641.2904691151223,1706.43774414,1.6300000000000001,1.7280000000000002,1.33352,1.5638,49.948,9.9382,3.7356,44.557,1.33352,0.158362,4.264,1.75368,0.02568000000000001,17.5646,32.413799999999995,1.13004,0.9867,7.4592,1.2152,32.4638,6.738999999999999,11.0564,0.8617999999999999,13.113999999999999,4.1434,2.4821999999999997,13.5378,1.9734,18.1032,19.7502,16.661,1689.8964578857158,2,139.86242676000006
2024-01-13_Augsburg_Leverkusen,2024-01-13,15:30,Bundesliga,Matchweek 17,Sat,2024,0.0,1.0,Augsburg,Leverkusen,Away Win,1605.97497559,1,15.0,1.5757999999999999,1.3381999999999998,1.33846,1.5505200000000001,38.483000000000004,12.906000000000002,3.9494000000000002,37.67286,1.16262,0.097832,6.084000000000001,1.54496,0.42656000000000005,16.3298,26.385800000000003,0.9021399999999999,1.0671000000000002,8.956,3.1404,33.0546,8.053999999999998,10.8026,1.9834,21.762999999999998,3.5406,2.0112,16.2178,2.3426,22.6642,26.028200000000002,17.426000000000002,1714.945503562934,1856.89892578,2.3336000000000006,0.8178,1.24948,1.34444,54.3082,12.5282,4.815799999999999,41.65912,1.24948,0.11137599999999999,5.595000000000001,1.349,0.5311999999999999,11.8432,33.7134,1.1515,1.48046,10.988,1.7922,42.56179999999999,10.338799999999999,12.087,3.2812,12.593,4.56,3.6874,17.5958,1.3282,22.7042,27.1132,25.1062,1675.0545784437081,2,-250.9239501899999
2024-01-13_Heidenheim_Koln,2024-01-13,15:30,Bundesliga,Matchweek 17,Sat,2024,1.0,1.0,Koln,Heidenheim,Draw,1615.33166504,1,15.0,0.7318,0.916,1.10556,2.0793600000000003,48.9786,13.6634,4.9972,37.49954,0.82076,0.055760000000000004,3.4926000000000004,1.4769400000000001,0.56094,11.4884,23.8382,0.66142,1.12148,9.270800000000001,2.9076,33.647800000000004,7.018800000000001,8.206800000000001,0.8642000000000001,23.6208,5.5872,1.2855999999999999,18.769800000000004,2.4432,24.698,20.543400000000002,21.7378,1720.717170606778,1594.81750488,1.0376,1.9072,0.78336,2.1479,37.215599999999995,7.3096,2.1362,28.704919999999998,0.78336,0.115236,5.9246,1.5836400000000002,-0.14556000000000002,17.3676,21.302,0.6108600000000001,0.67778,5.534,1.714,26.9658,4.9232,11.1724,0.822,14.182200000000002,2.9724000000000004,1.6796,9.5762,1.536,12.965200000000001,14.188399999999998,9.9512,1767.392917016668,1,20.514160160000074
2024-01-14_Gladbach_Stuttgart,2024-01-14,17:30,Bundesliga,Matchweek 17,Sun,2024,3.0,1.0,Gladbach,Stuttgart,Home Win,1664.9597168,1,17.0,2.3956,1.2066,1.5367199999999999,0.9966999999999999,51.322799999999994,13.822400000000002,5.3306,36.747440000000005,1.3828599999999998,0.10024,4.9446,1.40368,0.19708,14.909600000000001,28.981199999999998,1.11924,1.19414,10.9022,1.6032,42.611,7.3602,12.778200000000002,1.9878,17.5136,6.547999999999999,4.2374,16.128,2.1858000000000004,24.575,23.7702,18.0474,1636.0930666267461,1723.72229004,1.294,1.3479999999999999,1.7671999999999999,1.33788,57.8002,11.7114,3.0962,29.83516,1.6089599999999997,0.139894,3.7458,0.7630999999999999,-0.36510000000000004,16.2436,37.0794,1.4292799999999999,1.66104,8.819600000000001,1.9702,46.28639999999999,9.474,12.2398,3.7028,14.482800000000001,3.1116,2.4278,17.3854,0.4044,21.8872,22.238400000000002,16.776,1732.763667186102,0,-58.76257323999994
2024-01-14_Bochum_Werder Bremen,2024-01-14,15:30,Bundesliga,Matchweek 17,Sun,2024,1.0,1.0,Bochum,Werder Bremen,Draw,1617.0826416,1,15.0,2.106,1.2542,2.26686,1.17048,50.114200000000004,20.272000000000002,6.1786,30.431659999999997,1.9291,0.095546,4.5654,0.98504,-0.09115999999999999,14.0348,27.9506,1.1343,1.19698,14.5794,3.589,39.6084,11.245999999999999,16.1092,1.8862,22.5398,5.0684,3.77,22.985800000000005,5.6438,35.9708,29.464,14.0702,1656.542814819366,1613.55725098,1.2044,2.1424,1.11542,2.27494,46.930200000000006,10.791599999999999,3.8108000000000004,34.061280000000004,1.11542,0.1018,4.7778,1.98486,-0.15754,11.1978,25.3716,1.0172,1.01068,8.4692,3.4298,32.3684,7.5896,12.159600000000001,1.5468,15.566399999999998,4.0196,2.4088,14.8676,1.3038,18.832,17.1914,12.764800000000001,1698.392347924572,1,3.525390620000053
2024-01-20_Bochum_Stuttgart,2024-01-20,15:30,Bundesliga,Matchweek 18,Sat,2024,1.0,0.0,Bochum,Stuttgart,Home Win,1615.07775879,1,15.0,1.9954,0.9404,1.96596,0.83064,48.705200000000005,18.2028,5.9606,31.96386,1.66196,0.088106,3.6878000000000006,0.51722,-0.26298,13.3546,26.037200000000002,0.9410999999999999,0.901,12.6796,2.5092,36.7408,8.547,16.2424,2.0418,19.0022,4.5732,3.5930000000000004,20.080399999999997,4.7026,31.501599999999996,25.2336,14.7636,1645.052324830644,1712.91992188,1.1204,1.9458000000000002,1.4497200000000001,1.56716,60.7066,11.6076,2.6982,26.898519999999998,1.30732,0.11892399999999999,3.6271999999999998,1.12756,-0.62044,12.079600000000001,44.1096,1.16886,1.64606,8.360800000000001,1.2964,51.418600000000005,9.3824,10.618200000000002,3.6768,14.290200000000002,2.9562000000000004,2.2408,16.925800000000002,0.46399999999999997,21.5332,22.6702,18.8078,1729.664235033234,0,-97.84216308999999
2024-01-20_Freiburg_Hoffenheim,2024-01-20,15:30,Bundesliga,Matchweek 18,Sat,2024,3.0,2.0,Freiburg,Hoffenheim,Home Win,1716.25158691,1,15.0,1.4918,0.892,2.3713,1.09688,58.1974,16.2104,4.751399999999999,28.904259999999997,2.11676,0.135196,2.765,0.8821599999999999,-0.009840000000000008,7.7034,41.209999999999994,1.6767599999999998,1.8082,11.3138,3.726,52.983,11.6466,12.6828,2.1378,26.6954,6.4766,2.4256,23.302999999999997,1.6544,29.2862,27.187600000000003,19.6342,1620.5683650379378,1662.83129883,1.0762,2.286,1.16054,2.3704,45.1364,11.519799999999998,4.5538,43.43548,1.0323799999999999,0.10018400000000001,8.147599999999999,2.65824,0.37224,16.7164,26.238000000000003,0.7282799999999999,0.9414399999999999,8.074200000000001,2.559,35.811800000000005,7.2256,11.474,1.589,16.913600000000002,2.4114,1.7724,16.5738,0.8351999999999999,20.784399999999998,17.974,12.774199999999999,1780.454536841514,0,53.42028808000009
2024-01-20_Darmstadt 98_Eint Frankfurt,2024-01-20,15:30,Bundesliga,Matchweek 18,Sat,2024,2.0,2.0,Darmstadt 98,Eint Frankfurt,Draw,1531.83068848,1,15.0,0.1602,1.4706000000000001,0.71568,1.50244,53.7296,11.9024,2.938,24.431579999999997,0.71568,0.061745999999999995,4.3988000000000005,1.72594,0.25533999999999996,11.5758,32.1866,0.4779,0.67014,8.196399999999999,1.875,37.8804,7.1944,13.135399999999999,0.178,17.914,4.231199999999999,0.3204,15.5776,1.8188,21.0548,13.1694,12.3926,1691.0372290501598,1719.46691895,1.2786,1.411,1.1227,2.0602600000000004,47.599000000000004,8.0022,2.8852000000000007,40.183820000000004,1.1227,0.17173600000000003,5.2143999999999995,1.67828,0.2672800000000001,20.5946,29.029599999999995,0.9684200000000001,0.86592,6.0596,0.9494,28.2214,5.111400000000001,11.395,0.7756000000000001,12.558,4.2732,2.0014,11.0092,1.7318,14.4528,16.912,14.4644,1730.357305591764,1,-187.6362304700001
2024-01-20_Dortmund_Koln,2024-01-20,15:30,Bundesliga,Matchweek 18,Sat,2024,0.0,4.0,Koln,Dortmund,Away Win,1612.80395508,1,15.0,0.9028,0.7802,1.11382,1.73066,50.766999999999996,13.6968,4.9974,37.320319999999995,0.8575,0.057626,3.055,1.1241,0.3439000000000001,11.783800000000001,27.9056,0.72852,1.12374,10.0762,3.3051999999999997,35.4364,7.161,8.286200000000001,0.7778,24.1702,6.0725999999999996,1.6454,18.1158,2.743,24.9278,19.5678,21.863799999999998,1696.087998926588,1845.27893066,1.8088000000000002,1.2542,1.9974,2.15526,49.4274,13.746199999999998,4.7066,32.64844,1.9974,0.15132199999999998,5.236,1.7326800000000002,0.47848,16.38,29.54,1.71234,1.4511800000000001,9.9402,2.1644,33.9212,7.7501999999999995,14.0852,1.5108000000000001,12.8772,3.532,3.6176000000000004,19.7094,1.4194,25.021,20.3452,20.891,1673.5262089831579,2,-232.4749755800001
2024-01-20_Leverkusen_RB Leipzig,2024-01-20,18:30,Bundesliga,Matchweek 18,Sat,2024,2.0,3.0,RB Leipzig,Leverkusen,Away Win,1833.27099609,1,18.0,2.5502000000000002,0.8398,3.27238,0.87544,62.30539999999999,23.2544,8.3486,36.6355,2.86336,0.123972,2.0154,0.6843400000000001,-0.15546,9.4104,51.185,2.25916,2.4693,17.7928,2.9788,58.68620000000001,13.5518,13.779600000000002,2.7925999999999997,24.6344,9.638399999999999,3.306,28.9078,3.5446,41.1854,39.6546,21.633399999999998,1665.0820449943,1860.62402344,1.9118,0.736,1.45432,1.2356,59.50540000000001,16.271,5.3668000000000005,36.38808,1.45432,0.092378,4.603,1.14202,0.40602,9.5168,42.7096,1.32172,1.82756,14.584800000000001,2.5898,50.4404,13.1236,12.8108,2.3764,18.482799999999997,6.8902,3.2302,24.739,1.928,30.225,34.8928,30.644599999999997,1663.476494289294,2,-27.353027350000048
2024-01-20_Heidenheim_Wolfsburg,2024-01-20,15:30,Bundesliga,Matchweek 18,Sat,2024,1.0,1.0,Heidenheim,Wolfsburg,Draw,1597.34521484,1,15.0,2.0684,1.729,1.38384,1.5797999999999999,47.4538,14.745000000000001,4.199599999999999,29.245039999999996,1.38384,0.09565399999999999,4.0502,1.4619199999999999,-0.04727999999999997,14.326,20.952,1.06886,0.94588,10.286200000000001,0.7426,31.819200000000002,6.097799999999999,11.7162,0.6175999999999999,19.5186,7.2178,3.1322,14.293600000000001,3.9294,22.8532,23.7218,14.9896,1634.634344358954,1675.51782227,0.9822,2.0302000000000002,0.84882,1.0175400000000001,49.977,11.838799999999999,4.1162,34.86808,0.7206600000000001,0.058794,5.175000000000001,1.48576,-0.38424,18.341199999999997,26.9944,0.61148,0.68674,9.793400000000002,1.6122,34.18579999999999,6.7822,16.8046,1.2354,19.2762,5.148999999999999,1.9644,15.0872,2.392,21.474999999999998,16.9234,11.068200000000001,1609.750218117042,1,-78.17260742999997
2024-01-21_Augsburg_Gladbach,2024-01-21,17:30,Bundesliga,Matchweek 18,Sun,2024,1.0,2.0,Gladbach,Augsburg,Away Win,1675.76208496,1,17.0,2.6002,1.0418,1.5153800000000002,1.00146,44.6206,11.3658,4.4766,39.096379999999996,1.3769200000000001,0.135404,3.9292000000000002,1.10148,0.05968000000000001,14.6068,21.3158,1.07966,1.02936,9.2144,0.822,34.482600000000005,6.2592,12.644400000000001,2.2774,11.5924,4.4512,4.457800000000001,13.208400000000001,1.8788,20.0572,20.241999999999997,15.379999999999999,1659.435747803836,1602.24987793,1.1768,1.8684000000000003,1.4022599999999998,1.9763000000000002,41.312799999999996,10.346599999999999,2.5514,32.25462,1.1158599999999999,0.1049,6.9984,2.1324,0.264,16.182199999999998,22.551199999999998,0.54004,0.82336,6.0962,1.2372,25.6272,3.9488000000000003,11.081199999999999,0.738,13.4048,3.3646,2.1934,9.611,2.2024,15.8376,15.2252,10.762199999999998,1640.2233862541898,2,73.51220703000013
2024-01-21_Bayern Munich_Werder Bremen,2024-01-21,15:30,Bundesliga,Matchweek 18,Sun,2024,0.0,1.0,Bayern Munich,Werder Bremen,Away Win,1964.88574219,1,15.0,4.0878,0.3956,3.11168,0.6996,58.156,22.6144,9.8362,43.02622,3.11168,0.13639,2.524,0.69028,0.29467999999999994,7.943,48.215399999999995,2.7862999999999998,2.9548200000000002,19.0862,1.9482,59.6126,14.737,8.106399999999999,3.81,18.5662,7.757,7.7998,30.3078,3.1273999999999997,41.24,40.4768,29.310999999999996,1649.733886961408,1615.56213379,1.0398,1.5956,0.98296,1.87228,46.4724,12.0334,3.2972,27.38802,0.98296,0.083644,4.5558,1.9242800000000004,0.32868,11.710600000000001,22.351200000000002,0.87456,0.9131,9.6874,3.9194,30.7458,7.7748,12.988,1.0596,16.3426,4.0176,2.0796,15.1692,2.3944,20.5582,18.9816,12.6442,1701.7718215332882,2,349.3236084
2024-01-24_Bayern Munich_Union Berlin,2024-01-24,20:30,Bundesliga,Matchweek 13,Wed,2024,1.0,0.0,Bayern Munich,Union Berlin,Home Win,1964.88574219,1,20.0,3.2464000000000004,0.6002,2.91842,0.7129000000000001,58.9966,22.6974,9.6968,42.36464,2.91842,0.127424,3.0042000000000004,0.8166,0.21640000000000004,8.669599999999999,51.593,2.42022,2.8284200000000004,18.589399999999998,2.9744,65.0154,16.040399999999998,7.4190000000000005,2.8080000000000003,20.9518,8.414,6.1546,31.254399999999997,3.2588,42.1816,38.4112,29.5798,1630.637608226704,1653.51879883,0.3204,2.4474,0.60704,1.92844,41.121,7.74,2.589,43.48772,0.47888,0.053802,6.082599999999999,1.826,-0.4434000000000001,16.1416,22.7282,0.3338,0.5307000000000001,5.867,1.5228,28.824,4.7792,11.392399999999999,0.6664,16.983400000000003,3.3048,0.6408,10.6962,1.9244,14.3078,14.4604,8.9964,1714.040791283456,0,311.36694336000005
2024-01-26_Eint Frankfurt_Mainz 05,2024-01-26,20:30,Bundesliga,Matchweek 19,Fri,2024,1.0,0.0,Eint Frankfurt,Mainz 05,Home Win,1716.12744141,1,20.0,2.6396,1.3936,1.5016200000000002,1.57362,49.7198,13.145599999999998,5.011,39.020979999999994,1.33786,0.10628599999999999,3.1912,0.94572,-0.44788,13.8048,30.338,0.78234,0.79682,8.448599999999999,1.9148,40.2984,9.383600000000001,12.091,1.8134000000000001,16.6314,3.4452,4.088,15.783,1.3812000000000002,20.9754,26.2954,17.8328,1762.384275879154,1635.44628906,0.7624,0.7624,1.0722200000000002,0.90962,43.79639999999999,11.5148,4.014,34.8179,0.91398,0.078692,4.3347999999999995,1.1066,0.3442,12.988999999999999,23.436999999999998,0.6173,0.78884,7.3236,1.6179999999999999,36.6716,6.1362000000000005,11.5456,0.442,13.839199999999998,4.3026,1.2044,13.601799999999999,1.8175999999999999,19.3234,21.1048,14.757399999999999,1674.176393724816,0,80.68115235000005
2024-01-27_Koln_Wolfsburg,2024-01-27,15:30,Bundesliga,Matchweek 19,Sat,2024,1.0,1.0,Wolfsburg,Koln,Draw,1675.19592285,1,15.0,1.156,1.5823999999999998,1.02412,1.9043200000000002,46.089400000000005,10.7726,3.8808,42.26946,1.02412,0.095646,5.5428,1.81336,0.23096,13.063,31.174999999999997,0.84634,1.24424,7.5606,1.3138,36.87780000000001,7.9648,15.4148,0.6784,13.5988,2.8276,2.312,13.9618,0.6175999999999999,18.203599999999998,17.8068,12.303199999999999,1797.2411419189882,1604.76049805,0.3758,2.0672,1.0602,2.4956,50.713,10.7386,4.344200000000001,36.10544,1.0602,0.11336200000000002,7.0840000000000005,2.7446800000000002,0.67748,15.616999999999999,21.753999999999998,0.69446,0.57758,6.3198,2.3062,28.9692,4.28,12.044599999999999,1.0442,20.5218,3.5416000000000003,0.5538,11.727400000000001,0.9206,17.4472,15.058,19.607,1672.799638428106,1,70.43542479999996
2024-01-27_RB Leipzig_Stuttgart,2024-01-27,15:30,Bundesliga,Matchweek 19,Sat,2024,5.0,2.0,Stuttgart,RB Leipzig,Home Win,1704.13012695,1,15.0,2.0244,0.8784000000000001,3.22302,0.94316,61.2158,19.6318,8.0064,40.67374,2.65182,0.13664199999999999,3.6482,0.98534,0.10693999999999998,10.061399999999999,46.086600000000004,1.8832200000000001,1.9132,14.447,1.9536,48.1644,11.9572,12.0978,2.954,14.4632,5.9512,3.3626,26.172800000000002,2.4388,36.0816,30.8244,24.5392,1716.989089966494,1824.29248047,1.582,1.5956,1.95802,1.4187,55.2354,18.1932,6.7916,38.38646,1.95802,0.112136,3.5290000000000004,0.85118,-0.74442,11.708599999999999,33.177800000000005,1.39634,1.7419399999999998,13.452,2.2682,49.48180000000001,11.964599999999999,13.819799999999999,2.4596,18.6462,5.9152,2.2604,23.5828,1.547,31.490799999999997,33.617200000000004,21.6284,1676.0802516359681,0,-120.16235352000012
2024-01-27_Augsburg_Bayern Munich,2024-01-27,15:30,Bundesliga,Matchweek 19,Sat,2024,2.0,3.0,Augsburg,Bayern Munich,Away Win,1613.75463867,1,15.0,1.274,1.1602000000000001,1.17252,1.6243599999999998,33.5742,9.752799999999999,3.1218000000000004,31.49612,1.01428,0.11502599999999999,6.2198,1.5061,0.5437,19.0712,21.331000000000003,0.80868,0.9282800000000001,6.8186,2.2496,29.330399999999997,6.783399999999999,9.701200000000002,1.9851999999999999,17.1146,2.6098,1.81,12.300799999999999,1.5316,16.905,21.6416,15.518400000000002,1774.4264633530902,1950.04321289,2.0986000000000002,1.5033999999999998,2.6223400000000003,0.7527799999999999,61.4242,18.2526,5.6048,32.61756,2.6223400000000003,0.158898,3.152,0.8698000000000001,-0.6335999999999999,8.851,43.3626,2.21872,2.1400200000000003,14.141000000000002,3.2186000000000003,47.165400000000005,11.944399999999998,10.7606,3.2984,16.1478,7.2944,3.8392,24.27,2.7710000000000004,33.6058,31.980800000000002,25.363799999999998,1698.8358091310142,2,-336.2885742199999
2024-01-27_Freiburg_Werder Bremen,2024-01-27,15:30,Bundesliga,Matchweek 19,Sat,2024,3.0,1.0,Werder Bremen,Freiburg,Home Win,1631.88818359,1,15.0,1.3602,1.1936,1.1307200000000002,1.21892,47.3424,9.897,2.8938,32.29448,1.0061200000000001,0.099664,3.819,0.9892000000000001,-0.0066000000000000225,14.6652,22.937800000000003,0.88368,0.9267400000000001,7.497,2.1390000000000002,36.50279999999999,7.119,10.8704,1.9145999999999999,14.113999999999999,2.5556,2.222,13.492,0.9934,17.0878,16.9348,15.150000000000002,1750.8324994143259,1721.23925781,1.2442,1.5870000000000002,1.09254,1.74516,40.1712,9.096599999999999,2.956,31.169700000000002,0.9216,0.125152,3.87,1.22628,-0.11651999999999996,15.056199999999999,20.8888,0.74118,0.6505799999999999,6.833799999999999,1.8046000000000002,26.829,5.1018,14.95,1.1722000000000001,14.3432,3.4044,2.4884,11.755400000000002,2.0364,16.836399999999998,15.8748,9.9144,1703.156913988992,0,-89.3510742200001
2024-01-27_Gladbach_Leverkusen,2024-01-27,18:30,Bundesliga,Matchweek 19,Sat,2024,0.0,0.0,Leverkusen,Gladbach,Draw,1869.60241699,1,18.0,2.8664,0.358,2.42222,0.42428,67.40180000000001,17.3772,6.416,37.86682,2.22686,0.138814,1.916,0.58604,0.22804,7.0176,51.8666,1.61108,1.7853999999999999,13.3012,0.8398,66.546,13.0132,10.1418,4.2902000000000005,20.491799999999998,8.7828,4.5548,23.4836,2.7582,31.527800000000003,35.6184,29.627,1717.140151002166,1664.25720215,1.5538,2.9536000000000002,0.9525,2.45636,46.0612,8.5082,2.7735999999999996,33.22986,0.8100999999999999,0.08868,8.061,3.07584,0.12224000000000002,17.1322,24.266199999999998,0.75232,0.66264,7.5128,1.8108,35.9132,6.0928,11.2702,0.6154,13.4712,3.6548000000000003,2.8634000000000004,11.6034,1.18,16.314999999999998,12.0608,15.591,1710.9864892344217,1,205.34521483999993
2024-01-27_Heidenheim_Hoffenheim,2024-01-27,15:30,Bundesliga,Matchweek 19,Sat,2024,1.0,1.0,Hoffenheim,Heidenheim,Draw,1657.84362793,1,15.0,2.106,2.1648,1.94864,1.4435799999999999,47.7208,14.257,4.949199999999999,34.93716,1.75328,0.135542,4.5116,2.01196,-0.15284,10.9206,35.5748,1.37032,1.1944,10.707799999999999,1.9822,39.7526,7.8782,12.1206,2.77,19.8634,5.2972,3.2384000000000004,17.352800000000002,2.3634,24.4242,21.604599999999998,16.258599999999998,1653.18504968292,1597.66711426,1.178,1.6722,0.75176,1.87886,38.1062,7.767,2.1226000000000003,27.132,0.75176,0.10605999999999999,5.6878,1.48076,-0.031239999999999934,20.7384,21.2162,0.46442,0.68,4.9921999999999995,1.7426,25.415799999999997,3.9658,10.678400000000002,0.5956,13.0664,3.2752,2.0,9.1744,1.5823999999999998,14.1338,13.0602,9.1234,1739.300250707936,1,60.17651366999985
2024-01-28_Bochum_Dortmund,2024-01-28,17:30,Bundesliga,Matchweek 19,Sun,2024,3.0,1.0,Dortmund,Bochum,Home Win,1853.3223877,1,17.0,1.6352,2.0112,1.8502200000000002,1.6667,55.4636,20.2328,6.5786,30.929540000000003,1.8502200000000002,0.089588,5.4012,1.7023599999999999,-0.08904,11.0038,39.279799999999994,1.46866,1.7305000000000004,16.035200000000003,1.558,46.417199999999994,10.849,12.9864,2.146,17.410600000000002,5.909,3.0726,24.9052,2.8304,36.6546,31.580399999999997,22.4498,1740.0329543718838,1623.86767578,0.736,2.1346,0.9603999999999999,1.78686,44.6108,11.9634,2.9314,24.627419999999994,0.9603999999999999,0.08049200000000001,5.598599999999999,1.7729599999999999,-0.14184,13.1244,24.9166,0.7986,0.86464,8.2862,1.6176,30.5996,6.5927999999999995,14.0544,1.242,13.5412,3.4970000000000003,0.9558,12.469600000000002,2.8138,19.5116,18.898,11.8904,1680.8642360110382,0,229.45471192000014
2024-01-28_Darmstadt 98_Union Berlin,2024-01-28,15:30,Bundesliga,Matchweek 19,Sun,2024,1.0,0.0,Union Berlin,Darmstadt 98,Home Win,1652.03527832,1,15.0,1.3456,1.4322000000000001,1.46398,1.28248,45.9748,12.1522,4.2474,34.32732,1.1299000000000001,0.09391,4.099399999999999,1.5794399999999997,0.14723999999999998,15.9544,31.69,0.7665,0.8094,8.994399999999999,2.8718000000000004,45.794399999999996,9.1288,10.317599999999999,0.6242,24.2774,5.131799999999999,2.0318,15.645399999999999,1.9114000000000002,21.9222,21.4664,13.456800000000001,1665.859742481832,1535.17016602,1.6904,3.174,0.8852599999999999,2.65548,48.983399999999996,13.6088,3.8218,27.31374,0.7571,0.059384,6.437399999999999,2.4053799999999996,-0.76862,19.7324,25.7168,0.6097,0.61964,10.2668,2.1698,31.427999999999997,6.112400000000001,15.0042,0.356,11.8706,2.6064,2.5368000000000004,17.728,1.4462,23.2394,17.7146,11.837399999999999,1696.0241442846939,0,116.86511230000019
2024-02-02_Dortmund_Heidenheim,2024-02-02,20:30,Bundesliga,Matchweek 20,Fri,2024,0.0,0.0,Heidenheim,Dortmund,Draw,1601.17041016,1,20.0,1.8174,1.0794,1.2978,1.33,47.1436,14.037999999999998,3.7912000000000003,27.6232,1.2978,0.092206,3.5126000000000004,1.13738,0.25578,14.870000000000001,21.0806,0.9799,1.15108,9.9134,1.3568,31.6402,6.6766,11.2562,1.0442,20.6878,6.6076,2.3864,14.264399999999998,3.8364000000000003,22.279600000000002,25.5032,15.9234,1654.403091088092,1856.20092773,2.1722,0.6962,2.31074,1.9399400000000002,50.8734,12.794800000000002,5.1244000000000005,39.91174,2.11538,0.176612,4.9239999999999995,1.32218,0.62598,19.4044,25.5696,1.89208,1.5060799999999999,9.7462,1.3712,31.8106,7.2868,14.320799999999998,1.6039999999999999,10.1824,3.5788,4.1002,18.3734,1.2332,23.6096,21.964,20.081200000000003,1653.6222604002942,1,-255.03051757000003
2024-02-03_Freiburg_Stuttgart,2024-02-03,15:30,Bundesliga,Matchweek 20,Sat,2024,1.0,3.0,Freiburg,Stuttgart,Away Win,1709.17456055,1,15.0,1.7868,1.147,2.46184,1.1127799999999999,54.758799999999994,16.6776,5.8972,34.61876,2.33368,0.14388600000000001,3.0328,1.1625800000000002,0.01557999999999998,9.8868,38.391000000000005,1.7856,2.00716,11.6266,3.5534000000000003,50.919200000000004,11.093600000000002,11.981800000000002,2.0798,25.148999999999997,5.5962000000000005,2.9714,23.861,1.5448,30.0458,27.7014,19.1706,1635.413737719668,1720.01123047,0.5758,1.9954,1.44474,1.5436800000000002,61.5574,13.6448,2.9284,23.421,1.3165799999999999,0.106378,3.3644000000000003,1.1957399999999998,-0.6216600000000001,9.908800000000001,42.510799999999996,1.14754,1.9821800000000003,9.79,2.832,49.812,11.3978,12.1332,3.3648,18.0684,4.0816,1.1516,18.398600000000002,0.6617999999999999,23.578,29.041,18.150599999999997,1708.37905881326,2,-10.836669920000077
2024-02-03_Darmstadt 98_Leverkusen,2024-02-03,15:30,Bundesliga,Matchweek 20,Sat,2024,0.0,2.0,Darmstadt 98,Leverkusen,Away Win,1531.41589355,1,15.0,0.4884,1.5236,0.8118000000000001,1.47224,52.202999999999996,11.4796,2.8000000000000003,24.2432,0.8118000000000001,0.072782,4.359,1.72784,0.20423999999999998,10.7736,32.644,0.5678,0.82406,7.3558,2.1758,42.519999999999996,7.8515999999999995,11.4684,0.4044,18.9668,3.1988,0.7326,15.143,1.1602000000000001,20.284200000000002,13.6084,14.639400000000002,1712.2017635977759,1863.05444336,2.1648,1.0066,1.52334,1.3008600000000001,59.8438,17.165,5.0418,31.780520000000003,1.52334,0.08837400000000001,4.7426,1.1978,0.19120000000000004,8.588199999999999,43.8812,1.4040000000000001,1.9381,15.059000000000001,2.9192,53.3158,14.4648,12.153,1.862,19.5884,7.9664,3.7956000000000003,25.5864,2.8120000000000003,32.000600000000006,36.9784,30.0246,1698.7630196537398,2,-331.6385498100001
2024-02-03_Augsburg_Bochum,2024-02-03,15:30,Bundesliga,Matchweek 20,Sat,2024,1.0,1.0,Bochum,Augsburg,Draw,1620.98901367,1,15.0,1.7516,0.558,1.78722,1.03176,45.9044,16.2612,5.176,28.908700000000003,1.6289800000000003,0.107272,4.1074,0.46224,-0.09576,15.9494,23.3356,0.9458,0.76878,10.9904,1.8256000000000001,34.101,7.3594,15.5974,1.5492,18.2134,3.6390000000000002,2.9010000000000002,17.0742,3.7554,26.787799999999997,22.2236,13.2104,1665.5301929955478,1611.35852051,0.8266,1.6374,1.219,1.9775200000000002,42.257999999999996,11.821200000000001,3.2848,31.423000000000002,1.0766000000000002,0.084666,6.5544,1.89498,0.25758,15.9196,25.537799999999997,0.6248800000000001,0.9387,7.4076,1.7018,31.324800000000003,5.907400000000001,11.317200000000001,0.3758,15.9504,4.0166,1.6532,10.9266,2.1822,17.907400000000003,17.8888,13.1278,1659.376915916936,1,9.630493160000015
2024-02-03_Eint Frankfurt_Koln,2024-02-03,18:30,Bundesliga,Matchweek 20,Sat,2024,2.0,0.0,Koln,Eint Frankfurt,Home Win,1608.5201416,1,18.0,0.38,1.5348000000000002,0.93062,2.3445400000000003,46.5626,13.9392,4.8536,35.88638,0.93062,0.060306,4.1704,1.86308,0.32828,11.6494,28.015800000000002,0.6336,0.92278,9.836400000000001,2.2538,34.3076,5.7916,8.646,0.5558000000000001,25.3306,7.4866,0.76,15.930200000000001,3.2572,23.605600000000003,19.002200000000002,20.0916,1737.526752636768,1720.6204834,1.2066,1.7582,1.0727799999999998,2.0219199999999997,47.8388,8.5786,3.1407999999999996,37.56048,1.0727799999999998,0.135964,4.992999999999999,1.7613400000000001,0.00313999999999999,17.5962,27.160800000000002,0.93394,0.67514,6.4862,0.8544,29.2198,4.267600000000001,11.3672,1.0422,11.469399999999998,3.9458,1.8130000000000002,12.017399999999999,1.6586,15.1724,16.4206,14.062000000000001,1692.3074409679,0,-112.10034180000002
2024-02-03_Bayern Munich_Gladbach,2024-02-03,15:30,Bundesliga,Matchweek 20,Sat,2024,3.0,1.0,Bayern Munich,Gladbach,Home Win,1952.43933105,1,15.0,2.0124000000000004,0.5402,2.30308,0.5895,62.893,21.618399999999998,8.862,41.27942,2.30308,0.110262,2.3712,0.61076,0.07055999999999998,9.4676,58.116,1.63934,2.60698,17.032799999999998,3.3654,69.0222,18.1226,7.433,2.1946,24.664,9.4936,3.6204,30.952399999999997,2.7003999999999997,39.6566,41.088800000000006,32.1964,1648.587681713078,1670.80517578,1.2542,2.2256,0.88722,2.52954,41.791399999999996,7.913,2.9404000000000003,42.454100000000004,0.75906,0.089694,8.299,2.7031,0.4775,19.6614,20.908800000000003,0.72148,0.6896,6.917199999999999,1.4854,31.302000000000003,5.8274,12.175799999999999,0.7979999999999999,11.414,3.3449999999999998,2.2885999999999997,11.6754,0.7736,15.1948,12.2868,14.875600000000002,1764.0327088385482,0,281.63415527000006
2024-02-03_Mainz 05_Werder Bremen,2024-02-03,15:30,Bundesliga,Matchweek 20,Sat,2024,0.0,1.0,Mainz 05,Werder Bremen,Away Win,1630.95324707,1,15.0,0.7604,1.1424,1.24072,0.8118,51.0128,15.161599999999998,3.1514,21.21404,1.24072,0.0823,3.3844,0.68562,-0.45677999999999996,10.3316,32.0836,1.0851199999999999,1.03108,12.5064,3.0042000000000004,37.4312,8.4026,14.3316,1.2396,23.8146,6.913400000000001,1.1826,17.1572,3.8418,26.0338,26.4306,14.1644,1738.4681671879378,1643.95288086,1.18,1.2918,0.92464,1.7740800000000003,43.439,12.0626,3.5558,30.922160000000005,0.92464,0.077394,5.0886,1.80416,0.51236,13.0724,22.4808,0.80266,0.9250400000000001,9.4628,3.6274000000000006,29.5266,7.7856,14.387,1.1978,15.4198,3.5274,2.36,15.7172,2.255,21.2558,20.037,15.021799999999999,1746.43126958081,2,-12.999633789999962
2024-02-04_RB Leipzig_Union Berlin,2024-02-04,17:30,Bundesliga,Matchweek 20,Sun,2024,2.0,0.0,RB Leipzig,Union Berlin,Home Win,1808.41125488,1,17.0,1.9184,1.4884,2.73024,1.14652,56.9024,19.7662,7.248600000000001,40.70228,2.47748,0.130458,2.8906,1.00896,-0.47944,10.5902,44.782000000000004,2.10674,2.25146,15.760000000000002,2.4926000000000004,51.4678,12.2314,14.0902,3.0134,20.520000000000003,7.3328,2.9428,24.677400000000002,3.2902000000000005,35.018,36.547000000000004,20.7254,1718.942241186894,1655.78955078,0.0,1.8699999999999999,0.39332,2.0176600000000002,38.9436,6.2126,1.9976,40.44142000000001,0.39332,0.055864000000000004,6.9068,2.11638,0.40658,19.258,21.5668,0.26716,0.41112,4.571,1.1822,26.7646,3.6361999999999997,11.5856,0.5998,14.8872,2.3534000000000006,0.0,9.3174,1.2552,11.370199999999999,11.107400000000002,8.5966,1757.427893480954,0,152.6217041
2024-02-04_Hoffenheim_Wolfsburg,2024-02-04,15:30,Bundesliga,Matchweek 20,Sun,2024,2.0,2.0,Wolfsburg,Hoffenheim,Draw,1671.4362793,1,15.0,1.1404,1.3800000000000001,1.08612,1.5864399999999999,48.1222,10.5186,3.6044,40.225840000000005,1.08612,0.101406,4.4676,1.3892200000000001,0.009219999999999964,13.677400000000002,31.590200000000003,0.8816999999999999,1.41516,7.5162,1.6266,35.0808,8.0124,15.2732,0.178,14.615599999999999,3.4332000000000003,2.2808,12.523600000000002,1.5326,18.6948,19.6794,11.540199999999999,1750.157376416502,1654.34033203,1.0244,2.5016,1.14124,2.27362,50.403999999999996,13.409599999999998,4.4984,35.579440000000005,1.14124,0.08763199999999999,8.088799999999999,2.88456,0.38295999999999997,15.1914,28.9324,0.8808,1.11706,9.420200000000001,3.7682,39.3138,9.5332,12.8476,1.9744000000000002,19.4848,2.6586,1.851,19.523400000000002,1.24,24.4454,23.137,14.982800000000001,1775.2900252188178,1,17.095947270000124
2024-02-07_Mainz 05_Union Berlin,2024-02-07,18:30,Bundesliga,Matchweek 18,Wed,2024,1.0,1.0,Mainz 05,Union Berlin,Draw,1621.46362305,1,18.0,0.5402,0.8398,1.15334,0.6175999999999999,54.839,16.9546,3.6246,21.68074,1.15334,0.07129999999999999,2.5692,0.43078,-0.40902,8.6892,32.5516,0.9788799999999999,0.9891,12.999799999999999,2.8596,35.234,8.9948,15.2194,1.2156,26.84,8.6196,0.9202,19.150799999999997,4.346,29.2606,28.1402,15.268600000000001,1685.718560083104,1651.36242676,0.0,1.883,0.38955999999999996,1.96912,37.0068,7.0238,1.9978,37.15712,0.38955999999999996,0.050952,7.1046000000000005,2.12568,0.24267999999999998,19.208999999999996,18.3146,0.29044,0.40558,5.3464,1.264,23.7482,3.4842,12.0712,0.6398,13.300600000000001,2.6622,0.0,10.6624,1.3738,12.854,11.2522,8.7368,1795.465072239992,1,-29.89880371000004
2024-02-09_Dortmund_Freiburg,2024-02-09,20:30,Bundesliga,Matchweek 21,Fri,2024,3.0,0.0,Dortmund,Freiburg,Home Win,1851.31970215,1,20.0,2.06,2.0542000000000002,1.99844,1.5644000000000005,57.0828,19.0444,6.1764,30.44542,1.63214,0.08285999999999999,5.6936,1.5909200000000001,-0.021280000000000007,11.2474,35.224199999999996,1.15666,1.6065000000000003,14.5224,1.1138,46.0108,10.7758,14.8856,1.2104,16.1604,5.8298000000000005,3.6978,23.461399999999998,2.559,35.335800000000006,33.8438,23.116799999999998,1734.5661347914142,1695.73791504,1.2198,1.8726000000000003,1.14656,1.97926,45.9916,8.2102,2.9604000000000004,35.93666,0.79734,0.11430799999999999,3.6388000000000003,1.49112,-0.16167999999999996,14.6504,22.3096,0.6538,0.71878,6.5504,2.3125999999999998,30.065200000000004,5.9244,14.9434,1.5433999999999999,14.264800000000001,3.7082,2.4396,11.7682,1.6002,16.5528,16.8642,10.311399999999999,1670.95615781139,0,155.58178711000005
2024-02-10_Bayern Munich_Leverkusen,2024-02-10,18:30,Bundesliga,Matchweek 21,Sat,2024,3.0,0.0,Leverkusen,Bayern Munich,Home Win,1866.57958984,1,18.0,2.2914,0.178,2.6863,0.32533999999999996,68.8828,19.8814,7.3953999999999995,38.71786,2.51046,0.14025800000000002,2.0244,0.5241600000000001,0.34616,5.0298,61.550200000000004,1.88746,2.5083200000000003,15.813200000000002,2.4652000000000003,73.2288,16.1864,9.7834,3.3844000000000003,25.0702,8.2718,3.6668000000000003,29.484199999999998,2.5382000000000002,36.7914,43.3148,31.9942,1704.966415235692,1954.53955078,2.1888,1.6972,2.6621799999999998,1.1538,60.5048,17.7272,5.3002,31.326120000000003,2.6621799999999998,0.166776,4.1136,1.50772,-0.18947999999999993,10.587,39.4748,2.0059,1.79414,13.5384,2.6084,44.3296,10.6848,11.4732,2.9802000000000004,14.079200000000002,6.776400000000001,4.1996,24.2312,2.5495999999999994,32.745000000000005,29.164,27.2696,1689.2725832512742,0,-87.95996093999997
2024-02-10_Darmstadt 98_Gladbach,2024-02-10,15:30,Bundesliga,Matchweek 21,Sat,2024,0.0,0.0,Gladbach,Darmstadt 98,Draw,1668.70495605,1,15.0,2.2960000000000003,1.2818,1.6347800000000001,1.16106,45.9466,12.7502,4.2848,35.056979999999996,1.51018,0.139634,4.6688,1.36432,0.08252000000000004,14.113399999999999,18.4768,1.15938,1.22178,10.8582,1.084,34.4248,7.4542,14.056799999999999,2.538,13.0098,4.361800000000001,3.9678000000000004,16.7504,1.991,23.2818,24.224800000000002,16.6306,1661.053378883174,1527.89074707,1.233,2.9566,0.80582,2.87068,48.797,13.847999999999999,3.107,22.51574,0.80582,0.061888,6.8262,2.44462,-0.51198,18.305600000000002,26.866,0.7164200000000001,0.7542,10.7286,2.7854,32.962599999999995,7.078,14.815199999999999,0.3204,12.3278,2.5016,1.8506,18.4878,1.9899999999999998,24.348200000000002,19.3966,12.5422,1701.6669908672961,1,140.81420897999988
2024-02-10_Augsburg_RB Leipzig,2024-02-10,15:30,Bundesliga,Matchweek 21,Sat,2024,2.0,2.0,Augsburg,RB Leipzig,Draw,1613.60327148,1,15.0,1.2024,1.4884,1.48828,1.8216999999999999,34.705,10.7982,3.3096,28.735799999999998,0.95516,0.098548,5.7094,1.62316,0.31276000000000004,15.601399999999998,22.0536,0.67128,0.92984,7.325,2.4246,30.9622,7.7376000000000005,9.010200000000001,2.275,17.803,2.6046,2.029,13.9356,1.7226,19.5002,22.798,18.529,1828.126662693898,1812.83837891,1.4796,2.5128000000000004,1.58588,1.46802,54.74419999999999,15.9082,5.5914,36.66482,1.58588,0.095504,4.797000000000001,1.28678,-1.22602,10.9284,32.2798,1.0848,1.5255800000000002,11.585399999999998,2.0412,47.7648,10.8236,12.4728,0.916,18.2578,6.056,2.146,20.7144,1.4921999999999997,27.354599999999998,31.3102,20.3768,1701.2654912348821,1,-199.23510742999997
2024-02-10_Heidenheim_Werder Bremen,2024-02-10,15:30,Bundesliga,Matchweek 21,Sat,2024,1.0,2.0,Werder Bremen,Heidenheim,Away Win,1653.44250488,1,15.0,1.6684,1.3184,1.5128,1.30356,44.7896,10.64,2.5159999999999996,27.056980000000003,1.2053,0.109908,4.1256,1.34986,0.20946,14.022000000000002,22.6998,0.86532,0.9329,7.7916,2.1692,33.578,7.007,9.73,2.2114000000000003,13.7582,3.0884,2.6882,13.110400000000002,1.1382,17.035,20.2926,15.5794,1756.352743236706,1606.05163574,1.1602000000000001,1.4608,0.8875200000000001,2.23046,35.5774,9.1114,2.0662000000000003,23.24258,0.8875200000000001,0.10921999999999998,6.1074,1.84778,0.38698,21.0854,18.1992,0.65774,0.70642,6.513999999999999,1.6242,20.693,3.4926000000000004,11.9198,0.7802,11.862400000000001,3.592,2.0,10.777999999999999,2.1126,15.8858,12.0892,10.7322,1732.083575634462,2,47.39086913999995
2024-02-10_Bochum_Eint Frankfurt,2024-02-10,15:30,Bundesliga,Matchweek 21,Sat,2024,1.0,1.0,Eint Frankfurt,Bochum,Draw,1707.64331055,1,15.0,2.3314000000000004,1.2542,1.3949600000000002,1.43852,51.1134,12.7868,4.3774,34.5764,1.3629200000000001,0.124194,2.5836,0.7790199999999999,-0.47518,13.103200000000001,32.8908,0.80852,0.6518,7.771199999999999,2.1676,40.080600000000004,8.136000000000001,13.203,1.1996,15.980199999999998,3.1565999999999996,3.3466000000000005,14.939599999999999,1.3432,20.157,24.079800000000002,17.505200000000002,1758.0232836667399,1618.7442627,0.7624,2.3654,0.7701600000000001,1.98476,43.128,11.5784,3.1824,27.722479999999997,0.7701600000000001,0.068792,5.783,2.11876,-0.04883999999999998,11.7584,23.3152,0.60012,0.7572399999999999,8.068999999999999,2.2884,29.7062,7.1218,12.683600000000002,1.7062,13.975000000000001,3.8355999999999995,0.716,12.6782,2.4882,19.5158,18.275399999999998,12.101199999999999,1719.0994417731958,1,88.89904784999999
2024-02-10_Union Berlin_Wolfsburg,2024-02-10,15:30,Bundesliga,Matchweek 21,Sat,2024,1.0,0.0,Union Berlin,Wolfsburg,Home Win,1652.50634766,1,15.0,1.4552,0.8564,1.84152,1.22096,47.3864,14.767199999999999,5.1436,36.27802,1.54088,0.10373,3.2128000000000005,1.0322,0.17579999999999998,16.624200000000002,34.1068,1.0961400000000001,0.9593800000000001,11.281,2.4962,46.67959999999999,8.4832,9.7532,0.41759999999999997,22.7962,5.0186,2.317,19.131999999999998,2.5086000000000004,26.602,23.9498,13.6878,1630.4118665057058,1669.02636719,0.8398,1.6388,0.8306800000000001,0.9825200000000001,47.80500000000001,12.099,3.7162,31.00976,0.8306800000000001,0.06768199999999999,4.669,1.39066,-0.003940000000000055,18.1188,27.107,0.71242,0.77132,9.958200000000001,1.6068,34.546800000000005,6.6714,15.1266,1.356,17.994999999999997,4.401400000000001,1.6796,14.7016,2.2528,20.8506,16.477800000000002,11.8616,1610.423533936258,0,-16.5200195299999
2024-02-11_Hoffenheim_Koln,2024-02-11,17:30,Bundesliga,Matchweek 21,Sun,2024,1.0,1.0,Hoffenheim,Koln,Draw,1656.75024414,1,17.0,1.9954,1.76,2.2357,1.2217600000000002,51.523399999999995,16.1848,5.3426,33.98566,1.8889200000000002,0.13199,4.071999999999999,1.72446,-0.035540000000000016,11.4052,35.62,1.52868,1.478,12.446399999999999,2.084,42.6102,8.923,13.217799999999999,2.1722,20.8658,6.1002,2.8704,19.226799999999997,2.9156,27.1238,27.6934,17.798000000000002,1633.598448389794,1621.49731445,0.5824,1.2396,0.9709,2.0067399999999997,51.883599999999994,10.2648,4.2540000000000004,38.218540000000004,0.9709,0.10481399999999999,5.478000000000001,2.1167599999999998,0.8771599999999999,14.646,24.1416,0.63616,0.56982,5.9878,2.4198,28.7492,4.5404,13.837799999999998,0.7956,21.3792,3.7758,0.9868,11.642999999999999,0.7844,16.5584,16.0616,19.0466,1649.825336523886,1,35.252929689999974
2024-02-11_Mainz 05_Stuttgart,2024-02-11,15:30,Bundesliga,Matchweek 21,Sun,2024,3.0,1.0,Stuttgart,Mainz 05,Home Win,1733.44787598,1,15.0,2.7546,0.8464,2.9188400000000003,0.70138,57.754999999999995,18.647599999999997,7.861599999999999,42.2107,2.34918,0.12621,3.0508,0.53192,-0.31448,10.8202,33.8294,1.7516200000000002,1.6832600000000002,13.481200000000001,1.9582,42.2018,10.6406,12.4766,2.8585999999999996,13.231,6.6886,3.9148000000000005,24.313399999999998,2.4508,33.943,28.644,22.943399999999997,1751.177979908048,1620.31970215,0.3978,0.642,1.10264,0.9342600000000001,43.1956,10.7748,3.1799999999999997,26.53462,0.96024,0.090474,4.0572,0.76316,0.12116000000000002,11.9692,25.5234,0.7220799999999999,0.8820399999999999,7.1912,1.9445999999999999,36.4808,5.9224,10.6702,0.642,14.8762,3.5396,0.7956,12.8088,1.98,18.258200000000002,22.1916,15.3468,1697.12249367653,0,113.12817382999992
2024-02-16_Koln_Werder Bremen,2024-02-16,20:30,Bundesliga,Matchweek 22,Fri,2024,0.0,1.0,Koln,Werder Bremen,Away Win,1624.44360352,1,20.0,0.6862,1.2372,0.86666,1.9305999999999999,43.4106,12.4596,3.759,32.71768,0.86666,0.064718,4.4418,1.8501,0.6129,13.3262,22.521,0.55932,0.6153799999999999,8.3552,1.5515999999999999,28.751399999999997,4.0706,9.514,1.0886,21.858200000000004,7.005600000000001,0.884,12.653599999999999,2.9432000000000005,20.2734,15.8628,16.4754,1753.1471984372502,1642.53625488,1.0178,0.8742,0.80564,1.56134,42.762,10.4468,2.8676000000000004,27.466879999999996,0.80564,0.079654,5.224,1.70488,0.8306800000000001,15.7516,21.688,0.63702,0.8216,8.0512,2.8878,29.117600000000003,7.5186,16.546,0.9338,14.144800000000002,3.1304000000000003,2.0356,13.747600000000002,2.3736,18.887999999999998,18.568,13.943,1725.271056909672,2,-18.09265135999999
2024-02-17_Dortmund_Wolfsburg,2024-02-17,15:30,Bundesliga,Matchweek 22,Sat,2024,1.0,1.0,Wolfsburg,Dortmund,Draw,1662.27087402,1,15.0,1.2264,1.442,1.16196,1.6698600000000001,46.224000000000004,10.6228,4.1324000000000005,43.36032,0.9666,0.092498,5.1534,1.3170400000000002,-0.12496000000000002,14.1864,28.6124,0.81146,1.34834,8.109,2.6408,34.695800000000006,8.6996,15.0134,0.4044,17.2962,4.0784,2.4528,14.492600000000001,1.2351999999999999,19.9584,20.0118,10.997599999999998,1748.519810570926,1856.47644043,1.8108,0.3382,2.08196,1.4334,56.7234,14.212600000000002,5.6886,41.75458,1.90612,0.143766,2.9898,0.68532,0.34712,19.841,29.6078,1.69516,1.6352200000000001,10.6364,1.5782,40.9294,8.955599999999999,12.9236,2.232,12.017599999999998,4.5418,3.4017999999999997,20.021600000000003,1.3539999999999999,25.666600000000003,25.5834,22.7914,1634.514758985384,1,-194.20556640999985
2024-02-17_Heidenheim_Leverkusen,2024-02-17,15:30,Bundesliga,Matchweek 22,Sat,2024,1.0,2.0,Heidenheim,Leverkusen,Away Win,1616.95788574,1,15.0,1.3472000000000002,0.9714,1.2879999999999998,0.96862,45.3848,12.824800000000002,2.9794,22.58206,1.2879999999999998,0.09875199999999999,4.238,1.06802,0.27462,14.3946,22.6468,0.9563,1.1103800000000001,8.6568,2.0538,33.539,7.185600000000001,10.5538,1.284,19.898200000000003,5.6258,1.8592,13.5494,3.4202,20.165399999999998,23.6876,16.7962,1696.510796629454,1881.10522461,2.0042,0.6175999999999999,1.69078,1.07216,62.578,19.034399999999998,5.526,29.13256,1.69078,0.08809600000000001,4.7242,1.0771,0.4595,7.3318,42.327600000000004,1.53454,1.9575399999999998,16.3064,2.7272,53.484399999999994,14.8508,13.979600000000001,2.02,17.7082,7.469600000000001,3.5278,28.0344,2.875,34.5514,37.3012,29.000799999999998,1660.641684154236,2,-264.1473388700001
2024-02-17_Augsburg_Mainz 05,2024-02-17,15:30,Bundesliga,Matchweek 22,Sat,2024,1.0,0.0,Mainz 05,Augsburg,Home Win,1614.99621582,1,15.0,0.442,1.0,1.2256799999999999,0.72794,55.8292,17.7244,4.2948,24.34452,1.2256799999999999,0.071728,3.1448,0.5053799999999999,-0.49462,10.0088,32.305,0.9065599999999999,0.9790199999999999,12.3998,2.5294,35.375,8.7394,16.0624,1.3381999999999998,29.1628,9.4228,0.884,17.947400000000002,4.843999999999999,30.232400000000002,28.8238,14.3416,1653.4491280039558,1617.18322754,0.844,1.5735999999999999,1.11296,1.7111400000000003,44.574200000000005,11.2184,3.1564,30.440400000000004,0.8138599999999999,0.071666,5.2896,1.6856800000000003,0.11208,12.5882,29.9006,0.57916,0.99928,7.222799999999999,2.5084,35.032399999999996,7.670400000000001,13.5274,1.315,21.2162,4.5476,1.4438,11.422600000000001,2.2640000000000002,17.9846,22.2076,14.668799999999997,1655.00889706879,0,-2.187011719999873
2024-02-17_Darmstadt 98_Stuttgart,2024-02-17,15:30,Bundesliga,Matchweek 22,Sat,2024,1.0,2.0,Darmstadt 98,Stuttgart,Away Win,1533.29077148,1,15.0,0.4396,1.8596,0.80504,1.68802,46.966,10.843200000000001,3.5526,35.808,0.80504,0.075388,5.488200000000001,1.9268800000000001,0.06728,9.531,33.921,0.5754400000000001,0.69956,7.176,1.6698,42.1768,7.2219999999999995,10.4564,0.2198,18.5584,3.8556,0.6594,13.519400000000001,1.2442,19.179,13.203399999999998,15.2522,1757.91507727025,1738.7713623,1.2508,1.7516,1.34054,1.3871599999999997,61.468999999999994,14.1248,4.6892,33.08834,1.34054,0.099974,3.3278000000000003,1.1649399999999999,-0.42646,8.808800000000002,40.061,1.21724,2.06402,11.276399999999999,2.849,48.465199999999996,11.8908,12.8852,4.6934,16.2084,4.2736,2.5016,20.5126,1.084,24.953200000000002,28.849200000000003,18.712200000000003,1730.7053972911478,2,-205.48059081999986
2024-02-17_Hoffenheim_Union Berlin,2024-02-17,15:30,Bundesliga,Matchweek 22,Sat,2024,0.0,1.0,Hoffenheim,Union Berlin,Away Win,1653.80407715,1,15.0,1.7516,1.3956,2.0600199999999997,0.9798000000000001,53.5136,15.278,4.5316,29.50666,1.7479200000000001,0.128906,3.1879999999999997,1.3413000000000002,-0.05430000000000004,13.1622,34.1494,1.5823,1.46346,12.246000000000002,1.9756,45.1804,9.7518,13.3402,1.8108,21.1678,7.3554,2.9274,19.0484,2.8682000000000003,26.744000000000003,28.2778,15.387999999999998,1603.5699635260878,1659.26196289,0.2442,1.3621999999999999,0.5948,1.7435800000000004,42.0226,9.940199999999999,2.4864,25.12742,0.5948,0.057623999999999995,6.4174,1.7691400000000002,0.40693999999999997,20.297000000000004,18.6832,0.43233999999999995,0.5948,7.453799999999999,1.9702,24.6386,5.0451999999999995,13.185199999999998,0.82,14.98,2.9844000000000004,0.4884,13.659200000000002,1.7247999999999999,17.0968,14.1458,8.5632,1747.312701562166,2,-5.457885739999938
2024-02-17_Gladbach_RB Leipzig,2024-02-17,18:30,Bundesliga,Matchweek 22,Sat,2024,2.0,0.0,RB Leipzig,Gladbach,Home Win,1809.25842285,1,18.0,1.7824,1.1954,2.4518,1.08188,58.532799999999995,19.677400000000002,7.2678,40.6421,2.33966,0.12297,2.6574,0.87042,-0.32498000000000005,10.919599999999999,44.603,1.9227599999999998,2.08298,15.283599999999998,2.2432,54.427,13.0732,13.1044,2.868,20.9882,6.8108,2.8044000000000002,23.3324,3.7936000000000005,35.2362,37.4892,22.706400000000002,1703.094270630632,1663.30493164,0.9404,2.303,0.72548,2.3136,42.6884,8.51,2.5580000000000003,36.25192,0.72548,0.08107400000000001,7.780800000000001,2.26676,-0.03623999999999994,16.544400000000003,21.4058,0.59398,0.66622,6.3928,1.4368,34.0338,5.3562,12.635,0.7182,13.6584,3.943,1.683,11.907800000000002,1.1846,15.1868,13.0908,14.3434,1816.700812450934,0,145.95349121000004
2024-02-18_Eint Frankfurt_Freiburg,2024-02-18,15:30,Bundesliga,Matchweek 22,Sun,2024,3.0,3.0,Freiburg,Eint Frankfurt,Draw,1692.95300293,1,15.0,1.4198,1.3324,1.9107599999999998,1.09944,49.322,14.312,5.030799999999999,36.63358,1.9107599999999998,0.13428800000000002,4.2064,1.1322199999999998,-0.20017999999999997,10.130799999999999,31.084200000000003,1.4075,1.7134200000000002,9.9546,3.1096,45.078,9.086400000000001,10.7626,1.8718000000000001,20.7176,4.127199999999999,2.4418,20.444399999999998,1.4462,26.2224,24.456599999999998,17.0998,1652.1436621829598,1705.00476074,0.7976,1.7824,0.8725,1.9208200000000002,50.109,8.388399999999999,3.371,39.60746,0.8725,0.12171599999999999,4.7494,1.85406,0.07166000000000003,18.1014,22.296000000000003,0.7519600000000001,0.72322,5.9168,0.4806,28.1448,3.3316,12.0956,1.6705999999999999,11.39,4.251200000000001,1.055,10.6182,2.137,15.2788,14.448400000000003,11.0046,1683.5579196534359,1,-12.051757810000026
2024-02-18_Bayern Munich_Bochum,2024-02-18,17:30,Bundesliga,Matchweek 22,Sun,2024,3.0,2.0,Bochum,Bayern Munich,Home Win,1622.32983398,1,17.0,1.6764000000000001,0.6022,1.2947600000000001,1.18954,45.7812,13.472,4.3374,30.594540000000002,1.15236,0.095454,3.5642,0.5260400000000001,-0.07616000000000003,18.3408,24.3784,0.84912,0.7386400000000001,9.681799999999999,1.6987999999999999,33.657799999999995,6.069800000000001,15.205200000000001,1.4942,16.6384,3.5750000000000006,2.9549999999999996,15.956999999999999,2.9472000000000005,22.924599999999998,19.5824,13.177200000000001,1657.496636428506,1935.15917969,1.3932,2.26,2.08106,1.2117200000000001,61.996,16.1332,3.8608000000000002,22.671,2.08106,0.130146,5.5116,1.5735000000000001,-0.6864999999999999,9.940199999999999,41.012800000000006,1.44598,1.4684,12.0634,2.3032000000000004,48.580200000000005,10.3278,12.3586,2.2496,16.6896,7.2754,2.6262,22.731,2.6388,30.016399999999997,26.2612,24.844799999999996,1708.452489134936,0,-312.82934570999987
2024-02-23_Leverkusen_Mainz 05,2024-02-23,20:30,Bundesliga,Matchweek 23,Fri,2024,2.0,1.0,Leverkusen,Mainz 05,Home Win,1884.6685791,1,20.0,2.218,0.1602,2.38904,0.43932,61.5688,18.716800000000003,7.1676,40.77248,2.2308,0.12802,1.7777999999999998,0.41406,0.25386,8.1572,51.684799999999996,1.7077800000000003,2.25218,14.5112,2.3188000000000004,59.1876,14.247000000000002,11.646799999999999,3.7341999999999995,22.4542,6.9796,3.9000000000000004,26.494400000000002,2.5844,34.5034,38.797599999999996,30.262200000000004,1772.636875195742,1621.35095215,0.6022,1.3104,1.2333,1.23272,42.0552,12.2624,4.1828,31.18752,1.10514,0.094752,4.9282,1.7180600000000001,0.40765999999999997,12.504800000000001,25.7154,0.93406,1.23014,9.2698,2.1502,37.541799999999995,6.907,8.4288,0.822,15.3888,3.6856,1.2044,17.8002,1.8377999999999999,22.2836,21.740000000000002,13.991,1727.34670625104,0,263.31762695
2024-02-24_Bayern Munich_RB Leipzig,2024-02-24,18:30,Bundesliga,Matchweek 23,Sat,2024,2.0,1.0,Bayern Munich,RB Leipzig,Home Win,1922.0526123,1,18.0,1.967,0.442,2.29718,0.64496,59.6526,21.6006,8.2874,38.406960000000005,2.29718,0.109236,2.334,0.5964200000000001,0.15442,10.0092,54.6062,1.56772,2.1490400000000003,16.052599999999998,2.7404,64.845,15.856600000000002,7.3456,1.4984,23.165000000000003,9.0,3.2258000000000004,29.4242,2.1978,37.625400000000006,37.372600000000006,28.9582,1664.4008343012379,1810.53405762,1.8199999999999998,2.4616,1.67258,1.36238,53.7722,14.8284,6.353000000000001,49.87098,1.5016399999999999,0.09583599999999999,4.8616,1.2049,-1.2567,11.079799999999999,30.5096,1.07954,1.4918,11.3706,2.037,44.03660000000001,9.575800000000001,12.9256,1.2686000000000002,17.2668,5.1735999999999995,2.9082,20.086399999999998,1.443,26.0298,29.4132,19.2974,1690.651887669092,0,111.51855467999985
2024-02-24_Bochum_Gladbach,2024-02-24,15:30,Bundesliga,Matchweek 23,Sat,2024,5.0,2.0,Gladbach,Bochum,Home Win,1658.91064453,1,15.0,1.4896,1.1536,1.6213,1.14378,48.738600000000005,15.173200000000001,4.6564,31.997220000000002,1.5091599999999998,0.1259,3.8693999999999997,1.1702,0.016600000000000018,12.6928,21.3036,1.09018,1.0742800000000001,12.5378,1.9524,38.7224,8.674,15.1724,2.1958,14.186,4.4816,2.5616000000000003,19.894399999999997,2.192,27.9938,25.5238,18.377200000000002,1622.814765845494,1636.81738281,0.642,2.2288,0.8864000000000001,2.2714,44.236000000000004,12.5414,3.5084,27.26652,0.8864000000000001,0.068588,5.116200000000001,2.05012,-0.00068,12.2386,24.504600000000003,0.69336,0.74592,9.2272,2.5038,32.4982,6.6654,11.4824,1.7798,15.331,3.8962,0.8444,14.6082,2.9718000000000004,21.6502,18.336,12.1912,1740.6431380627682,0,22.093261719999873
2024-02-24_Darmstadt 98_Werder Bremen,2024-02-24,15:30,Bundesliga,Matchweek 23,Sat,2024,1.0,1.0,Werder Bremen,Darmstadt 98,Draw,1651.97839355,1,15.0,1.4574,1.3866,1.56038,1.32438,49.117799999999995,11.508600000000001,2.4202,24.433500000000002,1.38454,0.11956800000000001,4.013,1.3204799999999999,0.09407999999999997,14.508199999999999,27.7698,1.0341200000000002,1.0617,8.300799999999999,2.5406,38.8482,7.9272,10.733799999999999,1.9902,16.512600000000003,3.5679999999999996,2.4752,13.0992,1.2244,18.064,21.084400000000002,17.5192,1721.77417871036,1528.68994141,1.1096,1.5074,0.7952400000000001,2.11362,47.5402,13.6072,2.4636000000000005,16.3036,0.7952400000000001,0.0637,5.7902,1.5992199999999999,0.09182000000000001,18.3192,26.5234,0.67036,0.83646,10.2114,3.3394,33.8756,8.1912,13.4686,0.2442,13.059999999999999,2.5955999999999997,1.6654,18.4272,1.791,23.9574,19.357,12.5322,1657.1456199432141,1,123.28845213999989
2024-02-24_Koln_Stuttgart,2024-02-24,15:30,Bundesliga,Matchweek 23,Sat,2024,1.0,1.0,Stuttgart,Koln,Draw,1743.40844727,1,15.0,2.9234000000000004,0.8617999999999999,2.4853199999999998,0.8289199999999999,58.3678,16.585,7.6312,47.75264,2.2033,0.13879799999999998,4.0666,0.56872,-0.29308,12.3916,35.7114,1.7520200000000001,1.49074,13.088799999999999,1.9624,40.5398,10.4322,11.2638,2.3402,13.6082,6.1314,4.4118,22.916800000000002,1.7732,29.909,25.2842,21.5958,1703.42484585055,1615.0378418,0.6242,1.2156,0.76844,1.5655800000000002,50.273999999999994,9.117199999999999,3.2076000000000002,30.61652,0.76844,0.08623800000000001,4.365,1.4736599999999997,0.25806,14.6372,26.834200000000003,0.45718000000000003,0.44632,4.723800000000001,2.3778,28.418000000000003,4.5864,13.2216,0.716,21.717800000000004,3.6982000000000004,1.0882,10.946000000000002,0.6617999999999999,15.093000000000002,15.222800000000001,19.4184,1657.4613732907258,1,128.37060546999987
2024-02-24_Heidenheim_Union Berlin,2024-02-24,15:30,Bundesliga,Matchweek 23,Sat,2024,2.0,2.0,Union Berlin,Heidenheim,Draw,1668.99023438,1,15.0,1.5538,0.3382,1.6785200000000002,1.1856200000000001,45.6946,13.658,4.4408,31.765420000000006,1.40796,0.099356,3.4356,0.76826,0.43006,20.9336,27.814999999999998,1.0221200000000001,0.87578,10.464599999999999,2.1582,38.565000000000005,7.458,9.878,0.3758,18.5238,4.6842,2.5736,17.1096,2.602,24.376799999999996,22.378,11.877,1626.9548698995563,1613.43103027,1.2442,0.9822,1.10856,2.1342,36.5286,9.732999999999999,2.3038,23.9798,1.10856,0.12494999999999999,5.0758,1.62888,0.64668,21.9298,18.9442,0.75408,0.8178799999999999,6.8512,1.4176,22.5214,4.276,12.992999999999999,0.558,12.9972,5.3864,2.0,10.3562,2.834,15.941600000000001,14.1898,11.1152,1676.2159687977778,1,55.55920410999988
2024-02-25_Augsburg_Freiburg,2024-02-25,19:30,Bundesliga,Matchweek 23,Sun,2024,2.0,1.0,Augsburg,Freiburg,Home Win,1610.86462402,1,19.0,1.4264,1.6838,1.3662199999999998,1.8416000000000001,36.5884,10.8184,3.0904,26.89376,0.8863800000000001,0.092808,5.9826,1.96596,0.4423599999999999,14.719999999999999,21.716,0.62088,0.92686,7.3484,2.6264000000000003,29.7128,8.2966,9.4094,1.9032,16.3136,2.1558,2.2704,13.8422,1.462,19.4062,23.651,18.132,1845.563285302242,1692.01818848,0.9536,1.9854000000000003,1.0330400000000002,1.97136,44.0716,7.5566,2.9644,39.7517,0.71874,0.103988,4.3633999999999995,1.48438,-0.30321999999999993,14.5294,21.8786,0.56514,0.6969,5.5744,2.2814,31.024,6.220400000000001,15.669800000000002,1.389,15.647599999999999,3.6374,1.9072,11.1588,1.296,14.744,15.5128,9.459399999999999,1689.848864745206,0,-81.15356445999987
2024-02-25_Eint Frankfurt_Wolfsburg,2024-02-25,15:30,Bundesliga,Matchweek 23,Sun,2024,2.0,2.0,Eint Frankfurt,Wolfsburg,Draw,1707.32067871,1,15.0,1.9097999999999997,0.9404,1.52432,1.34374,53.032399999999996,12.119599999999998,3.5627999999999997,28.68102,1.52432,0.150314,2.9694000000000003,0.62576,-0.31464,11.407,30.624799999999997,1.13072,0.8375600000000001,7.9382,2.5392,39.084199999999996,8.854999999999999,13.6712,0.7912,18.468200000000003,4.7944,2.9233999999999996,14.301400000000001,1.6972,19.7412,26.713800000000003,17.4546,1712.2031545661218,1665.71411133,0.7558,1.1424,0.99298,0.7901,49.5458,13.310199999999998,3.7446,28.8455,0.99298,0.074682,3.2928000000000006,0.88672,-0.03588000000000005,18.2834,28.5294,0.87654,0.9251400000000001,10.9392,2.8672,34.8162,8.458,15.878799999999998,1.5646,23.8122,5.6822,1.5116,16.8294,2.86,23.4518,21.0584,13.140799999999999,1611.604836792962,1,41.606567380000115
2024-02-25_Dortmund_Hoffenheim,2024-02-25,17:30,Bundesliga,Matchweek 23,Sun,2024,2.0,3.0,Dortmund,Hoffenheim,Away Win,1855.17016602,1,17.0,2.5866000000000002,1.272,2.1184,1.01978,60.425799999999995,19.1282,7.368,37.935860000000005,1.7887000000000002,0.092784,4.7032,1.02158,0.14738,12.432,33.159600000000005,1.35076,1.6747,14.469999999999999,1.6907999999999999,44.5122,11.2426,14.2528,1.2894,15.6558,6.035200000000001,4.549,24.636200000000002,2.7914,35.3346,34.925,22.7612,1692.0033096207421,1644.11206055,1.2662,2.5955999999999997,1.3269,2.31716,49.2782,14.489799999999999,4.892799999999999,34.87242,1.3269,0.093194,8.124,3.0768000000000004,0.48119999999999996,17.1698,27.397800000000004,1.08692,1.32956,10.743400000000001,4.4681999999999995,40.5596,10.9894,12.518799999999999,1.6328,17.983,2.1602,2.3544,20.8924,1.3602,26.010599999999997,25.465799999999998,15.9174,1773.6631622072919,2,211.05810546999987
2024-03-01_Bayern Munich_Freiburg,2024-03-01,20:30,Bundesliga,Matchweek 24,Fri,2024,2.0,2.0,Freiburg,Bayern Munich,Draw,1693.15661621,1,20.0,1.8662,1.7875999999999999,2.0261600000000004,1.17602,48.0594,13.648,5.5602,42.29616,1.8552200000000003,0.1343,4.8626000000000005,1.54182,-0.24578,10.4942,31.92,1.30904,1.5411,9.570599999999999,3.3427999999999995,44.4724,9.9102,9.821200000000001,1.2520000000000002,19.8806,3.5936000000000003,3.1302000000000003,19.7228,1.0131999999999999,25.178800000000003,24.022199999999998,14.371,1679.440116576292,1925.15441895,1.5979999999999999,2.7666,2.1740999999999997,1.47682,62.596599999999995,18.085,5.0956,25.795279999999998,2.1740999999999997,0.121478,5.793,1.8900800000000002,-0.87652,10.6786,39.0256,1.5569600000000001,1.8346,13.189599999999999,3.3938,52.574200000000005,13.269599999999999,14.4088,1.9362,18.0978,7.0154000000000005,3.1959999999999997,25.1114,1.8981999999999999,33.3566,33.9726,28.2228,1698.294377220156,1,-231.99780274
2024-03-02_Dortmund_Union Berlin,2024-03-02,15:30,Bundesliga,Matchweek 24,Sat,2024,0.0,2.0,Union Berlin,Dortmund,Away Win,1664.91552734,1,15.0,1.7426,0.6486000000000001,1.47644,1.09056,46.4928,13.203600000000002,4.0082,29.54524,1.3482800000000001,0.098418,3.7803999999999998,0.81586,0.16725999999999994,20.672800000000002,24.9378,0.9610399999999999,0.9026200000000001,9.6412,2.1424,36.1686,7.123800000000001,9.5136,0.5824,18.7598,4.76,2.7604,15.9332,2.6418,22.541000000000004,22.6842,13.5428,1625.653220778044,1840.2355957,1.7296,0.4044,2.1146000000000003,1.42682,61.9652,14.8564,6.0522,42.95964,1.95636,0.141384,2.8024,0.75238,0.34798,16.8058,31.321800000000003,1.5511400000000002,1.5505,10.9494,1.5204,44.1974,8.8484,14.4522,2.253,11.7602,4.676,3.0172000000000003,21.217000000000002,1.4627999999999999,27.2742,25.490000000000002,25.6076,1609.414570484188,2,-175.32006836000005
2024-03-02_Bochum_RB Leipzig,2024-03-02,15:30,Bundesliga,Matchweek 24,Sat,2024,1.0,4.0,Bochum,RB Leipzig,Away Win,1626.46520996,1,15.0,1.8088000000000002,0.8862,1.36414,1.689,42.6728,12.1714,3.4828,27.872780000000002,1.04062,0.09146599999999999,4.5404,1.0807000000000002,0.1945,19.9604,20.7778,0.82538,0.78922,9.3812,1.9732000000000003,30.185200000000002,6.6514,13.7636,1.0564,16.5304,3.3292,3.2596,16.017400000000002,2.0874,21.202199999999998,18.971,14.768799999999999,1719.1679660676957,1806.17736816,1.738,2.4154,1.3358,1.46262,49.6672,12.427,5.8852,53.00186,1.18194,0.08992599999999999,4.7754,1.38416,-1.03124,12.481200000000001,27.663800000000002,0.8209,1.08542,9.6918,1.8892,37.554199999999994,7.9206,12.744800000000001,0.9976,14.245,3.9028,2.8174,16.450000000000003,0.822,21.334000000000003,25.3558,17.1936,1747.371977902638,2,-179.71215819999998
2024-03-02_Gladbach_Mainz 05,2024-03-02,15:30,Bundesliga,Matchweek 24,Sat,2024,1.0,1.0,Mainz 05,Gladbach,Draw,1618.9967041,1,15.0,0.642,0.7558,1.2843200000000001,0.7695799999999999,52.6832,17.2194,4.1212,24.044220000000003,1.11338,0.06679,2.842,0.34508,-0.41072,10.7408,32.4626,0.7529,0.9978800000000001,11.638800000000002,2.4764000000000004,35.8818,8.865400000000001,16.776999999999997,1.4044,28.113800000000005,8.1712,1.0398,17.3198,5.103800000000001,30.109,29.309199999999997,13.686399999999999,1634.5837070805999,1668.00805664,0.558,1.9844,0.6797,2.03596,43.8086,9.8802,1.8696000000000002,28.29962,0.6797,0.070758,7.326,1.7875400000000001,-0.19685999999999998,17.1546,24.3518,0.5513399999999999,0.6952,7.286199999999999,1.8374000000000001,35.187200000000004,6.0208,12.8156,0.358,14.2932,3.9487999999999994,0.938,12.994,1.5104000000000002,17.0778,13.4938,14.7534,1809.708161913692,1,-49.01135253999996
2024-03-02_Augsburg_Darmstadt 98,2024-03-02,15:30,Bundesliga,Matchweek 24,Sat,2024,0.0,6.0,Darmstadt 98,Augsburg,Away Win,1533.10058594,1,15.0,0.6398,2.0178000000000003,1.03872,1.69362,49.6994,13.056600000000001,4.618399999999999,38.150760000000005,1.03872,0.081174,5.051,1.9574,-0.06040000000000003,7.5478000000000005,36.7478,0.71882,0.95262,8.7678,2.1912,46.851800000000004,10.3626,11.199200000000001,0.6862,20.9768,4.5468,1.0818,15.865200000000002,1.464,23.1682,18.0994,15.992,1770.999326439098,1618.75524902,0.6154,1.5162,1.00076,1.75,47.68,11.0966,3.4290000000000003,33.278600000000004,0.8469,0.075942,4.8722,1.53174,0.015539999999999998,14.0946,28.422200000000004,0.5712400000000001,0.97936,7.877199999999999,2.6018,34.1292,8.180200000000001,13.1748,1.2836,21.6158,5.2254000000000005,1.0110000000000001,11.3804,1.7492,17.9304,22.9082,14.702000000000002,1645.222442577084,2,-85.65466308000009
2024-03-02_Eint Frankfurt_Heidenheim,2024-03-02,15:30,Bundesliga,Matchweek 24,Sat,2024,1.0,2.0,Heidenheim,Eint Frankfurt,Away Win,1616.25085449,1,15.0,1.4566000000000001,1.3626,1.1415,1.27802,43.303799999999995,11.709599999999998,2.9814000000000003,27.73176,1.1415,0.09443399999999999,4.2584,1.15328,-0.049120000000000025,13.9226,25.644599999999997,0.9006400000000001,1.11256,8.0026,1.8484,33.7172,7.6436,9.5216,1.1556,21.2618,5.1748,2.1616,12.7058,3.0340000000000003,18.816,22.7742,14.807,1754.118993455964,1691.70397949,1.3062,2.0484,0.88524,2.0640600000000004,47.1032,7.973,3.3898,41.67072,0.88524,0.122424,5.407,2.0308,-0.017600000000000022,18.3234,18.561999999999998,0.8388399999999999,0.79418,6.5136,0.2442,27.477199999999996,3.5986000000000002,10.6766,1.4594,10.2978,3.4936,2.4146,10.8682,1.8792,15.1746,14.326999999999998,11.5042,1695.5176215825718,2,-75.453125
2024-03-02_Stuttgart_Wolfsburg,2024-03-02,18:30,Bundesliga,Matchweek 24,Sat,2024,2.0,3.0,Wolfsburg,Stuttgart,Away Win,1667.87512207,1,18.0,1.0596,1.3978,1.35556,1.45544,45.4456,10.8048,4.1192,42.14472,1.17972,0.110342,4.5614,0.9637200000000001,-0.43408,11.2608,28.983400000000003,0.93242,1.47004,8.2424,2.4768000000000003,34.3262,7.753,13.158600000000002,0.7081999999999999,18.8646,4.7474,1.875,14.0554,1.1116000000000001,19.2744,20.0108,12.263,1759.834594043394,1737.63476562,1.3257999999999999,1.6764000000000001,1.2655800000000001,1.5337800000000001,59.6216,14.544800000000002,4.6204,31.515739999999997,1.2655800000000001,0.091444,4.5602,1.56122,-0.11517999999999995,10.2932,36.0562,1.08136,1.9399400000000002,11.6372,3.3966,43.999399999999994,11.213199999999999,14.706,4.0358,15.0104,4.2904,2.4074,20.0172,1.464,25.334600000000002,28.452199999999998,17.9082,1680.662080736964,2,-69.75964354999996
2024-03-03_Hoffenheim_Werder Bremen,2024-03-03,17:30,Bundesliga,Matchweek 24,Sun,2024,2.0,1.0,Hoffenheim,Werder Bremen,Home Win,1657.79174805,1,17.0,1.4322000000000001,1.356,1.9250999999999998,0.96414,56.636799999999994,15.9826,4.4784,28.127220000000005,1.6442400000000001,0.114804,2.8808000000000002,1.1408800000000001,-0.21511999999999998,12.645999999999999,34.546,1.5040200000000001,1.51034,13.4864,2.9548,50.434799999999996,11.2418,12.285200000000001,2.218,22.1718,7.5081999999999995,2.3462,21.1854,3.1696000000000004,28.422800000000002,31.1124,16.6466,1610.2052621091739,1646.31298828,1.1602000000000001,0.4984,1.04928,1.0958999999999999,42.93,10.8462,3.125,28.63626,1.04928,0.09578400000000001,4.324800000000001,1.1939000000000002,0.6955,16.830000000000002,20.354000000000003,0.91194,0.9948,8.7344,2.799,27.852400000000003,8.5436,17.845,0.6962,14.086,2.5406,2.3204000000000002,14.705400000000001,1.8477999999999999,19.7316,19.5878,13.304200000000002,1701.2473428237322,0,11.478759770000124
2024-03-03_Koln_Leverkusen,2024-03-03,15:30,Bundesliga,Matchweek 24,Sun,2024,0.0,2.0,Koln,Leverkusen,Away Win,1619.5567627,1,15.0,0.6175999999999999,1.2134,0.9465,1.6723999999999999,48.3742,13.522799999999998,3.7272,30.79808,0.9465,0.068572,4.3976,1.54878,0.33538,12.1844,25.6194,0.58664,0.60824,9.0404,1.7406,32.992,4.1076,10.2836,0.9798,22.636999999999997,7.0932,0.7956,14.4858,2.6046000000000005,22.031799999999997,16.8414,14.9298,1692.030274754362,1885.76794434,1.8596,0.8,1.8414599999999999,1.03376,62.7084,19.507600000000004,5.1292,26.173539999999996,1.8414599999999999,0.093612,4.840199999999999,1.1114799999999998,0.31148,8.4756,40.32899999999999,1.6952600000000002,2.03268,17.0966,2.8986000000000005,54.2448,13.933,13.505,2.4064,17.681,7.0782,3.7192,28.063200000000002,3.1758,36.037800000000004,36.3822,29.133000000000003,1656.5206114728262,2,-266.21118163999995
2024-03-08_Stuttgart_Union Berlin,2024-03-08,20:30,Bundesliga,Matchweek 25,Fri,2024,2.0,0.0,Stuttgart,Union Berlin,Home Win,1745.69067383,1,20.0,2.5868,1.0198,2.26934,0.80164,62.2382,15.5054,7.367999999999999,48.370259999999995,2.1308800000000003,0.147246,4.6926,0.7028,-0.317,12.6968,41.4572,1.8112599999999999,1.75704,12.158999999999999,2.3104,50.4096,12.3984,12.014,2.0178000000000003,18.964,6.8508000000000004,4.0264,21.759999999999998,1.3074,28.020200000000003,25.867600000000003,19.0176,1695.49713918618,1657.23217773,0.46399999999999997,0.7934,0.77628,1.40968,38.7698,10.0906,2.8262,28.33988,0.77628,0.075956,5.742999999999999,1.3394000000000001,0.5459999999999999,20.7998,18.871,0.52238,0.60534,7.0202,2.0174000000000003,22.456400000000002,5.4292,12.534199999999998,2.4474,13.873000000000001,2.5976000000000004,0.9279999999999999,13.1492,1.464,16.499000000000002,14.6758,9.107,1743.2647848152099,0,88.45849609999982
2024-03-09_Darmstadt 98_RB Leipzig,2024-03-09,15:30,Bundesliga,Matchweek 25,Sat,2024,2.0,0.0,RB Leipzig,Darmstadt 98,Home Win,1815.22766113,1,15.0,1.8042,0.9316,2.04496,1.0004,54.552,18.4444,7.729399999999999,45.74046,2.04496,0.115904,2.2474,0.65356,-0.27804000000000006,12.237000000000002,34.601,1.67858,2.02138,14.19,2.563,47.92659999999999,12.589200000000002,13.049600000000002,3.7138,20.8892,7.3622000000000005,3.0682,21.757199999999997,3.9583999999999997,32.738,34.233200000000004,19.9292,1711.522969458214,1514.40319824,1.0986,1.4566000000000001,0.90222,2.11104,48.87180000000001,14.167200000000001,2.8056,18.716140000000003,0.90222,0.069656,5.7554,1.60694,0.39454,16.445400000000003,27.091800000000003,0.7554,0.94374,10.911000000000001,3.4938,36.150400000000005,9.0372,13.333400000000001,0.2198,14.995800000000001,3.5128000000000004,1.6987999999999999,19.1494,2.4444,25.303199999999997,19.6538,12.7672,1646.71034279448,0,300.82446288999995
2024-03-09_Augsburg_Heidenheim,2024-03-09,15:30,Bundesliga,Matchweek 25,Sat,2024,1.0,0.0,Augsburg,Heidenheim,Home Win,1637.45263672,1,15.0,1.4838,1.6154,1.41842,1.9039199999999998,43.123200000000004,13.367,4.3024,28.299839999999996,1.10194,0.092526,4.7634,1.92704,0.31164,12.994399999999999,28.714599999999997,0.80416,1.04304,9.944,4.129,35.3024,10.176400000000001,10.057,1.7128,18.480000000000004,4.0938,2.3434,16.9768,2.0484,24.2822,25.4956,18.063,1826.2645184576982,1608.34777832,1.464,1.084,1.1221400000000001,1.61264,38.8058,10.1922,2.906,29.28772,1.1221400000000001,0.11624799999999999,4.1472,1.10342,0.019419999999999993,21.3366,19.5382,0.64658,0.694,7.154400000000001,1.8641999999999999,23.6462,5.0252,12.5612,0.358,14.651,4.903600000000001,2.0,11.0972,2.6506,16.035600000000002,13.6268,14.3108,1650.7272590822618,0,29.104858400000012
2024-03-09_Gladbach_Koln,2024-03-09,15:30,Bundesliga,Matchweek 25,Sat,2024,3.0,3.0,Gladbach,Koln,Draw,1668.65380859,1,15.0,2.2732,1.3824,2.08314,1.2182400000000002,48.52100000000001,17.6306,5.1234,31.00418,1.9122,0.131632,3.7382,1.242,-0.14039999999999997,13.856200000000001,18.599199999999996,1.5295400000000001,1.48198,14.8586,2.5898,38.594800000000006,10.016,14.6668,2.5646,15.6328,4.3894,3.6822,22.668,2.8054,32.3112,29.267,18.0278,1617.832048461814,1614.58300781,0.6617999999999999,1.3381999999999998,0.6462399999999999,1.8453,43.66459999999999,9.4054,3.4868000000000006,32.55466,0.6462399999999999,0.074962,4.861,1.4262399999999997,0.08804000000000001,18.7574,24.9854,0.43262,0.41725999999999996,5.5398,1.9516,25.989800000000002,4.3394,12.5668,0.356,20.6248,3.4399999999999995,1.3235999999999999,11.984,0.8398,16.3604,15.2562,20.0206,1692.210091040216,1,54.0708007799999
2024-03-09_Bayern Munich_Mainz 05,2024-03-09,15:30,Bundesliga,Matchweek 25,Sat,2024,8.0,1.0,Bayern Munich,Mainz 05,Home Win,1920.81091309,1,15.0,1.8262,0.642,2.03002,0.7425799999999999,62.1262,20.8962,7.2818,33.87944,2.03002,0.09822,3.2774,0.8742400000000001,0.23224000000000006,9.52,54.218399999999995,1.43562,2.02642,15.503,3.0546,65.32159999999999,15.658800000000001,8.1878,1.1602000000000001,22.7362,8.6998,3.0149999999999997,30.579,1.6896,36.474,36.9556,28.3294,1690.772222217196,1618.35095215,0.642,1.5236,1.1190600000000002,1.2050400000000001,39.131,12.3364,4.1646,31.149,1.1190600000000002,0.09716,5.568,1.82844,0.30484,13.587,23.0694,0.9395,1.08064,9.3872,2.0352,31.7062,5.0746,10.627799999999999,0.5956,14.073199999999998,3.0845999999999996,1.284,15.4346,2.6308,21.479,17.8382,12.538199999999998,1772.0922015634599,0,302.45996094
2024-03-09_Dortmund_Werder Bremen,2024-03-09,18:30,Bundesliga,Matchweek 25,Sat,2024,1.0,2.0,Werder Bremen,Dortmund,Away Win,1640.4185791,1,18.0,1.5558,1.0596,1.8150199999999999,1.29194,51.7252,13.732199999999999,3.0107999999999997,21.3012,1.6567800000000001,0.123936,3.7674,1.1374600000000001,0.07786000000000003,13.969000000000001,29.7912,1.317,1.2309,10.600999999999999,2.0982000000000003,39.985,9.1114,12.4582,1.7027999999999999,18.0152,4.0438,2.2276,16.6288,1.202,22.4182,24.1946,19.309199999999997,1656.643019116652,1847.91894531,1.9008,0.2198,1.9189399999999999,1.31764,61.580200000000005,13.0848,6.147,47.5905,1.77654,0.140686,2.8222,0.62624,0.40644,16.680799999999998,28.1942,1.28414,1.2547200000000003,9.600999999999999,0.9358,41.558800000000005,7.654200000000001,14.162999999999998,2.2718,12.24,4.9084,3.1596000000000006,18.6768,0.8398,23.718999999999998,21.9688,23.1166,1621.9035864987281,2,-207.50036621000004
2024-03-10_Eint Frankfurt_Hoffenheim,2024-03-10,17:30,Bundesliga,Matchweek 25,Sun,2024,3.0,1.0,Eint Frankfurt,Hoffenheim,Home Win,1703.75891113,1,17.0,2.063,1.0464,1.4619,1.12196,53.429,11.8192,4.283200000000001,34.97142,1.4619,0.144726,4.0494,0.71438,-0.33202,11.754800000000001,30.129,1.1121,0.84824,8.288599999999999,3.2619999999999996,38.221999999999994,8.8254,12.7714,1.4445999999999999,19.930799999999998,4.9592,3.6078,13.938600000000001,2.0158,19.8228,26.2102,17.753400000000003,1701.158316896198,1667.83789062,1.7280000000000002,2.536,1.3098,2.31866,44.5666,12.499000000000002,4.9036,41.17036,1.3098,0.10796800000000001,8.5882,2.9890600000000003,0.45305999999999996,17.6738,23.574399999999997,1.0394,1.1901,9.1598,3.544600000000001,36.131800000000005,8.7486,11.1458,1.5694000000000001,15.554400000000001,2.2442,3.0516,16.8636,1.6684,22.07,21.7564,14.316400000000002,1806.193536499786,0,35.921020509999835
2024-03-10_Leverkusen_Wolfsburg,2024-03-10,19:30,Bundesliga,Matchweek 25,Sun,2024,2.0,0.0,Leverkusen,Wolfsburg,Home Win,1894.71228027,1,19.0,2.3404000000000003,0.2442,2.1158799999999998,0.56308,61.8228,17.6798,7.295,42.992740000000005,1.9734800000000001,0.119332,2.2884,0.31614000000000003,0.07194000000000006,7.841799999999999,49.873200000000004,1.61694,2.02152,13.827200000000001,1.9426,53.032399999999996,11.647400000000003,13.0474,3.905,19.669,6.6608,4.3426,24.902600000000003,2.2376,32.034,32.74700000000001,25.531,1721.6121098395,1663.97094727,1.0244,1.084,0.95044,0.71458,47.017,13.091000000000001,4.4586,34.49714,0.95044,0.07277199999999999,3.031,1.06014,0.17394000000000004,18.3432,27.311400000000003,0.84006,1.0059,10.7012,2.5364000000000004,33.902,8.124,15.546600000000002,1.464,22.2106,4.9816,2.0488,17.391,2.9182,23.707,20.608600000000003,12.7708,1635.066300977612,0,230.74133300000017
2024-03-10_Bochum_Freiburg,2024-03-10,15:30,Bundesliga,Matchweek 25,Sun,2024,1.0,2.0,Bochum,Freiburg,Away Win,1621.56689453,1,15.0,1.4396,1.7744,1.01938,1.932,42.084399999999995,11.3452,3.0020000000000002,26.1872,0.84354,0.08255,4.919,1.61758,0.08737999999999999,18.9758,22.820999999999998,0.71192,0.85474,8.334,1.5433999999999999,30.157600000000002,6.0214,13.198599999999999,0.5182,16.2008,2.6196,2.7012,15.2626,1.8904,19.2756,18.065,11.385200000000001,1748.534834059048,1705.51635742,0.9581999999999999,2.2752000000000003,1.1906400000000001,1.8332799999999998,43.0754,5.903199999999999,1.947,30.225,0.71244,0.132334,5.1598,1.71014,-0.38705999999999996,15.5208,20.569399999999998,0.60304,0.73604,4.5518,2.2532,31.0538,5.9982,15.558599999999998,1.25,14.5502,3.3294,1.9163999999999999,9.056799999999999,1.2222,12.2508,13.4194,9.1692,1675.589272190294,2,-83.94946289000018
2024-03-15_Koln_RB Leipzig,2024-03-15,20:30,Bundesliga,Matchweek 26,Fri,2024,1.0,5.0,Koln,RB Leipzig,Away Win,1622.04321289,1,20.0,0.5558000000000001,1.5804,1.0527600000000001,1.66956,41.3672,12.914399999999999,2.9217999999999997,19.06672,1.0527600000000001,0.094576,4.457800000000001,1.55268,-0.02771999999999994,12.510200000000001,22.7598,0.74332,0.603,9.0246,2.0108,28.9182,4.241,10.2552,0.5934,20.596200000000003,6.483600000000001,0.716,14.081400000000002,2.5882000000000005,21.605,16.5454,13.9042,1745.8221463862278,1820.33630371,2.1084,2.1296,1.3113200000000003,1.29542,51.598,10.366,5.12,51.39138,1.17286,0.109028,4.1652,1.28688,-0.84272,12.3448,23.2488,0.9965200000000001,0.9538800000000001,8.281,1.0794,31.985,6.0426,14.7564,1.242,13.643799999999999,3.8684000000000003,3.5682,13.077399999999999,1.3282,18.329,20.495,18.3952,1699.903578074292,2,-198.2930908200001
2024-03-16_Augsburg_Wolfsburg,2024-03-16,15:30,Bundesliga,Matchweek 26,Sat,2024,1.0,3.0,Wolfsburg,Augsburg,Away Win,1660.98950195,1,15.0,1.442,1.8464,1.2423199999999999,1.4199,42.793800000000005,11.2126,3.9072,39.12402,1.08408,0.09910000000000001,4.6936,1.22922,-0.61718,10.990400000000001,29.041,0.85592,1.32092,8.5064,1.9406,33.761,6.4124,13.4426,0.6374,18.5338,4.772600000000001,2.42,12.9728,1.6888,19.4908,18.988599999999998,10.395,1758.600809643212,1647.19824219,2.019,1.0762,1.5079,1.55408,48.6006,13.773,4.651199999999999,36.403620000000004,1.36944,0.09,4.885,1.40206,0.32586000000000004,13.3644,29.0354,0.84714,1.15676,9.4988,2.4974000000000003,33.394800000000004,8.162,10.9152,1.2552,20.7654,5.8796,2.8634,15.493599999999999,1.6742000000000001,22.421,25.824,15.6526,1623.8746612054579,2,13.791259760000003
2024-03-16_Union Berlin_Werder Bremen,2024-03-16,15:30,Bundesliga,Matchweek 26,Sat,2024,2.0,1.0,Union Berlin,Werder Bremen,Home Win,1655.23596191,1,15.0,1.1358000000000001,0.9279999999999999,1.31902,1.2136,45.887800000000006,13.139,3.619,27.01508,1.31902,0.099018,4.6792,0.89756,-0.030439999999999995,18.1192,23.4346,0.8572399999999999,0.82468,9.1886,1.8397999999999999,33.921800000000005,5.2696,9.8948,0.6242,18.983800000000002,5.3724,2.0518,15.7956,2.1892,21.909999999999997,22.927599999999998,14.133000000000001,1668.485887842002,1640.11193848,1.0,0.6486000000000001,1.0311400000000002,1.19956,44.37,12.427000000000001,3.801,29.25924,1.0311400000000002,0.08455599999999999,5.0248,1.22008,0.57148,17.1234,22.4516,0.8487,1.0053400000000001,10.0822,3.1192,29.111799999999995,8.8336,16.727800000000002,0.5824,15.3662,2.5866000000000002,2.0,16.6004,1.863,22.500799999999998,21.8712,14.106199999999998,1693.294302492092,0,15.12402343000008
2024-03-16_Bochum_Mainz 05,2024-03-16,15:30,Bundesliga,Matchweek 26,Sat,2024,2.0,0.0,Mainz 05,Bochum,Home Win,1618.98754883,1,15.0,0.822,0.7802,1.1694,0.8647199999999999,48.5426,17.3974,4.0089999999999995,23.219400000000004,1.01554,0.059343999999999994,3.4904,0.66244,-0.11776000000000002,12.0202,28.1678,0.62228,0.8816,10.998199999999999,2.1404,33.1546,7.958,16.8552,1.9524,26.7488,9.130799999999999,1.4242,17.3436,4.7492,29.4212,26.671599999999998,12.9528,1650.3231315434662,1614.09936523,1.0662,3.2268,1.13082,2.78354,45.157199999999996,13.7526,3.846,27.76092,1.13082,0.080382,5.637,2.56318,-0.50342,12.8034,25.1546,0.8982400000000001,1.0632,9.981399999999999,3.3302000000000005,33.193200000000004,7.087199999999999,11.4016,1.4134,17.407600000000002,4.2508,1.4926,15.0802,3.5072,23.039,21.7654,12.2722,1744.15186042598,0,4.88818359999982
2024-03-16_Bayern Munich_Darmstadt 98,2024-03-16,15:30,Bundesliga,Matchweek 26,Sat,2024,2.0,5.0,Darmstadt 98,Bayern Munich,Away Win,1516.56506348,1,15.0,0.5758,3.137,1.0437,2.1459,46.8788,12.3186,4.8008,42.10364,1.0437,0.085382,5.966800000000001,2.4954,-0.6416000000000001,8.6816,29.205800000000004,0.7602,0.94296,8.402800000000001,1.6396,38.13420000000001,8.0964,11.4678,0.8617999999999999,19.5816,3.8154,0.9736,13.8812,1.9060000000000001,21.8308,16.8688,14.194999999999999,1746.8987727769581,1938.49511719,1.7824,2.2574,2.09348,1.50796,62.2488,18.277,5.7188,28.87898,2.09348,0.116888,5.8136,1.87222,-0.38517999999999997,11.92,40.2676,1.57574,1.85122,13.2268,3.2104000000000004,52.7406,12.954600000000001,15.233,1.6984000000000001,19.121000000000002,6.481400000000001,3.5648,25.645000000000003,1.8641999999999999,34.3544,35.285799999999995,27.456599999999998,1695.2926279766002,2,-421.93005371000004
2024-03-16_Gladbach_Heidenheim,2024-03-16,15:30,Bundesliga,Matchweek 26,Sat,2024,1.0,1.0,Heidenheim,Gladbach,Draw,1606.90588379,1,15.0,1.1226,1.4264,1.06966,1.3135,46.7922,11.8944,2.4066,23.528,1.06966,0.089106,4.0442,1.02704,-0.15516000000000002,11.4442,28.299,0.86732,0.99478,8.4024,2.396,38.1734,7.335,9.5252,0.9958,23.1892,5.2132000000000005,1.5688,13.6678,3.3306,19.534399999999998,20.9106,16.9238,1768.1879641590222,1669.49731445,0.6022,1.5976000000000001,0.6973199999999999,1.7737200000000002,44.4076,10.725,2.471,30.24962,0.6973199999999999,0.066356,6.4608,1.61226,0.01466000000000003,19.3692,21.7544,0.59622,0.70128,8.4346,2.0538,33.6066,6.951599999999999,12.245600000000001,0.178,13.122399999999999,4.0098,1.0442,15.1484,1.7036,18.9356,14.621400000000001,14.8576,1785.4418284165781,1,-62.591430660000015
2024-03-16_Hoffenheim_Stuttgart,2024-03-16,18:30,Bundesliga,Matchweek 26,Sat,2024,0.0,3.0,Hoffenheim,Stuttgart,Away Win,1660.22802734,1,18.0,1.3448,1.3204,1.9314,0.96892,56.3938,15.3518,4.7306,31.583579999999998,1.6786400000000001,0.119648,3.5812,0.92262,-0.39778,12.9372,34.9446,1.58128,1.54814,13.1936,3.8362,49.1794,12.7712,12.2566,2.0962,21.4986,6.913,2.5116,21.855400000000003,2.9526000000000003,28.3806,30.8894,14.9842,1617.172147949048,1755.99060059,1.9258000000000002,1.5646,1.34994,1.17206,58.882200000000005,13.69,4.3582,31.693820000000002,1.1545799999999997,0.086858,3.4392,1.30328,-0.26132,11.1966,30.8572,1.0032,1.7282,11.3616,3.5452,40.891999999999996,9.914800000000001,16.189,2.4786,15.441600000000001,4.5496,3.6318,19.5034,1.1734,24.244799999999998,26.862,17.5614,1636.597532153568,2,-95.76257325000006
2024-03-17_Dortmund_Eint Frankfurt,2024-03-17,17:30,Bundesliga,Matchweek 26,Sun,2024,3.0,1.0,Dortmund,Eint Frankfurt,Home Win,1856.52929688,1,17.0,2.2396000000000003,1.589,1.90912,1.09106,63.87859999999999,19.027,6.466200000000001,34.12779999999999,1.61242,0.08529799999999998,5.0212,1.10828,-0.12271999999999997,11.1796,36.7064,1.3713,1.7660999999999998,15.011399999999998,1.3776,49.4214,10.9742,13.827200000000001,0.4396,17.7762,7.1526000000000005,4.0616,22.8632,3.589,33.8916,37.3626,26.047800000000002,1680.64943943069,1711.36889648,1.664,1.6552,1.0609,1.7414,47.025,9.0408,3.9834,42.50392,1.0609,0.130832,4.878,1.6858600000000001,0.030660000000000007,20.4772,16.664,0.79936,0.7015,6.4064000000000005,0.2198,27.862,4.027200000000001,10.0204,1.1692,9.8238,3.1558000000000006,2.4174,10.4814,2.0354,15.677999999999999,14.3386,12.2866,1653.407962646572,0,145.16040039999984
2024-03-17_Freiburg_Leverkusen,2024-03-17,15:30,Bundesliga,Matchweek 26,Sun,2024,2.0,3.0,Freiburg,Leverkusen,Away Win,1712.98388672,1,15.0,1.8796,2.0972,1.7572800000000002,1.3249199999999999,45.0352,13.2624,5.46,42.100880000000004,1.60342,0.12366,5.9414,2.0281000000000002,-0.06909999999999997,13.519199999999998,29.1656,1.25046,1.3716199999999998,10.302,3.1644,39.020799999999994,8.554200000000002,8.674,0.9384,18.4834,3.246,3.3613999999999997,19.8182,1.156,24.895999999999997,22.6666,15.6666,1745.36744738879,1897.69372559,2.0178000000000003,0.5758,1.83614,0.79968,68.319,19.1126,5.1162,26.72654,1.83614,0.096134,2.9142,0.65426,0.07846,7.651400000000001,54.047799999999995,1.53362,1.9217199999999999,16.354400000000002,3.0088,66.4392,14.916400000000001,13.442799999999998,1.8332,18.634,7.4146,3.7914000000000003,26.78,3.1582000000000003,35.634,39.1626,28.8756,1637.41659687472,2,-184.70983886999988
2024-03-30_Mainz 05_RB Leipzig,2024-03-30,15:30,Bundesliga,Matchweek 27,Sat,2024,0.0,0.0,RB Leipzig,Mainz 05,Draw,1827.33349609,1,15.0,1.6796,0.6942,2.21818,0.90708,56.50619999999999,20.5096,7.4682,41.34532,2.21818,0.11343,2.4225999999999996,0.73026,0.03605999999999998,10.904,39.3482,1.85168,2.1958,15.448,3.2394,51.3996,14.095600000000001,13.277199999999999,4.3191999999999995,21.489,7.282,2.673,26.233199999999997,3.3742,37.1718,35.4544,23.6992,1667.4892609125118,1625.53088379,0.822,3.3247999999999998,1.00064,2.55528,38.5968,12.647000000000002,3.5156,25.975140000000003,1.00064,0.08623399999999999,7.264799999999999,3.30168,-0.02312000000000003,14.1052,23.4506,0.8966999999999999,1.10138,10.7136,2.1758,32.135400000000004,5.9437999999999995,10.5652,0.536,14.8982,3.4762,1.644,15.535,3.2561999999999998,22.9962,17.4658,15.3148,1827.579737721222,1,201.80261229999996
2024-03-30_Hoffenheim_Leverkusen,2024-03-30,15:30,Bundesliga,Matchweek 27,Sat,2024,2.0,1.0,Leverkusen,Hoffenheim,Home Win,1901.37072754,1,15.0,2.1622,0.2198,2.0566000000000004,0.52678,65.4038,18.532600000000002,7.797999999999999,43.826100000000004,1.9284400000000004,0.106864,2.0154,0.1936,-0.026199999999999998,7.169,54.90180000000001,1.72732,2.48096,15.1978,2.0924,65.57159999999999,13.9244,11.477599999999999,3.1378,18.7694,7.4716,4.1642,27.1424,2.358,34.2606,34.2812,25.8336,1705.27748147177,1645.78869629,1.6552,2.5824000000000003,1.20996,2.26912,42.699799999999996,11.416199999999998,4.324800000000001,38.78338000000001,1.20996,0.10861400000000002,7.9968,2.9457000000000004,0.36329999999999996,17.806400000000004,20.7862,0.93218,0.99012,8.0668,2.7573999999999996,31.7784,7.5966,11.4752,1.4124,12.6242,1.9756,2.8464,15.5882,1.4574,19.997200000000003,19.770599999999998,13.495999999999999,1774.32672758771,0,255.58203125
2024-03-30_Eint Frankfurt_Union Berlin,2024-03-30,15:30,Bundesliga,Matchweek 27,Sat,2024,0.0,0.0,Eint Frankfurt,Union Berlin,Draw,1704.50097656,1,15.0,1.8684000000000003,1.0418,1.7142999999999997,0.85348,58.523399999999995,12.77,4.699199999999999,35.34984,1.7142999999999997,0.151458,3.5562,0.66856,-0.37324,8.7164,39.2282,1.3839000000000001,1.26738,10.1134,3.6242,47.34440000000001,10.8848,12.882399999999999,2.0328,22.7448,5.54,3.3146,16.3868,2.3026,22.815199999999997,31.794,19.055,1652.3027272952459,1658.95935059,0.41759999999999997,1.2024,0.84634,1.25336,36.018,9.9814,2.9436,29.94648,0.84634,0.085572,5.957,1.7694200000000002,0.56702,18.6222,18.7398,0.61224,0.54596,7.0622,1.5272,19.9804,5.042,11.892199999999999,1.9144,12.5646,2.6378,0.8351999999999999,11.5688,1.6618,15.371999999999998,14.952399999999999,8.2638,1747.201202613624,1,45.54162597000004
2024-03-30_Bayern Munich_Dortmund,2024-03-30,18:30,Bundesliga,Matchweek 27,Sat,2024,0.0,2.0,Bayern Munich,Dortmund,Away Win,1938.52050781,1,18.0,3.1646,0.822,2.9373,0.69066,61.525,20.774,7.653599999999999,35.80672,2.9373,0.139912,2.8614,0.7691600000000001,-0.05284,10.0122,49.0588,2.2302600000000004,2.2459,15.6644,3.1491999999999996,60.21679999999999,15.7046,8.4574,1.2442,20.664599999999997,7.708800000000001,5.2672,29.6678,2.209,36.0174,34.2646,29.417399999999997,1676.7813521740877,1868.04931641,1.7666,0.442,1.57312,1.48122,61.1102,12.499600000000001,5.844,47.322140000000005,1.44496,0.12264199999999999,3.4726,0.87664,0.43464,18.5988,28.407,0.98622,1.05506,9.0642,0.5538,41.24659999999999,7.6446,12.9698,1.9561999999999997,12.2044,4.8176,2.7112,16.967200000000002,1.2442,22.3936,21.827799999999996,21.7954,1638.715355419004,2,70.47119139999995
2024-03-30_Freiburg_Gladbach,2024-03-30,15:30,Bundesliga,Matchweek 27,Sat,2024,0.0,3.0,Gladbach,Freiburg,Away Win,1667.06994629,1,15.0,2.4902,1.6884000000000001,2.11254,1.01224,50.62220000000001,18.0,5.2552,30.95906,1.95868,0.130912,3.8644,1.13806,-0.55034,13.726600000000001,19.6834,1.57988,1.7900999999999998,14.816799999999999,3.1633999999999998,41.8654,10.2586,15.665,1.9756,19.032400000000003,5.3271999999999995,4.2026,23.2778,3.0132,31.924,31.2822,19.534,1617.611210155234,1687.46716309,1.2066,2.2918000000000003,1.2548599999999999,1.76992,42.479200000000006,6.9338,2.5848,34.43848,0.82448,0.11924599999999999,6.0648,1.87214,-0.25946,19.2762,20.1564,0.6816,0.8157000000000001,5.3734,2.5162,29.6596,6.0866,14.9144,0.8366,15.083399999999997,3.7848,2.4132,10.560400000000001,0.9558,13.7792,13.8098,10.029,1660.6058233623878,2,-20.397216800000024
2024-03-30_Werder Bremen_Wolfsburg,2024-03-30,15:30,Bundesliga,Matchweek 27,Sat,2024,0.0,2.0,Werder Bremen,Wolfsburg,Away Win,1631.54663086,1,15.0,1.356,1.442,1.85676,1.3548200000000001,50.8642,14.247399999999999,3.2098,21.66714,1.7143599999999999,0.122542,4.711600000000001,1.41438,-0.02762000000000002,12.650999999999998,37.2588,1.34974,1.2666600000000001,10.541,1.8,44.2704,8.7562,11.5798,1.9325999999999999,20.3674,5.6046,1.9163999999999999,16.9662,2.2586,23.6534,24.552,19.3666,1707.846896068672,1644.49060059,0.7778,1.464,0.8177000000000001,1.06942,42.840199999999996,10.684000000000001,3.9686000000000003,40.63356,0.8177000000000001,0.07882,4.1048,1.47488,0.18887999999999996,15.6344,25.579600000000003,0.71836,1.06298,8.4332,2.3826,30.845799999999997,7.8114,13.149999999999999,1.4176,18.4702,3.9624,1.5556,14.609800000000002,2.0496,19.2848,18.426199999999998,10.3956,1711.291888573648,2,-12.943969729999935
2024-03-31_Bochum_Darmstadt 98,2024-03-31,19:30,Bundesliga,Matchweek 27,Sun,2024,2.0,2.0,Bochum,Darmstadt 98,Draw,1602.71398926,1,19.0,1.3956,1.9411999999999998,1.1095199999999998,1.9652800000000001,45.462399999999995,14.052800000000001,3.8344,26.5747,0.9512799999999999,0.079294,4.9712,1.81768,0.09628000000000002,18.3778,26.613999999999997,0.81282,1.24882,11.1868,3.3426,34.205200000000005,8.4054,12.990400000000001,0.4222,21.308999999999997,4.8554,2.631,18.611,3.8550000000000004,24.776400000000002,21.5214,11.1256,1757.49095388217,1511.69750977,0.7004,1.3668,0.80432,2.47948,44.7008,12.0644,2.4926,22.640880000000003,0.80432,0.070132,6.124,1.45648,0.55368,16.744999999999997,23.587200000000003,0.6521800000000001,0.8661,9.266399999999999,2.4234,35.046800000000005,7.324,10.137199999999998,0.1978,13.487,3.7058,1.2406000000000001,16.4158,2.1558,22.31,18.0348,13.811399999999999,1698.1299589320959,1,91.01647949000017
2024-03-31_Augsburg_Koln,2024-03-31,15:30,Bundesliga,Matchweek 27,Sun,2024,1.0,1.0,Augsburg,Koln,Draw,1658.85510254,1,15.0,1.4354,1.3096,1.1391200000000001,1.4363000000000001,47.6394,10.856,4.1722,33.78268,0.85432,0.08983200000000001,3.5218000000000007,1.3405600000000002,0.030959999999999977,12.506599999999999,32.650800000000004,0.61958,0.90224,8.4404,3.2836,38.0146,10.003000000000002,13.2142,0.6764,16.3902,4.3288,2.209,13.8164,1.6552,19.537799999999997,23.8926,15.982199999999999,1767.826456446422,1610.20397949,1.3282,1.6486,0.5551200000000001,1.66778,42.6326,10.386000000000001,4.215,37.42056,0.5551200000000001,0.055164,4.5866,1.44038,-0.20822,18.1052,25.4192,0.34286,0.54322,6.607,2.1006,25.546599999999998,5.470599999999999,13.730999999999998,0.5646,21.6716,3.5402,2.6564,12.2742,1.7326000000000001,18.610799999999998,17.2726,19.506999999999998,1679.512874926452,1,48.651123050000024
2024-03-31_Heidenheim_Stuttgart,2024-03-31,17:30,Bundesliga,Matchweek 27,Sun,2024,3.0,3.0,Stuttgart,Heidenheim,Draw,1765.58789062,1,17.0,2.6721999999999997,0.7736,1.9117,0.7537999999999999,65.6102,14.2014,6.410200000000001,45.68954,1.7871000000000001,0.13231199999999999,4.4792000000000005,0.53276,-0.24084000000000005,11.1178,43.053999999999995,1.5127000000000002,1.6437,10.4454,2.0352,53.8976,12.9356,13.6662,2.1602,18.9004,5.989,4.312,19.5096,1.0324,25.067,25.981199999999998,20.180799999999998,1663.280385888872,1604.49121094,1.1734,1.2198,1.0354800000000002,1.3427200000000001,40.1348,9.7728,2.5712,25.63572,1.0354800000000002,0.106296,4.0324,1.0862800000000001,-0.13351999999999997,17.0308,16.71,0.60748,0.63574,7.183,2.022,22.693199999999997,4.7226,13.526,0.178,16.0836,4.757200000000001,1.5116,11.2316,2.2412,15.6318,12.675400000000002,14.900599999999999,1647.6332133799601,1,161.09667968000008
2024-04-05_Eint Frankfurt_Werder Bremen,2024-04-05,20:30,Bundesliga,Matchweek 28,Fri,2024,1.0,1.0,Eint Frankfurt,Werder Bremen,Draw,1701.4831543,1,20.0,1.3932,0.7934,1.5852,1.09114,59.459799999999994,13.381599999999999,4.0968,30.22004,1.5852,0.138984,3.4004,0.73494,-0.058459999999999984,8.6328,41.2718,1.36876,1.45044,10.5906,2.9292000000000002,55.5252,12.505799999999997,13.3384,1.7412,23.4146,5.2976,2.4063999999999997,17.9578,1.5956,24.299200000000003,34.8778,22.6568,1651.3218672614403,1618.35400391,1.0,0.9279999999999999,1.08128,1.2473,44.7892,11.5636,3.4768000000000003,28.067,1.08128,0.093308,5.4108,1.33254,0.40454,16.855,21.630200000000002,0.9215,0.9215399999999999,9.541599999999999,2.9632,28.180000000000003,8.0176,16.2222,0.6242,15.241599999999998,2.4838,2.0,16.6848,1.6884000000000001,21.6302,19.9866,14.239999999999998,1694.990566773366,1,83.12915038999995
2024-04-06_Dortmund_Stuttgart,2024-04-06,18:30,Bundesliga,Matchweek 28,Sat,2024,0.0,1.0,Dortmund,Stuttgart,Away Win,1883.89172363,1,18.0,2.4598,1.2418,2.0635399999999997,0.79804,65.9652,18.1918,5.9312,32.43322,1.60118,0.08821,4.8308,1.08982,0.02602000000000003,9.896400000000002,41.7086,1.32534,1.6374,14.0336,1.1956,50.9772,11.653400000000001,12.7234,0.884,20.8292,7.5258,4.5438,22.965,2.9976,33.0698,37.7354,25.4872,1664.816992944418,1759.97680664,2.3216,0.9756,1.9886800000000002,0.90298,56.6756,16.2628,6.32,37.350680000000004,1.81284,0.106148,2.7626000000000004,0.89456,-0.08103999999999997,13.695599999999999,27.3906,1.6566,2.00396,13.6672,3.5348,40.9056,9.923200000000001,15.469999999999999,3.6516,15.541800000000002,5.1272,4.2012,22.239,1.8885999999999998,28.9156,28.685000000000002,16.5518,1638.280079442216,2,123.91491698999994
2024-04-06_Darmstadt 98_Mainz 05,2024-04-06,15:30,Bundesliga,Matchweek 28,Sat,2024,4.0,0.0,Mainz 05,Darmstadt 98,Home Win,1631.94885254,1,15.0,1.084,0.558,1.60524,0.86266,48.4,17.4902,4.0522,23.49836,1.27142,0.076944,2.8088,0.52412,-0.03387999999999999,13.139,25.964999999999996,0.9319200000000001,1.03878,11.531,2.2264,30.553000000000004,7.4738,16.7256,2.3456,26.6298,8.9178,1.9702,18.086199999999998,4.43,29.655800000000003,28.134400000000003,14.367,1637.973841723102,1515.77368164,0.6862,1.286,0.8282999999999999,2.1664600000000003,42.800399999999996,11.625399999999999,2.5434,23.59838,0.8282999999999999,0.07156,6.6442,1.3455,0.47709999999999997,18.0916,22.2632,0.66696,1.07926,8.9072,1.9926,32.423399999999994,6.558800000000001,9.679,0.6664,14.270800000000001,4.1236,1.3724,15.453200000000002,2.8728,21.8464,18.0754,13.0978,1678.81665610162,0,116.17517090000001
2024-04-06_Bayern Munich_Heidenheim,2024-04-06,15:30,Bundesliga,Matchweek 28,Sat,2024,3.0,2.0,Heidenheim,Bayern Munich,Home Win,1610.10229492,1,15.0,0.822,1.2396,0.95736,1.0447,47.413799999999995,13.182000000000002,2.466,22.14936,0.95736,0.076102,3.5513999999999997,0.88458,-0.13522000000000003,11.355400000000001,29.402,0.76968,1.0597400000000001,9.1508,3.2332,40.2102,8.6784,8.940199999999999,0.8962,25.945,6.1246,1.3235999999999999,14.6898,3.9302,22.4234,23.273400000000002,18.597,1750.432112572044,1922.67810059,2.5368000000000004,2.3758,2.4027600000000002,1.6069200000000001,65.7868,20.014599999999998,5.6028,26.610940000000003,2.4027600000000002,0.1192,5.388,2.01802,-0.35778,12.1606,46.0136,1.7747000000000002,1.9837799999999999,15.0136,3.001,62.4434,14.712600000000002,14.1328,1.5844,21.250799999999998,7.1658,5.073600000000001,27.6342,2.2662,36.772800000000004,40.962,28.5994,1654.172514012472,0,-312.5758056699999
2024-04-06_Leverkusen_Union Berlin,2024-04-06,15:30,Bundesliga,Matchweek 28,Sat,2024,0.0,1.0,Union Berlin,Leverkusen,Away Win,1661.97717285,1,15.0,1.2222,1.0794,1.23946,1.2455,47.7406,12.925199999999998,3.8572000000000006,29.764339999999997,1.23946,0.09434999999999999,3.6904,0.70362,-0.37578,15.1,24.6564,0.8371,0.83104,8.4372,1.5116,33.8856,4.8542,11.658800000000001,0.41759999999999997,18.8296,5.2352,2.2466,14.983600000000001,2.4586,21.7192,23.656,14.8524,1667.156731055306,1903.18518066,2.4044,1.0066,1.9257799999999996,0.88182,66.8898,18.3804,5.4488,29.435499999999998,1.9257799999999996,0.10428799999999999,3.3552000000000004,0.833,-0.1736,9.628,51.3376,1.40372,1.8330400000000002,14.1328,3.108,63.1776,14.004,13.110000000000001,1.8940000000000001,16.0198,6.8966,4.3448,24.4392,2.654,33.252,36.639799999999994,24.1834,1660.405554003374,2,-241.20800781000003
2024-04-06_Freiburg_RB Leipzig,2024-04-06,15:30,Bundesliga,Matchweek 28,Sat,2024,1.0,4.0,Freiburg,RB Leipzig,Away Win,1703.0411377,1,15.0,2.18,2.62,1.5417800000000002,1.6819799999999998,40.370999999999995,12.748000000000001,5.214,41.2256,1.40332,0.11064199999999999,6.479799999999999,2.21156,-0.40844,14.6328,26.8628,1.0656599999999998,1.15586,10.272,2.8596,34.9904,7.045200000000001,7.8298,1.1888,17.0374,2.8329999999999997,3.7578,18.0832,1.3846,23.830000000000002,20.0256,15.1236,1796.3632638448858,1820.91540527,2.9744,2.0166,1.74094,1.24262,54.6246,12.2506,5.408,48.34832,1.6163399999999999,0.118896,4.0928,1.2858399999999999,-0.73076,13.419599999999999,28.5402,1.4364599999999998,1.2183,9.6298,1.9482,38.7356,6.7826,13.6598,1.2178,15.9772,4.37,5.265,15.0908,1.928,21.882599999999996,22.2224,20.2534,1694.0050411107159,2,-117.87426757000003
2024-04-06_Bochum_Koln,2024-04-06,15:30,Bundesliga,Matchweek 28,Sat,2024,2.0,1.0,Koln,Bochum,Home Win,1613.21582031,1,15.0,0.6002,2.4992,1.11074,2.17868,38.178599999999996,12.046,2.397,16.89598,1.11074,0.108214,5.6772,2.19442,-0.30478000000000005,14.268600000000001,18.6232,0.78342,0.52062,7.7128000000000005,1.9656000000000002,24.653799999999997,3.7843999999999998,11.1064,0.534,18.3178,5.2700000000000005,0.6002,12.519599999999999,2.241,19.458199999999998,15.2256,11.8836,1785.79572148411,1598.63781738,0.8154,2.96,0.9724,2.89938,44.4884,11.891399999999999,2.9846000000000004,23.933220000000002,0.9724,0.079344,5.0408,2.59572,-0.36428000000000005,14.088199999999997,25.5394,0.67982,0.8771399999999999,8.141399999999999,3.053,33.165,6.7459999999999996,11.7176,1.272,17.2346,4.57,1.055,12.253400000000001,2.7798,19.3072,19.558999999999997,10.8356,1723.5393198255542,0,14.578002930000139
2024-04-07_Gladbach_Wolfsburg,2024-04-07,17:30,Bundesliga,Matchweek 28,Sun,2024,1.0,3.0,Wolfsburg,Gladbach,Away Win,1657.68322754,1,17.0,1.3978,2.106,1.3922400000000001,1.08836,45.10060000000001,13.0332,3.9164,30.196039999999996,1.24984,0.10107200000000001,4.4358,1.1298000000000001,-0.9762,12.4124,26.1184,0.98566,1.60508,9.765,2.7232,33.164,7.5920000000000005,16.2288,0.8178,22.464000000000002,6.2488,2.378,16.1264,2.2526,22.8812,21.4082,12.408999999999999,1702.944183032078,1651.49609375,0.642,1.3936,0.7064199999999999,1.6630600000000002,46.1088,10.3524,2.424,30.08558,0.7064199999999999,0.069604,5.6819999999999995,1.2603,-0.13329999999999997,20.5094,20.3576,0.61544,0.69998,7.8028,2.581,31.8688,7.0448,13.442,0.4044,14.796,4.2972,1.284,14.1452,1.389,17.3652,14.2916,16.3814,1753.177716551126,2,6.187133789999962
2024-04-07_Augsburg_Hoffenheim,2024-04-07,15:30,Bundesliga,Matchweek 28,Sun,2024,3.0,1.0,Hoffenheim,Augsburg,Home Win,1643.97424316,1,15.0,0.7778,1.4884,1.35572,1.66022,54.76540000000001,13.651399999999999,4.0692,28.58668,1.2435800000000001,0.094498,5.476800000000001,1.5076,0.019199999999999995,12.9436,34.494,1.15596,1.2503000000000002,11.9974,3.4084000000000003,48.62559999999999,11.461400000000001,12.1868,1.454,19.795,6.289,1.3954,19.8488,2.2806,24.723799999999997,27.425800000000002,15.3742,1663.4473094242162,1655.84338379,2.5498,0.7802,1.4992199999999998,1.34122,51.0474,15.1936,4.8304,31.27804,1.3746199999999997,0.087442,4.2198,1.10674,0.32654000000000005,16.8792,31.294800000000002,0.88012,1.44738,10.27,2.9802000000000004,34.197,9.155000000000001,11.3118,1.1296,21.6978,6.180000000000001,3.7982,17.2748,2.2952000000000004,24.842000000000002,28.492600000000003,15.619800000000001,1619.02852709885,0,-11.869140629999947
2024-04-12_Augsburg_Union Berlin,2024-04-12,20:30,Bundesliga,Matchweek 29,Fri,2024,2.0,0.0,Augsburg,Union Berlin,Home Win,1646.31030273,1,20.0,1.536,1.2786,1.5047400000000002,1.3217200000000002,53.33359999999999,15.442400000000001,4.9758,35.2877,1.24842,0.08263999999999999,2.7928,1.31204,0.03343999999999999,10.8258,37.855599999999995,0.9639,1.3648000000000002,11.947400000000002,4.4202,48.755399999999995,13.5538,14.058000000000002,0.3204,24.486199999999997,6.8262,2.4764000000000004,20.060200000000002,2.9548,28.2396,31.882399999999997,17.77,1716.4900052984958,1658.17919922,0.3758,0.938,1.09914,1.06942,36.925,11.0924,2.9934,27.79156,1.09914,0.100108,4.652,1.2332199999999998,0.29522,16.8296,20.2192,0.70752,0.68228,7.6326,1.4744,22.0682,5.4702,11.602799999999998,1.967,12.207799999999999,2.7182,0.7516,11.599999999999998,1.8397999999999999,16.343799999999998,17.5198,9.646600000000001,1705.3924029787318,0,-11.868896489999997
2024-04-13_Bochum_Heidenheim,2024-04-13,15:30,Bundesliga,Matchweek 29,Sat,2024,1.0,1.0,Bochum,Heidenheim,Draw,1592.38903809,1,15.0,1.6002,2.2354,1.30834,1.7866000000000002,49.356399999999994,16.910600000000002,5.0161999999999995,29.64094,1.16594,0.071714,4.4856,1.6514199999999999,-0.38617999999999997,16.298,31.0136,1.02132,1.3493000000000002,14.275400000000001,3.4968,39.034,9.618400000000001,13.6358,0.6242,23.508799999999997,5.691,2.9562000000000004,20.7128,5.7674,29.736399999999996,26.330000000000002,13.1992,1703.88887963932,1623.95495605,1.6444,1.6862,1.11958,1.8112400000000002,35.8934,8.9628,2.7582,32.08034,1.11958,0.133526,4.3734,1.6093000000000002,-0.07690000000000002,13.2438,17.6714,0.8209200000000001,0.8130999999999999,7.4972,2.0198,21.7468,4.406000000000001,11.9082,0.4044,17.052,5.1256,2.0488,10.8084,2.217,14.691799999999999,12.951799999999999,15.2312,1681.0942358638501,1,-31.56591795999998
2024-04-13_Eint Frankfurt_Stuttgart,2024-04-13,18:30,Bundesliga,Matchweek 29,Sat,2024,3.0,0.0,Stuttgart,Eint Frankfurt,Home Win,1772.42224121,1,18.0,2.705,1.4288,2.0782,0.96702,67.11439999999999,15.214,6.0808,41.65438,1.9660600000000001,0.13407799999999997,4.187,0.85134,-0.33326,12.3268,47.488,1.7467599999999999,1.7025599999999999,11.4776,1.6874,58.235600000000005,12.753600000000002,12.1904,2.4884,19.1308,6.2784,4.7692000000000005,20.9238,1.3734000000000002,27.214,27.4924,22.0164,1656.199433838636,1697.66174316,1.5976000000000001,2.2222,1.01598,1.62424,45.145199999999996,9.613399999999999,4.906000000000001,51.657340000000005,1.01598,0.11289,4.4576,2.03234,-0.18986,18.9438,18.250999999999998,0.60964,0.73016,6.2656,0.442,28.629,4.3128,8.1206,1.2964,10.2296,2.996,2.1314,10.3772,1.9317999999999997,16.2308,14.448800000000002,11.7696,1675.198357593848,0,74.76049805000002
2024-04-13_Bayern Munich_Koln,2024-04-13,15:30,Bundesliga,Matchweek 29,Sat,2024,2.0,0.0,Bayern Munich,Koln,Home Win,1908.82543945,1,15.0,2.8482000000000003,1.084,2.7359799999999996,0.78368,60.4634,19.6758,6.1232,29.08172,2.7359799999999996,0.13492400000000002,3.3636,1.13852,0.05452,9.811,48.856,2.20498,2.21812,15.0656,3.3344,57.291,14.136800000000001,8.8,1.2198,21.8868,7.205400000000001,4.7406,25.7058,2.7766,33.4416,33.8618,28.699200000000005,1732.3118518085344,1619.46459961,1.4396,1.4396,0.70172,1.8219400000000001,40.2186,9.9708,3.2726,31.44106,0.70172,0.0693,4.4838000000000005,1.34546,-0.09413999999999996,23.9878,21.8378,0.56836,0.5877600000000001,7.7232,1.558,21.5316,4.7909999999999995,13.213800000000003,0.2198,17.776600000000002,3.9304000000000006,2.8792,13.2794,1.9036,18.5174,15.692,16.3166,1679.976644335846,0,289.3608398399999
2024-04-13_Dortmund_Gladbach,2024-04-13,15:30,Bundesliga,Matchweek 29,Sat,2024,1.0,2.0,Gladbach,Dortmund,Away Win,1664.89147949,1,15.0,1.8086,2.108,1.9935800000000001,1.19636,54.56459999999999,19.6858,4.8854,24.511960000000002,1.85512,0.10131000000000001,5.143199999999999,1.6015000000000001,-0.5065000000000001,12.0328,22.8664,1.6007200000000001,2.0718,16.721,3.6795999999999998,45.6836,10.4652,14.3658,1.7338,25.2434,8.2132,3.0614,24.6358,4.1328,35.5032,35.31439999999999,23.032,1619.3722880858802,1871.44616699,1.5015999999999998,0.3978,1.14534,1.51194,55.726600000000005,12.4938,5.615399999999999,45.049240000000005,1.14534,0.09242399999999999,2.6486,0.69804,0.30024,18.995,29.5756,0.7224999999999999,0.85654,9.201999999999998,0.4984,41.887,7.236,11.7074,1.8606,12.128,4.7358,2.4076,17.0146,0.9756,21.5216,20.9242,22.5926,1715.662718284426,2,-206.5546875
2024-04-13_RB Leipzig_Wolfsburg,2024-04-13,15:30,Bundesliga,Matchweek 29,Sat,2024,3.0,0.0,RB Leipzig,Wolfsburg,Home Win,1831.85681152,1,15.0,1.5116,0.4806,2.10224,0.87754,58.0326,18.873,7.7656,44.47861999999999,2.10224,0.120414,2.5246,0.56632,0.08571999999999996,10.1692,41.2586,1.8400600000000003,2.27862,14.9826,3.0271999999999997,55.335,14.430399999999999,13.116999999999999,4.0872,22.9964,7.321400000000001,2.4056,25.2012,3.1042,34.459999999999994,34.5118,24.2504,1651.62468886699,1644.2878418,1.0442,1.1734,1.21104,1.02692,44.0882,12.2246,4.215800000000001,37.81146,1.21104,0.09891599999999999,3.6502000000000003,1.32858,0.31538,12.8522,26.7538,1.12164,1.37296,9.9548,2.6325999999999996,31.7374,8.795200000000001,11.8372,1.3758,18.999200000000002,4.598599999999999,1.8442000000000003,17.2228,2.0004,21.497600000000002,21.2576,13.042,1702.630310009044,0,187.56896972000004
2024-04-13_Hoffenheim_Mainz 05,2024-04-13,15:30,Bundesliga,Matchweek 29,Sat,2024,4.0,1.0,Mainz 05,Hoffenheim,Home Win,1639.90893555,1,15.0,1.9524,0.358,2.2084799999999998,0.81196,49.4604,16.8202,5.1238,30.22946,1.9080399999999997,0.113764,2.8720000000000003,0.5261,0.16809999999999997,13.6902,27.201,1.5092400000000001,1.24468,11.2454,2.0596,33.616,7.970599999999999,14.9436,2.4552,24.1366,7.6608,3.4826,17.2684,3.8544000000000005,28.836800000000004,28.276600000000002,16.195600000000002,1607.2698424065059,1653.50732422,1.7338,2.38,1.1112600000000001,2.3955,40.864399999999996,10.1534,3.8038,37.78748,1.1112600000000001,0.11363600000000001,8.2972,2.6837000000000004,0.30369999999999997,20.4678,21.572400000000002,0.90452,0.9910800000000001,7.4274000000000004,2.049,30.9558,7.0484,11.0836,0.8386,11.6848,1.978,3.0500000000000003,14.1198,1.5558,18.0436,19.093200000000003,13.4904,1778.21276110878,0,-13.598388670000077
2024-04-14_Leverkusen_Werder Bremen,2024-04-14,17:30,Bundesliga,Matchweek 29,Sun,2024,5.0,0.0,Leverkusen,Werder Bremen,Home Win,1913.44494629,1,17.0,1.8576,0.442,2.13216,0.61176,65.2758,22.8192,8.695,40.62124,2.13216,0.093644,2.1580000000000004,0.2675,-0.1745,7.196,64.3338,1.8779,2.8204,18.352800000000002,3.4484,71.3214,17.7396,10.1644,2.1029999999999998,23.5648,8.345400000000001,3.7152,34.3428,2.4222,42.1376,42.1682,26.8274,1702.8676760025041,1623.73913574,1.0,1.0794,1.30616,1.36142,43.9984,11.939599999999999,4.4058,35.38364,1.30616,0.115838,5.0814,1.23164,0.15224,19.223200000000002,21.455199999999998,0.98142,0.9626199999999999,9.4314,2.5225999999999997,26.3848,7.2272,15.2674,0.9059999999999999,13.984600000000002,1.947,1.7558,14.995000000000001,1.8638,21.5552,19.2992,12.085799999999999,1657.663930079342,0,289.70581055
2024-04-14_Darmstadt 98_Freiburg,2024-04-14,15:30,Bundesliga,Matchweek 29,Sun,2024,0.0,1.0,Darmstadt 98,Freiburg,Away Win,1509.37744141,1,15.0,1.0066,3.6118,1.08816,2.36346,41.130199999999995,11.209800000000001,4.7648,45.74418,1.08816,0.10538,5.6818,2.66594,-0.9458599999999999,11.8324,25.410000000000004,0.86186,1.0307600000000001,8.406600000000001,1.8198,33.0806,7.986600000000001,10.155800000000001,0.7756000000000001,18.2908,3.4896,1.8530000000000002,13.981200000000001,1.5712,20.4706,16.037399999999998,11.6334,1780.194178149204,1693.66357422,1.5302,1.6300000000000001,1.28498,1.68524,42.6874,8.217400000000001,3.8474000000000004,40.61294,0.99858,0.12320600000000001,5.7581999999999995,1.55628,-0.07372000000000001,23.1002,20.02,0.80114,0.9506600000000001,5.8804,1.832,31.026200000000003,6.1338,13.081,1.053,12.3448,3.0738000000000003,2.572,11.6372,1.2044,15.3784,13.6406,11.003,1673.111300926686,2,-184.28613281000003
2024-04-19_Augsburg_Eint Frankfurt,2024-04-19,20:30,Bundesliga,Matchweek 30,Fri,2024,3.0,1.0,Eint Frankfurt,Augsburg,Home Win,1695.1060791,1,20.0,1.3538,0.9581999999999999,1.7520200000000001,1.2574,61.7,16.318,4.4754,28.340000000000003,1.7520200000000001,0.12255,4.7696000000000005,1.05214,0.09393999999999997,6.971800000000001,40.900400000000005,1.54164,1.9658799999999998,13.0618,3.4246,60.9106,14.397199999999998,13.849,2.2996000000000003,27.501199999999997,6.6772,2.5098,21.425,2.5128000000000004,29.9742,38.518,21.5028,1645.55959048042,1661.71826172,2.2506000000000004,1.2906,1.45484,1.40152,50.6866,15.174199999999999,4.8032,31.18446,1.3427,0.087696,4.6862,1.31142,0.020820000000000033,17.424,31.233,0.85326,1.41824,9.954600000000001,2.4938000000000002,35.3334,8.9512,10.6482,1.505,20.1188,6.0178,3.3299999999999996,17.003,2.2658,24.3694,28.4876,14.592600000000001,1616.943065013108,0,33.38781737999989
2024-04-20_Heidenheim_RB Leipzig,2024-04-20,15:30,Bundesliga,Matchweek 30,Sat,2024,1.0,2.0,Heidenheim,RB Leipzig,Away Win,1630.33959961,1,15.0,1.3282,1.4598,1.0449,1.24556,43.0886,12.331399999999999,2.7636000000000003,27.17132,1.0449,0.094586,4.473,1.51662,0.25462,11.620000000000001,28.285,0.8804000000000001,1.0505399999999998,8.5474,3.3099999999999996,34.1402,8.4666,8.802,1.0066,23.308600000000002,5.667999999999999,2.6564,13.888399999999999,3.3488000000000007,20.716200000000004,21.2604,16.2956,1803.292667626236,1842.13049316,3.3654,1.3381999999999998,2.07084,1.1918600000000001,55.471799999999995,13.8676,6.0440000000000005,46.77964,1.9586999999999999,0.135542,2.8742,0.8612,-0.477,14.9428,29.0958,1.7868,1.46836,11.552999999999999,2.2418,38.150999999999996,7.2812,12.705200000000001,1.5844,16.744799999999998,4.4772,6.1154,18.2332,1.591,24.69,25.3516,22.6026,1694.7471716301459,2,-211.79089354999996
2024-04-20_Darmstadt 98_Koln,2024-04-20,15:30,Bundesliga,Matchweek 30,Sat,2024,0.0,2.0,Koln,Darmstadt 98,Away Win,1622.89379883,1,15.0,1.0286,1.9168,1.0564200000000001,1.6171200000000001,42.41199999999999,12.985800000000001,3.1458,19.96154,1.0564200000000001,0.099508,4.5886000000000005,1.58364,-0.33315999999999996,15.207,18.44,0.85276,0.5874,9.1184,2.2574,23.7466,3.906,12.8494,0.4806,20.219,5.0664,1.517,14.7212,2.7612,22.122,17.5684,13.1838,1731.517028759426,1508.61450195,0.6175999999999999,1.9899999999999998,0.7089599999999999,2.46842,41.3228,11.5746,2.6332,23.821380000000005,0.7089599999999999,0.064078,7.3124,2.06914,0.45494,17.0058,20.839199999999998,0.53934,0.91042,8.239799999999999,1.2166000000000001,28.885599999999997,5.4378,11.043800000000001,0.5998,13.366999999999999,3.5228,1.2351999999999999,14.5428,2.7414,20.952599999999997,16.125999999999998,10.7018,1671.2291640122398,2,114.27929687999995
2024-04-20_Gladbach_Hoffenheim,2024-04-20,15:30,Bundesliga,Matchweek 30,Sat,2024,4.0,3.0,Hoffenheim,Gladbach,Home Win,1647.36462402,1,15.0,1.2884000000000002,1.4396,1.25596,1.62866,52.8142,13.509400000000001,4.262200000000001,29.9226,1.25596,0.095048,5.9618,1.41364,-0.02596000000000004,13.626000000000001,31.305,1.1715200000000001,1.20874,11.3766,3.1232,44.5464,10.738199999999999,13.245000000000001,0.976,19.0504,7.0486,2.5768000000000004,20.7078,2.0642,24.485999999999997,23.8108,13.9392,1671.076896582294,1666.13208008,1.3104,1.4984,0.8611200000000001,1.37164,47.416000000000004,11.182,3.2142,30.91538,0.8611200000000001,0.079412,4.7928,1.02122,-0.47717999999999994,18.5726,21.0748,0.7303999999999999,0.77764,8.787400000000002,2.567,34.3206,7.761000000000001,11.988600000000002,0.2198,17.5232,4.5558,2.6208,14.507000000000001,1.9826000000000001,18.6258,15.5714,16.1756,1713.0704855948,0,-18.76745605999986
2024-04-20_Bayern Munich_Union Berlin,2024-04-20,18:30,Bundesliga,Matchweek 30,Sat,2024,1.0,5.0,Union Berlin,Bayern Munich,Away Win,1653.96228027,1,18.0,0.9558,1.2156,0.8283,1.64608,44.3036,10.802399999999999,2.6064,22.66452,0.8283,0.07738,5.1306,1.48792,0.27232,16.211,20.818800000000003,0.5527,0.65816,7.24,1.072,29.236399999999996,3.6036,12.8582,0.3758,18.5582,5.844200000000001,1.7336,11.6898,2.957,18.1194,19.5506,14.122800000000002,1743.821773436434,1919.8717041,2.339,2.5824000000000003,2.2948199999999996,1.4132,67.20599999999999,19.801399999999997,6.175000000000001,30.91232,2.2948199999999996,0.113072,4.8166,1.7999399999999999,-0.7824599999999999,10.4026,50.6616,1.8537400000000002,2.19724,15.1006,3.1892,68.1576,16.239,12.7542,1.9702,23.0,6.4608,4.678,27.214799999999997,1.9954,36.0836,41.70739999999999,28.251200000000004,1649.2351207995139,2,-265.9094238299999
2024-04-20_Bochum_Wolfsburg,2024-04-20,15:30,Bundesliga,Matchweek 30,Sat,2024,1.0,0.0,Wolfsburg,Bochum,Home Win,1645.20507812,1,15.0,1.3579999999999999,2.4838,1.32976,1.1616,47.988800000000005,12.885800000000001,3.9248,30.57372,1.2016,0.09708,5.1690000000000005,1.34542,-1.13838,12.6156,30.2694,0.98268,1.55134,10.277,3.4836,39.5852,9.2424,16.0062,0.9802,22.9946,5.7356,2.3402,17.6234,2.1832000000000003,22.9492,20.302400000000002,14.7544,1704.531803954494,1597.19543457,0.978,2.5756,0.96396,2.3777800000000004,46.3138,12.523,3.0302000000000002,23.5755,0.96396,0.074966,5.092600000000001,2.14778,-0.42782,18.019,25.1736,0.70506,0.82498,9.092199999999998,3.8244000000000002,30.4714,7.204000000000001,12.7228,1.1006,19.4296,4.6572000000000005,1.4378,12.4044,3.146,20.473800000000004,21.056400000000004,9.6192,1678.79604782801,0,48.009643549999964
2024-04-21_Stuttgart_Werder Bremen,2024-04-21,15:30,Bundesliga,Matchweek 30,Sun,2024,2.0,1.0,Werder Bremen,Stuttgart,Home Win,1624.3079834,1,15.0,1.0762,1.642,1.5768800000000003,1.53586,51.254,12.7016,2.9888000000000003,22.266219999999997,1.4487200000000002,0.11207800000000001,4.308,1.47298,-0.16902,12.8858,35.632799999999996,1.1249799999999999,1.1278800000000002,9.1658,1.5757999999999999,42.3222,8.091999999999999,12.6426,1.8394,19.1864,5.632599999999999,1.4364,15.0602,2.277,21.1344,21.2662,17.132,1671.7517795169958,1786.16894531,2.3336000000000006,0.7338,1.9787,1.29338,54.0338,14.339200000000002,5.4556000000000004,34.707319999999996,1.8204599999999997,0.12307000000000001,4.051399999999999,1.03158,0.29777999999999993,15.235400000000002,26.042800000000003,1.7231,1.6584999999999999,12.724,2.7604,37.0644,7.8008,13.480799999999999,3.9749999999999996,12.9808,4.3378,4.269400000000001,19.873599999999996,2.2882000000000002,26.4828,23.335599999999996,15.719999999999999,1701.605700388774,0,-161.86096191000001
2024-04-21_Freiburg_Mainz 05,2024-04-21,19:30,Bundesliga,Matchweek 30,Sun,2024,1.0,1.0,Freiburg,Mainz 05,Draw,1702.48999023,1,19.0,1.7736,3.0464,1.38898,1.87358,41.4662,11.808,3.8832,33.97102,1.09344,0.095042,6.7202,2.20038,-0.84602,13.5044,28.974,0.83164,0.8751599999999999,9.568000000000001,2.5294,36.3238,6.508,8.779399999999999,0.8815999999999999,18.9872,4.2148,3.1493999999999995,15.944399999999998,1.6904,21.184,19.601999999999997,15.8438,1821.61281345294,1657.24267578,0.5956,2.8482000000000003,0.99056,2.7373,37.992999999999995,11.7496,2.7872,21.623780000000004,0.99056,0.093936,7.7268,3.4622600000000006,0.61406,17.8576,20.7194,0.91144,1.11006,10.4422,1.6698,25.7404,5.0168,11.6296,0.5824,13.531600000000001,3.4728,1.1912,14.5928,3.519,21.6638,16.1982,11.976600000000001,1824.693861426662,1,45.247314450000204
2024-04-21_Dortmund_Leverkusen,2024-04-21,17:30,Bundesliga,Matchweek 30,Sun,2024,1.0,1.0,Dortmund,Leverkusen,Draw,1890.34423828,1,17.0,2.0696000000000003,1.2176,2.29464,0.9791799999999999,62.4498,17.1074,6.038,35.299859999999995,1.8784999999999998,0.11124999999999999,3.971,1.08084,0.02343999999999999,9.9508,38.7636,1.4148800000000001,1.82782,12.965,2.1528,50.09100000000001,12.120600000000001,11.4418,0.7956,22.700200000000002,7.861599999999999,3.8009999999999997,21.126600000000003,3.4862,30.4442,37.85,28.068599999999996,1693.1355357416578,1920.9395752,1.9756,0.6175999999999999,2.12858,0.6362,67.4216,18.5866,5.8924,31.470119999999994,1.9820600000000002,0.107302,2.1546000000000003,0.5045999999999999,-0.11299999999999999,11.218800000000002,55.5756,1.41452,1.72882,13.975200000000001,2.853,66.178,13.6152,12.0222,1.7604,17.4388,7.3512,3.2894000000000005,24.107000000000003,2.4002,33.1826,34.9664,25.0416,1635.868341381516,1,-30.595336920000136
2024-04-26_Bochum_Hoffenheim,2024-04-26,20:30,Bundesliga,Matchweek 31,Fri,2024,3.0,2.0,Bochum,Hoffenheim,Home Win,1595.33532715,1,20.0,1.5402,2.1118,1.34078,1.6458200000000003,52.2512,19.394,5.1588,26.208439999999996,1.2126199999999998,0.063776,4.337,1.4497,-0.2399,13.6496,33.154,0.9892,1.2799200000000002,14.8688,3.5912,43.170199999999994,10.2332,14.605,0.9059999999999999,25.488,6.1544,2.8606000000000003,20.9738,6.1674,33.5906,27.250600000000002,15.8098,1697.70412053135,1657.52026367,1.5162,2.6862,0.9203600000000001,2.27946,41.6458,8.052,3.0908,35.28712,0.9203600000000001,0.11615600000000001,8.1234,2.49348,-0.19271999999999997,21.4306,19.052599999999998,0.77756,0.81222,5.975399999999999,0.9790000000000001,29.130200000000002,5.2017999999999995,10.7986,0.4222,9.9304,2.2244,2.6565999999999996,11.3452,1.1118000000000001,14.355599999999999,13.3584,12.820599999999999,1753.3749420915358,0,-62.184936520000065
2024-04-27_Leverkusen_Stuttgart,2024-04-27,18:30,Bundesliga,Matchweek 31,Sat,2024,2.0,2.0,Leverkusen,Stuttgart,Draw,1926.97338867,1,18.0,2.8928000000000003,0.3978,2.28226,0.67826,61.6084,21.14,8.7256,43.504999999999995,2.0869,0.100164,2.2422,0.52496,0.12716,7.7532,53.6498,1.7448000000000001,2.3191,16.720200000000002,3.0712,61.76819999999999,14.659,8.971,2.2368,19.6808,8.0666,5.541399999999999,29.1602,3.1126,38.8734,35.9058,23.349400000000003,1689.112611279912,1778.9095459,1.9118,1.0046,2.0729,1.42944,56.107200000000006,14.116800000000001,4.8332,31.74018,1.9305000000000003,0.13297399999999998,3.7022,1.2814800000000002,0.27688,14.856,31.1782,1.67194,1.9436,12.074800000000002,2.5402,40.788,7.9765999999999995,12.9884,2.9124,16.934,4.748200000000001,3.2214,18.9768,2.2594000000000003,25.913400000000003,25.4672,17.4132,1681.643467527562,1,148.06384277000006
2024-04-27_Freiburg_Wolfsburg,2024-04-27,15:30,Bundesliga,Matchweek 31,Sat,2024,1.0,2.0,Freiburg,Wolfsburg,Away Win,1703.04992676,1,15.0,1.6962,2.5534000000000003,1.4177600000000001,1.68528,42.040800000000004,11.227,3.7948000000000004,35.574,1.1517600000000001,0.11463200000000001,5.4830000000000005,1.9661400000000002,-0.58726,15.3956,28.865199999999998,0.93056,0.86764,9.3552,2.4764000000000004,34.4708,6.7456000000000005,10.7994,0.7934,17.5118,4.1376,3.0343999999999998,15.538,1.4772,20.2652,18.3092,14.5266,1796.118935669172,1653.90698242,0.7956,1.6444,1.02904,1.08304,45.1126,11.5698,4.0942,38.02424,1.02904,0.085816,4.3176000000000005,1.45776,-0.18664000000000003,11.513399999999999,28.6442,0.953,1.29684,9.227,2.4252,31.355000000000004,8.183200000000001,11.7094,1.3381999999999998,19.8764,4.8272,1.3714,16.224,1.6562000000000001,19.7388,18.1136,11.6848,1749.36206957913,2,49.142944339999985
2024-04-27_Augsburg_Werder Bremen,2024-04-27,15:30,Bundesliga,Matchweek 31,Sat,2024,0.0,3.0,Augsburg,Werder Bremen,Away Win,1657.14453125,1,15.0,1.5823999999999998,0.7182,1.37012,1.24864,53.4208,14.4658,4.734,35.9747,1.37012,0.101912,2.6694,0.95132,0.23312,14.250399999999999,38.778999999999996,0.94636,1.2594999999999998,10.431799999999999,3.4013999999999998,48.068400000000004,11.933399999999999,14.628800000000002,0.0,23.2172,6.7878,2.1404,17.3684,2.8594,24.697399999999995,30.0736,14.974400000000001,1668.577331543944,1638.40905762,0.7558,2.1924,1.25996,1.8913600000000002,44.4306,11.5896,4.553599999999999,39.913779999999996,1.25996,0.114256,6.2942,2.19524,0.0028400000000000127,17.2594,23.839599999999997,0.98652,0.90752,8.888,2.7144000000000004,27.8552,6.3275999999999994,14.087200000000001,1.0596,14.018200000000002,1.608,1.2918,13.6624,1.389,19.3782,18.0364,11.877,1723.97772290176,2,18.735473629999888
2024-04-27_Bayern Munich_Eint Frankfurt,2024-04-27,15:30,Bundesliga,Matchweek 31,Sat,2024,2.0,1.0,Bayern Munich,Eint Frankfurt,Home Win,1938.3996582,1,15.0,2.9074,0.9756,2.6967200000000005,0.89624,60.8848,18.442999999999998,5.534000000000001,28.76956,2.6967200000000005,0.141196,4.104,1.2156200000000001,0.24002,12.8044,50.0064,2.04556,1.9721,13.937999999999999,3.6452,59.5188,13.358,10.7736,1.1978,20.7568,5.9756,4.6104,23.848799999999997,2.6990000000000003,30.9228,34.4876,27.5758,1716.118364723266,1706.52148438,1.1494,2.4442,0.88786,1.5962399999999999,44.653800000000004,9.9404,4.5712,46.607940000000006,0.88786,0.09318199999999999,5.0444,2.1256399999999998,-0.31856,16.407400000000003,20.768,0.47332,0.7459800000000001,6.727399999999999,0.642,31.0638,4.9582,6.2665999999999995,1.1226,11.760200000000001,3.7732,1.4856,10.1952,1.8386,16.395999999999997,15.9132,12.957600000000001,1719.6156309816881,0,231.87817382000003
2024-04-27_Dortmund_RB Leipzig,2024-04-27,15:30,Bundesliga,Matchweek 31,Sat,2024,4.0,1.0,RB Leipzig,Dortmund,Home Win,1849.83129883,1,15.0,1.8046000000000002,0.0,1.9787400000000002,0.5991,58.6712,19.4506,7.589,40.53668,1.9787400000000002,0.104838,2.2838000000000003,0.24132,0.24132,10.7964,44.349199999999996,1.66954,2.03424,14.8726,2.8244000000000002,58.5504,14.131400000000001,11.7402,2.9574,22.962,7.910200000000001,3.0534,25.0574,3.6264,34.9112,33.1162,22.7366,1619.7014957033498,1893.06103516,1.8397999999999999,0.6022,1.26172,1.45632,53.3908,11.9118,5.0654,42.06266,1.06636,0.08818,3.3604000000000003,0.89682,0.29462,17.1862,27.4438,0.6758200000000001,0.6767,9.037600000000001,0.1602,38.6706,6.8798,12.4134,1.1978,10.1732,4.3738,3.1436,15.9922,0.978,20.5484,20.1108,22.301,1719.7788597386,0,-43.22973633000015
2024-04-28_Darmstadt 98_Heidenheim,2024-04-28,19:30,Bundesliga,Matchweek 31,Sun,2024,0.0,1.0,Darmstadt 98,Heidenheim,Away Win,1529.63879395,1,19.0,0.6175999999999999,3.2064000000000004,1.08934,2.17386,42.749199999999995,12.509599999999999,4.8324,43.30312,1.08934,0.095076,5.269399999999999,2.364,-0.8424,13.1028,26.9454,0.83126,0.92558,9.975200000000001,1.8377999999999999,28.8232,7.4994,10.9168,0.5538,17.208,3.0522,1.2351999999999999,15.015600000000001,1.7582,22.0884,16.089199999999998,11.6374,1767.8262841547141,1629.48046875,1.5799999999999998,1.6176,1.11764,1.51948,37.068799999999996,8.734,2.7824000000000004,32.453379999999996,1.11764,0.13306,4.1478,1.13238,-0.48522,13.131,17.116,0.8244400000000001,0.7874,7.3149999999999995,2.262,21.327800000000003,4.2212,12.017199999999999,0.2198,16.991,4.3806,1.5556,10.5508,2.3954,15.278599999999997,13.833599999999999,14.7754,1662.787504004486,2,-99.84167479999996
2024-04-28_Gladbach_Union Berlin,2024-04-28,15:30,Bundesliga,Matchweek 31,Sun,2024,0.0,0.0,Gladbach,Union Berlin,Draw,1662.81811523,1,15.0,1.7276,2.0972,1.8176599999999998,1.20674,52.410399999999996,19.517200000000003,4.796799999999999,24.28046,1.6930599999999998,0.090968,4.5964,1.51928,-0.57792,10.2756,26.087,1.4973599999999998,1.8492399999999998,16.2606,3.7558000000000002,45.270999999999994,11.2512,12.831400000000002,1.272,23.7424,7.1594,3.0992,23.6512,4.2638,34.476200000000006,34.017799999999994,24.450200000000002,1683.398547191752,1650.87072754,0.3382,1.0442,1.3078400000000001,1.19458,41.2724,12.692599999999999,3.1382000000000003,26.4256,1.3078400000000001,0.104864,4.2984,1.4008,0.35660000000000003,15.9582,25.069599999999998,0.9553800000000001,1.12804,9.8672,3.2363999999999997,30.076,9.8188,12.431000000000001,1.8702,15.849999999999998,2.8464,0.6764,13.8496,2.0,19.7842,22.296,11.6356,1676.1115040034383,1,11.947387690000141
2024-04-28_Koln_Mainz 05,2024-04-28,17:30,Bundesliga,Matchweek 31,Sun,2024,1.0,1.0,Mainz 05,Koln,Draw,1663.52441406,1,17.0,2.5898,0.4222,2.31302,0.70866,49.3588,18.936,5.7,29.61442,2.04264,0.11138999999999999,2.2522,0.5090600000000001,0.08686,11.7792,28.923000000000002,1.7158000000000002,1.3023200000000001,13.262799999999999,2.1978,36.7176,8.161999999999999,14.949,2.3096,23.6902,7.9388000000000005,4.555400000000001,19.2276,3.9690000000000003,30.9952,31.312,17.8622,1612.200585375318,1608.71105957,1.1514,1.6398,0.7648199999999999,1.96068,36.8458,10.794599999999999,3.8778,34.60536,0.7648199999999999,0.06748799999999999,4.9238,1.63512,-0.00467999999999999,23.9218,22.054000000000002,0.6003799999999999,0.57898,8.4718,1.8464,23.187800000000003,4.711799999999999,10.9062,0.442,19.8524,4.3258,2.3028,14.949200000000001,1.569,19.8632,14.4016,16.5732,1736.549339916372,1,54.81335448999994
2024-05-03_Hoffenheim_RB Leipzig,2024-05-03,20:30,Bundesliga,Matchweek 32,Fri,2024,1.0,1.0,Hoffenheim,RB Leipzig,Draw,1648.87646484,1,20.0,1.9922,1.884,1.519,1.6955,53.7216,17.5542,5.6012,30.44314,1.519,0.086334,6.9306,1.56084,-0.32316,13.6192,35.9144,1.39416,1.4465,14.313600000000001,3.3992000000000004,44.948,11.397,12.488,1.8552,19.2456,6.3671999999999995,3.4960000000000004,24.632800000000003,2.9346,31.5078,27.7812,20.238599999999998,1677.016248878098,1862.26245117,3.2288,1.1602000000000001,2.1158200000000003,1.21594,56.457,14.2574,5.551200000000001,39.4195,2.1158200000000003,0.148522,2.9867999999999997,1.06044,-0.09976000000000002,15.037,29.330199999999998,1.9367,1.6068600000000002,11.686,2.4618,38.0796,7.253,12.402000000000001,1.9702,15.5492,5.062,5.9037999999999995,19.4192,1.5318,25.385799999999996,25.4048,23.7192,1690.7211556642042,1,-213.38598633000015
2024-05-04_Darmstadt 98_Wolfsburg,2024-05-04,15:30,Bundesliga,Matchweek 32,Sat,2024,3.0,0.0,Wolfsburg,Darmstadt 98,Home Win,1664.02148438,1,15.0,1.178,1.947,1.1470200000000002,1.11778,47.9344,11.9204,3.8882000000000003,34.4325,1.1470200000000002,0.099256,3.887,1.1011,-0.8459,15.8286,28.466,0.92558,1.26876,9.2284,2.5144,36.3968,7.809,17.3264,0.738,19.976399999999998,5.3736,1.5294,14.6984,2.209,19.9356,19.3512,13.690600000000002,1685.5562928706722,1522.18432617,1.0442,1.791,0.97668,2.24948,41.3906,11.9056,3.6908000000000003,32.20634,0.97668,0.085206,6.4044,1.8846000000000003,0.4318000000000001,17.7376,21.1996,0.5742400000000001,0.9437800000000001,8.1158,0.7624,29.197,5.2616,12.6492,0.3956,13.1302,3.6146,1.8442000000000003,14.3444,3.1998,21.2458,18.122799999999998,11.219800000000001,1659.7873128660558,0,141.83715820999987
2024-05-04_Gladbach_Werder Bremen,2024-05-04,15:30,Bundesliga,Matchweek 32,Sat,2024,2.0,2.0,Werder Bremen,Gladbach,Draw,1654.93432617,1,15.0,1.0244,1.5778,1.4249800000000001,1.7465000000000002,47.6422,11.5102,2.6456,20.8709,1.25404,0.10410199999999999,4.521400000000001,1.35478,-0.22302000000000005,14.7068,34.0244,1.05802,1.0362200000000001,8.6606,2.0066,40.933400000000006,7.3942000000000005,12.7226,1.8554,18.9556,4.5924000000000005,1.6928,14.953800000000001,1.905,20.8204,18.808799999999998,16.7302,1692.55613945323,1660.27160645,1.7678000000000003,1.8928,0.87502,1.49334,46.1972,11.652199999999999,4.3138000000000005,38.33764,0.87502,0.07803,5.6462,1.27006,-0.6227400000000001,19.235999999999997,22.0,0.81504,0.8819800000000002,10.218,3.3870000000000005,34.1002,8.3616,10.9128,0.442,17.8152,4.6002,3.5356000000000005,15.921399999999998,1.9844,20.0284,16.347,15.9018,1662.515811083008,1,-5.337280279999959
2024-05-04_Augsburg_Dortmund,2024-05-04,15:30,Bundesliga,Matchweek 32,Sat,2024,5.0,1.0,Dortmund,Augsburg,Home Win,1879.28991699,1,15.0,1.6742000000000001,1.1958,1.76912,1.07778,58.8414,14.8988,5.3458000000000006,34.486320000000006,1.6108799999999999,0.103242,3.7296000000000005,1.14924,-0.04655999999999995,10.155800000000001,36.3212,1.2801200000000001,1.6729399999999999,12.0358,1.9376,44.565,10.254999999999999,11.221,0.716,19.7322,6.410200000000001,3.1881999999999997,19.2604,2.9492000000000003,26.26,33.1486,24.3106,1758.754274854364,1639.27941895,2.1254,1.75,1.20072,1.5711600000000001,47.29899999999999,13.2472,4.2786,29.92328,1.20072,0.088368,5.3502,1.3635599999999999,-0.38644,19.611800000000002,29.7562,0.75466,1.2698800000000001,8.926400000000001,2.4002,33.458600000000004,8.7678,7.5764000000000005,1.022,17.6,5.916,3.0968,15.3814,1.8508,20.8134,25.287599999999998,13.8566,1635.448464720182,0,240.0104980399999
2024-05-04_Bayern Munich_Stuttgart,2024-05-04,15:30,Bundesliga,Matchweek 32,Sat,2024,3.0,1.0,Stuttgart,Bayern Munich,Home Win,1783.5435791,1,15.0,2.4462,0.9976,1.84622,0.9591599999999999,65.8026,13.4392,5.784400000000001,46.98532,1.84622,0.14188,4.2124,0.9815799999999999,0.20378,12.482599999999998,45.52720000000001,1.6965200000000003,1.74996,10.309,2.207,54.3578,13.299,12.7596,3.1722,16.5754,5.3296,4.1598,17.857,0.9036,22.808999999999997,25.4778,19.4288,1642.088642724108,1937.83154297,3.326,2.1358,2.32064,1.4263000000000001,67.0736,21.1628,7.611,37.79556,2.32064,0.11264800000000001,4.1582,1.62784,-0.5079600000000001,11.7716,50.716,1.8692600000000004,2.3161000000000005,16.387999999999998,3.7028,67.8742,16.836000000000002,10.6368,1.7732,22.699800000000003,5.6819999999999995,6.4078,30.632599999999996,1.5074,39.0584,46.217600000000004,30.6888,1619.0537599106701,0,-154.2879638700001
2024-05-04_Freiburg_Koln,2024-05-04,18:30,Bundesliga,Matchweek 32,Sat,2024,0.0,0.0,Koln,Freiburg,Draw,1611.07531738,1,18.0,0.6374,2.2134,1.00752,1.77954,46.423,14.1644,3.2314,19.268700000000003,1.00752,0.088786,5.018,1.6040600000000003,-0.60934,13.621,26.8316,0.8819,1.0470599999999999,10.7162,3.5968,30.41,6.5016,12.864600000000001,0.0,22.4396,4.5274,1.077,18.845,2.2968,25.5292,20.974999999999998,15.495999999999999,1678.647776634448,1691.59545898,1.4772,1.0344,1.20322,1.42486,41.533,8.7284,3.7628,37.47476,1.06082,0.12665,5.7264,1.2099000000000002,0.1755,22.3784,18.5648,0.89754,1.04328,6.9134,1.5604,30.6032,6.420599999999999,11.507599999999998,0.9036,12.8544,2.5338,2.5147999999999997,13.571399999999999,0.7956,16.217599999999997,13.5442,11.247,1639.073196484888,1,-80.52014160000022
2024-05-05_Eint Frankfurt_Leverkusen,2024-05-05,17:30,Bundesliga,Matchweek 32,Sun,2024,1.0,5.0,Eint Frankfurt,Leverkusen,Away Win,1703.69567871,1,17.0,1.8068,0.9623999999999999,1.67032,1.0374800000000002,63.2718,16.3188,5.4488,36.54128,1.67032,0.107994,3.816,1.03578,0.07338000000000001,7.719,42.0722,1.2512,1.96814,12.799800000000001,2.8938,62.025800000000004,12.836400000000001,15.6736,2.3138000000000005,27.2512,6.3212,2.9472,21.015,2.9499999999999997,29.797800000000002,34.1146,20.5636,1653.3705142835702,1920.99938965,1.7338,0.8,1.91038,0.60814,63.7162,17.0186,5.0264,28.917239999999996,1.7785,0.10413,1.5624,0.5053,-0.2947,9.5318,55.1824,1.27216,1.7992,12.468399999999999,3.156,63.8388,13.6536,11.199,2.0286,18.4484,7.648600000000001,2.6278000000000006,22.1986,2.3602000000000003,30.7224,34.281,24.016599999999997,1713.07061542977,2,-217.30371093999997
2024-05-05_Bochum_Union Berlin,2024-05-05,15:30,Bundesliga,Matchweek 32,Sun,2024,3.0,4.0,Union Berlin,Bochum,Away Win,1652.07739258,1,15.0,0.9601999999999999,2.315,1.01522,1.6359199999999998,42.852000000000004,12.2314,3.1782000000000004,25.114440000000002,1.01522,0.085408,6.2386,1.75106,-0.5639400000000001,12.9948,21.013399999999997,0.66952,0.80886,8.337,1.409,31.086800000000004,5.841,11.4514,1.0708,19.8234,5.6156,1.7602,14.350999999999999,2.6172000000000004,21.026,23.1464,15.1754,1797.600501365486,1602.63916016,0.736,2.1296,1.1129,1.9171399999999998,49.5334,12.859,2.3946,17.84982,1.1129,0.084678,4.9392000000000005,1.5748000000000002,-0.5548,17.073,28.707199999999997,0.8698999999999999,0.84688,8.8388,3.5978,31.976999999999997,7.139399999999999,13.3272,0.8022,23.1378,5.5682,1.294,11.7872,3.4198,20.7706,21.871599999999997,9.080400000000001,1645.4302076160661,2,49.43823241999985
2024-05-05_Heidenheim_Mainz 05,2024-05-05,19:30,Bundesliga,Matchweek 32,Sun,2024,1.0,1.0,Heidenheim,Mainz 05,Draw,1635.59509277,1,19.0,1.4396,1.8022,1.0115800000000001,1.47406,43.8324,11.8096,3.464,34.22236,1.0115800000000001,0.09512999999999999,4.2816,1.59036,-0.03384000000000004,11.514,27.5002,0.95004,1.07874,8.7808,3.379,32.4042,8.464,9.166,0.8617999999999999,22.0004,5.0126,2.8792,14.2318,2.6812000000000005,20.5882,20.4898,15.7772,1805.1558470693062,1659.82019043,0.7802,2.6632000000000002,1.02034,2.54466,42.3568,13.472199999999999,3.241,24.05196,1.02034,0.08577599999999999,7.2540000000000004,3.2347600000000005,0.57156,16.8278,23.7894,0.87588,1.0990600000000001,10.9746,2.9238,30.4616,6.868600000000001,12.931799999999999,0.38,15.0994,3.9579999999999997,1.5604,15.5986,3.6111999999999997,23.727400000000003,19.1646,13.687999999999999,1810.501713475746,1,-24.225097659999847
2024-05-10_Augsburg_Stuttgart,2024-05-10,20:30,Bundesliga,Matchweek 33,Fri,2024,0.0,1.0,Augsburg,Stuttgart,Away Win,1640.75793457,1,20.0,1.1358000000000001,1.0906,1.27868,1.4247400000000001,55.2086,14.6074,3.9280000000000004,29.00896,1.27868,0.093838,2.8584,1.0918,0.0012000000000000066,14.958199999999998,38.4216,0.8872800000000001,1.15026,10.2884,3.1170000000000004,49.191,10.9072,13.7332,0.0,24.637,7.429800000000001,1.4938,17.4196,3.2618,25.204000000000004,28.789,14.5884,1640.412845337938,1804.07495117,1.9206,1.2484,2.05,1.38324,56.7502,13.372399999999999,4.7498,33.33088,1.92184,0.13756,3.7878,1.24128,-0.007120000000000001,14.1376,33.0234,1.58586,1.74274,11.090399999999999,2.1978,42.03959999999999,7.7348,11.3478,2.4768,15.264,4.3292,3.1992,18.779,1.745,24.889200000000002,23.4112,16.4394,1762.937762620682,2,-163.3170166
2024-05-11_Eint Frankfurt_Gladbach,2024-05-11,15:30,Bundesliga,Matchweek 33,Sat,2024,1.0,1.0,Gladbach,Eint Frankfurt,Draw,1667.27368164,1,15.0,1.5548,1.8874,1.6393600000000002,1.2293200000000002,51.504,17.279400000000003,4.1404,24.572119999999998,1.5272200000000002,0.090312,5.7018,1.6115000000000002,-0.27590000000000003,11.713199999999999,22.371199999999998,1.41318,1.7054199999999997,14.581,3.7802,39.882999999999996,10.7378,11.8832,1.1006,23.5118,6.166399999999999,2.7892,21.4,3.749,30.4448,32.1506,22.451599999999996,1697.881424145214,1701.38269043,1.2786,2.3998000000000004,0.8058,2.0549999999999997,40.9608,9.8022,4.269799999999999,44.02326,0.8058,0.084536,5.9168,2.4217200000000005,0.021919999999999995,18.1198,23.2218,0.3739,0.5572,6.6106,0.5778,31.446199999999997,4.7181999999999995,7.128400000000001,0.5778,11.3518,2.875,1.8254,10.7642,0.9338,16.224,14.9894,14.415399999999998,1789.0608232418679,1,-34.10900878999996
2024-05-11_Dortmund_Mainz 05,2024-05-11,18:30,Bundesliga,Matchweek 33,Sat,2024,3.0,0.0,Mainz 05,Dortmund,Home Win,1666.34680176,1,18.0,2.4308,0.6242,2.16958,1.1041,47.3132,18.4984,5.53,29.36896,2.02718,0.113132,3.0596,0.9665600000000001,0.34236,13.1222,26.6888,1.65418,1.2344,12.6482,2.4222,35.481,8.1016,14.5658,1.7902,23.8654,7.6008000000000004,4.1998,18.6606,3.4396,29.819000000000003,28.5624,17.087400000000002,1610.63276252361,1904.3770752,1.7558,1.3746,1.3244,1.6860400000000002,53.8638,11.9206,5.0588,42.02594,1.14856,0.096246,4.157,1.32346,-0.05114000000000002,16.1346,28.232,0.9656800000000001,1.123,9.6664,0.2442,41.1456,6.936,10.830400000000001,1.178,12.3978,5.4574,3.1734,16.0488,1.4686,20.793599999999998,23.1184,22.326800000000002,1759.825281370674,0,-238.03027343999997
2024-05-11_Freiburg_Heidenheim,2024-05-11,15:30,Bundesliga,Matchweek 33,Sat,2024,1.0,1.0,Freiburg,Heidenheim,Draw,1696.44372559,1,15.0,1.3381999999999998,2.3538,1.496,1.4946,42.504400000000004,11.7926,3.2828000000000004,30.0336,1.1866,0.11273,5.1903999999999995,1.5743800000000001,-0.77942,16.6096,28.0694,0.93752,0.80762,9.319600000000001,2.6288,32.5608,6.1502,10.4754,0.714,18.593,3.5912,2.01,16.1284,1.5735999999999999,21.027,18.534,14.3178,1774.5223134766238,1640.359375,1.3778,1.3116,1.1370600000000002,1.29332,41.745999999999995,10.425999999999998,3.2926,32.45062,1.1370600000000002,0.11577599999999999,4.033,1.0070000000000001,-0.30460000000000004,10.932,21.7442,0.9541,0.9651799999999999,8.5046,3.1126,23.7488,5.2318,12.215600000000002,0.6862,21.287399999999998,4.4542,1.6,13.7146,2.4118,18.6698,15.9716,15.142199999999999,1631.6169937032441,1,56.084350589999985
2024-05-11_RB Leipzig_Werder Bremen,2024-05-11,15:30,Bundesliga,Matchweek 33,Sat,2024,1.0,1.0,RB Leipzig,Werder Bremen,Draw,1863.5604248,1,15.0,2.3125999999999998,0.2442,2.2571000000000003,0.8578,52.8104,20.3262,7.674200000000001,39.20742,2.2571000000000003,0.11356200000000001,2.988,0.6279,0.3837,11.549600000000002,40.062200000000004,1.88998,2.00398,15.950199999999999,2.7860000000000005,53.610600000000005,13.6738,11.8102,2.9616000000000002,21.0,7.619,4.025,27.4256,3.1754,35.8846,33.3482,21.1648,1681.2552005628222,1659.22302246,1.2686000000000002,1.9731999999999998,1.3628,1.7334,45.0202,11.974800000000002,4.7424,40.19882,1.16744,0.10462,5.6206000000000005,1.97134,-0.001860000000000011,17.7658,23.4,0.92136,0.95678,9.6876,3.1314,29.3352,7.1392,14.478599999999998,0.9536,16.07,1.9914,2.3394,14.928799999999999,1.7384,20.717,20.2422,14.031200000000002,1722.013500903922,1,204.33740233999993
2024-05-11_Koln_Union Berlin,2024-05-11,15:30,Bundesliga,Matchweek 33,Sat,2024,3.0,2.0,Koln,Union Berlin,Home Win,1617.51794434,1,15.0,0.5736,1.8477999999999999,1.01118,1.5373799999999997,47.23700000000001,15.513200000000001,4.3292,24.10734,1.01118,0.08346400000000001,3.9394,1.29942,-0.5483800000000001,12.4818,27.2934,0.93138,1.1533200000000001,12.154,4.414000000000001,34.1002,8.349400000000001,12.3338,0.2442,24.005000000000003,5.063000000000001,0.9692000000000001,19.7376,1.9228,26.885800000000003,22.7754,17.3,1687.0115256329382,1646.84301758,0.1602,0.7956,1.27706,1.10746,41.0808,12.5352,3.9570000000000003,32.387640000000005,1.27706,0.10281799999999999,3.9802,1.19536,0.39976,15.1414,27.9376,0.90544,1.04202,9.592400000000001,2.8245999999999998,36.551,9.737400000000001,9.6136,1.539,16.0214,3.106,0.3204,13.6326,2.0,19.5738,21.09,11.4164,1680.7418345439578,0,-29.325073239999938
2024-05-12_Darmstadt 98_Hoffenheim,2024-05-12,15:30,Bundesliga,Matchweek 33,Sun,2024,0.0,6.0,Darmstadt 98,Hoffenheim,Away Win,1521.68164062,1,15.0,0.5558000000000001,2.8414,1.06482,2.07314,44.705,12.7914,4.2166,34.824580000000005,1.06482,0.09256600000000001,4.954,2.1754,-0.666,16.8878,24.177,0.7981199999999999,0.93626,9.677800000000001,1.654,28.8412,7.782000000000001,11.557799999999999,0.4984,16.6872,2.9028,1.1116000000000001,15.8794,2.0266,23.089199999999998,16.5572,11.4856,1720.310324828508,1658.86938477,1.5646,2.8618,0.8274,2.58778,42.7378,7.2376000000000005,2.7492,35.585260000000005,0.8274,0.11454,9.232000000000001,2.66508,-0.19671999999999998,21.2432,18.7266,0.72772,0.71566,5.5569999999999995,0.8928,24.224400000000003,3.6398,11.7956,1.1126,11.026,2.6904,2.5468,9.148,1.3448,12.99,12.2924,12.073599999999999,1726.5913476088758,2,-137.18774414999984
2024-05-12_Bochum_Leverkusen,2024-05-12,19:30,Bundesliga,Matchweek 33,Sun,2024,0.0,5.0,Bochum,Leverkusen,Away Win,1619.16430664,1,19.0,1.6862,2.1006,1.7429999999999999,1.2496200000000002,53.644400000000005,24.5152,7.140600000000001,28.114139999999995,1.7429999999999999,0.069282,3.5824,1.20404,-0.51656,12.8754,36.6988,1.32214,1.4328400000000001,16.6794,3.5320000000000005,46.181,10.842400000000001,14.9212,1.7922,26.5924,7.404,2.9304,22.6298,7.5598,40.1014,34.3512,15.1522,1653.657041160502,1942.49450684,2.4930000000000003,0.82,2.10466,0.95362,59.537000000000006,14.4304,5.0678,37.56052,1.5952600000000001,0.118368,2.1946000000000003,0.74456,-0.07544000000000001,11.343599999999999,51.7866,1.16842,1.76486,10.235399999999998,2.652,56.9378,12.0672,10.114,1.6374,16.494,7.3835999999999995,4.2302,19.936600000000002,1.6916000000000002,26.998599999999996,30.534,21.5288,1724.643358325356,2,-323.33020020000004
2024-05-12_Bayern Munich_Wolfsburg,2024-05-12,17:30,Bundesliga,Matchweek 33,Sun,2024,2.0,0.0,Bayern Munich,Wolfsburg,Home Win,1922.78857422,1,17.0,2.6724,0.978,2.93002,0.78452,62.0058,18.354400000000002,5.8248,30.55348,2.75908,0.146842,4.1377999999999995,1.08636,0.10836,11.503200000000001,53.245599999999996,2.23512,2.16344,14.820799999999998,4.2574,61.3418,13.943,10.4964,1.4222,23.2556,5.4896,4.5492,25.6616,2.629,32.828,33.7388,27.062199999999997,1720.305045779196,1675.81506348,1.2044,1.5799999999999998,0.86076,1.43986,44.2042,10.892000000000001,4.0847999999999995,38.964420000000004,0.86076,0.07546399999999999,4.4742,1.44406,0.10825999999999997,12.738999999999999,25.5732,0.7579,1.17504,8.2392,1.4176,29.834,6.467199999999999,12.1828,0.916,15.840399999999999,4.3678,2.211,14.948200000000002,1.1580000000000001,17.9348,16.3278,11.8722,1752.018401488398,0,246.97351074000017
2024-05-18_Bayern Munich_Hoffenheim,2024-05-18,15:30,Bundesliga,Matchweek 34,Sat,2024,4.0,2.0,Hoffenheim,Bayern Munich,Home Win,1673.32312012,1,15.0,2.0372000000000003,1.7956,1.61364,1.51938,52.2638,18.087600000000002,6.418,33.96572,1.61364,0.08858400000000001,6.781599999999999,1.6524,-0.14319999999999997,14.034,39.5982,1.4812800000000002,1.45188,14.2384,3.171,45.833,12.1018,12.727400000000001,1.7256,20.9422,5.842,3.6348,26.4794,2.6969999999999996,33.5114,26.5502,21.424599999999998,1724.811810718436,1925.8963623,2.9492000000000003,2.2222,2.02784,1.4781,60.0842,17.351,6.0406,34.635619999999996,1.83248,0.107056,5.3634,1.9580799999999998,-0.26412,12.1388,42.9944,1.48834,1.7651599999999998,13.963,2.7116000000000002,54.2994,13.345199999999998,10.052200000000001,1.7957999999999998,17.8016,4.0602,5.6786,25.208800000000004,1.4566000000000001,32.4826,35.442,24.238200000000003,1658.7527563710241,0,-252.57324217999985
2024-05-18_Eint Frankfurt_RB Leipzig,2024-05-18,15:30,Bundesliga,Matchweek 34,Sat,2024,2.0,2.0,Eint Frankfurt,RB Leipzig,Draw,1702.25256348,1,15.0,1.582,1.7988,1.83748,1.4488400000000001,62.156,17.107599999999998,5.404,34.054700000000004,1.83748,0.112522,3.7460000000000004,1.7715400000000001,-0.027259999999999993,7.1706,41.1086,1.4014199999999999,1.94896,12.275399999999998,3.2485999999999997,59.04520000000001,12.7966,13.7852,2.6266000000000003,27.8026,7.41,2.5642,22.3666,2.3666,30.7268,34.2792,20.162799999999997,1716.9465413343282,1857.54321289,3.0058000000000002,1.0,1.96976,1.26876,55.5994,13.1988,5.1076,39.82881999999999,1.96976,0.14655200000000002,4.0649999999999995,1.1977,0.19770000000000001,16.986800000000002,27.976,1.8229799999999998,1.53056,10.9288,3.1482,37.427,8.1044,10.6084,2.0174000000000003,15.5382,4.9558,5.5132,18.3886,1.4786000000000001,23.914199999999997,23.110400000000002,24.5124,1647.1492322752779,1,-155.29064941000001
2024-05-18_Augsburg_Leverkusen,2024-05-18,15:30,Bundesliga,Matchweek 34,Sat,2024,2.0,1.0,Leverkusen,Augsburg,Home Win,1949.0925293,1,15.0,2.6594,0.8464,2.2084400000000004,0.93906,61.7886,20.4256,8.1646,41.39746,2.0326000000000004,0.10159,2.8506,0.64342,-0.20298000000000005,5.4594,54.8788,1.60702,2.09942,15.559400000000002,2.6198,64.659,14.0808,10.450800000000001,1.6805999999999999,21.5426,7.904,5.099,28.375799999999998,2.6130000000000004,37.629400000000004,36.888600000000004,22.914,1672.7718284190842,1635.87780762,2.157,2.6518,1.5469400000000002,2.08804,44.306000000000004,15.852599999999999,4.1506,25.925539999999998,1.5469400000000002,0.094416,6.6804,2.06538,-0.5864199999999999,16.8644,29.557,1.19316,1.6135799999999998,11.2756,3.0928000000000004,36.1312,10.0562,6.5976,0.7756000000000001,18.6168,6.5128,3.2754,18.8502,2.154,25.704,27.888999999999996,14.2152,1697.943864426874,0,313.2147216799999
2024-05-18_Bochum_Werder Bremen,2024-05-18,15:30,Bundesliga,Matchweek 34,Sat,2024,4.0,1.0,Werder Bremen,Bochum,Home Win,1665.83337402,1,15.0,1.2662,1.6199999999999999,1.37924,1.77628,47.1802,12.5918,3.4135999999999997,24.03136,1.22538,0.095924,5.1018,1.70558,0.08557999999999999,12.6386,36.442800000000005,1.04338,1.03376,9.283,1.6176,42.928399999999996,9.02,11.141,1.914,19.9484,5.1213999999999995,2.2119999999999997,17.6888,2.1586000000000003,22.992,21.2258,17.2574,1697.144202149992,1614.07629395,1.495,2.505,1.1272199999999999,1.59912,50.501200000000004,13.950000000000001,2.6552,17.70598,1.1272199999999999,0.07988600000000001,5.377800000000001,1.81032,-0.69468,16.9212,26.9274,0.86852,0.9831399999999999,9.055,3.2937999999999996,31.4028,7.558,14.692,1.0662,24.3778,5.5556,2.8298,12.9972,3.3778,22.659,25.1916,8.2516,1638.0847336415761,0,51.75708007000003
2024-05-18_Freiburg_Union Berlin,2024-05-18,15:30,Bundesliga,Matchweek 34,Sat,2024,2.0,1.0,Union Berlin,Freiburg,Home Win,1639.60900879,1,15.0,1.3084,2.772,0.97488,1.65556,41.925,12.2084,3.6488,29.181079999999994,0.97488,0.083426,6.259,1.90572,-0.8662799999999999,14.316200000000002,21.1678,0.72142,0.87684,9.036,1.4682,30.224800000000002,5.9572,12.4828,0.8196,20.3738,5.9424,2.6168,14.316200000000002,3.1438,21.556199999999997,22.743799999999997,13.404399999999999,1776.54797968738,1693.67236328,1.3294,0.4984,1.23496,1.2281800000000003,43.221599999999995,7.9670000000000005,2.9538,26.51692,1.1068,0.159496,5.7096,1.0203,0.5219,24.025999999999996,20.4618,0.97428,1.0377800000000001,6.622,1.3602,31.3756,5.8902,10.6358,1.0574000000000001,11.6598,2.092,2.2632,12.7258,0.716,15.1072,12.6572,10.533800000000001,1601.63160949662,0,-54.06335448999994
2024-05-18_Mainz 05_Wolfsburg,2024-05-18,15:30,Bundesliga,Matchweek 34,Sat,2024,1.0,3.0,Wolfsburg,Mainz 05,Away Win,1673.30029297,1,15.0,1.6486,1.608,1.31,0.90182,50.7476,14.270199999999999,4.632,33.87291999999999,1.31,0.089238,3.0214000000000008,0.8811800000000001,-0.72682,14.5574,28.174799999999998,0.98744,1.26302,10.8148,2.1186,37.81,9.4814,17.8588,0.62,19.7342,6.313,2.6974,17.947,2.9648000000000003,24.914,22.8348,13.577000000000002,1621.017272875094,1688.53393555,0.8022,2.2084,1.05832,2.23588,45.684599999999996,12.1158,2.7844,23.8828,1.05832,0.098408,6.739999999999999,2.47208,0.2636800000000001,17.4214,25.4762,0.90388,0.9894000000000001,9.6678,3.2758000000000003,32.093,7.4262,13.0712,0.1978,14.857199999999999,3.5738,1.6044,13.232,3.2058,20.6036,21.6464,15.172799999999999,1778.89443593543,2,-15.233642579999923
2024-05-18_Heidenheim_Koln,2024-05-18,15:30,Bundesliga,Matchweek 34,Sat,2024,4.0,1.0,Heidenheim,Koln,Home Win,1643.72375488,1,15.0,1.3956,1.5778,1.0725,1.39458,45.058400000000006,13.4262,3.906,31.722579999999997,1.0725,0.090174,4.1533999999999995,1.50244,0.08484000000000003,11.762600000000003,26.8732,0.96828,0.992,10.112,3.7736,32.996199999999995,8.461599999999999,9.8262,0.7756000000000001,23.2212,5.3995999999999995,2.7912,17.0272,2.7571999999999997,23.7804,21.7498,19.7832,1758.715600682674,1625.34509277,1.1362,1.5757999999999999,1.2844000000000002,1.98228,41.8566,12.5128,4.5668,36.86862000000001,0.9181,0.074948,4.9756,1.64812,0.07232000000000001,24.3502,21.916200000000003,0.73568,0.8341,9.778,1.8618,26.688000000000002,5.961600000000001,11.748,0.3978,20.5,4.925800000000001,2.2724,16.796200000000002,1.512,22.983800000000002,17.58,16.616,1730.2284439686478,0,18.378662109999823
2024-05-18_Gladbach_Stuttgart,2024-05-18,15:30,Bundesliga,Matchweek 34,Sat,2024,4.0,0.0,Stuttgart,Gladbach,Home Win,1809.5480957,1,15.0,2.5016,0.9978,1.82716,1.0765,65.3218,16.3696,6.3944,42.274460000000005,1.82716,0.12127399999999999,3.6586000000000003,1.09552,0.29552,9.804,47.815799999999996,1.5459200000000002,1.7682200000000001,11.599,2.4306,58.293400000000005,14.6784,12.1394,3.055,16.6178,4.9524,3.8553999999999995,21.634,0.8132,27.2674,27.2274,18.6088,1717.449265356074,1666.99694824,2.0794,1.9036,1.15056,1.44078,44.968199999999996,12.2314,5.1034,42.14664,0.9552,0.08011,5.2492,1.12776,-0.77584,19.9332,20.858600000000003,0.91564,0.9038000000000002,10.7848,2.96,32.94879999999999,7.748799999999999,9.6562,0.642,15.1034,4.0518,3.6704,16.518,1.8418,21.1586,16.9568,18.2094,1639.5079685291619,0,142.55114746000004
2024-05-18_Darmstadt 98_Dortmund,2024-05-18,15:30,Bundesliga,Matchweek 34,Sat,2024,4.0,0.0,Dortmund,Darmstadt 98,Home Win,1882.78295898,1,15.0,2.2952000000000004,1.3204,2.29498,1.53722,58.3362,16.0856,6.099600000000001,35.86982,2.15258,0.128336,3.6566000000000005,1.01662,-0.30378,11.6614,34.611599999999996,1.79608,1.6568,13.453199999999999,1.6554,43.0428,9.164200000000001,11.099,0.6002,17.693,6.5132,4.590400000000001,21.8438,2.8542,28.931600000000003,31.480000000000004,25.932800000000004,1738.668380763492,1507.82092285,0.7956,2.2002,0.8325199999999999,2.30216,42.239999999999995,10.4498,3.1334,29.459559999999996,0.8325199999999999,0.079804,6.8964,1.9525800000000002,-0.08742,18.0964,21.823999999999998,0.47472,0.84172,7.0832,0.8862,28.800800000000002,5.5356,11.4192,0.356,11.6636,2.8764,1.3714,13.1448,2.303,18.735,16.157200000000003,10.3212,1661.948147902148,0,374.9620361300001
2024-11-23_Dortmund_Freiburg,2024-11-23,15:30,Bundesliga,Matchweek 11,Sat,2025,4.0,0.0,Dortmund,Freiburg,Home Win,1828.53918457,1,15.0,2.7516,1.2156,2.4279800000000002,1.0558,64.9732,18.971600000000002,6.323599999999999,33.95764,2.14514,0.12448799999999999,3.1691999999999996,0.8414999999999999,-0.3741,8.6194,48.9666,1.9402000000000001,1.9251800000000001,16.195,3.2616,56.230199999999996,11.717,10.9536,1.9586,24.4202,7.236599999999999,5.0809999999999995,24.4232,3.1184000000000003,35.400000000000006,31.474400000000003,23.1124,1683.1194529049599,1687.78442383,0.9516,0.9798,1.396,1.12928,51.0148,13.390199999999998,3.7956,28.85126,1.0885,0.079744,4.6954,1.51508,0.53528,13.863199999999999,29.0002,0.81464,1.42448,9.5044,2.1656,35.8022,9.2302,10.0684,1.5250000000000001,16.7176,4.1354,1.7251999999999998,18.985,0.7182,24.314,21.6856,16.2442,1748.0105555647942,0,140.75476074000017
2024-11-23_Heidenheim_Leverkusen,2024-11-23,15:30,Bundesliga,Matchweek 11,Sat,2025,5.0,2.0,Leverkusen,Heidenheim,Home Win,1896.30310059,1,15.0,1.8676,1.6300000000000001,2.4785,1.10818,63.2654,22.6292,7.212,31.603120000000004,2.32464,0.10569999999999999,2.6080000000000005,0.94872,-0.5032800000000001,6.679,57.18900000000001,1.83724,2.62072,18.6296,4.5144,64.3598,13.985,11.224,2.7725999999999997,28.8994,10.5256,3.1992,30.152000000000005,4.4532,41.7204,43.1398,24.7958,1720.3513594495562,1637.09265137,1.5116,1.6156,1.46662,1.83362,44.322199999999995,13.457999999999998,4.277200000000001,35.28676,1.14838,0.103326,5.4096,1.6627599999999998,0.047160000000000035,16.249,21.1798,1.00218,1.10274,10.4264,3.9556,27.421999999999997,8.8334,12.226399999999998,0.1978,18.1674,3.8098,2.5836,16.3236,3.1235999999999997,25.9682,21.6906,13.470399999999998,1664.4770499991819,0,259.2104492199999
2024-11-23_Hoffenheim_RB Leipzig,2024-11-23,15:30,Bundesliga,Matchweek 11,Sat,2025,4.0,3.0,Hoffenheim,RB Leipzig,Home Win,1646.14501953,1,15.0,1.9114000000000002,2.5318,1.6787,2.2822,50.440799999999996,13.42,5.8064,44.47074,1.5505399999999998,0.115456,5.797,2.67812,0.14632,12.592199999999998,37.349,1.2084800000000002,1.2713,9.8132,2.8374,42.2196,9.2416,12.443,1.8278,22.796599999999998,4.9778,3.223,16.9322,2.4388,23.733600000000003,23.037000000000003,16.3016,1657.430004881644,1812.09130859,1.3621999999999999,0.8088,1.11746,1.4197199999999999,50.0798,9.7602,3.5138,36.941140000000004,1.11746,0.11330399999999999,5.2542,1.0029000000000001,0.1941,17.3632,30.3386,0.92382,0.8658800000000001,7.3074,0.7558,36.4522,5.648,11.368599999999999,3.1668000000000003,11.690000000000001,1.5534,2.5046,15.962,0.6617999999999999,17.5054,14.7834,12.0196,1743.2888830572242,0,-165.94628906000003
2024-11-23_Bochum_Stuttgart,2024-11-23,15:30,Bundesliga,Matchweek 11,Sat,2025,2.0,0.0,Stuttgart,Bochum,Home Win,1781.30358887,1,15.0,2.4964,1.8088000000000002,2.5519600000000002,1.09844,60.00160000000001,19.9148,7.869800000000001,39.63288,2.19836,0.111412,4.327,1.1247,-0.6841,9.911200000000001,50.6374,1.7220000000000002,2.0497199999999998,16.95,5.5734,52.2474,15.3572,12.8364,1.0154,27.908,8.74,3.6967999999999996,28.287799999999997,1.978,35.6208,32.669,18.0372,1700.034750098786,1547.70568848,1.2818,3.6761999999999997,1.61056,2.90402,40.782,11.2178,4.6166,42.05614,1.43472,0.130036,7.2234,3.11774,-0.5584600000000001,15.022,21.163000000000004,1.14188,0.9609000000000001,8.5414,1.0376,28.4772,4.760400000000001,10.5504,2.3114,12.779399999999999,2.4766,1.9899999999999998,14.2296,1.0224,18.394199999999998,13.198,8.8552,1755.3467821308418,0,233.59790039000018
2024-11-23_Union Berlin_Wolfsburg,2024-11-23,15:30,Bundesliga,Matchweek 11,Sat,2025,1.0,0.0,Wolfsburg,Union Berlin,Home Win,1653.0690918,1,15.0,1.5778,2.3556,1.47764,1.74722,47.919,13.1076,3.5878,28.27744,1.34948,0.128824,4.9236,2.1206199999999997,-0.07477999999999999,8.7058,29.527,0.9574,0.9070800000000001,9.863199999999999,1.7604,33.084199999999996,7.518400000000001,13.270799999999998,1.202,16.6488,4.0808,2.5778000000000003,16.023999999999997,1.4024,21.3454,22.786,15.238399999999999,1731.943715675186,1664.12683105,0.5998,1.0906,0.70526,1.4979,37.966,10.994,2.854,24.404600000000002,0.70526,0.06317,3.9988,1.4627,0.3721,14.1576,20.3466,0.56304,0.86602,7.9376,2.2106000000000003,27.873199999999997,8.137,8.844199999999999,0.7956,15.2776,4.7592,1.1996,12.061399999999999,3.1784,19.1316,20.4726,7.6419999999999995,1738.300252514574,0,-11.05773924999994
2024-11-24_Gladbach_St. Pauli,2024-11-24,17:30,Bundesliga,Matchweek 11,Sun,2025,2.0,0.0,Gladbach,St. Pauli,Home Win,1664.77893066,1,17.0,2.3324,1.6984000000000001,2.12092,1.74408,52.9684,14.578599999999998,6.4506,42.38208,1.9450800000000001,0.132604,5.7834,1.88882,0.19041999999999998,14.0498,28.894000000000002,1.50474,1.40896,10.7324,1.9602000000000002,36.813,9.4018,11.068999999999999,1.5302,18.2428,4.812200000000001,3.8382000000000005,18.898,2.325,25.5962,26.3044,18.002,1736.365332838044,1592.77807617,1.4796,1.1338,0.73834,1.6366,38.854200000000006,9.125,2.8774,31.844079999999998,0.73834,0.086806,5.6244000000000005,1.6737799999999998,0.53998,21.8962,20.855400000000003,0.64298,0.54964,6.9338,1.0,24.1586,4.6564,11.2988,0.8398,11.954,2.9906,2.3438,10.951600000000001,1.2344000000000002,15.688799999999999,15.0334,9.6468,1706.503617968264,0,72.00085448999994
2024-11-29_Holstein Kiel_St. Pauli,2024-11-29,20:30,Bundesliga,Matchweek 12,Fri,2025,3.0,1.0,St. Pauli,Holstein Kiel,Home Win,1585.64404297,1,20.0,0.0,1.1580000000000001,0.8394999999999999,0.95554,44.181,12.3562,3.0827999999999998,20.576900000000002,0.8394999999999999,0.06424400000000001,4.5062,1.2165,0.05849999999999999,9.8806,30.6934,0.72634,0.86892,9.4026,2.127,33.4086,5.386,12.262599999999999,0.356,19.157799999999998,4.33,0.0,15.4592,2.463,22.712400000000002,21.9628,11.876000000000001,1755.42788256798,1535.39367676,1.536,2.1602,1.2078599999999997,1.8853,41.479600000000005,11.508600000000001,4.147,36.733959999999996,1.04962,0.092338,5.74,1.85994,-0.30025999999999997,20.5194,19.4202,0.8716999999999999,0.76064,9.0564,2.5989999999999998,24.2842,5.130599999999999,10.391,1.2222,14.1408,4.276199999999999,2.6080000000000005,13.6976,2.798,20.9024,19.544600000000003,10.0574,1740.320529688678,0,50.25036621000004
2024-11-30_Freiburg_Gladbach,2024-11-30,15:30,Bundesliga,Matchweek 12,Sat,2025,3.0,1.0,Freiburg,Gladbach,Home Win,1673.42407227,1,15.0,1.496,1.1514,1.60358,0.69584,54.3208,14.512599999999999,4.23,26.64516,1.44534,0.09613,2.7933999999999997,1.0543399999999998,-0.09706000000000004,12.823599999999999,37.2718,0.94248,1.00576,10.8306,2.4088000000000003,38.7196,7.0198,12.8782,1.1826,21.768,5.694999999999999,2.6538,17.966,2.4024,25.782600000000002,21.727600000000002,14.7658,1651.6350466315118,1664.7644043,0.738,0.9714,1.2397200000000002,1.46774,53.917399999999994,14.425799999999999,4.914,36.72358,1.2397200000000002,0.08906800000000001,4.881600000000001,1.03594,0.28434000000000004,16.5092,29.562200000000004,1.10192,1.1252000000000002,11.2034,3.598,33.147800000000004,9.4024,14.012599999999999,3.7116000000000002,18.3372,4.3758,1.476,17.6344,3.1013999999999995,26.1422,22.558,14.4472,1698.9487833717321,0,8.659667969999873
2024-11-30_Stuttgart_Werder Bremen,2024-11-30,15:30,Bundesliga,Matchweek 12,Sat,2025,2.0,2.0,Werder Bremen,Stuttgart,Draw,1661.96862793,1,15.0,0.9279999999999999,1.7715999999999998,1.01268,1.2845999999999997,48.6232,9.9392,3.733,,1.01268,,4.8002,1.5212999999999997,-0.030500000000000006,11.290199999999999,26.937400000000004,0.82606,1.19378,6.868599999999999,1.9502000000000002,39.919799999999995,9.176,14.479600000000001,1.3676,17.936600000000002,4.4882,1.3676,14.269,0.8595999999999999,17.488599999999998,21.2646,13.262599999999999,1778.390510106062,1754.68395996,1.0898,1.9334,0.99488,2.0794,53.519999999999996,8.7964,2.6238,29.015120000000003,0.83664,0.095984,5.8616,1.87046,-0.06294000000000005,12.4222,29.8024,0.61404,0.7173,6.5664,1.096,33.28580000000001,5.314,16.4446,1.0398,9.8236,2.5778000000000003,1.4834,11.2118,0.7714000000000001,15.618000000000002,13.4542,9.0052,1781.8085031271903,1,-92.71533203000013
2024-11-30_Augsburg_Bochum,2024-11-30,15:30,Bundesliga,Matchweek 12,Sat,2025,1.0,0.0,Augsburg,Bochum,Home Win,1607.87133789,1,15.0,1.6718,1.1118000000000001,1.4685400000000002,0.6989,43.2056,17.5574,5.372599999999999,31.41376,1.4685400000000002,0.081714,3.1734,1.00976,-0.10204000000000002,13.3296,29.3292,0.90666,1.5061600000000002,11.2532,2.6258,34.1184,8.665199999999999,12.172800000000002,1.1888,23.575200000000002,7.9016,2.6276,19.506200000000003,4.1178,29.3248,31.3932,14.536999999999999,1690.653823683346,1537.45117188,1.1536,3.6527999999999996,1.47622,2.84128,41.4804,10.8518,4.2108,38.94632,1.31798,0.12070600000000001,7.0452,3.10016,-0.55264,13.9546,19.5492,1.0921,0.9780599999999999,7.7988,1.4222,28.0292,5.7052,10.1068,1.8918000000000001,15.532,2.7732,1.791,14.6832,0.9202,17.9546,13.754800000000001,8.6696,1748.5138006123302,0,70.42016601
2024-11-30_RB Leipzig_Wolfsburg,2024-11-30,15:30,Bundesliga,Matchweek 12,Sat,2025,1.0,5.0,RB Leipzig,Wolfsburg,Away Win,1791.51660156,1,15.0,1.6108,0.2198,1.6729,1.07802,57.876200000000004,13.5052,5.2226,39.896499999999996,1.5305,0.10947,3.2882,0.8647400000000001,0.5790000000000001,10.466999999999999,40.6642,1.4091799999999999,1.43646,11.8176,2.7942,48.1674,11.6218,13.319199999999999,2.3782,20.7726,6.7052,2.8636,17.7576,2.3360000000000003,24.915799999999997,26.9648,18.921599999999998,1650.2188129171182,1653.04504395,2.1804,1.154,1.4156600000000001,1.6126,38.250600000000006,12.0022,4.4884,38.82352,1.21786,0.103742,5.1118,1.64222,0.48822,19.273600000000002,21.7882,0.8256,0.82352,8.313600000000001,0.534,29.339199999999998,5.3768,13.223,1.1038,11.837,5.204000000000001,3.3186,12.8826,2.8552,20.896,17.906,8.8714,1660.630590381182,2,138.47155761
2024-11-30_Bayern Munich_Dortmund,2024-11-30,18:30,Bundesliga,Matchweek 12,Sat,2025,1.0,1.0,Dortmund,Bayern Munich,Draw,1834.8651123,1,18.0,3.1647999999999996,1.0939999999999999,2.25746,0.9437,62.9336,18.8302,6.679600000000001,35.943299999999994,2.00292,0.11615400000000001,3.0522,0.95826,-0.13574,6.815600000000001,47.804199999999994,1.7451999999999999,1.7693400000000001,14.910200000000001,2.747,53.3322,10.812600000000002,10.014000000000001,2.2510000000000003,22.236,7.2128,5.705399999999999,22.8712,2.9624,33.7504,33.4244,23.801000000000002,1682.266298412676,1913.18811035,3.7878,0.7536,2.16072,0.44172,72.27380000000001,20.072400000000002,9.242799999999999,46.55828,2.03256,0.097812,1.1712,0.35448,-0.39912000000000003,7.6482,68.63719999999999,1.7074600000000002,2.2704799999999996,16.012600000000003,1.8820000000000001,74.2016,14.8124,10.6506,4.322800000000001,19.5158,8.2506,5.5788,28.1058,2.2538,36.8592,41.3048,26.4642,1625.0307687265758,1,-78.32299805000002
2024-11-30_Leverkusen_Union Berlin,2024-11-30,15:30,Bundesliga,Matchweek 12,Sat,2025,1.0,2.0,Union Berlin,Leverkusen,Away Win,1649.85375977,1,15.0,1.1316,0.5956,1.1651799999999999,1.0346,42.4158,12.2574,4.2926,35.333780000000004,1.00694,0.08254,3.5612,1.12558,0.5299799999999999,12.500399999999999,23.940400000000004,0.6671,0.9545600000000001,7.8882,2.3058,29.162999999999997,7.471400000000001,12.2118,0.3956,19.114,4.1404,2.1029999999999998,14.0364,1.7933999999999999,20.6034,19.8572,12.804,1715.324132324236,1894.8894043,2.0742000000000003,1.3800000000000001,1.6541000000000001,1.2160600000000001,55.565799999999996,13.583599999999999,4.737,39.33908,1.3515000000000001,0.088514,5.0958,1.15052,-0.22948000000000002,13.0036,43.114599999999996,1.1206399999999999,1.27698,9.7968,1.621,44.981,8.6144,10.644,2.2356000000000003,14.014400000000002,5.0504,3.2281999999999997,19.1062,2.0398,25.6514,25.112000000000002,19.6628,1692.6940658214357,2,-245.03564453000013
2024-12-01_Eint Frankfurt_Heidenheim,2024-12-01,17:30,Bundesliga,Matchweek 12,Sun,2025,0.0,4.0,Heidenheim,Eint Frankfurt,Away Win,1620.40368652,1,17.0,0.885,1.4644,1.7348,1.15842,48.3478,14.6344,3.7268,25.233580000000003,1.60664,0.11518,3.63,1.20814,-0.25626000000000004,11.6534,26.471600000000002,1.22688,1.0362399999999998,9.5786,3.04,31.1372,6.42,14.1144,0.7558,19.8078,4.688,1.2054,15.015999999999998,3.1062000000000003,24.1346,21.637,18.889400000000002,1692.1584669442962,1748.55883789,2.1826,1.6199999999999999,1.7972800000000002,2.10596,46.138400000000004,12.9152,4.901,36.792320000000004,1.5108800000000002,0.13557,6.6322,1.8524,0.21637999999999996,20.517400000000002,22.4746,0.90408,0.70852,8.442,0.5162,27.338,6.0704,12.4086,0.8862,13.6828,4.6678,3.207,12.2818,3.1797999999999997,22.3046,20.1438,16.333,1732.5167904041818,2,-128.15515136999988
2024-12-01_Hoffenheim_Mainz 05,2024-12-01,15:30,Bundesliga,Matchweek 12,Sun,2025,2.0,0.0,Mainz 05,Hoffenheim,Home Win,1692.68615723,1,15.0,1.1126,1.536,1.26376,1.21938,53.047200000000004,15.4018,4.8911999999999995,32.529120000000006,1.26376,0.08782400000000001,4.041,1.39582,-0.14018,13.057,39.1142,1.10212,1.65136,11.162600000000001,2.9978000000000002,48.0248,10.9252,10.4042,1.0662,24.3196,6.2302,1.7856,20.2304,3.5612,27.537,28.091,18.0444,1743.291595167038,1639.13952637,0.536,1.0344,0.68538,1.52338,48.584,9.7166,3.1734,35.06782,0.68538,0.073768,4.3004,1.3846600000000002,0.35026,17.5368,30.4142,0.53224,0.84492,7.0782,1.9225999999999999,37.84139999999999,6.7951999999999995,13.5552,1.3314000000000001,19.049,4.6444,1.072,12.0966,0.5956,15.9542,15.6918,13.755000000000003,1684.273103343806,0,53.54663085999982
2024-12-06_Stuttgart_Union Berlin,2024-12-06,20:30,Bundesliga,Matchweek 13,Fri,2025,3.0,2.0,Stuttgart,Union Berlin,Home Win,1753.37268066,1,20.0,2.3026,1.1954,2.164,0.82792,59.0804,17.549,6.4736,36.52304,1.8457600000000003,0.10694600000000001,3.3733999999999997,0.6762199999999999,-0.51918,10.7526,46.5424,1.66098,1.9959199999999997,15.2016,4.6392,52.0222,14.2446,13.9738,2.1348000000000003,24.898200000000003,7.9892,3.8714,24.808,1.736,31.7752,33.3906,18.753999999999998,1664.1535277124478,1646.28564453,0.3956,1.0816,0.6703,1.32162,38.3806,10.4178,2.8244000000000002,26.05106,0.6703,0.063294,4.3874,1.3720400000000001,0.29044000000000003,15.218600000000002,19.258000000000003,0.5323,0.90266,7.8996,2.4336,27.496599999999997,7.5464,8.0828,0.9601999999999999,15.7054,4.2066,0.7912,12.022599999999999,3.3048,18.9858,20.7254,9.131,1723.9626558112882,0,107.08703613000012
2024-12-07_Augsburg_Eint Frankfurt,2024-12-07,15:30,Bundesliga,Matchweek 13,Sat,2025,2.0,2.0,Eint Frankfurt,Augsburg,Draw,1760.11853027,1,15.0,3.2128000000000005,1.1932,2.14036,1.39128,46.016,14.8938,5.8238,42.49850000000001,2.14036,0.150582,6.3006,1.78418,0.5909800000000001,17.252,26.8384,1.8867399999999999,1.7357,11.639,1.1048,35.583,8.8526,11.6594,3.2008,11.653,3.9042000000000003,5.83,19.458399999999997,1.0464,27.2804,29.7442,17.2664,1693.7862265617941,1612.91052246,0.41759999999999997,2.8986000000000005,0.56094,2.35616,37.754000000000005,6.399,1.0574000000000001,26.11608,0.41853999999999997,0.076156,8.054200000000002,2.8166599999999997,-0.08193999999999996,16.3262,20.6056,0.31312,0.50244,4.3104000000000005,1.4002,31.7566,5.2024,10.3812,0.5778,12.180200000000001,2.8621999999999996,0.8351999999999999,8.2398,1.3072,11.819,10.9884,10.191199999999998,1759.846418677268,1,147.20800781000003
2024-12-07_Dortmund_Gladbach,2024-12-07,18:30,Bundesliga,Matchweek 13,Sat,2025,1.0,1.0,Gladbach,Dortmund,Draw,1655.55529785,1,18.0,2.2992,1.096,2.23976,1.4489800000000002,53.19180000000001,14.765,5.5287999999999995,35.8183,2.08152,0.141112,4.4958,1.46598,0.36998,16.686999999999998,30.101800000000004,1.80056,1.4269000000000003,11.3918,1.3316,38.1498,9.305800000000001,11.6388,2.6982,17.9184,5.2636,3.7544,18.752200000000002,2.4926,25.880799999999997,26.550600000000003,16.5364,1674.0997756591978,1835.76721191,0.8398,2.4577999999999998,0.7987599999999999,1.5702399999999999,58.2496,6.9322,2.8452,32.6398,0.6033999999999999,,5.8282,2.00874,-0.44906,14.720200000000002,30.6804,0.5214,0.82918,5.4926,1.4398,33.0612,5.1604,16.6728,2.9718,15.085799999999999,3.3655999999999997,1.5015999999999998,9.081199999999999,0.536,12.043600000000001,13.9618,17.140800000000002,1680.056970728384,1,-180.21191406000003
2024-12-07_Bayern Munich_Heidenheim,2024-12-07,15:30,Bundesliga,Matchweek 13,Sat,2025,4.0,2.0,Bayern Munich,Heidenheim,Home Win,1912.28601074,1,15.0,2.6816,0.178,2.5755,0.41122000000000003,72.1728,20.185,7.0816,33.13068,1.9212200000000004,0.09837399999999999,1.4984,0.19294,0.014940000000000009,5.0782,76.8674,1.4838200000000001,2.2804200000000003,15.3138,1.862,70.7684,14.6006,10.5108,4.524,18.3812,6.2652,4.761,30.3954,1.2479999999999998,38.9532,35.8034,28.442999999999998,1736.576889282132,1608.84399414,1.5604,2.675,1.42994,2.0144200000000003,39.4946,12.856200000000001,4.1494,35.316340000000004,1.14354,0.105228,6.878,2.2502000000000004,-0.42480000000000007,15.203000000000001,20.0296,0.96312,1.05688,9.783600000000002,3.5599999999999996,24.8264,7.9058,11.8038,0.4222,17.2064,3.1404,2.7252,14.658400000000002,2.5227999999999997,23.882600000000004,19.688799999999997,12.1584,1730.5788825935701,0,303.4420166
2024-12-07_Bochum_Werder Bremen,2024-12-07,15:30,Bundesliga,Matchweek 13,Sat,2025,0.0,1.0,Bochum,Werder Bremen,Away Win,1532.4119873,1,15.0,0.7979999999999999,2.6130000000000004,0.89362,2.0541,39.032599999999995,13.437199999999999,3.1162000000000005,22.14004,0.89362,0.070462,5.432599999999999,2.32744,-0.28556000000000004,13.829400000000001,18.680600000000002,0.725,0.76558,9.3488,2.755,25.1784,6.1815999999999995,11.054599999999999,0.7976,19.1984,4.126,1.3518,15.5396,3.052,22.1796,17.6784,10.937999999999999,1755.9215809832822,1663.27990723,2.0434,2.2132,1.57352,1.5639800000000001,53.2544,14.3942,4.9884,31.05272,1.50944,0.098844,5.2616,1.80824,-0.18516,13.8666,28.388199999999998,1.2385599999999997,1.5698400000000001,11.3796,4.006,40.9796,12.765600000000001,14.7456,2.1208,20.6516,5.5038,3.3352,20.8012,1.0939999999999999,26.3186,29.4878,19.0352,1687.776204465828,2,-130.86791992999997
2024-12-07_Holstein Kiel_RB Leipzig,2024-12-07,15:30,Bundesliga,Matchweek 13,Sat,2025,0.0,2.0,Holstein Kiel,RB Leipzig,Away Win,1520.4473877,1,15.0,0.736,2.8014,0.84046,1.9050200000000004,41.837,8.9038,3.4705999999999997,36.65716,0.69806,0.073342,7.0822,2.11052,-0.5306799999999999,19.0942,18.2196,0.57696,0.7047,7.139000000000001,2.1956,21.544200000000004,4.4750000000000005,11.895999999999999,0.6617999999999999,16.502200000000002,4.0044,1.472,12.286399999999999,2.2510000000000003,16.333,14.102,10.883600000000001,1720.5401840573838,1766.2199707,1.526,1.4163999999999999,1.23778,1.44896,49.604,11.0492,4.0508,36.51356,1.23778,0.10864599999999999,4.9963999999999995,1.30686,-0.10953999999999997,16.1734,30.325400000000002,1.0146799999999998,0.9637200000000001,7.765,1.2686000000000002,37.4602,6.66,12.641000000000002,3.0500000000000003,13.374399999999998,1.8422,2.3658,16.742399999999996,0.5956,19.5966,17.191200000000002,11.6174,1692.819345360872,2,-245.77258299999994
2024-12-07_Leverkusen_St. Pauli,2024-12-07,15:30,Bundesliga,Matchweek 13,Sat,2025,2.0,1.0,Leverkusen,St. Pauli,Home Win,1898.45751953,1,15.0,2.6134000000000004,1.5228,2.45062,1.10732,67.0458,21.500999999999998,7.4908,35.10118,2.31216,0.109014,2.503,1.05708,-0.30552,7.0994,64.2718,1.87236,2.6286199999999997,17.4014,3.8744000000000005,71.5134,13.597800000000001,11.1576,3.0838,26.867399999999996,8.342799999999999,4.8886,30.048199999999998,3.5312,40.0504,41.339200000000005,25.960600000000003,1681.439335304108,1586.29321289,1.3316,1.3646,0.8610200000000001,1.87594,38.8718,10.7218,3.1780000000000004,31.74088,0.8610200000000001,0.08756800000000001,5.073599999999999,1.9182400000000002,0.55364,20.8624,26.654400000000003,0.7652,0.67678,8.4056,2.4652000000000003,30.250799999999998,6.111800000000001,10.3922,0.7558,16.266,3.0915999999999997,2.1094,13.5426,1.1668,18.1618,17.2278,11.2592,1705.403402756954,0,312.16430663999995
2024-12-08_Freiburg_Hoffenheim,2024-12-08,17:30,Bundesliga,Matchweek 13,Sun,2025,1.0,1.0,Hoffenheim,Freiburg,Draw,1631.41564941,1,17.0,2.2644,2.7228,1.4945399999999998,2.1995,52.0184,14.078199999999999,5.925800000000001,43.523399999999995,1.4945399999999998,0.10814000000000001,5.8172,2.78562,0.30701999999999996,12.2562,34.673,1.2532,1.3486,10.1878,3.298,41.1778,9.0292,12.8428,1.2124000000000001,21.6084,4.3034,4.1332,17.1624,2.4508,24.528,21.6476,14.7742,1707.296741282798,1682.63317871,0.8564,1.5702,1.30756,1.1175,51.022600000000004,12.606800000000002,3.4717999999999996,27.5429,1.13172,0.100188,5.5026,1.46468,-0.10552000000000006,14.1094,28.576400000000003,0.85084,1.3708600000000002,9.198,2.6816,34.5542,8.9954,9.8734,1.7166000000000001,15.313,3.1450000000000005,1.5526,18.363,0.6022,23.2706,19.8844,13.866200000000001,1745.128872801252,1,-51.217529300000024
2024-12-08_Mainz 05_Wolfsburg,2024-12-08,15:30,Bundesliga,Matchweek 13,Sun,2025,4.0,3.0,Wolfsburg,Mainz 05,Home Win,1678.3416748,1,15.0,1.3758,1.6874,1.20242,1.3485,52.23259999999999,12.9412,4.3058,36.05834,1.20242,0.113286,4.2544,1.75898,0.07158000000000003,10.356200000000001,32.726200000000006,0.81956,0.97964,9.0886,1.296,39.9348,8.0994,14.2648,1.2818,18.5262,5.4822,2.3758,15.866,1.1179999999999999,20.2786,23.817,15.7356,1691.140086621126,1700.41003418,2.3406000000000002,0.8366,1.4111799999999999,1.50728,45.3472,10.204,4.1912,43.68182,1.11208,0.126048,4.7274,1.36802,0.53142,21.706200000000003,19.2714,0.96104,1.0430800000000002,7.7954,2.3614,28.2054,7.6154,9.8164,1.1580000000000001,14.005600000000001,3.2384000000000004,3.6191999999999998,15.149999999999999,0.6175999999999999,18.1464,15.0272,10.6632,1643.8964603511681,0,-22.068359379999947
2024-12-13_Freiburg_Wolfsburg,2024-12-13,20:30,Bundesliga,Matchweek 14,Fri,2025,3.0,2.0,Freiburg,Wolfsburg,Home Win,1682.41357422,1,20.0,1.6464,1.1362,1.5311400000000002,0.93486,55.8508,14.9056,4.7954,29.5282,1.38874,0.086426,2.9582,1.0633000000000001,-0.07289999999999999,14.7066,36.0648,1.00268,0.99076,11.4802,2.512,36.9028,7.306000000000001,13.4672,1.1644,21.8234,5.2372,2.6442,19.0462,2.118,26.637,22.2872,15.61,1632.264496095506,1685.78344727,2.8950000000000005,1.2828,1.62386,1.53694,36.827600000000004,12.101999999999999,5.4164,45.51826,1.4458600000000001,0.122904,4.8564,1.54916,0.26636000000000004,20.144000000000002,19.290599999999998,1.07722,0.87,8.238,0.4806,26.0096,6.0158,12.724,1.2376,9.0464,4.4068,4.6078,12.2616,2.2372,20.473799999999997,18.1154,11.3704,1705.610198998388,0,-3.3698730499997964
2024-12-14_St. Pauli_Werder Bremen,2024-12-14,18:30,Bundesliga,Matchweek 14,Sat,2025,0.0,2.0,St. Pauli,Werder Bremen,Away Win,1576.20288086,1,18.0,0.7326,0.998,0.8999600000000001,0.9944,43.0762,12.220199999999998,3.0744000000000002,21.248620000000003,0.8999600000000001,0.071262,4.3556,1.25042,0.25242000000000003,11.1138,26.4396,0.7881199999999999,0.8376,9.750399999999999,2.1142,32.3018,5.735600000000001,11.7036,0.8088,18.565,4.297,1.4652,14.7244,2.5166,22.1962,22.0986,12.809000000000001,1717.422047144018,1660.31311035,1.7948,1.8476000000000001,1.38078,1.54196,53.5938,13.2778,4.301,27.326159999999998,1.38078,0.09651599999999999,4.502800000000001,1.5908600000000002,-0.058940000000000034,15.9128,27.782200000000003,1.20908,1.43398,11.285599999999999,3.0286,40.8466,10.8354,14.4268,1.9085999999999999,18.8212,5.5976,2.6690000000000005,19.344,1.1846,24.5212,26.8854,19.6848,1648.6899039280838,2,-84.11022948999994
2024-12-14_Augsburg_Leverkusen,2024-12-14,15:30,Bundesliga,Matchweek 14,Sat,2025,0.0,2.0,Augsburg,Leverkusen,Away Win,1609.32702637,1,15.0,1.3162,0.8564,1.39636,0.6301599999999999,45.239200000000004,16.8692,4.4144,26.75396,1.201,0.069008,2.6676,0.86666,0.010259999999999991,11.3548,28.019599999999997,0.7029799999999999,1.2957799999999997,10.307000000000002,2.1748,35.9486,8.2544,14.109,1.1258,20.255,7.5674,2.2764,18.3788,3.6736,27.394799999999996,28.5796,15.992799999999999,1668.819752809652,1899.38830566,1.9225999999999999,1.1978,1.3191800000000002,1.03466,56.931,10.718399999999999,3.6982000000000004,39.15442,1.1910200000000002,0.09887399999999999,4.0652,0.948,-0.24979999999999997,12.1708,46.0344,1.0553400000000002,1.14722,8.1196,1.4706000000000001,43.498000000000005,6.8554,12.389,1.5796000000000001,15.8784,4.7012,3.4495999999999998,14.7354,2.18,20.261,21.894,17.6548,1688.064776076028,2,-290.0612792899999
2024-12-14_Gladbach_Holstein Kiel,2024-12-14,15:30,Bundesliga,Matchweek 14,Sat,2025,4.0,1.0,Gladbach,Holstein Kiel,Home Win,1650.7454834,1,15.0,2.1692,0.7979999999999999,2.0536399999999997,1.35314,51.2954,13.078999999999999,4.4548000000000005,31.606840000000002,1.7158799999999998,0.12090600000000001,3.7694000000000005,1.10656,0.30856,19.4696,27.293599999999998,1.52512,1.26208,10.131599999999999,1.5426,37.1342,8.2424,10.8982,2.6726,18.459,5.5814,3.7230000000000003,17.299799999999998,2.2992,24.659799999999997,25.3066,16.226599999999998,1696.683709373754,1507.18359375,1.3381999999999998,2.2442,1.13498,1.50956,43.153,10.1044,3.3556000000000004,33.39156,0.7972199999999999,0.07701000000000001,4.745,1.3458200000000002,-0.89838,18.946199999999997,20.0664,0.68476,0.70574,7.5974,1.9624,23.1908,4.4408,10.8404,0.9558,13.95,3.9601999999999995,2.2588,11.8978,2.7182,18.5938,16.2832,9.475000000000001,1710.800953882886,0,143.56188965
2024-12-14_Bochum_Union Berlin,2024-12-14,15:30,Bundesliga,Matchweek 14,Sat,2025,0.0,2.0,Union Berlin,Bochum,Away Win,1633.28601074,1,15.0,1.1184,1.0244,1.06096,1.0788200000000001,41.830000000000005,11.399,3.6308,31.344980000000003,0.91856,0.081844,3.7934,1.35486,0.33046,14.9924,22.4254,0.60154,0.84142,7.655200000000001,1.7868000000000002,29.079200000000004,6.3034,11.658,0.356,17.160800000000002,3.2496,2.2368,13.5886,1.9582,19.9988,18.883200000000002,12.4352,1777.614110547158,1518.24316406,0.894,3.2432000000000003,1.27202,2.48758,42.4208,9.6014,3.6012,35.21168,1.12962,0.108306,6.1638,2.8282,-0.41500000000000015,12.65,21.227,0.95958,0.89138,6.942,1.3800000000000001,30.768,5.9348,10.052,1.5141999999999998,14.890600000000001,1.875,1.4676,13.8822,0.3956,16.4496,13.2026,9.5352,1722.762056495228,2,115.04284667999991
2024-12-14_Bayern Munich_Mainz 05,2024-12-14,15:30,Bundesliga,Matchweek 14,Sat,2025,2.0,1.0,Mainz 05,Bayern Munich,Home Win,1684.40039062,1,15.0,1.3456,1.0939999999999999,1.5160200000000001,0.9643999999999999,52.0774,15.9498,5.6348,35.606480000000005,1.5160200000000001,0.10069600000000001,3.5483999999999996,1.07434,-0.01965999999999999,12.3188,37.649,1.34496,1.7450999999999999,11.6346,2.9979999999999998,43.6618,10.3,11.917000000000002,1.3038,22.657600000000002,6.119,2.2956,19.6862,3.7934,27.6388,29.2262,16.2866,1728.077152222746,1910.58703613,2.7880000000000003,0.7782,1.8495000000000001,0.50078,71.3138,18.311400000000003,7.953200000000001,43.41018,1.8495000000000001,0.09902999999999999,1.3981999999999999,0.47552,-0.30267999999999995,6.5184,62.0246,1.5225,2.1878,14.1134,2.1822,71.67179999999999,13.31,10.197,3.9462,19.0756,6.716199999999999,4.4998000000000005,26.874000000000002,1.3074,33.4658,38.043000000000006,28.4592,1685.60774821761,0,-226.18664550999983
2024-12-15_Dortmund_Hoffenheim,2024-12-15,17:30,Bundesliga,Matchweek 14,Sun,2025,1.0,1.0,Dortmund,Hoffenheim,Draw,1815.26586914,1,17.0,2.5158000000000005,0.9404,1.8033,0.9561,56.0466,16.926,5.779,33.32012,1.67514,0.103444,3.3912,0.9836400000000001,0.04323999999999996,7.4342,40.8624,1.5197,1.48258,13.198,2.6721999999999997,44.896,10.142800000000001,9.1032,2.0258000000000003,18.0608,5.8264000000000005,4.614000000000001,20.5186,2.0894000000000004,29.6004,29.751800000000003,20.6468,1739.888808105304,1617.25891113,0.3382,0.9868,0.57032,1.5622000000000003,48.2376,9.6008,2.9118,32.50748,0.57032,0.06318000000000001,4.8146,1.47736,0.49056,18.9362,27.466,0.46134,0.7827599999999999,7.3588000000000005,1.1536,34.639,5.1622,13.788200000000002,1.154,16.037399999999998,4.3358,0.6764,11.5544,1.0244,16.203,15.566799999999999,11.593399999999999,1684.985128466132,1,198.00695801000006
2024-12-15_Heidenheim_Stuttgart,2024-12-15,15:30,Bundesliga,Matchweek 14,Sun,2025,1.0,3.0,Heidenheim,Stuttgart,Away Win,1584.22729492,1,15.0,0.2198,2.2948,1.2852999999999999,1.5765600000000002,49.5552,13.1058,2.5890000000000004,18.553220000000003,1.2852999999999999,0.10257,5.2206,1.96646,-0.32833999999999997,10.4228,26.945400000000003,0.97234,0.86286,9.1324,2.936,30.8562,5.8896,13.803,0.7802,21.7576,4.963400000000001,0.2198,14.526000000000002,2.9956,22.456,20.1082,17.1146,1715.391972729732,1752.46740723,1.325,1.7957999999999998,1.2772400000000002,1.95936,52.426199999999994,9.0608,3.0498,32.68046,1.13484,0.12457199999999999,6.0196000000000005,1.85896,0.06316,16.9642,28.636200000000002,0.93892,0.8765000000000001,7.3864,1.0422,30.6618,5.3826,15.456,2.1568,9.6204,2.3758,2.3118,12.899799999999999,0.6942,17.0652,13.753,10.0374,1767.5751291273482,2,-168.24011230999986
2024-12-15_Eint Frankfurt_RB Leipzig,2024-12-15,19:30,Bundesliga,Matchweek 14,Sun,2025,2.0,1.0,RB Leipzig,Eint Frankfurt,Home Win,1752.99584961,1,19.0,1.5496,1.4188,1.5623,1.36324,58.5332,12.477800000000002,5.2444,43.4174,1.43414,0.11340399999999999,4.4804,1.552,0.07386000000000004,9.6318,42.2402,1.20286,1.2762600000000002,10.859,2.2264,50.2932,11.027000000000001,11.001199999999999,1.852,20.163,6.446400000000001,2.6770000000000005,15.7842,2.1582,22.726399999999998,24.4822,18.7854,1658.584181326348,1740.61157227,2.6528,1.3138,1.8919800000000002,1.84998,48.943,13.1678,5.6436,41.50664,1.7495800000000004,0.149666,5.6364,1.72154,0.40773999999999994,18.5238,30.618,1.17906,0.9763,9.042000000000002,0.3204,34.4858,7.1844,12.5002,1.286,14.1912,4.8452,4.4074,14.3072,2.5292000000000003,23.206599999999998,21.3506,18.5534,1715.56468200569,0,12.384277340000153
2024-12-20_Bayern Munich_RB Leipzig,2024-12-20,20:30,Bundesliga,Matchweek 15,Fri,2025,5.0,1.0,Bayern Munich,RB Leipzig,Home Win,1898.07214355,1,20.0,3.1018,0.6486000000000001,2.68772,0.5433600000000001,75.4628,21.7086,8.527000000000001,38.816520000000004,2.1997799999999996,0.10774399999999999,1.4044,0.6232,-0.025399999999999995,4.3936,86.1472,1.7761200000000001,2.65074,17.168599999999998,2.2642,75.9622,14.973199999999999,9.0944,4.5158,20.773600000000002,7.3038,5.5616,32.463,1.4674,41.0094,37.5092,28.5874,1711.828867944008,1759.4465332,1.8618,1.2748,1.4037799999999998,1.39524,45.439,10.456,3.9015999999999997,37.86258,1.2084199999999998,0.11210599999999998,5.141,1.3438800000000002,0.06908000000000003,17.8978,23.0814,0.97322,0.99622,7.3002,1.486,31.600600000000004,6.2058,13.1536,2.6565999999999996,11.872,1.758,2.8618,15.0148,0.536,18.8046,16.8722,10.4464,1667.106269165548,0,138.62561035
2024-12-21_Eint Frankfurt_Mainz 05,2024-12-21,15:30,Bundesliga,Matchweek 15,Sat,2025,1.0,3.0,Eint Frankfurt,Mainz 05,Away Win,1734.16088867,1,15.0,2.9472,1.418,1.9953600000000002,1.2544199999999999,50.321799999999996,14.7162,5.2088,38.74338,1.9953600000000002,0.143636,5.9702,1.5591399999999997,0.14114,14.108,28.7644,1.7327000000000001,1.7088800000000002,11.098600000000001,2.127,39.8766,9.756,12.0818,2.4482,14.8184,4.3464,5.3584000000000005,19.7246,1.0418,27.2202,30.358600000000003,20.758799999999997,1674.938767016368,1696.9152832,2.4066,1.2972000000000001,1.5733800000000002,1.10168,49.1524,10.6722,4.128,40.84524,1.41952,0.145538,3.8896,1.29148,-0.005720000000000058,18.3842,24.661,1.27358,1.3130199999999999,8.5928,2.3254,31.016199999999998,7.6541999999999994,10.167200000000001,2.2190000000000003,15.6148,3.8472,3.6132,15.723799999999999,0.8,19.3532,17.166999999999998,12.3388,1630.4802816389902,2,37.2456054700001
2024-12-21_Augsburg_Holstein Kiel,2024-12-21,15:30,Bundesliga,Matchweek 15,Sat,2025,5.0,1.0,Holstein Kiel,Augsburg,Home Win,1501.03308105,1,15.0,0.5182,2.1446,1.00616,1.64386,47.001999999999995,11.4436,4.200200000000001,37.28614,0.878,0.074448,5.8648,1.6558000000000002,-0.4888,16.1428,22.437199999999997,0.67134,0.83074,8.146,2.9086,29.236400000000003,6.0367999999999995,12.783,0.5956,18.1052,4.7806,1.0364,14.543800000000001,2.7584000000000004,20.7276,18.8638,13.4694,1704.651938670902,1605.49682617,0.8642000000000001,2.5204,0.5504199999999999,2.08876,33.0528,5.5498,1.6842000000000001,32.66164,0.42225999999999997,0.080864,7.0722,2.56648,0.046079999999999954,18.524,16.0518,0.3218,0.4301,3.8026,1.3602,23.4272,4.2170000000000005,11.331599999999998,0.8642000000000001,10.8202,1.7107999999999999,1.4842,7.506399999999999,0.844,10.451,7.9618,9.6068,1774.182622386594,0,-104.46374512000011
2024-12-21_Freiburg_Leverkusen,2024-12-21,18:30,Bundesliga,Matchweek 15,Sat,2025,5.0,1.0,Leverkusen,Freiburg,Home Win,1903.21850586,1,18.0,2.2638,1.1822,2.15132,1.3352,64.235,17.932,6.2208000000000006,34.67648,2.02672,0.12032199999999998,2.6528,1.1535,-0.028700000000000003,8.454600000000001,55.9546,1.6353399999999998,2.33714,14.2866,3.1984000000000004,66.0466,12.705400000000001,10.5652,3.2196000000000002,22.773400000000002,8.3526,4.3674,25.435999999999996,2.8454000000000006,33.2518,36.897999999999996,23.9878,1661.805744898094,1680.73535156,0.5824,1.6574,1.2191,1.24668,49.766400000000004,11.869200000000001,3.3804,28.87574,1.06086,0.09917000000000001,6.029,1.5235000000000003,-0.13390000000000002,14.098400000000002,27.165000000000003,0.78808,1.17514,8.3572,2.3692,33.812599999999996,7.5422,10.4186,1.645,12.9512,1.777,1.1648,16.2402,1.1304,22.0338,20.439799999999998,13.435000000000002,1728.191061936556,0,222.48315430000002
2024-12-21_Union Berlin_Werder Bremen,2024-12-21,15:30,Bundesliga,Matchweek 15,Sat,2025,4.0,1.0,Werder Bremen,Union Berlin,Home Win,1670.15869141,1,15.0,1.3235999999999999,2.0828,1.25886,1.50916,47.484199999999994,13.1082,4.6806,,1.25886,,4.7202,1.6001,-0.2849,10.584200000000001,29.218200000000003,1.04648,1.3541800000000002,9.456199999999999,2.3436,42.658199999999994,8.77,13.8552,1.2308,21.129399999999997,6.0046,1.9634,17.005,2.7272,23.233,23.1916,12.503800000000002,1758.819419457276,1628.99951172,0.8444,1.706,0.8586199999999999,1.51478,38.575199999999995,11.3528,2.842,24.34634,0.8586199999999999,0.072732,4.737,1.80876,0.10275999999999999,13.7316,19.909,0.7144199999999999,1.1754200000000001,9.1748,2.1902,29.032799999999998,8.2126,9.884,0.82,15.7234,4.530200000000001,1.6888,13.418,3.5744000000000007,20.4966,22.0062,9.9388,1711.37679804655,0,41.159179689999974
2024-12-21_Gladbach_Hoffenheim,2024-12-21,15:30,Bundesliga,Matchweek 15,Sat,2025,1.0,2.0,Hoffenheim,Gladbach,Away Win,1623.30981445,1,15.0,2.1380000000000003,2.118,1.55718,1.71908,53.2582,14.1706,5.8332,42.50026,1.55718,0.11065,5.203,2.1856999999999998,0.2875,9.656400000000001,31.7748,1.32998,1.32816,10.513399999999999,3.5566,40.071,8.4378,11.826,1.6354000000000002,21.2914,4.7614,3.92,18.1232,2.9942,25.552400000000002,20.9944,14.3524,1670.925176072566,1656.89611816,0.62,1.6068,1.06392,1.61072,52.427600000000005,14.4834,4.4342,33.132760000000005,1.06392,0.07574399999999999,5.526,1.4175,0.008500000000000008,16.4584,27.2756,0.88106,1.01734,10.406400000000001,3.5382000000000002,33.6004,9.1296,12.6344,3.4962,19.292,4.8266,1.24,16.4176,3.2796000000000003,25.2072,21.4606,13.349,1707.5994788077799,2,-33.58630371000004
2024-12-21_St. Pauli_Stuttgart,2024-12-21,15:30,Bundesliga,Matchweek 15,Sat,2025,0.0,1.0,Stuttgart,St. Pauli,Away Win,1759.25231934,1,15.0,2.084,1.42,1.97016,0.9860599999999999,61.3026,15.052000000000001,5.7494000000000005,42.67842,1.68376,0.140674,3.3360000000000003,0.6729799999999999,-0.74702,11.1658,44.899,1.2720799999999999,1.6112,12.8834,3.7426,55.5802,13.0314,16.0624,2.854,22.842999999999996,6.5691999999999995,3.4076,21.8406,1.274,27.590200000000003,30.442,18.967,1627.3520447524138,1566.3572998,1.2984,1.284,1.14238,1.51882,36.190000000000005,10.994,3.4044,32.761480000000006,1.14238,0.10822999999999999,3.9010000000000002,1.38388,0.09987999999999997,17.5012,26.3456,0.97288,0.9089,8.8536,2.8072000000000004,30.482799999999997,6.145,10.1646,0.7802,15.474999999999998,2.75,2.0984,14.7096,0.8617999999999999,18.834400000000002,15.2752,12.3104,1765.4727801012582,2,192.89501954000002
2024-12-22_Bochum_Heidenheim,2024-12-22,15:30,Bundesliga,Matchweek 15,Sun,2025,2.0,0.0,Bochum,Heidenheim,Home Win,1520.72375488,1,15.0,0.7182,2.3074000000000003,0.99634,1.6258599999999999,42.203599999999994,12.860999999999999,2.7162,20.15408,0.99634,0.080624,4.4124,1.76854,-0.53886,12.193000000000001,21.2544,0.8345800000000001,0.7646000000000001,9.0256,1.6144,26.216599999999996,5.0984,10.6608,0.8178,24.7952,5.4786,1.2166000000000001,14.809000000000001,3.2468000000000004,21.6292,17.910600000000002,11.8768,1748.612003786582,1569.89685059,1.6044,2.8076,1.34484,2.02414,34.1722,10.6166,3.7902,51.87928,1.20244,0.236576,7.7669999999999995,2.3773,-0.4303,15.971200000000001,17.3402,0.83912,0.8990600000000001,7.8956,2.9154,20.736,6.305600000000001,10.258000000000001,0.38,13.578400000000002,2.6820000000000004,2.6086,11.2292,2.1262,19.198000000000004,15.668000000000001,9.0796,1754.8038619392,0,-49.1730957100001
2024-12-22_Dortmund_Wolfsburg,2024-12-22,17:30,Bundesliga,Matchweek 15,Sun,2025,1.0,3.0,Wolfsburg,Dortmund,Away Win,1668.52026367,1,17.0,2.0707999999999998,1.9628,1.1589,1.48808,49.102199999999996,11.493400000000001,4.5194,41.46144,1.1589,0.118282,4.1848,1.88192,-0.08087999999999995,11.8302,29.634800000000002,0.7110799999999999,1.02052,7.426,0.978,38.3204,7.356800000000001,13.4734,1.1536,16.055,4.9456,3.8034,13.160599999999999,0.8178,17.876,22.1816,14.152400000000002,1691.72230979082,1807.40905762,1.0,2.4562,0.9986600000000001,1.6385800000000001,59.4332,8.8482,2.7164,27.56346,0.8228200000000001,,5.8338,2.12536,-0.33084,14.3718,31.544600000000003,0.62692,0.87508,6.9642,2.1284,37.450199999999995,7.1419999999999995,17.0498,2.6744000000000003,17.6192,3.1406,1.8397999999999999,12.4474,0.5824,15.7578,18.6052,19.4566,1675.806102075304,2,-138.88879395000004
2025-01-10_Dortmund_Leverkusen,2025-01-10,20:45,Bundesliga,Matchweek 16,Fri,2025,2.0,3.0,Dortmund,Leverkusen,Away Win,1815.07165527,1,20.0,1.9316,0.8022,1.2836400000000003,0.91726,54.1112,13.526,4.68,33.53418,1.2836400000000003,0.096774,2.5754,0.79228,-0.009920000000000019,10.6656,37.168400000000005,1.05608,1.07268,9.1942,1.9724,36.894,8.0424,9.7814,2.5116,16.0684,4.3902,3.4874,14.396600000000001,1.9362,22.5932,23.085400000000003,15.444600000000001,1732.5476784418179,1906.35351562,1.642,0.9338,0.87796,0.94792,58.4588,10.325600000000001,3.1957999999999998,35.90826,0.87796,0.08201,3.9143999999999997,0.88876,-0.04504000000000001,11.6652,44.701,0.7691,0.77528,7.530799999999999,1.2794,42.106199999999994,5.172,13.027000000000001,1.4774,17.656,4.6986,2.928,13.7082,2.0178000000000003,18.7604,18.3764,18.389200000000002,1670.135342824806,2,-91.28186034999999
2025-01-11_Hoffenheim_Wolfsburg,2025-01-11,15:30,Bundesliga,Matchweek 16,Sat,2025,0.0,1.0,Hoffenheim,Wolfsburg,Away Win,1613.27770996,1,15.0,1.7358,1.8177999999999999,2.08312,1.29996,58.4692,15.462799999999998,6.3824000000000005,42.54304,1.88776,0.12135400000000002,3.9734000000000003,1.8355,0.2155,7.804600000000001,36.669,1.6777000000000002,1.9446599999999998,11.871400000000001,5.742799999999999,48.907599999999995,13.8546,9.757200000000001,2.0162,28.176000000000002,5.9504,3.1512000000000002,22.3948,2.8947999999999996,29.192600000000002,29.0858,15.770399999999999,1666.3497722147679,1660.85766602,2.6614,1.3104,1.8001,1.62208,41.4494,14.478000000000002,5.519,40.669259999999994,1.6399,0.121056,5.5592,1.94848,0.63808,18.42,23.500999999999998,1.20046,1.00394,10.4562,0.7326,28.138599999999997,6.302600000000001,12.94,1.8464,12.404599999999999,5.1428,4.5472,14.965799999999998,3.1902,25.2988,20.322400000000002,13.319600000000001,1666.2333909672059,2,-47.57995605999986
2025-01-11_Heidenheim_Union Berlin,2025-01-11,15:30,Bundesliga,Matchweek 16,Sat,2025,2.0,0.0,Heidenheim,Union Berlin,Home Win,1558.4029541,1,15.0,0.442,2.3654,1.29998,1.7787199999999999,46.8456,12.9832,2.6742000000000004,20.05684,1.29998,0.104754,5.686999999999999,2.11756,-0.24784,10.1922,24.841199999999997,0.98392,0.8854,8.818999999999999,2.9424,29.9376,5.9006,14.443399999999999,0.8022,22.258399999999998,6.2322,0.1978,13.5848,3.1402,21.8982,20.3738,18.5448,1727.675704542206,1616.83251953,1.0042,2.368,0.9893000000000001,1.7951799999999998,40.4714,12.827,3.2462,24.815360000000002,0.9893000000000001,0.074902,5.1958,2.2927999999999997,-0.07520000000000004,13.3582,20.951,0.7762600000000001,1.4553600000000002,9.690000000000001,1.8828,33.0488,9.024,9.3192,0.738,15.518600000000001,5.6982,2.0084,15.6182,3.7611999999999997,23.61,25.1126,11.2102,1710.060679199932,0,-58.42956542999991
2025-01-11_Bochum_Mainz 05,2025-01-11,15:30,Bundesliga,Matchweek 16,Sat,2025,2.0,0.0,Mainz 05,Bochum,Home Win,1709.29589844,1,15.0,1.6994,0.9404,1.5220799999999999,1.0368,47.474,15.2988,5.9037999999999995,42.193039999999996,1.5220799999999999,0.11083600000000002,2.5726,0.96596,0.02556,12.4986,32.5886,1.28486,1.7815,10.8268,2.8981999999999997,42.1716,9.914,12.069600000000001,1.4176,19.7616,5.2303999999999995,2.7986,18.717399999999998,2.9814,25.7862,29.2126,15.2368,1782.530156616664,1532.21777344,1.0046,2.3419999999999996,1.20154,2.38788,40.846199999999996,10.3738,3.2525999999999997,30.120919999999998,1.07338,0.09826399999999999,5.3706,2.5155600000000002,-0.07063999999999998,14.1736,19.2276,0.8559199999999999,0.8522200000000001,6.5594,1.442,29.3914,5.5972,9.9586,1.2186,15.9664,3.1526,1.5208,13.1172,1.577,17.1372,14.059199999999999,8.1608,1679.5098830319498,0,177.078125
2025-01-11_Freiburg_Holstein Kiel,2025-01-11,15:30,Bundesliga,Matchweek 16,Sat,2025,3.0,2.0,Freiburg,Holstein Kiel,Home Win,1673.98876953,1,15.0,1.9260000000000002,1.3668,1.35738,1.1511799999999999,55.421400000000006,14.0618,5.3602,34.34426,1.2292200000000002,0.08646000000000001,3.4508,1.2591,-0.10770000000000002,16.678,31.9624,0.87826,1.00846,10.9114,3.1934,35.2588,8.6848,10.8902,0.8595999999999999,20.6642,5.2134,3.1682,19.9302,1.8177999999999999,25.875999999999998,21.017,16.7584,1652.1947789326819,1517.85742188,1.1602000000000001,2.7082,0.8940600000000001,1.8293,41.507799999999996,10.0056,3.1758,32.032799999999995,0.59006,0.06277400000000001,5.303,1.7907799999999998,-0.9174199999999999,19.7724,19.9156,0.5221,0.52098,7.881799999999999,1.3336000000000001,23.7834,3.82,10.579799999999999,0.716,11.3924,3.3316,1.9445999999999999,12.5082,2.1138000000000003,18.113599999999998,14.4804,9.350999999999999,1714.904409840374,0,156.13134764999995
2025-01-11_Eint Frankfurt_St. Pauli,2025-01-11,15:30,Bundesliga,Matchweek 16,Sat,2025,0.0,1.0,St. Pauli,Eint Frankfurt,Away Win,1578.01696777,1,15.0,0.6594,1.3866,0.75464,1.0382200000000001,47.973600000000005,12.21,3.167,22.255499999999998,0.75464,0.062369999999999995,4.1758,1.4828200000000002,0.09621999999999994,10.9024,28.705199999999998,0.6584,0.68408,9.1988,2.1028000000000002,32.6396,5.718,12.165799999999999,1.4163999999999999,19.6296,4.4114,1.3188,15.207999999999998,1.9766000000000001,21.7118,18.461000000000002,13.949200000000001,1683.9208133783561,1718.16870117,2.055,1.3824,1.61978,1.9703000000000002,50.081599999999995,12.8744,4.37,34.73724,1.4916200000000002,0.132048,6.5494,1.96238,0.57998,15.841000000000001,30.657200000000003,0.9581799999999999,0.92662,9.0938,1.221,36.2036,6.833600000000001,14.0152,1.2573999999999999,13.674800000000001,4.772399999999999,3.7342,14.200200000000002,2.5762,22.777,18.9648,18.21,1746.7575670889198,2,-140.1517334
2025-01-11_Bayern Munich_Gladbach,2025-01-11,18:30,Bundesliga,Matchweek 16,Sat,2025,0.0,1.0,Gladbach,Bayern Munich,Away Win,1663.31665039,1,18.0,2.7848,0.9623999999999999,2.30452,1.2634,50.900800000000004,14.7686,5.186,33.46114,2.00052,0.127138,3.8366000000000002,0.9638,0.0014000000000000123,17.313000000000002,25.9664,1.69674,1.4456200000000001,11.2834,2.4210000000000003,37.0882,8.8064,12.0852,2.7494,19.3458,5.9558,5.0158000000000005,18.4348,2.9018,27.356399999999997,26.485,16.2598,1654.640705150426,1903.53625488,2.0324,1.1888,1.57386,0.6949,70.838,16.049999999999997,6.392600000000001,36.911199999999994,1.57386,0.098686,2.2352,0.7454400000000001,-0.44336,7.299,57.8496,1.1763000000000001,1.65204,11.727599999999999,2.2640000000000002,60.77419999999999,11.2046,14.6052,3.1748,20.421599999999998,5.956,3.2846,23.435399999999998,1.5208,29.535400000000003,31.4806,25.0506,1685.779583445672,2,-240.21960448999994
2025-01-12_Augsburg_Stuttgart,2025-01-12,17:30,Bundesliga,Matchweek 16,Sun,2025,0.0,1.0,Augsburg,Stuttgart,Away Win,1585.06091309,1,17.0,0.8962,0.8266,1.05722,0.6183,38.7368,12.954399999999998,3.9403999999999995,32.81306,0.88138,0.06766599999999999,2.7008,0.66696,-0.15963999999999998,14.7704,24.1132,0.48084,0.8425,7.7136000000000005,1.4806,30.5402,6.687200000000001,12.1448,1.0131999999999999,14.239000000000003,5.7688,1.472,13.9922,2.497,20.7764,23.5962,13.174999999999999,1722.678280738144,1743.98120117,1.4926,1.7162,1.3940000000000001,1.77686,55.22619999999999,10.576,3.2008,29.626780000000004,1.07048,0.10814,4.896599999999999,1.4591,-0.25710000000000005,17.5006,31.580000000000002,0.9074,0.9577199999999999,7.648000000000001,0.938,35.724199999999996,6.5654,16.5988,2.1412,13.1098,3.3150000000000004,2.825,14.8638,1.2132,20.3896,16.619999999999997,10.533999999999999,1738.071504444406,2,-158.9202880800001
2025-01-12_RB Leipzig_Werder Bremen,2025-01-12,15:30,Bundesliga,Matchweek 16,Sun,2025,4.0,2.0,RB Leipzig,Werder Bremen,Home Win,1750.37084961,1,15.0,1.883,1.5211999999999999,1.68258,1.3601800000000002,53.7638,13.850999999999999,6.6292,48.58752,1.68258,0.122156,4.3324,1.48568,-0.08891999999999996,12.1104,36.9114,1.45442,1.3551199999999999,12.1382,2.2478000000000002,46.1452,11.600999999999999,9.8476,2.9436,17.993000000000002,6.401800000000001,2.8976,16.4058,2.1424,24.086399999999998,24.089599999999997,18.2626,1679.986739163344,1678.71411133,1.527,1.2302,1.06876,1.36122,49.7506,10.5872,3.4058,30.53102,1.06876,0.09986600000000001,4.4524,1.2066000000000001,0.1544,16.686999999999998,21.1806,1.0151599999999998,0.93244,9.271,1.6722,35.8686,8.5332,14.3282,1.241,16.1642,5.3936,2.5138000000000003,15.925800000000002,0.7778,19.9202,20.2176,15.1882,1627.8503732156041,0,71.65673828000013
2025-01-14_Gladbach_Wolfsburg,2025-01-14,20:30,Bundesliga,Matchweek 17,Tue,2025,5.0,1.0,Wolfsburg,Gladbach,Home Win,1668.6685791,1,20.0,1.8196,2.2108,1.2507,1.73912,51.9308,13.041599999999999,5.0,40.265480000000004,1.2507,0.10159599999999999,4.166399999999999,1.9814599999999998,-0.22933999999999996,11.5472,33.5428,0.7988200000000001,1.24266,8.16,1.2244,47.0762,10.2396,12.593399999999999,1.6266,21.054,6.7486,3.2348,14.3536,1.4686,20.406799999999997,27.368000000000002,16.267200000000003,1701.6085881602542,1659.95947266,1.0464,1.402,0.88336,1.91504,46.647800000000004,10.651399999999999,3.714,40.43316,0.88336,0.094706,6.3502,1.90536,0.6813600000000001,21.529,21.19,0.7620399999999999,0.82584,7.603,2.8518,28.7686,7.119,13.7358,2.914,17.1094,4.5998,1.8486000000000002,12.003800000000002,2.1424,17.8192,17.431,12.3934,1686.4798796374919,0,8.709106439999914
2025-01-14_Eint Frankfurt_Freiburg,2025-01-14,20:30,Bundesliga,Matchweek 17,Tue,2025,4.0,1.0,Eint Frankfurt,Freiburg,Home Win,1723.70214844,1,20.0,2.6082,2.0088,1.99256,1.03036,57.048,18.9518,6.0645999999999995,37.40578,1.99256,0.127178,5.0964,1.3878599999999999,-0.37673999999999996,11.555,39.4886,1.5264,1.8445,13.3424,3.3796,48.7568,11.434,12.9504,2.3032000000000004,25.5816,6.909599999999999,4.8782000000000005,22.194200000000002,2.9912,32.9706,38.0486,22.8368,1683.4411600085218,1677.37634277,0.6242,2.7126,1.12392,1.6615799999999998,46.7918,10.473,3.0982,29.209259999999997,0.9815200000000001,0.098694,7.9238,2.247,-0.4656000000000001,13.3118,22.620600000000003,0.63834,0.98668,7.0122,1.9880000000000002,30.757199999999997,6.366999999999999,10.3208,0.6154,10.6258,1.3668,1.2484,14.951,1.2615999999999998,19.8886,18.154,10.917,1776.951850535128,0,46.32580566999991
2025-01-14_Leverkusen_Mainz 05,2025-01-14,20:30,Bundesliga,Matchweek 17,Tue,2025,1.0,0.0,Leverkusen,Mainz 05,Home Win,1913.03955078,1,20.0,2.97,1.0198,2.3171,1.14194,63.5022,17.4618,7.275399999999999,40.96408,2.0096,0.12217399999999999,2.2992,1.0084,-0.011400000000000021,8.2534,50.7564,1.6862,2.21806,14.5136,2.7460000000000004,57.9768,11.525599999999999,10.264399999999998,3.0534000000000003,18.8236,6.7638,5.94,25.403599999999997,2.7166,33.2936,34.7894,22.5792,1682.00098879431,1713.65893555,2.466,1.1234,1.41838,1.23156,47.6692,11.081600000000002,4.0152,36.241460000000004,1.27992,0.11635999999999999,4.445,1.25146,0.12805999999999998,22.355800000000002,23.6274,1.08974,1.17288,8.377600000000001,1.8044,28.6256,6.7002,10.683,2.2414,14.4088,3.8066,3.2636,14.8512,1.3084,19.5386,17.271,12.6256,1656.755039573356,0,199.38061522999988
2025-01-14_Dortmund_Holstein Kiel,2025-01-14,18:30,Bundesliga,Matchweek 17,Tue,2025,4.0,2.0,Holstein Kiel,Dortmund,Home Win,1514.46984863,1,18.0,1.399,1.5976000000000001,1.16208,1.54296,44.560199999999995,10.9552,4.6686000000000005,45.46986,1.16208,0.113958,4.8132,1.5237,-0.0739,16.0956,21.373,0.8684000000000001,1.1928,7.687200000000001,2.7178000000000004,27.980800000000002,6.465800000000001,12.7048,0.536,15.7088,4.4584,2.3096,13.857000000000001,2.4384,19.189999999999998,18.566000000000003,12.345799999999999,1677.7564722152379,1808.38549805,1.4884,1.7338,1.4572,1.35078,58.778,9.8846,2.989,26.7533,1.2989600000000001,,5.1735999999999995,1.86328,0.12948,16.488400000000002,33.6086,1.1759,1.0717599999999998,8.3332,2.1598,40.1802,7.0280000000000005,15.1796,2.751,17.3458,3.2266,2.9768,14.3008,0.6242,17.8244,21.9964,20.476200000000002,1655.9543948233181,0,-293.91564942000014
2025-01-15_Heidenheim_Werder Bremen,2025-01-15,20:30,Bundesliga,Matchweek 17,Wed,2025,3.0,3.0,Werder Bremen,Heidenheim,Draw,1671.50292969,1,20.0,2.168,1.3978,1.6945999999999999,1.24316,51.4518,14.2392,5.4334,39.94714,1.6945999999999999,0.132126,4.2156,1.16756,-0.052240000000000036,11.6026,32.0356,1.4546200000000002,1.7271200000000002,10.708200000000001,3.0860000000000003,45.1758,10.1022,13.869599999999998,1.5959999999999999,21.037599999999998,6.2368,3.7206,18.967,2.6988000000000003,25.549200000000003,25.435200000000002,13.2742,1704.9282931879882,1570.54333496,1.1556,3.0152,1.18384,2.1259200000000003,35.2664,9.978,3.0343999999999998,45.39056,1.05568,0.214602,7.8228,2.38932,-0.62588,14.765,17.849999999999998,0.67984,0.79262,6.7966,2.5354,23.8482,6.4308000000000005,12.4298,0.1978,12.266800000000002,2.037,1.7710000000000001,11.950399999999998,1.681,18.2686,15.2242,9.171399999999998,1705.7926296386358,1,100.95959472999994
2025-01-15_Augsburg_Union Berlin,2025-01-15,20:30,Bundesliga,Matchweek 17,Wed,2025,0.0,2.0,Union Berlin,Augsburg,Away Win,1604.6920166,1,20.0,0.7182,1.2662,1.39232,1.1574200000000001,47.1426,13.901,3.956,30.246000000000002,1.26416,0.086102,3.714,1.4214600000000002,0.3994599999999999,13.8284,31.806199999999997,1.0353400000000001,1.16472,10.664200000000001,3.3174,40.8042,10.8568,10.383,0.5646,21.3842,3.913,1.9247999999999998,18.413600000000002,2.4508,24.9828,25.4998,16.787200000000002,1729.4000689694158,1580.07263184,1.022,2.9126000000000003,0.7030799999999999,1.8624200000000002,39.2204,8.2812,2.4926,35.13326,0.7030799999999999,0.087544,6.9648,2.5233,-0.3893,16.029600000000002,20.930799999999998,0.55382,0.70572,6.1644,1.4242,28.712999999999997,5.128,11.8312,0.7778,15.8666,2.7724,1.8241999999999998,10.2864,1.3479999999999999,14.901800000000001,11.4964,10.7232,1696.9255968971881,2,24.619384760000003
2025-01-15_RB Leipzig_Stuttgart,2025-01-15,20:30,Bundesliga,Matchweek 17,Wed,2025,2.0,1.0,Stuttgart,RB Leipzig,Home Win,1748.96948242,1,20.0,1.7314,1.378,2.01198,1.29492,63.0936,16.9118,5.6744,39.50268,1.86958,0.137494,3.6466000000000003,1.2317399999999998,-0.14626,10.1166,40.928,1.3713600000000001,1.6268000000000002,14.215800000000002,3.3916,53.459599999999995,14.460799999999999,17.2538,2.5686,23.0054,6.668,2.9226,24.9866,2.1792,31.5054,35.1604,21.724200000000003,1607.035019531534,1757.58203125,1.7756,2.3682,1.15922,1.9173399999999998,40.0462,8.5126,3.4672,37.96052,0.9833799999999999,0.111896,6.2478,1.9876200000000002,-0.3805799999999999,17.9964,19.389400000000002,0.74728,0.7824,5.860799999999999,1.1932,25.238,5.2642,12.649799999999999,1.8142,8.9218,1.538,2.7756000000000003,11.1736,0.5824,14.7844,15.808,9.4926,1722.513365941426,0,-8.612548829999923
2025-01-15_Bochum_St. Pauli,2025-01-15,18:30,Bundesliga,Matchweek 17,Wed,2025,1.0,0.0,Bochum,St. Pauli,Home Win,1527.85473633,1,18.0,0.8464,1.7882,1.17208,1.3357999999999999,44.3376,12.975000000000001,2.9888,22.03694,1.17208,0.09321399999999999,3.8825999999999996,1.34208,-0.44612,10.287600000000001,23.848,0.9920800000000001,0.75374,9.079,1.6088,30.9236,6.409599999999999,10.6506,1.7128,25.1372,5.8634,1.495,14.7958,3.1222,22.1666,19.4292,14.5638,1732.7801275912702,1572.48339844,0.9802,1.1556,1.40678,1.7067,35.5148,10.8946,3.464,33.48554,1.187,0.113292,4.4434000000000005,1.41432,0.25871999999999995,18.7834,24.6778,1.06328,0.9557,8.9124,2.8706,29.3222,6.130400000000001,9.8598,0.8022,14.0946,2.4308,1.8001999999999998,14.827,0.7756000000000001,18.895200000000003,15.1476,14.1212,1771.529224438496,0,-44.62866211000005
2025-01-15_Bayern Munich_Hoffenheim,2025-01-15,20:30,Bundesliga,Matchweek 17,Wed,2025,5.0,0.0,Bayern Munich,Hoffenheim,Home Win,1906.89343262,1,20.0,3.8684000000000003,0.6838,3.0228800000000002,0.5723,75.3048,22.3144,9.4394,42.51422,2.58378,0.122064,1.2198,0.7086,0.0248,4.2542,80.52459999999999,2.1669,3.16056,18.1168,2.6262,75.286,16.6176,8.6082,4.9084,20.6404,7.6617999999999995,6.9148,33.22559999999999,1.3324,41.7732,43.772200000000005,30.770400000000002,1690.39479680106,1605.46679688,0.4044,0.844,0.6998,1.3550600000000002,47.581,10.5616,2.4322,25.09764,0.6998,0.067746,4.533200000000001,1.22106,0.37706,18.430999999999997,29.660999999999998,0.61614,0.97102,8.8322,2.3592,34.1978,8.220400000000001,12.4,1.7711999999999999,17.3662,5.379,0.8088,13.985000000000001,1.5104000000000002,18.4246,20.294,15.141000000000002,1721.040859154838,0,301.42663574000017
2025-01-17_Dortmund_Eint Frankfurt,2025-01-17,20:30,Bundesliga,Matchweek 18,Fri,2025,2.0,0.0,Eint Frankfurt,Dortmund,Home Win,1723.70214844,1,20.0,2.8916,1.6196,2.20636,0.73222,63.22239999999999,21.8082,6.835,32.54586,2.20636,0.112484,3.9334,0.99424,-0.40556000000000003,8.504,46.596399999999996,1.7379600000000002,1.98424,15.5386,3.0416,55.293,12.688199999999998,12.755399999999998,2.6612,29.128800000000002,8.1724,5.3788,25.7586,3.4248,37.8554,42.12559999999999,24.815799999999996,1648.4188168190599,1808.38549805,1.6838,2.2488,1.45476,1.39012,61.554,11.6498,3.0902,22.97426,1.31236,,5.6446000000000005,2.46626,0.21746,13.5534,40.7738,1.15278,1.15228,9.1768,2.588,44.602199999999996,6.981,14.0962,2.1434,23.127599999999997,4.6692,3.1234,16.4128,0.9059999999999999,21.249200000000002,22.962000000000003,21.3172,1620.98421738136,0,-84.68334961000005
2025-01-18_Heidenheim_St. Pauli,2025-01-18,15:30,Bundesliga,Matchweek 18,Sat,2025,0.0,2.0,Heidenheim,St. Pauli,Away Win,1574.56396484,1,15.0,0.8862,1.9846000000000001,1.36764,1.6675800000000003,49.83500000000001,13.573199999999998,3.7836,26.13738,1.36764,0.10472000000000001,6.295,2.32206,0.33746000000000004,9.308,28.964,1.02436,1.11222,9.569600000000001,3.1482,37.4138,8.0642,13.0338,0.5778,23.0974,6.3974,0.9106000000000001,15.0472,2.5936,23.6734,22.79,21.909,1684.5352499519379,1564.50146484,0.738,0.9958,1.35052,1.50302,40.1792,11.2934,2.9292000000000002,27.83818,1.1527,0.107962,4.2108,1.15102,0.15521999999999997,18.4172,27.116200000000003,1.00694,0.9101,8.9652,2.6834000000000002,31.395799999999998,5.8172,9.918,0.5778,15.4822,3.7528,1.476,14.9324,1.7748,20.3148,15.421000000000001,14.0414,1698.656103930644,2,10.0625
2025-01-18_Bayern Munich_Wolfsburg,2025-01-18,15:30,Bundesliga,Matchweek 18,Sat,2025,3.0,2.0,Bayern Munich,Wolfsburg,Home Win,1910.26660156,1,15.0,4.1258,0.6154,3.08944,0.4918,74.27380000000001,22.7712,9.2512,40.8592,2.49892,0.11365,1.442,0.75982,0.14442,4.4288,87.18199999999999,1.98046,3.1777800000000003,18.005,2.7636000000000003,81.40299999999999,17.6326,9.436,4.8176,22.2738,9.0608,7.4118,33.691199999999995,1.2992,41.5514,44.572,29.1606,1653.2274458986699,1681.71313477,2.2068000000000003,1.0352000000000001,1.44496,1.43452,42.2374,13.6536,5.1228,39.10118,1.44496,0.11062199999999998,4.7708,1.5918199999999998,0.55662,17.9452,25.581599999999998,1.03948,0.8870399999999999,10.022400000000001,0.9036,28.3692,5.351400000000001,13.8786,1.6176,13.729600000000001,5.717,3.8598,13.315999999999999,4.4364,23.7158,21.0786,13.187600000000002,1665.8135336424018,0,228.55346679000013
2025-01-18_Freiburg_Stuttgart,2025-01-18,15:30,Bundesliga,Matchweek 18,Sat,2025,4.0,0.0,Stuttgart,Freiburg,Home Win,1755.84655762,1,15.0,1.7582,1.3402,2.19056,1.33754,62.5844,16.3326,5.707000000000001,40.62028,2.0624000000000002,0.160602,3.5820000000000003,1.2318799999999999,-0.10832000000000003,8.7954,39.205600000000004,1.5651799999999998,1.68182,13.662,2.9642,50.9276,12.6616,18.0168,2.3674,21.6844,5.9246,3.0744000000000002,24.1118,1.8172,30.9114,34.345,20.5312,1652.459774560532,1667.52087402,0.6617999999999999,2.9856,0.8885,1.82198,42.6844,8.9722,3.2884,38.92222,0.76034,0.088614,7.7874,2.27148,-0.71412,14.745800000000003,21.028200000000002,0.55682,0.76498,5.99,1.4566000000000001,28.1068,5.4652,10.332799999999999,0.7979999999999999,9.1656,1.0418,1.3235999999999999,12.093200000000001,0.9912000000000001,16.016000000000002,16.384999999999998,10.8812,1755.0526172599302,0,88.32568360000005
2025-01-18_Gladbach_Leverkusen,2025-01-18,18:30,Bundesliga,Matchweek 18,Sat,2025,3.0,1.0,Leverkusen,Gladbach,Home Win,1915.80541992,1,18.0,2.6288,0.7736,1.97706,0.9247,65.482,16.8508,7.347999999999999,42.19442,1.80122,0.11463000000000001,2.9018,1.02196,0.24836,8.628,57.6182,1.5166600000000001,1.9544000000000001,13.5974,2.2948,56.4252,10.0754,12.0356,3.4806000000000004,18.2204,6.8873999999999995,5.2576,24.321800000000003,2.1566,31.9346,31.627,21.400199999999998,1682.145802857086,1646.91491699,1.0418,2.1944,0.99152,2.4885,48.4832,10.197600000000001,3.9867999999999997,44.71944,0.99152,0.10733,6.2152,2.52744,0.49324,19.0786,24.313,0.80908,0.79882,7.109999999999999,2.334,32.4778,6.186,12.4972,3.6552,16.5214,5.1282,1.8638,11.182199999999998,2.084,17.4044,15.145600000000002,12.2774,1692.4604732407438,0,268.89050293000014
2025-01-18_Hoffenheim_Holstein Kiel,2025-01-18,15:30,Bundesliga,Matchweek 18,Sat,2025,1.0,3.0,Holstein Kiel,Hoffenheim,Away Win,1533.95751953,1,15.0,2.2359999999999998,1.6378,1.24916,1.47422,39.287400000000005,10.8154,5.3344000000000005,51.65314,1.24916,0.120892,4.7318,1.3159399999999999,-0.32186,20.526000000000003,19.093600000000002,0.93042,1.1147,7.7184,1.9691999999999998,25.4962,5.542399999999999,12.446,0.3382,11.4098,3.2474,3.5440000000000005,13.527,2.062,19.0266,17.2882,10.8018,1710.683646019868,1602.09362793,0.2198,1.8364,0.5488999999999999,1.77584,46.6108,9.716999999999999,2.1006,24.1226,0.5488999999999999,0.054438,5.656600000000001,2.22132,0.38492,16.7252,29.715799999999994,0.51686,0.85626,8.3048,2.3234,33.842800000000004,7.166,12.1598,1.0173999999999999,15.897,4.3644,0.4396,13.242400000000002,1.4594,16.9054,16.6462,14.438799999999999,1753.695109033498,2,-68.13610840000001
2025-01-18_Bochum_RB Leipzig,2025-01-18,15:30,Bundesliga,Matchweek 18,Sat,2025,3.0,3.0,Bochum,RB Leipzig,Draw,1535.83666992,1,15.0,0.8617999999999999,1.1768,1.15164,1.0271,43.995000000000005,12.256599999999999,3.1900000000000004,25.22658,1.15164,0.09633599999999999,3.0176000000000003,0.79974,-0.37706000000000006,10.2588,23.7308,1.0184799999999998,0.8328,9.126999999999999,2.2364,31.964199999999998,6.813,12.006599999999999,1.3974,23.5696,5.7328,1.5455999999999999,15.2164,2.189,21.2408,17.656200000000002,16.6612,1704.6333908967558,1750.70495605,1.5538,2.6198,1.0135,2.2496,39.5204,7.5402000000000005,3.132,39.812920000000005,0.85526,0.11382400000000001,6.7998,2.29726,-0.32253999999999994,16.198999999999998,20.1388,0.7581199999999999,0.74412,5.6304,1.1738,26.7232,5.9144,12.2964,1.156,9.1736,0.9516,2.3096,9.8908,0.38,12.952,14.261800000000001,9.299199999999999,1733.095160155066,1,-214.8682861299999
2025-01-19_Mainz 05_Union Berlin,2025-01-19,15:30,Bundesliga,Matchweek 18,Sun,2025,2.0,1.0,Union Berlin,Mainz 05,Home Win,1590.62182617,1,15.0,0.358,1.4838,1.2322,1.23376,51.1012,13.8112,3.472,26.540200000000002,1.2322,0.084934,3.9867999999999997,1.36606,0.10205999999999998,12.624400000000001,32.8124,1.0062600000000002,1.07944,10.642199999999999,3.2858000000000005,43.452799999999996,10.3714,9.7238,0.46399999999999997,23.432199999999998,4.7986,1.1556,17.8726,2.5058000000000002,24.096600000000002,24.506199999999996,16.8414,1672.359811059652,1710.89306641,1.7868000000000002,1.2552,1.2888000000000002,1.4038,44.8594,10.529,4.0136,39.351259999999996,1.1642000000000001,0.111396,5.3774,1.29958,0.044379999999999975,21.5886,23.352200000000003,0.8709399999999999,1.05226,7.7512,2.1122,29.6036,6.2856,8.717,1.5846,15.9092,4.1142,2.3604000000000003,13.544599999999999,1.4218,18.4958,18.1526,11.9744,1726.77473461709,0,-120.27124024
2025-01-19_Augsburg_Werder Bremen,2025-01-19,17:30,Bundesliga,Matchweek 18,Sun,2025,0.0,2.0,Werder Bremen,Augsburg,Away Win,1667.48242188,1,17.0,2.6838,1.8464,1.7472400000000003,1.3165200000000001,50.6416,14.015,5.6784,42.530840000000005,1.7472400000000003,0.139126,4.5824,1.49594,-0.19026,12.4752,30.410800000000002,1.5012599999999998,1.83976,10.825599999999998,2.5890000000000004,46.511399999999995,9.547799999999999,15.235999999999999,1.6805999999999999,19.524,5.5804,4.8138000000000005,19.302599999999998,2.3846000000000003,25.338,26.2684,14.4236,1674.296813671702,1594.14282227,1.264,2.1888,0.83932,1.7561200000000001,40.0878,8.8418,3.0318,37.928560000000004,0.83932,0.09699999999999999,5.891400000000001,2.17114,-0.01766000000000001,18.1682,19.1082,0.7094,0.82728,6.8808,1.4818,27.945,6.292199999999999,12.969,0.8,14.5712,2.8954,2.3302,10.8582,1.9458000000000002,16.189,15.010200000000001,11.1512,1674.2015935770319,2,73.33959961000005
2025-01-24_Holstein Kiel_Wolfsburg,2025-01-24,20:30,Bundesliga,Matchweek 19,Fri,2025,2.0,2.0,Wolfsburg,Holstein Kiel,Draw,1679.45654297,1,20.0,2.5702,1.6572,1.81848,1.54546,49.084,13.3818,4.7558,37.61056,1.6231200000000001,0.12109,3.9614000000000003,1.6970400000000003,0.03983999999999999,12.124799999999999,29.613999999999997,1.3506200000000002,1.6867999999999999,8.8326,1.4462,44.647800000000004,10.5484,11.257,1.664,19.472,6.4738,4.9206,16.8604,1.666,22.9084,27.52,16.008200000000002,1695.0443055187397,1523.74377441,1.2442,2.8816,1.0135,1.51452,45.5732,11.4144,4.135,34.85342,0.85526,0.073382,4.9844,1.815,-0.8224,16.0674,22.4986,0.46221999999999996,0.59772,8.282,2.1328,28.8984,5.9358,10.9544,0.356,13.683399999999999,2.81,1.6618,15.3762,1.714,20.2442,18.7722,9.7044,1672.333995117968,1,155.7127685600001
2025-01-25_Bayern Munich_Freiburg,2025-01-25,15:30,Bundesliga,Matchweek 19,Sat,2025,1.0,2.0,Freiburg,Bayern Munich,Away Win,1658.33459473,1,15.0,2.466,1.286,1.21956,1.31702,51.8074,14.9208,5.901000000000001,37.8253,1.21956,0.082814,4.2384,1.42976,0.14376,16.931,27.3848,0.84484,0.92996,11.008600000000001,2.6416,30.5076,7.8514,10.956800000000001,1.0178,17.8908,5.8246,3.584,19.581400000000002,1.9802,26.5536,21.3714,14.0198,1629.104400394338,1912.52319336,1.6408,0.6374,2.1493200000000003,0.55008,69.4448,16.3568,6.0766,35.39182,1.9539600000000001,0.11491199999999999,1.435,0.44022,-0.19718,7.789999999999999,51.573800000000006,1.5017200000000002,1.7657000000000003,12.0108,2.9702,55.870799999999996,11.7402,13.756599999999999,2.969,22.5566,6.216200000000001,2.7236,23.0268,1.5688,29.761200000000002,29.516800000000003,26.6782,1673.795189867298,2,-254.18859863000012
2025-01-25_Bochum_Gladbach,2025-01-25,18:30,Bundesliga,Matchweek 19,Sat,2025,3.0,0.0,Gladbach,Bochum,Home Win,1644.31860352,1,18.0,2.0738000000000003,0.822,1.65268,1.89872,44.352799999999995,11.7732,3.3698,23.2807,1.49444,0.10989,5.0298,1.69236,0.87036,21.0326,19.8442,1.25428,1.1448,9.2574,2.279,30.365599999999997,7.3166,11.388399999999999,2.4302,16.481,5.4718,3.6492,13.730999999999998,2.7116000000000002,20.995199999999997,21.043599999999998,12.250200000000001,1713.342172825074,1540.31506348,0.76,2.1635999999999997,0.8386199999999999,2.2525999999999997,39.8078,10.2924,2.9831999999999996,27.948500000000003,0.8386199999999999,0.07757800000000001,5.0452,2.3898200000000003,0.006419999999999926,15.1658,20.6254,0.6328999999999999,0.7660800000000001,6.4152000000000005,1.3978,27.5334,5.493200000000001,10.062800000000001,0.3758,17.8116,4.0142,1.0804,12.140400000000001,2.3962,16.847,17.2838,8.6888,1688.158673780154,0,104.00354003999996
2025-01-25_Leverkusen_RB Leipzig,2025-01-25,15:30,Bundesliga,Matchweek 19,Sat,2025,2.0,2.0,RB Leipzig,Leverkusen,Draw,1746.22668457,1,15.0,2.0947999999999998,1.8574,1.5946,1.4318200000000003,51.845,14.410400000000001,6.810600000000001,48.137820000000005,1.5946,0.11329,4.2432,1.6224200000000002,-0.28304,13.408999999999999,34.333400000000005,1.35484,1.09776,12.2804,1.8346,40.004000000000005,9.599,10.263,2.561,15.8514,5.5848,3.0638,15.876999999999999,2.5724,24.822400000000002,23.7598,20.145599999999998,1688.2176723909322,1918.40185547,2.0662000000000003,1.1846,1.16644,0.96872,55.468,10.5698,3.8087999999999997,40.13564,1.16644,0.127088,4.311400000000001,1.19176,0.00716000000000001,12.286999999999999,42.4626,1.06846,1.00076,8.0544,1.3956,40.0272,5.631399999999999,12.58,1.5737999999999999,17.411200000000004,4.3288,3.8120000000000003,14.690800000000001,1.6718,19.3378,18.4036,18.2712,1668.3102944597704,1,-172.1751709
2025-01-25_Mainz 05_Stuttgart,2025-01-25,15:30,Bundesliga,Matchweek 19,Sat,2025,2.0,0.0,Mainz 05,Stuttgart,Home Win,1700.90368652,1,15.0,2.0178000000000003,0.558,1.7472800000000002,0.8057000000000001,49.24720000000001,13.7594,6.2458,48.48114,1.7472800000000002,0.14038,2.0828,0.72194,0.16394000000000003,13.1256,29.0806,1.5482000000000002,1.8554,10.211400000000001,2.8642,42.289,10.4226,12.851199999999999,1.8641999999999999,18.82,5.2072,3.4954,17.047800000000002,2.839,23.2328,29.1234,13.747800000000002,1712.5299490491402,1765.03283691,1.2992,1.2562,1.58116,1.5137800000000001,53.6738,10.242,3.6692,33.52764,1.40532,0.137512,4.6068,1.1213000000000002,-0.13490000000000002,18.492,30.6804,1.0575999999999999,1.2694200000000002,7.3508000000000004,1.5326,34.266400000000004,7.93,14.9856,2.4154,16.1736,4.7488,2.3542,14.845200000000002,0.6594,19.1094,21.0098,13.111,1712.71384345883,0,-64.12915038999995
2025-01-25_Augsburg_Heidenheim,2025-01-25,15:30,Bundesliga,Matchweek 19,Sat,2025,2.0,1.0,Augsburg,Heidenheim,Home Win,1609.73925781,1,15.0,0.5182,0.844,0.8372799999999999,1.07046,40.316199999999995,11.4494,3.3138,30.83566,0.67904,0.057690000000000005,3.075,0.9489000000000001,0.10490000000000002,16.1146,23.236800000000002,0.35624,0.67848,6.621199999999999,0.7558,30.3418,5.5534,11.8976,1.156,13.505799999999997,5.0592,1.0364,11.851,2.3472,18.0682,19.9852,12.5688,1737.449494506908,1560.99572754,1.4842,3.0136,1.11894,1.76052,38.559400000000004,9.803799999999999,3.231,45.55864,1.11894,0.209896,6.8194,2.0563800000000003,-0.95722,13.711599999999999,22.1492,0.68744,0.7989599999999999,7.2172,2.0494,26.6504,6.3438,11.7546,0.178,13.1288,1.8892,2.5264,12.1234,1.5688,17.6448,13.904600000000002,9.887,1705.737749585494,0,48.743530270000065
2025-01-25_Dortmund_Werder Bremen,2025-01-25,15:30,Bundesliga,Matchweek 19,Sat,2025,2.0,2.0,Dortmund,Werder Bremen,Draw,1777.4017334,1,15.0,1.9384,1.3104,1.0978400000000001,1.12972,55.124,11.9756,4.1794,34.0227,0.9269000000000001,0.077678,3.1062000000000003,1.187,-0.12340000000000001,9.855,32.3054,0.68326,0.74706,8.165399999999998,1.5426,35.297799999999995,7.3614,9.6034,1.6396,14.5316,4.407,3.0502,13.359199999999998,1.6984000000000001,20.5152,21.9556,17.3534,1795.253073655362,1651.88586426,1.286,1.7955999999999999,1.03982,1.4783600000000001,49.0104,9.075,2.5444,27.72936,1.03982,0.120976,4.9956,1.55898,-0.07642000000000002,15.8738,25.0578,0.8839,0.8726999999999999,7.6904,1.705,38.812000000000005,7.8032,12.986,1.0286,17.457,4.5216,2.3742,14.623999999999999,0.5558000000000001,17.4538,18.5422,13.0948,1652.286963743768,1,125.51586913999995
2025-01-26_St. Pauli_Union Berlin,2025-01-26,17:30,Bundesliga,Matchweek 19,Sun,2025,3.0,0.0,St. Pauli,Union Berlin,Home Win,1570.7857666,1,17.0,0.5934,1.0596,1.0722200000000002,1.14208,45.602399999999996,12.6452,3.2504,22.40898,1.0722200000000002,0.079226,4.6466,1.64432,0.58472,10.700199999999999,27.561200000000003,0.91676,0.9598800000000001,8.802399999999999,3.0252,33.299800000000005,6.879,10.695800000000002,1.2748,20.367,4.4144,1.1868,15.5994,1.1580000000000001,21.187800000000003,21.0246,14.110399999999998,1692.5453123530583,1593.32739258,0.6154,2.6196,1.00038,1.7701,39.1826,11.967600000000001,3.8100000000000005,32.86162,1.00038,0.08518,6.053,2.2435400000000003,-0.37606,12.945599999999999,20.6352,0.72538,1.2788999999999997,8.6,1.462,29.272399999999998,6.9798,9.043,0.62,13.9132,5.6726,1.2308,14.247200000000001,3.9734000000000003,21.4072,22.4712,11.401,1694.4280441161561,0,-22.541625979999935
2025-01-26_Eint Frankfurt_Hoffenheim,2025-01-26,15:30,Bundesliga,Matchweek 19,Sun,2025,2.0,2.0,Hoffenheim,Eint Frankfurt,Draw,1599.33642578,1,15.0,1.1296,1.736,1.73414,0.95158,58.843399999999995,15.849,5.2232,33.13036,1.5583,0.097476,3.7318000000000002,1.6554200000000001,0.09741999999999999,10.065999999999999,35.6468,1.2803999999999998,1.7393,10.951600000000001,5.857,48.7384,13.081199999999999,11.1024,1.9145999999999999,28.9566,5.7554,2.2592,22.199600000000004,2.7052,29.9384,28.866200000000003,15.5376,1679.083969505808,1740.22180176,1.9494,0.9558,1.5501000000000003,1.7626,52.35979999999999,13.8522,5.398,41.73768,1.5501000000000003,0.12795600000000001,5.5736,1.54454,0.58874,17.0894,29.526200000000003,0.98,0.98604,9.9054,1.099,37.1718,8.2154,13.858,1.1316,12.6308,4.595199999999999,3.5606,16.7106,2.4186000000000005,24.685599999999997,21.887,18.033,1678.398178244904,1,-140.88537598000016
2025-01-31_Mainz 05_Werder Bremen,2025-01-31,20:30,Bundesliga,Matchweek 20,Fri,2025,1.0,0.0,Werder Bremen,Mainz 05,Home Win,1649.02868652,1,20.0,2.127,1.8618,1.65924,1.29044,56.715,15.622800000000002,4.4454,31.85192,1.65924,0.125002,4.38,1.311,-0.5508,10.7742,33.0116,1.45228,1.76252,12.408199999999999,3.8952000000000004,49.202400000000004,10.1372,15.645,2.401,27.2182,6.0548,3.7556,21.5702,3.2228000000000003,28.767000000000003,29.5162,18.3328,1618.084552784296,1705.78149414,1.8522,1.6179999999999999,1.50292,1.66086,49.424800000000005,10.1318,3.3238,32.21498,1.1954200000000001,0.11846399999999999,5.528,1.52704,-0.09095999999999999,20.196599999999997,30.1544,0.9358999999999998,1.15794,7.8202,2.7336,36.5134,7.9106000000000005,10.1662,1.4260000000000002,18.3604,3.6144,2.6126,13.8226,1.2354,18.2902,20.2676,14.130600000000001,1698.170084567874,0,-56.752807619999885
2025-02-01_Dortmund_Heidenheim,2025-02-01,15:30,Bundesliga,Matchweek 20,Sat,2025,1.0,2.0,Heidenheim,Dortmund,Away Win,1548.0826416,1,15.0,0.7976,2.2744,1.18554,1.8638000000000001,52.726600000000005,11.7184,3.217,24.038880000000006,1.18554,0.097922,6.0653999999999995,2.3651400000000002,0.09073999999999997,9.033,29.0124,0.89542,1.17312,8.8802,3.4218,39.0152,8.2464,14.107199999999999,0.62,21.6108,5.7250000000000005,0.8196,13.433399999999999,2.9226,21.2204,21.6788,19.2206,1657.9528255368377,1759.90917969,1.3712,2.224,1.3604,1.57972,60.945800000000006,11.829,2.9370000000000003,21.53314,1.23224,,5.7244,2.68038,0.45638,12.9416,46.71379999999999,1.10304,1.26032,9.791599999999999,3.306,50.5912,8.980599999999999,12.8656,2.4850000000000003,27.5876,5.190799999999999,2.5225999999999997,17.7366,0.8154,22.3894,24.6632,23.295,1647.737206274258,2,-211.82653808999999
2025-02-01_Gladbach_Stuttgart,2025-02-01,15:30,Bundesliga,Matchweek 20,Sat,2025,1.0,2.0,Stuttgart,Gladbach,Away Win,1749.00976562,1,15.0,2.2708,0.7736,2.0749999999999997,1.06514,61.3488,14.3574,5.3038,43.68086,1.9040599999999999,0.159866,2.5027999999999997,0.8347,0.06109999999999999,7.8831999999999995,36.078,1.44218,1.40178,11.7098,2.1910000000000003,44.7854,9.776600000000002,17.0826,2.3748,19.4738,5.1554,4.1438,20.461000000000002,1.8354,27.2806,30.070600000000002,20.166,1644.33189782571,1644.40649414,1.0376,2.5634,0.93794,2.50734,47.702799999999996,9.5894,3.8440000000000003,46.174420000000005,0.93794,0.107038,5.949400000000001,2.69096,0.1275600000000001,19.2028,25.6032,0.77816,0.67242,6.7547999999999995,2.789,31.2978,5.6348,11.726600000000001,2.813,17.9786,5.5038,1.8774,10.919799999999999,2.2198,16.3872,13.9098,14.0916,1747.887199095238,2,104.6032714800001
2025-02-01_RB Leipzig_Union Berlin,2025-02-01,18:30,Bundesliga,Matchweek 20,Sat,2025,0.0,0.0,Union Berlin,RB Leipzig,Draw,1580.18444824,1,18.0,0.6664,1.4354,1.4199000000000002,1.30924,47.3722,13.2416,3.2806,26.11154,1.22454,0.092324,3.1114000000000006,1.15526,-0.08234,15.336199999999998,28.3352,0.85468,0.94496,9.645199999999999,3.0130000000000003,39.299800000000005,9.301400000000001,10.283999999999999,0.41759999999999997,21.7238,4.2304,1.24,16.264,2.211,22.8098,23.899199999999997,14.5592,1673.888149171542,1749.8137207,1.9868000000000001,2.802,1.37728,2.39558,42.799,8.463,3.2630000000000003,38.37424,1.23488,0.141188,5.843,2.51614,-0.28586,17.2558,21.790399999999998,1.1474600000000001,1.15926,6.6442000000000005,1.3006,31.0026,7.532400000000001,13.832,0.8962,10.377400000000002,1.589,3.2554,12.2996,0.1978,14.7662,18.098599999999998,10.6344,1669.2655441638758,1,-169.62927246000004
2025-02-01_Augsburg_St. Pauli,2025-02-01,15:30,Bundesliga,Matchweek 20,Sat,2025,1.0,1.0,St. Pauli,Augsburg,Draw,1583.92871094,1,15.0,1.2666,0.9536,1.1427,1.13788,44.0,13.2692,3.4254000000000002,22.66368,1.1427,0.082188,4.0936,1.26034,0.30673999999999996,11.751000000000001,25.2074,0.9683599999999999,0.98276,9.266399999999999,2.5344,32.0048,6.447,11.4146,1.6356,19.741999999999997,4.1846,2.5332,16.7164,1.7306,22.4018,22.0552,12.345799999999999,1674.791891895208,1608.08483887,1.4818,1.8256000000000001,0.97632,1.7249,38.6902,9.7226,3.5612,40.17668,0.97632,0.098418,5.069599999999999,1.8153399999999997,-0.010259999999999984,22.935599999999997,19.029600000000002,0.83498,0.82338,7.4694,1.822,27.538600000000002,6.4514,13.693,0.82,14.302,2.9499999999999997,2.7856,12.6142,1.9954,18.1002,15.5184,10.4476,1676.451794676372,1,-24.15612793000014
2025-02-01_Bayern Munich_Holstein Kiel,2025-02-01,15:30,Bundesliga,Matchweek 20,Sat,2025,4.0,3.0,Bayern Munich,Holstein Kiel,Home Win,1890.99609375,1,15.0,4.013199999999999,1.0422,3.1526,0.4926,73.08099999999999,24.436000000000003,9.9028,40.77306,2.73646,0.115726,1.8862,1.0900999999999998,0.0479,4.2418000000000005,78.3172,2.25984,3.16998,19.558,3.7082,76.035,17.4136,8.6158,4.247400000000001,22.579,8.6106,7.026400000000001,33.9548,2.146,44.1592,45.5682,27.967399999999998,1657.1104751232579,1521.71313477,1.464,2.7933999999999997,0.8889,1.62072,42.5296,10.1962,3.7773999999999996,36.33494,0.7464999999999999,0.067162,4.8418,1.71022,-0.86338,20.4562,19.486,0.40715999999999997,0.52912,7.8096000000000005,2.2638,25.59,5.598199999999999,11.147200000000002,0.3204,12.4058,2.5406,2.3282,13.7176,1.9868000000000001,18.4988,16.0092,8.845400000000001,1655.308766187486,0,369.2829589800001
2025-02-01_Bochum_Freiburg,2025-02-01,15:30,Bundesliga,Matchweek 20,Sat,2025,0.0,1.0,Bochum,Freiburg,Away Win,1525.6595459,1,15.0,1.5082,1.0708,1.60928,1.1444200000000002,46.546400000000006,13.3402,3.2152,24.05666,1.41392,0.11767999999999999,2.0066,0.40166,-0.6691400000000001,9.700399999999998,26.1762,1.3817599999999999,1.31676,9.591,2.9896,35.2954,8.9178,12.0944,0.9692000000000001,27.096,6.336200000000001,2.612,16.4924,2.3142,23.435200000000002,22.7394,15.795,1687.1432074232957,1647.52770996,0.5956,3.6637999999999997,0.60336,2.0027999999999997,40.6532,7.177199999999999,2.527,31.699640000000002,0.60336,0.081868,7.8528,2.7836600000000002,-0.88014,13.8946,20.2046,0.4102,0.49219999999999997,4.825799999999999,0.8784000000000001,24.5004,4.8420000000000005,9.4786,0.7182,7.5514,1.0376,1.1912,9.0326,0.892,12.374600000000001,13.006800000000002,8.3304,1767.4280450201181,2,-121.86816406000003
2025-02-02_Eint Frankfurt_Wolfsburg,2025-02-02,15:30,Bundesliga,Matchweek 20,Sun,2025,1.0,1.0,Eint Frankfurt,Wolfsburg,Draw,1727.56164551,1,15.0,2.0816,1.1692,1.8962,0.59482,55.7298,20.206199999999995,6.0748,31.4837,1.8962,0.10414399999999999,3.1192,0.59762,-0.37378,13.2494,40.2522,1.47232,1.59626,15.373,2.8372,50.6002,11.6866,10.9262,2.3068,25.6614,7.855,3.6992,24.8384,2.9379999999999997,35.4602,36.58440000000001,22.8686,1701.234729540088,1663.62426758,2.4744,1.6642000000000001,1.2639,1.90828,38.4624,12.699600000000002,4.7661999999999995,39.26442,1.2639,0.10179,6.0146,2.1230599999999997,0.45886000000000005,18.727600000000002,21.095399999999998,0.88898,0.7218,9.087399999999999,0.8132,22.3508,4.583600000000001,13.3466,1.5558,12.279800000000002,4.7686,4.4504,11.819,4.6812,21.967,18.573,11.303399999999998,1737.2005427730742,1,63.93737793000014
2025-02-02_Hoffenheim_Leverkusen,2025-02-02,17:30,Bundesliga,Matchweek 20,Sun,2025,3.0,1.0,Leverkusen,Hoffenheim,Home Win,1899.17370605,1,17.0,3.0984000000000003,0.9404,1.97494,0.9354600000000001,64.722,14.624000000000002,6.869000000000001,45.0245,1.62134,0.12004999999999999,3.4442,1.32046,0.38005999999999995,11.4398,56.1454,1.3552199999999999,1.73918,11.3958,2.6096,58.733799999999995,10.988800000000001,11.1554,2.5116000000000005,17.5336,6.466200000000001,5.9526,22.436400000000003,0.9316,28.090200000000003,29.1666,20.051000000000002,1655.9107439453098,1610.05285645,0.9304,1.897,0.5884199999999999,1.6262,45.784400000000005,9.701,2.779,30.21828,0.5884199999999999,0.057436,5.391,2.01158,0.11458000000000002,16.208599999999997,28.534800000000004,0.51516,0.96712,8.030000000000001,2.6794000000000002,31.684,7.6376,12.388,0.7714000000000001,16.2954,4.2278,1.3724,13.418000000000001,1.4134,16.6262,19.3114,12.5412,1713.350997339368,0,289.12084959999993
2025-02-07_Bayern Munich_Werder Bremen,2025-02-07,20:30,Bundesliga,Matchweek 21,Fri,2025,3.0,0.0,Bayern Munich,Werder Bremen,Home Win,1889.22705078,1,20.0,4.156,1.6705999999999999,3.13408,0.86848,71.5754,24.604200000000002,9.8684,40.370400000000004,2.97584,0.12336199999999999,2.7744,1.54276,-0.12783999999999998,3.9734000000000003,73.0064,2.47248,3.3915800000000003,20.3908,3.6374,68.67540000000001,15.4302,9.0866,3.69,21.456,9.526200000000001,7.5562,34.0386,2.9082,44.3786,45.81120000000001,27.849800000000002,1629.722517726972,1653.99731445,1.5015999999999998,1.5278,1.05144,1.21428,49.653800000000004,9.1792,2.5458,27.675940000000004,1.05144,0.120322,4.4636,1.41898,0.13538,14.709200000000001,30.5132,0.8766800000000001,0.87662,7.4888,1.9346,42.6502,8.955599999999999,12.8432,1.1258,18.2676,4.281,2.8252,14.9734,0.356,17.5318,19.044,12.5646,1682.8830921627941,0,235.22973632999992
2025-02-08_Freiburg_Heidenheim,2025-02-08,15:30,Bundesliga,Matchweek 21,Sat,2025,1.0,0.0,Freiburg,Heidenheim,Home Win,1650.23388672,1,15.0,2.031,1.5015999999999998,1.05546,1.34298,46.95440000000001,12.975,4.934,35.25858,1.05546,0.07953,4.114599999999999,1.43562,-0.06598000000000001,16.104999999999997,26.6816,0.80032,0.8969400000000001,10.175,2.189,29.824400000000004,7.1778,11.005400000000002,0.916,16.8366,5.009600000000001,2.8488,16.692600000000002,2.2264,23.567600000000002,20.3016,12.2524,1699.360572903164,1540.80944824,1.5799999999999998,3.0563999999999996,1.12706,1.69444,36.5412,9.0586,3.7964,50.921760000000006,1.12706,0.20566399999999999,6.9816,2.13166,-0.92474,14.0286,20.4046,0.74314,0.69374,6.819,1.0794,25.199800000000003,5.3002,10.0814,0.8928,12.7954,1.8119999999999998,2.5180000000000002,11.4904,1.0794,15.6622,12.484199999999998,9.5218,1705.4684960445657,0,109.42443848000016
2025-02-08_Eint Frankfurt_Gladbach,2025-02-08,18:30,Bundesliga,Matchweek 21,Sat,2025,1.0,1.0,Gladbach,Eint Frankfurt,Draw,1652.44689941,1,18.0,2.0222,0.5956,1.6885599999999998,1.62914,47.059200000000004,11.951600000000001,3.2444,22.7682,1.30196,0.097808,4.7828,1.39018,0.79458,19.0762,19.627,1.1435,1.0538,9.531600000000001,2.0068,29.7194,5.6872,12.082,2.4872,16.9768,5.8688,3.3958,13.525199999999998,2.9846,21.3512,19.1088,13.6018,1674.5927336906038,1724.45666504,2.0986000000000002,1.2044,1.76486,1.9705599999999999,51.5912,12.701799999999999,5.6024,46.63326,1.5695000000000001,0.135928,6.393,1.62776,0.42336000000000007,22.697400000000002,29.882199999999997,1.16174,1.26928,9.2822,0.989,39.937799999999996,8.9148,14.1722,1.6068,12.3674,4.1472,4.037,16.383599999999998,2.0442,23.0634,22.8076,18.461999999999996,1659.6671724346738,1,-72.00976562999995
2025-02-08_Augsburg_Mainz 05,2025-02-08,15:30,Bundesliga,Matchweek 21,Sat,2025,0.0,0.0,Mainz 05,Augsburg,Draw,1694.2220459,1,15.0,2.1602,0.358,1.7914,0.8928,47.5694,11.7532,5.7328,48.75792,1.7914,0.16020399999999999,2.1304,0.55556,0.19756,12.768799999999999,28.628600000000002,1.64108,1.78102,9.5694,2.5336000000000003,41.095600000000005,9.847999999999999,12.577800000000002,2.022,19.614800000000002,6.5958,4.1226,14.768600000000001,3.0552,20.9468,27.2808,12.652,1733.6054905516098,1605.50476074,1.5778,1.4546,0.9375,1.21428,45.367,8.95,3.305,41.15952,0.9375,0.12043799999999999,2.7882000000000002,1.03936,-0.17103999999999997,20.156399999999998,23.009999999999998,0.8103,0.90752,6.9222,2.084,32.5772,6.7386,15.2772,0.738,15.0806,2.899,2.9954,12.185,1.5074,16.6896,15.975200000000001,11.7002,1619.870985400406,1,88.71728516000007
2025-02-08_Hoffenheim_Union Berlin,2025-02-08,15:30,Bundesliga,Matchweek 21,Sat,2025,0.0,4.0,Hoffenheim,Union Berlin,Away Win,1607.74816895,1,15.0,1.505,1.7624,2.0458,1.31272,55.752,18.3944,5.7892,30.73896,1.8875600000000001,0.10349399999999999,4.635400000000001,2.01616,0.41396,10.148,33.0542,1.59302,1.9051,12.754,6.259600000000001,44.5156,13.8496,10.504,2.4556,31.870400000000004,6.3682,2.7658,25.819000000000003,3.3672,34.2166,31.653800000000004,15.018800000000002,1707.5584645995339,1579.96972656,0.5538,2.6576,1.09684,1.52562,45.622600000000006,13.035800000000002,3.7732,31.26554,1.09684,0.087546,5.6594,2.00612,-0.6514800000000001,13.0954,25.1322,0.85376,1.23096,9.5608,1.8042,32.3284,7.5142,9.171,0.8022,15.8078,6.2378,1.1076,15.575800000000001,4.4644,23.8406,20.9586,12.7586,1633.4022483396382,2,27.77844239000001
2025-02-08_Leverkusen_Wolfsburg,2025-02-08,15:30,Bundesliga,Matchweek 21,Sat,2025,0.0,0.0,Wolfsburg,Leverkusen,Draw,1666.72924805,1,15.0,2.6574,1.8356000000000001,1.9520399999999998,1.3675800000000002,51.0758,14.820599999999999,4.7802,35.38346,1.7761999999999998,0.120866,3.9094,1.66612,-0.16948,12.389,35.1598,1.46212,2.01886,9.838,3.211,46.2596,11.382000000000001,11.0428,1.8418,23.4876,7.114800000000001,5.117,19.2284,1.6994,25.4716,29.089,16.5076,1663.728937817076,1901.47839355,2.0596,1.2662,1.44844,0.8120999999999999,50.248000000000005,10.6686,4.1722,42.25714,1.44844,0.15268600000000002,3.4594,0.8975,-0.12450000000000001,16.354,36.598800000000004,1.1448999999999998,1.05396,8.3932,1.1118000000000001,36.2608,4.8474,13.154399999999999,2.149,16.637,3.9074000000000004,3.6308,14.5334,1.072,19.4156,16.977200000000003,15.769400000000001,1685.0872992442683,1,-234.74914549999994
2025-02-08_Dortmund_Stuttgart,2025-02-08,15:30,Bundesliga,Matchweek 21,Sat,2025,1.0,2.0,Dortmund,Stuttgart,Away Win,1763.64624023,1,15.0,1.9445999999999999,1.5236,0.9439,1.2621,52.6262,9.847999999999999,3.7289999999999996,37.78362,0.79004,0.083352,3.484,1.4890200000000002,-0.03458,13.520399999999999,26.5264,0.54518,0.67586,5.9188,1.4442,29.6314,5.627599999999999,11.164,1.8198,13.0252,4.6106,2.8009999999999997,10.705,1.096,15.8594,19.1416,16.529999999999998,1753.2313917469478,1723.62268066,1.1692,1.0422,1.61954,1.36496,56.934,11.0828,4.1348,36.33764,1.4613,0.131878,3.681,0.9328799999999999,-0.10931999999999999,18.0424,34.8728,1.07508,1.37342,7.9924,1.9678,38.3558,9.390600000000001,16.240399999999998,3.1064,17.0656,4.3298000000000005,2.1186,15.4256,0.8376,19.7074,27.5674,14.8418,1681.054601220942,2,40.02355957000009
2025-02-09_Bochum_Holstein Kiel,2025-02-09,15:30,Bundesliga,Matchweek 21,Sun,2025,2.0,2.0,Holstein Kiel,Bochum,Draw,1517.44360352,1,15.0,2.1124,2.2066,1.20982,1.3491,41.8118,11.078,4.668399999999999,44.7342,1.20982,0.11635999999999999,5.147,1.46968,-0.73692,18.620399999999997,21.3258,0.90296,1.06878,7.8466,2.6048,28.220599999999997,6.709,12.601400000000002,0.1602,11.7244,3.1784,3.3896,14.551,2.2,20.389,16.9266,9.568,1691.4600930416282,1516.36254883,0.3956,1.6705999999999999,0.61732,2.08432,41.1364,10.119,2.5082,24.43938,0.61732,0.05896,4.708200000000001,2.2157799999999996,0.34737999999999997,15.4816,20.563000000000002,0.4466,0.72182,6.4296,1.3579999999999999,27.180000000000003,5.8764,9.6564,0.3382,17.4864,5.0338,0.3956,11.4938,2.6008,16.1298,18.7534,7.8874,1671.8757474624617,1,1.0810546899999736
2025-02-09_RB Leipzig_St. Pauli,2025-02-09,17:30,Bundesliga,Matchweek 21,Sun,2025,2.0,0.0,RB Leipzig,St. Pauli,Home Win,1733.48901367,1,17.0,1.9411999999999998,2.0158,1.34654,1.6295799999999998,56.33259999999999,12.948400000000001,5.564399999999999,42.985659999999996,1.34654,0.104752,4.563,1.7766799999999998,-0.23912,12.103000000000002,40.6816,1.12518,1.0558999999999998,10.5872,1.9512,47.15,9.639,9.7926,2.3048,20.1618,6.303000000000001,2.1366,13.979800000000001,2.9036000000000004,22.142400000000002,25.926,21.0964,1742.754859548666,1579.91796875,0.8642000000000001,0.8962,1.5496200000000002,1.4226999999999999,41.171,10.619799999999998,2.9362,31.07774,1.20066,0.12481600000000001,3.1688,1.04706,0.15086,15.4244,26.3164,1.04506,1.0155800000000001,8.180200000000001,2.5150000000000006,31.1888,5.6354,10.3704,0.8642000000000001,15.322399999999998,4.066,1.7284000000000002,13.7064,1.8416,19.139,16.244,13.881199999999998,1672.934123192786,0,153.57104492000008
2025-02-14_Augsburg_RB Leipzig,2025-02-14,20:30,Bundesliga,Matchweek 22,Fri,2025,0.0,0.0,Augsburg,RB Leipzig,Draw,1615.72253418,1,20.0,0.6664,0.8595999999999999,0.9356199999999999,1.1122999999999998,47.3312,11.2602,4.115,38.48112,0.79322,0.06913000000000001,3.6560000000000006,0.95522,0.09561999999999998,15.603200000000001,27.7412,0.5603800000000001,0.77272,7.6358,0.7802,35.424,4.8654,11.707799999999999,1.3846,15.685599999999999,5.5858,1.3328,11.8216,3.1892,18.6496,20.763199999999998,13.6328,1677.4960730222142,1745.03942871,1.3556,1.9449999999999998,1.0821399999999999,2.18506,45.55,7.063400000000001,2.56,36.4824,0.9539800000000002,0.123418,5.4702,2.0117000000000003,0.06670000000000004,18.9398,21.179,0.8797200000000001,0.92036,5.659,1.2264,30.4262,6.8026,12.1396,1.0066,12.0168,2.2186000000000003,2.3532,10.428199999999999,0.4222,12.7598,17.1242,12.5688,1650.8366189927401,1,-129.31689453000013
2025-02-15_Freiburg_St. Pauli,2025-02-15,15:30,Bundesliga,Matchweek 22,Sat,2025,0.0,1.0,St. Pauli,Freiburg,Away Win,1581.36132812,1,15.0,1.3842,0.9581999999999999,1.20934,0.9819800000000001,46.9834,12.974599999999999,3.327,24.475099999999998,1.20934,0.10383,3.0632000000000006,1.1898399999999998,0.23164000000000007,9.9784,25.651,0.95476,1.03214,9.1722,2.5250000000000004,35.1758,7.3672,13.371,1.7162,20.6768,3.7778000000000005,2.2800000000000002,15.9328,1.8017999999999998,21.782200000000003,24.1682,13.808599999999998,1624.267248291816,1660.93945312,0.7802,2.7205999999999997,0.8428,1.8592199999999999,40.9324,8.624600000000001,2.9626,31.925560000000004,0.8428,0.08524000000000001,7.0348,2.51314,-0.20746,15.4144,22.526200000000003,0.5757,0.6495,5.3316,0.358,27.6132,5.002000000000001,10.3634,0.6022,9.4498,2.6432,1.5604,9.5618,1.6354000000000002,14.679,15.4364,8.874,1699.5751005136499,2,-79.578125
2025-02-15_Gladbach_Union Berlin,2025-02-15,15:30,Bundesliga,Matchweek 22,Sat,2025,1.0,2.0,Union Berlin,Gladbach,Away Win,1606.37341309,1,15.0,0.5998,1.2918,1.49442,1.0064600000000001,48.19919999999999,15.315,3.3084,22.10322,1.31858,0.089092,2.7117999999999998,0.91552,-0.19828,16.368,29.2776,0.8635999999999999,0.87718,11.2898,3.5,42.1316,9.0826,11.6208,0.3758,23.9488,4.2072,1.116,20.0002,1.8456,25.6588,24.7414,15.768,1689.7057389413499,1659.66015625,1.4222,2.5512000000000006,1.2271800000000002,2.40536,48.5416,9.7864,4.348,48.7143,1.2271800000000002,0.12531,5.366,2.35642,0.04942000000000006,18.5056,25.8196,1.07338,0.9538,7.323600000000001,1.9334,33.198,6.404,12.154,3.2199999999999998,16.2716,4.3766,2.6664,12.449000000000002,1.9536,16.9928,17.4936,14.9034,1735.296544358554,2,-53.286743160000015
2025-02-15_Bayern Munich_Leverkusen,2025-02-15,18:30,Bundesliga,Matchweek 22,Sat,2025,0.0,0.0,Leverkusen,Bayern Munich,Draw,1903.04406738,1,18.0,2.8002,0.8022,1.80208,1.14728,58.723800000000004,12.475199999999997,5.961,46.8895,1.48384,0.13125599999999998,4.3766,1.44612,0.6439199999999999,12.5612,49.3952,1.23876,1.34686,9.8024,2.2044,48.8068,9.2364,10.263,2.5604,15.149999999999999,5.686999999999999,5.1364,18.508599999999998,0.6942,23.464199999999998,24.489,16.1738,1647.42360903394,1901.83972168,1.2442,0.8178,1.86142,0.4818,67.991,13.691,4.759799999999999,34.7449,1.68558,0.120306,1.6356,0.62594,-0.19186,8.2552,52.77,1.13646,1.3851999999999998,9.823799999999999,2.529,51.4,10.4454,13.5924,2.1954000000000002,21.9012,5.7063999999999995,2.1304,19.173000000000002,0.8351999999999999,24.769,26.1586,24.5246,1686.8107900873197,1,1.2043456999999762
2025-02-15_Stuttgart_Wolfsburg,2025-02-15,15:30,Bundesliga,Matchweek 22,Sat,2025,1.0,2.0,Stuttgart,Wolfsburg,Away Win,1740.29333496,1,15.0,1.9996,1.1846,1.9153799999999999,1.37046,60.0368,13.2004,4.9292,42.788999999999994,1.76152,0.15732,3.4292,1.2251400000000001,0.04054,6.5414,42.0072,1.34026,1.466,10.906,3.1486,45.7948,10.531199999999998,15.853200000000001,1.9048,21.279600000000002,4.1188,3.1528,19.726,1.7518,25.686799999999998,28.809400000000004,19.4606,1658.28143937794,1678.15722656,2.0386,1.5978,1.2142400000000002,1.66446,39.092400000000005,12.241,3.9127999999999994,33.12116,1.2142400000000002,0.10117,5.813199999999999,2.1584399999999997,0.31644,18.534200000000002,23.8598,1.011,0.7296,8.8784,1.2202,24.613,5.2136000000000005,12.335,1.8444000000000003,11.763,3.8148000000000004,3.4286000000000003,13.102,3.7362,21.6256,17.5944,10.784400000000002,1747.3240596675903,2,62.13610840000001
2025-02-15_Bochum_Dortmund,2025-02-15,15:30,Bundesliga,Matchweek 22,Sat,2025,2.0,0.0,Bochum,Dortmund,Home Win,1524.08569336,1,15.0,1.2132,1.0638,1.59162,1.2721200000000001,51.7288,15.215600000000002,3.4377999999999997,23.210800000000003,1.41578,0.10846999999999998,2.3502,0.68014,-0.38366,9.6862,31.607599999999998,1.35684,1.2839399999999999,10.7528,2.8906,38.849399999999996,9.4586,11.9848,0.8722,26.830799999999996,7.035200000000001,2.2066,18.785,2.2828,26.322000000000003,23.730800000000002,15.8034,1644.0675128667199,1778.52075195,1.5782,1.8132,1.63178,1.2798800000000001,63.4582,14.4088,3.8642000000000003,27.02262,1.63178,0.12460199999999999,5.075200000000001,2.26952,0.45631999999999995,12.3264,48.3054,1.5543399999999998,1.5750000000000002,12.475200000000001,3.4196,54.5694,9.8478,12.258199999999999,2.3366000000000002,26.428800000000003,5.8926,2.7144000000000004,19.9698,1.4664000000000001,26.8992,28.813200000000002,27.1936,1618.690215013676,0,-254.43505858999993
2025-02-16_Eint Frankfurt_Holstein Kiel,2025-02-16,17:30,Bundesliga,Matchweek 22,Sun,2025,3.0,1.0,Eint Frankfurt,Holstein Kiel,Home Win,1730.23706055,1,17.0,1.9734,1.2964,1.84096,0.7706999999999999,57.842,19.929199999999998,5.723,29.63874,1.84096,0.099288,3.1514,0.54782,-0.32638000000000006,11.671600000000002,40.7464,1.4106400000000001,1.4256600000000001,14.747,3.1418000000000004,52.437,10.741000000000001,10.933399999999999,1.211,28.5012,8.546,3.5292,24.409999999999997,3.0882,34.180800000000005,33.3504,22.337200000000003,1695.964405322024,1522.71411133,1.9060000000000001,3.2024,1.1386,2.0438,39.59,9.888000000000002,3.8996,38.89844,1.01044,0.09819,6.322799999999999,2.63712,-0.36748,19.4342,17.616,0.69506,0.61946,7.6402,1.749,22.5442,5.8266,10.7882,0.4884,11.420800000000002,2.0982000000000003,3.1722,13.6896,1.5997999999999999,18.160200000000003,15.763600000000002,9.149000000000001,1709.8936445805841,0,207.5229492200001
2025-02-16_Hoffenheim_Werder Bremen,2025-02-16,15:30,Bundesliga,Matchweek 22,Sun,2025,1.0,3.0,Werder Bremen,Hoffenheim,Away Win,1656.70239258,1,15.0,1.8699999999999999,1.5314,1.85866,1.35348,51.671600000000005,14.439799999999998,4.2566,33.04114,1.6633,0.13815,3.7094,1.1866,-0.3448,12.8826,27.2618,1.3982,1.4687999999999999,11.2908,3.1732000000000005,40.63559999999999,8.17,14.3712,2.8493999999999997,23.2342,5.316799999999999,3.3356000000000003,18.739,3.2448,26.7372,27.399599999999996,16.002000000000002,1648.660188330774,1594.33813477,1.0816,2.4398,0.92146,1.67564,45.8296,11.052,3.9222,35.26846,0.92146,0.082554,5.4959999999999996,2.27988,-0.15992,15.010800000000001,30.3024,0.7090000000000001,1.13576,8.7154,2.6114,30.5298,7.429600000000001,12.116800000000001,0.6942,16.1334,3.6724,1.4793999999999998,15.573999999999998,2.0046,19.8382,19.7688,12.198400000000001,1772.411249877506,2,62.364257810000026
2025-02-16_Heidenheim_Mainz 05,2025-02-16,19:30,Bundesliga,Matchweek 22,Sun,2025,0.0,2.0,Heidenheim,Mainz 05,Away Win,1543.09765625,1,19.0,0.8178,2.1028000000000002,0.86744,1.9983600000000004,47.11699999999999,10.493,3.5394000000000005,29.7027,0.86744,0.081594,5.8146,2.47512,0.37232,10.1506,25.9924,0.70168,1.04928,8.2154,2.5027999999999997,33.552800000000005,6.9006,12.2548,0.558,19.331,5.4082,1.0818,13.3016,2.3978,19.6122,18.892,17.9888,1685.515040332082,1696.99804688,1.2344000000000002,1.7004,1.3284799999999999,2.04756,50.6836,9.841999999999999,2.6146,27.6628,1.1526399999999999,0.11806,5.9076,1.7862,0.08579999999999999,18.2434,30.528399999999998,0.86466,1.06684,6.973199999999999,1.8394,36.854200000000006,7.599,10.8824,1.1392,17.904,4.3414,1.7746,12.943,2.0886,17.9522,21.5414,14.273799999999998,1708.261680270854,2,-153.90039062999995
2025-02-21_Freiburg_Werder Bremen,2025-02-21,20:30,Bundesliga,Matchweek 23,Fri,2025,5.0,0.0,Freiburg,Werder Bremen,Home Win,1670.85107422,1,20.0,2.072,1.3514,1.0787200000000001,1.2586400000000002,47.846999999999994,12.433,4.884599999999999,36.97984,1.0787200000000001,0.08690200000000001,4.6356,1.4441,0.0927,16.3828,27.0812,0.84912,1.10142,9.669,2.3142,30.7862,8.1808,10.184000000000001,0.536,16.3204,4.8202,3.0522,15.5462,2.3038,22.4778,22.012999999999998,13.748000000000001,1663.63517439152,1644.42773438,1.3514,1.9634,0.9130199999999999,1.93544,43.583600000000004,7.5962000000000005,2.1470000000000002,23.10514,0.9130199999999999,0.115728,6.2265999999999995,2.1841,0.4405,15.070800000000002,23.9248,0.77016,0.71244,6.363200000000001,1.4527999999999999,34.527,7.1508,12.182200000000002,1.0131999999999999,14.1456,3.4762,2.5426,12.334200000000001,0.5646,14.592600000000001,14.511800000000001,10.2222,1724.302014013194,0,26.423339840000153
2025-02-22_Holstein Kiel_Leverkusen,2025-02-22,15:30,Bundesliga,Matchweek 23,Sat,2025,0.0,2.0,Holstein Kiel,Leverkusen,Away Win,1517.23364258,1,15.0,2.3894,2.0418,1.4951,1.4586199999999998,43.873200000000004,11.1586,4.401400000000001,41.5562,1.2997400000000001,0.125372,4.5998,1.3041399999999999,-0.73766,20.6674,20.8376,1.02358,1.0663,7.7620000000000005,2.5444,28.5198,6.438199999999999,13.6064,0.0,12.184800000000001,3.3048,3.7830000000000004,13.4634,2.4242000000000004,20.2386,18.2876,10.088000000000001,1648.8614397219899,1899.95202637,1.7094,0.9954000000000001,1.47246,0.80088,49.537200000000006,11.6786,3.5666,35.73052,1.47246,0.145976,4.634399999999999,1.02308,0.24747999999999998,14.8096,35.5086,1.19926,0.8888,8.898200000000001,1.1006,36.2932,4.530200000000001,12.2064,1.2132,20.5246,5.1376,2.9792,13.270800000000001,1.6532,19.9184,17.5798,13.994599999999998,1700.6238640637162,2,-382.7183837900002
2025-02-22_Bochum_Wolfsburg,2025-02-22,15:30,Bundesliga,Matchweek 23,Sat,2025,1.0,1.0,Wolfsburg,Bochum,Draw,1687.01733398,1,15.0,2.2474,1.6520000000000001,1.8411999999999997,1.5005400000000002,48.0502,15.0712,5.5348,39.653620000000004,1.68296,0.11233399999999999,3.1858,1.46296,-0.18903999999999999,15.148,33.147,1.3947,1.7660200000000001,10.0868,3.1342,40.929,10.4112,9.341,1.3692,21.285599999999995,5.982399999999999,4.3168,18.3614,1.7736,25.401200000000003,26.282200000000003,15.912600000000001,1721.724388744372,1540.63452148,0.8444,1.7036,1.0163,2.0947199999999997,43.665,12.693200000000001,2.9458,23.678620000000002,1.0163,0.070832,4.3932,2.26632,0.38472,14.7448,22.993000000000002,0.8670800000000001,1.1592,9.117,2.6432,33.699600000000004,7.6982,10.078999999999999,0.6486000000000001,20.723999999999997,5.1746,1.3328,15.307400000000001,3.3174,22.0216,24.527,9.9964,1618.38558398641,1,146.3828125
2025-02-22_Dortmund_Union Berlin,2025-02-22,18:30,Bundesliga,Matchweek 23,Sat,2025,6.0,0.0,Dortmund,Union Berlin,Home Win,1760.4083252,1,18.0,1.4176,1.8596,1.00394,1.0937799999999998,55.461,10.0308,3.5678,36.342499999999994,0.86548,0.086902,3.3356,1.26918,-0.34621999999999997,13.401,25.5432,0.63952,0.73712,6.2828,1.8881999999999999,31.756600000000006,6.2532,13.7664,1.3494,15.8646,5.338,2.0,11.046199999999999,1.0422,16.685200000000002,18.3416,14.7026,1755.434718430366,1596.73718262,1.4752,2.2476000000000003,1.5987999999999998,1.55512,43.36279999999999,15.5184,4.5284,30.65498,1.5987999999999998,0.103326,5.3492,1.8266200000000001,-0.42098,15.8838,24.230600000000003,1.34562,1.45646,11.4584,1.9238,33.992999999999995,8.0512,9.4422,0.5778,13.885200000000001,5.8698,2.462,18.060200000000002,3.8296,26.098599999999998,22.872,14.292,1624.301469189962,0,163.67114257999992
2025-02-22_Augsburg_Gladbach,2025-02-22,15:30,Bundesliga,Matchweek 23,Sat,2025,0.0,3.0,Gladbach,Augsburg,Away Win,1665.63867188,1,15.0,1.7758,0.7802,1.2857599999999998,1.84478,48.3746,10.547199999999998,3.22,26.76524,0.9378,0.077166,5.581200000000001,1.63296,0.85276,16.349800000000002,21.9298,0.77078,1.00516,8.4134,2.5386,30.724399999999996,6.3068,12.218,3.0827999999999998,18.488599999999998,6.0262,3.1119999999999997,12.796000000000001,2.1094,18.7418,17.788600000000002,14.4186,1698.561626806418,1616.38146973,1.1316,1.0208,0.83046,1.16518,44.2306,9.099,3.0302000000000002,37.05726,0.83046,0.106626,3.1536,1.10104,0.30004,17.798199999999998,21.865000000000002,0.74482,0.81792,7.218200000000001,1.9756,29.566,5.9762,14.472800000000001,0.3758,14.628400000000001,3.3416,2.2632,11.822,1.4566000000000001,16.9086,15.721600000000002,10.8534,1617.805255860266,2,49.25720215000001
2025-02-22_Mainz 05_St. Pauli,2025-02-22,15:30,Bundesliga,Matchweek 23,Sat,2025,2.0,0.0,Mainz 05,St. Pauli,Home Win,1702.96325684,1,15.0,1.5116,0.178,1.64134,0.747,51.2872,10.9012,5.082800000000001,47.481120000000004,1.64134,0.162626,2.2616,0.54558,0.36758,11.815000000000001,28.2892,1.38396,1.5698999999999999,8.6358,2.0918,41.653800000000004,9.2306,13.285,1.5314,19.221,5.027,2.8452,14.0592,2.173,19.443,25.743599999999997,11.389199999999999,1685.7658002675719,1572.40856934,0.7778,1.0066,1.38256,1.31506,40.300599999999996,9.1042,2.9426,35.56258,1.0685,0.120336,3.6402,1.17678,0.17017999999999994,13.9606,23.8014,0.86962,0.87752,6.4643999999999995,1.4984,27.677400000000002,4.3184000000000005,11.3544,0.7778,13.5718,4.0594,1.5556,11.505400000000002,1.6132,16.650399999999998,16.531399999999998,12.7838,1688.896650927346,0,130.5546875
2025-02-23_Heidenheim_RB Leipzig,2025-02-23,15:30,Bundesliga,Matchweek 23,Sun,2025,2.0,2.0,RB Leipzig,Heidenheim,Draw,1740.72277832,1,15.0,2.2354,1.8142,1.43394,1.48338,55.57900000000001,12.609,5.5078,43.785019999999996,1.43394,0.116928,4.2626,1.66344,-0.15076000000000006,13.213399999999998,33.4676,1.16146,1.06032,9.5072,1.0352000000000001,40.733599999999996,8.654200000000001,9.9132,2.8626,17.427599999999998,5.7402,2.8996,12.183800000000002,2.8131999999999997,21.0066,25.7452,19.089000000000002,1714.17702292698,1525.13366699,1.1336,2.274,0.9778399999999999,1.4519600000000001,41.1914,9.9736,4.2052,49.73166,0.9778399999999999,0.171354,5.574199999999999,1.75572,-0.51828,13.925799999999999,22.45,0.63674,0.82088,7.5138,2.6808,28.8632,7.5562000000000005,10.605599999999999,0.6594,14.4694,2.3634,1.6894,13.6714,1.2156,18.0702,15.742799999999999,11.6674,1664.4681307855321,1,215.58911133000015
2025-02-23_Hoffenheim_Stuttgart,2025-02-23,19:30,Bundesliga,Matchweek 23,Sun,2025,1.0,1.0,Hoffenheim,Stuttgart,Draw,1607.57165527,1,19.0,0.7778,2.1304,1.8214400000000002,1.6345399999999999,57.297599999999996,17.578400000000002,5.1778,28.72334,1.67904,0.095818,5.0161999999999995,1.9769200000000002,-0.15348,8.6796,36.4,1.3939599999999999,1.6115399999999998,12.001999999999999,6.4778,45.917199999999994,13.9528,11.442,2.21,34.6906,7.1082,1.3357999999999999,26.2256,2.4538,32.6858,32.4534,16.137999999999998,1661.332349853378,1727.7755127,1.5406,1.1822,1.48752,1.25316,52.27719999999999,10.374200000000002,4.0654,41.3087,1.34512,0.12813,3.813,1.03172,-0.15048,18.1382,31.0108,1.0119600000000002,1.27604,7.492999999999999,2.2594000000000003,37.5082,9.4398,14.6186,2.6516,16.891199999999998,4.585,2.395,14.971000000000002,0.7538,18.680200000000003,26.254599999999996,13.569,1666.3059234606098,1,-120.20385742999997
2025-02-23_Bayern Munich_Eint Frankfurt,2025-02-23,17:30,Bundesliga,Matchweek 23,Sun,2025,4.0,0.0,Bayern Munich,Eint Frankfurt,Home Win,1901.56335449,1,17.0,3.8962,1.2152,3.4757999999999996,0.61864,70.9088,23.7554,9.881599999999999,42.31452,2.94268,0.125468,2.2085999999999997,1.1145399999999999,-0.10066000000000001,3.7318000000000002,71.21100000000001,2.3864,3.46012,19.6634,3.5736000000000003,66.9216,15.287000000000003,8.677800000000001,3.621,19.6126,8.641,7.0122,35.1442,2.8174,44.6618,44.441599999999994,26.5442,1638.6579737319219,1732.05993652,1.7004,1.0398,1.93818,1.5107,52.141000000000005,13.9408,6.0306,44.36268,1.76234,0.134454,5.0443999999999996,1.20218,0.16238000000000008,21.4514,31.524,1.2421,1.4465599999999998,10.4632,1.6225999999999998,43.46,9.6,13.4224,1.402,14.8608,3.5440000000000005,3.1566,18.863599999999998,1.7956,25.619600000000002,24.668599999999998,17.6274,1638.8153672583562,0,169.50341796999987
2025-02-28_Bayern Munich_Stuttgart,2025-02-28,20:30,Bundesliga,Matchweek 24,Fri,2025,1.0,3.0,Stuttgart,Bayern Munich,Away Win,1725.67260742,1,20.0,1.6112,1.2662,1.61636,1.4223,58.7238,13.312800000000001,4.692,37.9823,1.4779,0.11786599999999998,3.3864,1.4701199999999999,0.20392,7.087400000000001,45.9908,1.2862,1.6724400000000001,11.292000000000002,2.8338,45.7834,11.199200000000001,15.923599999999999,1.2376,21.1844,5.272,2.6048,18.8532,2.065,25.638800000000003,30.9914,20.779799999999998,1664.8622120095401,1907.77307129,0.9756,0.736,1.55984,0.90758,60.8776,10.935400000000001,3.4185999999999996,24.609180000000002,1.4016,0.10450599999999999,1.9604,0.7098599999999999,-0.026139999999999997,11.116,40.7858,0.9506600000000002,1.1368600000000002,8.176,1.8434,40.994400000000006,8.202799999999998,14.9424,2.1758,17.7476,3.6938,1.7732,14.959799999999998,0.7516,19.5634,22.0234,21.618199999999998,1751.9979991438122,2,-182.10046386999988
2025-03-01_Bochum_Hoffenheim,2025-03-01,15:30,Bundesliga,Matchweek 24,Sat,2025,0.0,1.0,Bochum,Hoffenheim,Away Win,1545.65820312,1,15.0,1.5802,0.8132,1.91872,1.66446,46.628,16.3594,5.0034,30.691200000000002,1.76048,0.12227199999999999,2.4594,0.7542399999999999,-0.05896000000000001,14.5016,29.249399999999998,1.25786,1.1722400000000002,11.065999999999999,2.6014,37.1994,9.1568,10.565199999999999,0.885,20.7778,5.522400000000001,2.23,19.039199999999997,1.822,27.4994,23.1134,15.0904,1674.130318968926,1609.67456055,1.706,2.1515999999999997,1.11354,1.45944,43.3608,12.168000000000001,4.7068,38.625,1.11354,0.09051000000000001,4.2812,1.82346,-0.08394000000000001,16.730600000000003,28.2072,0.92232,1.29756,10.0092,3.0828,30.809600000000003,8.8402,13.4262,0.7248,17.6738,3.8494,2.7966,16.8262,2.4926,21.7526,22.2666,13.488,1755.654525463448,2,-64.01635742999997
2025-03-01_Mainz 05_RB Leipzig,2025-03-01,15:30,Bundesliga,Matchweek 24,Sat,2025,1.0,2.0,RB Leipzig,Mainz 05,Away Win,1734.35339355,1,15.0,2.356,1.4002,1.61032,1.2131399999999999,59.0074,13.9574,5.6012,40.647659999999995,1.41496,0.10502600000000001,3.1712000000000002,1.2321799999999998,-0.16802,13.613,37.0066,1.19298,1.1708,10.5774,1.42,44.602199999999996,9.033,11.4754,3.3089999999999997,21.4918,5.866200000000001,3.4421999999999997,14.507399999999999,3.2201999999999997,23.9246,28.8776,19.0798,1676.8205837165679,1708.63366699,1.1668,0.9536,1.30914,1.8162800000000001,48.285199999999996,8.5928,2.8532,39.22524,1.1509,0.15756,5.328399999999999,1.4801399999999998,0.52654,19.4282,29.522,0.90614,0.97042,6.2992,2.0996,37.5574,7.395,11.4268,1.137,18.1136,4.1632,1.8530000000000002,11.9838,1.7356,15.771200000000002,20.1224,14.879000000000001,1672.239564573546,2,25.719726560000026
2025-03-01_Dortmund_St. Pauli,2025-03-01,15:30,Bundesliga,Matchweek 24,Sat,2025,0.0,2.0,St. Pauli,Dortmund,Away Win,1566.73815918,1,15.0,0.8132,0.9623999999999999,0.9497599999999999,1.02818,48.4062,11.311599999999999,2.8058000000000005,22.974739999999997,0.9497599999999999,0.08347,3.0568000000000004,1.14318,0.42498,9.259599999999999,25.7624,0.73506,0.9500599999999999,8.0338,2.7166,32.8044,6.742,14.110800000000001,1.2562,20.509,3.3116,1.1868,13.9738,1.4332,19.061400000000003,21.941599999999998,13.8278,1646.034809374184,1768.59716797,1.2762,1.976,1.8872600000000004,1.65258,65.3098,14.8122,3.5336000000000003,24.49096,1.8872600000000004,0.134354,6.3328,2.70974,0.7337400000000001,11.0848,54.544,1.59662,1.68844,12.283600000000002,3.966,60.0728,11.284,10.979,2.3470000000000004,28.3388,6.68,2.1546000000000003,20.1286,1.664,27.5978,30.697400000000002,30.193,1590.2711551996981,2,-201.8590087900002
2025-03-01_Gladbach_Heidenheim,2025-03-01,15:30,Bundesliga,Matchweek 24,Sat,2025,0.0,3.0,Heidenheim,Gladbach,Away Win,1531.50305176,1,15.0,0.736,1.8042,0.82626,1.91204,49.446600000000004,11.2204,3.7738,31.03484,0.82626,0.07266600000000001,5.3006,2.31904,0.51484,11.645,26.769400000000005,0.65266,1.12642,7.9496,2.2082,33.5732,7.0986,13.8386,0.6022,20.5748,5.9558,0.9736,13.5156,2.6022000000000003,20.227600000000002,18.7466,19.5992,1679.2348176038959,1647.34460449,1.6242,2.1075999999999997,1.40102,2.42244,47.9104,8.8428,4.7016,54.53546,1.40102,0.154526,4.552599999999999,2.2142,0.27756000000000003,19.4762,24.171999999999997,1.28144,1.0272999999999999,7.003,2.04,32.613,6.8637999999999995,13.248,3.4421999999999997,14.214,4.2946,3.0881999999999996,12.416,1.4698,15.496,16.391399999999997,15.889800000000001,1712.73228537472,2,-115.84155272999988
2025-03-01_Eint Frankfurt_Leverkusen,2025-03-01,18:30,Bundesliga,Matchweek 24,Sat,2025,1.0,4.0,Eint Frankfurt,Leverkusen,Away Win,1725.8503418,1,18.0,2.2202,1.1226,2.0221999999999998,0.949,54.995400000000004,20.268800000000002,6.5274,33.35022,1.82684,0.095474,3.3804,0.70396,-0.03864000000000001,13.3018,43.446600000000004,1.27304,1.2044800000000002,14.227999999999998,2.551,48.930800000000005,9.2134,10.407599999999999,1.334,26.5422,8.0914,3.5762,23.492199999999997,3.3678000000000003,34.351,30.629199999999997,19.1524,1665.62886889686,1902.19470215,1.7384,0.7516,1.63496,0.6930999999999999,50.7846,13.752799999999999,4.486600000000001,36.24788,1.63496,0.13849,4.6152,0.9474999999999999,0.3937,14.228200000000001,35.2612,1.2670000000000001,1.1141,10.3178,0.8022,40.6838,6.675,11.0764,1.8244000000000002,24.0474,6.877599999999999,2.3486000000000002,14.652999999999999,2.909,23.578,22.794400000000003,14.972,1663.1561267099062,2,-176.34436035
2025-03-01_Werder Bremen_Wolfsburg,2025-03-01,15:30,Bundesliga,Matchweek 24,Sat,2025,1.0,2.0,Werder Bremen,Wolfsburg,Away Win,1625.98205566,1,15.0,1.6388,1.8224,1.71072,1.30046,55.687599999999996,13.5306,3.4541999999999997,28.903380000000006,1.53488,0.132336,4.2268,1.34444,-0.47796,13.8154,28.856199999999998,1.31512,1.42306,10.829,2.9116000000000004,42.0596,9.618000000000002,14.0898,2.8086,23.0894,4.6642,2.5694,18.376399999999997,2.4994,25.2214,26.5824,17.1106,1620.112030568236,1681.99365234,1.6021999999999998,1.538,1.16634,1.54914,40.3484,10.607599999999998,2.8564,29.07284,0.97098,0.09928799999999999,5.6318,2.11584,0.35804,17.4482,23.6624,0.8069000000000001,0.8055,7.4254,1.3424,24.596199999999996,4.804,11.2804,2.4926,13.7286,4.2216000000000005,2.5206,12.1594,3.7066000000000003,19.6096,17.1024,9.5526,1739.234502831822,2,-56.01159667999991
2025-03-02_Holstein Kiel_Union Berlin,2025-03-02,15:30,Bundesliga,Matchweek 24,Sun,2025,0.0,1.0,Union Berlin,Holstein Kiel,Away Win,1588.54833984,1,15.0,0.6398,1.3626,1.7324199999999998,1.28882,50.598000000000006,16.7814,3.1776,19.16958,1.3788200000000002,0.084298,3.229,1.20816,0.005760000000000001,14.100999999999999,33.8108,1.0026000000000002,1.22018,12.814599999999999,4.1268,47.4004,9.6954,10.581999999999999,0.3382,25.6402,4.619,1.2044,21.7868,2.5936000000000003,28.6004,27.230400000000003,16.3682,1652.78819785194,1514.9909668,1.8154,3.1822000000000004,1.1936,2.2625,40.2426,10.0434,4.1979999999999995,41.575,1.1936,0.133886,7.455799999999999,3.0984,0.09419999999999996,20.1556,20.5962,0.7288399999999999,0.6807799999999999,7.7204,1.7739999999999998,24.1988,6.1322,11.642,0.6838,11.8344,2.7768,2.8108000000000004,13.376400000000002,1.3956,17.655800000000003,15.9196,11.1878,1732.780763209046,2,73.5573730399999
2025-03-02_Augsburg_Freiburg,2025-03-02,17:30,Bundesliga,Matchweek 24,Sun,2025,0.0,0.0,Augsburg,Freiburg,Draw,1634.67553711,1,17.0,0.5998,0.7736,0.9565,1.2219799999999998,45.7776,10.513399999999999,3.6152,35.472719999999995,0.82834,0.075544,3.9787999999999997,1.0117800000000001,0.23818000000000003,16.9636,26.202199999999998,0.66646,0.9663999999999999,8.1608,1.0464,33.4168,5.8556,12.658000000000001,1.4462,16.7498,5.539,1.1996,11.795399999999999,3.0262000000000002,18.2082,20.5104,14.6024,1698.595767138356,1680.0637207,0.8022,2.3042,0.9318200000000001,1.52022,40.8626,7.153,2.578,35.69404,0.73646,0.093044,5.8544,2.13194,-0.17226000000000002,15.761399999999998,22.8738,0.47606,0.53806,4.1334,0.178,26.2222,3.8808,9.4504,0.8862,10.626,3.7,1.116,8.196399999999999,1.2836,12.625399999999999,12.874400000000001,7.865600000000001,1680.529440674052,1,-45.388183589999926
2025-03-07_Gladbach_Mainz 05,2025-03-07,20:30,Bundesliga,Matchweek 25,Fri,2025,1.0,3.0,Gladbach,Mainz 05,Away Win,1657.14416504,1,20.0,1.454,1.2906,1.24274,1.8102800000000001,49.735,10.2924,3.5864000000000003,32.6943,1.04494,0.10031,5.5672,1.6328799999999999,0.34228,16.2262,23.679199999999998,0.81136,1.0034800000000001,7.9278,1.9964,32.894200000000005,7.4414,12.240400000000001,3.363,18.0516,4.9026,2.5124,12.7606,1.8541999999999998,17.6908,18.4424,14.9094,1658.7105145275918,1717.78991699,1.1059999999999999,0.9581999999999999,1.458,1.63042,51.5838,10.0986,2.868,35.38688,1.3156,0.156134,4.3746,1.44884,0.49064,14.2278,34.162400000000005,1.01648,1.13756,7.634399999999999,2.6222,43.3476,8.953,10.895600000000002,1.6118000000000001,19.2438,3.7026000000000003,2.2119999999999997,14.6598,1.6178,18.5242,22.872600000000002,15.655999999999999,1678.479458835532,2,-60.645751949999976
2025-03-08_Bayern Munich_Bochum,2025-03-08,15:30,Bundesliga,Matchweek 25,Sat,2025,2.0,3.0,Bayern Munich,Bochum,Away Win,1913.5345459,1,15.0,3.7623999999999995,0.9494,3.58034,0.62116,68.96440000000001,22.847,10.037600000000001,45.030519999999996,3.1005000000000003,0.142574,2.3318,0.9464999999999999,-0.0029,4.147,71.0994,2.3789000000000002,3.29434,18.52,2.7836,68.38319999999999,15.2142,8.3216,3.4706,17.7418,7.6000000000000005,6.2342,33.1644,2.5913999999999997,42.4858,40.5134,22.3616,1644.0532231210361,1537.54040527,1.0042,1.6332,1.0668,2.0019799999999996,43.6104,13.1008,3.728,30.35932,1.0668,0.077518,4.8422,2.15756,0.36416,14.370199999999999,22.1846,0.89808,1.10772,9.6822,3.2116,29.546400000000002,6.7518,9.4386,0.4396,21.317,5.7338000000000005,1.688,15.6096,3.7182,22.8292,24.6954,9.8086,1636.6570456307359,2,375.99414062999995
2025-03-08_Freiburg_RB Leipzig,2025-03-08,18:30,Bundesliga,Matchweek 25,Sat,2025,0.0,0.0,Freiburg,RB Leipzig,Draw,1679.28112793,1,18.0,2.6532,1.072,1.17972,1.2094999999999998,45.1764,11.913,4.852,38.62306,1.17972,0.09798200000000001,4.4719999999999995,1.4240800000000002,0.35208,16.5564,25.1962,0.9042399999999999,1.06688,8.7812,2.0386,31.372799999999998,7.818600000000001,9.488800000000001,0.3382,15.023200000000001,4.494,4.6122,14.3382,2.1734,21.2766,20.6466,12.9968,1658.7773864526498,1723.75805664,0.9316,1.7504,1.0362200000000001,2.0376600000000002,49.5464,8.6222,2.704,32.6084,1.0362200000000001,0.11863000000000001,4.690600000000001,1.74952,-0.0008800000000000058,18.7018,26.3774,0.87612,1.0504,6.6698,1.7922,32.325199999999995,7.1106,12.1254,0.6175999999999999,15.4224,4.0504,1.6852,12.683,0.8684000000000001,15.037400000000002,17.5442,13.288800000000002,1661.060203147554,1,-44.47692871000004
2025-03-08_Augsburg_Dortmund,2025-03-08,15:30,Bundesliga,Matchweek 25,Sat,2025,0.0,1.0,Dortmund,Augsburg,Away Win,1771.61083984,1,15.0,2.5968,1.5294,1.9891799999999997,0.84134,60.7848,13.8792,4.8762,36.71545999999999,1.86458,0.11407400000000001,2.5252,0.95034,-0.35926,12.8724,32.34739999999999,1.55354,1.5625200000000001,9.3292,2.8762,38.6838,9.014199999999999,13.489799999999999,1.7027999999999999,19.6622,5.7368,3.9536000000000002,16.846600000000002,1.4264,23.686999999999998,23.7684,17.506800000000002,1693.934312498886,1634.0189209,1.6068,0.1978,0.8974200000000001,1.0477400000000001,43.1774,9.889399999999998,3.1271999999999998,35.70056,0.8974200000000001,0.10496,2.9499999999999997,1.0224,1.0224,17.7946,26.9416,0.81476,1.01824,7.7966,2.2222,34.1398,7.0112000000000005,13.0044,0.8266,14.3124,2.8308,3.2136,15.1262,1.3668,19.095,17.2382,12.245000000000001,1646.323600539808,2,137.5919189399999
2025-03-08_St. Pauli_Wolfsburg,2025-03-08,15:30,Bundesliga,Matchweek 25,Sat,2025,1.0,1.0,Wolfsburg,St. Pauli,Draw,1688.95727539,1,15.0,1.6899999999999997,1.2984,1.8746799999999997,1.1709800000000001,50.0868,15.2964,5.7256,39.761540000000004,1.7322799999999998,0.11554,3.3672,1.1959600000000001,-0.10244000000000003,15.133600000000001,36.1832,1.4861,1.67492,10.698800000000002,2.9206000000000003,45.0638,10.113999999999999,10.151200000000001,1.2322,20.312399999999997,5.683999999999999,2.9756,17.180400000000002,2.1846,24.8488,26.041800000000002,18.0072,1680.5841367902078,1559.96459961,0.5558000000000001,1.1059999999999999,1.1801,1.3468200000000001,42.26819999999999,9.3938,2.0716,27.20482,0.89746,0.10376600000000001,4.2088,1.24682,0.14082000000000006,13.6526,24.654000000000003,0.75172,0.83768,7.062199999999999,2.137,26.8448,5.3634,12.0516,1.2884000000000002,14.647400000000001,4.2976,1.1116000000000001,10.6898,2.0402,17.1854,17.110999999999997,12.128800000000002,1662.123629395354,1,128.9926757799999
2025-03-08_Holstein Kiel_Stuttgart,2025-03-08,15:30,Bundesliga,Matchweek 25,Sat,2025,2.0,2.0,Holstein Kiel,Stuttgart,Draw,1525.32531738,1,15.0,2.1504,2.0376,1.2458199999999997,1.5216399999999999,40.6908,8.568200000000001,3.9728000000000003,51.475359999999995,1.06998,0.122276,5.1282,1.72446,-0.31314,25.5938,18.391,0.87912,0.89874,6.5206,1.569,23.6306,4.840800000000001,13.257399999999999,0.2442,10.380400000000002,3.3302000000000005,3.4046000000000003,11.0866,1.9934,15.8424,13.5984,7.949000000000001,1693.2521028822762,1718.47192383,1.3424,1.0198,1.592,1.14134,52.2606,11.3134,4.791399999999999,43.62006,1.46384,0.12843200000000002,3.055,0.9720599999999999,-0.047740000000000005,15.3176,34.728,1.15402,1.57144,8.376199999999999,1.9892,44.8714,11.7818,13.9566,2.6422,17.922800000000002,5.7916,2.0672,16.494799999999998,0.6784,20.2772,32.69839999999999,14.688600000000001,1652.591246189348,1,-193.14660645000004
2025-03-08_Leverkusen_Werder Bremen,2025-03-08,15:30,Bundesliga,Matchweek 25,Sat,2025,0.0,2.0,Leverkusen,Werder Bremen,Away Win,1909.71264648,1,15.0,2.2318,0.5778,1.98046,0.77304,57.83019999999999,14.0252,5.5648,40.646640000000005,1.69406,0.13069,3.3621999999999996,1.11406,0.53626,9.8188,50.9294,1.24372,1.41542,9.810400000000001,2.4722,49.658199999999994,9.701,11.5576,2.116,19.1744,5.574,4.046,18.5782,1.2132,25.147600000000004,26.726,16.9772,1718.3637423104,1617.57922363,1.072,2.988,0.99936,2.00846,47.687599999999996,7.4922,2.2764,25.29804,0.804,0.105826,6.7808,2.6017799999999998,-0.18842000000000003,11.6802,26.9942,0.6266,0.74,5.8942000000000005,2.2842,37.836,7.9122,12.508200000000002,0.9117999999999999,17.7376,4.117,2.144,12.3004,0.2198,14.3446,14.071800000000001,8.157800000000002,1738.9177136968399,2,292.1334228500002
2025-03-09_Eint Frankfurt_Union Berlin,2025-03-09,15:30,Bundesliga,Matchweek 25,Sun,2025,1.0,2.0,Eint Frankfurt,Union Berlin,Away Win,1716.89318848,1,15.0,2.0982000000000003,1.5546,1.7425599999999999,1.2559799999999999,49.4146,15.049,5.453799999999999,37.10272,1.56672,0.11346200000000001,4.8076,1.24642,-0.11037999999999999,14.224799999999998,33.805,1.01712,0.81566,10.854000000000001,1.4308,42.83540000000001,8.0828,9.8902,1.3006,16.8462,5.3194,3.1744000000000003,19.015,1.9776,26.4486,21.512999999999998,16.086,1718.881696827342,1576.77490234,1.0394,3.0554,1.31034,2.26896,42.626000000000005,13.413199999999998,3.8872,28.581319999999998,1.31034,0.088342,6.046799999999999,2.45678,-0.35442,17.637600000000003,21.8536,1.0869,1.35434,9.5592,2.2198,32.0728,7.946200000000001,8.633,0.3758,14.0408,5.1502,1.6392,16.0892,3.0698000000000003,22.714399999999998,20.587399999999995,13.8628,1638.931333376212,2,140.11828614
2025-03-09_Heidenheim_Hoffenheim,2025-03-09,17:30,Bundesliga,Matchweek 25,Sun,2025,1.0,1.0,Hoffenheim,Heidenheim,Draw,1616.35314941,1,17.0,0.8,2.0174000000000003,1.6816,1.83972,55.346999999999994,15.8552,4.4274000000000004,26.470620000000004,1.5534400000000002,0.102562,5.6472,2.0657400000000004,0.04834000000000002,10.9976,35.7926,1.3113,1.4771,11.025,5.8858,44.137,13.157399999999999,11.974599999999999,1.4122,32.1886,6.5089999999999995,1.4022000000000001,23.7494,1.7316,29.1424,31.007800000000003,16.701,1674.483421168148,1520.2644043,1.2202,1.9582,0.88794,1.42468,40.8254,9.4202,3.7404,38.47146000000001,0.717,0.06682400000000001,5.04,1.8113200000000003,-0.14688,16.7312,23.0582,0.5542,0.83204,7.350599999999999,2.657,28.141599999999997,7.2448,12.487,0.5934,16.1084,3.1037999999999997,2.0646,13.236600000000001,1.3381999999999998,17.5396,15.301,11.777400000000002,1647.359802978214,1,96.08874510999999
2025-03-14_Hoffenheim_St. Pauli,2025-03-14,20:30,Bundesliga,Matchweek 26,Fri,2025,1.0,0.0,St. Pauli,Hoffenheim,Home Win,1571.15136719,1,20.0,0.7318,1.0662,0.86592,1.14748,45.9914,9.7268,2.1926,20.319159999999997,0.86592,0.08400400000000001,2.9070000000000005,1.10122,0.25482000000000005,8.501,24.156200000000002,0.63828,0.93946,6.7652,2.4008000000000003,31.5704,5.7909999999999995,14.632200000000001,0.7979999999999999,19.9256,4.1129999999999995,1.068,11.5018,1.534,16.5806,20.126,12.4358,1673.9080031492101,1619.15100098,1.6354,1.7922,1.0045,1.4611600000000002,42.6476,11.6628,4.5802000000000005,38.44864,1.0045,0.084574,4.2972,1.7399200000000001,0.16751999999999997,19.3324,26.2,0.78358,1.05478,8.987400000000001,2.3978,27.909799999999997,6.9702,14.793,0.2198,15.9646,3.3878000000000004,2.717,14.701600000000001,2.5434,20.268,19.044600000000003,9.6556,1695.778244529742,0,-47.99963378999996
2025-03-15_Freiburg_Mainz 05,2025-03-15,15:30,Bundesliga,Matchweek 26,Sat,2025,2.0,2.0,Mainz 05,Freiburg,Draw,1735.07751465,1,15.0,1.5604,0.1602,1.4529999999999998,0.80996,51.603,9.6576,4.642,48.5408,1.4529999999999998,0.15692,1.7469999999999999,0.46218,0.30198,13.831199999999999,30.037200000000002,1.20576,1.22778,8.095400000000001,1.9384,39.9232,7.9864,12.6238,1.8224,16.8686,4.835800000000001,2.7164,12.167200000000001,1.7672,17.8126,21.1086,10.4736,1664.806421044624,1685.81494141,0.5778,1.3528,0.93306,1.33074,43.9834,6.993399999999999,2.7644,38.996700000000004,0.75722,0.099066,4.7596,1.4152,0.06240000000000001,15.8736,24.4724,0.55612,0.56308,4.220000000000001,0.6486000000000001,26.7768,4.281,10.5262,1.286,11.9728,3.53,0.716,8.0884,1.2552,12.3744,12.2984,7.5348,1637.224215698506,1,49.26257323999994
2025-03-15_Gladbach_Werder Bremen,2025-03-15,15:30,Bundesliga,Matchweek 26,Sat,2025,2.0,4.0,Werder Bremen,Gladbach,Away Win,1645.94958496,1,15.0,1.1424,1.9844,1.6719600000000001,1.20274,56.007400000000004,14.3984,4.0972,30.20754,1.5137200000000002,0.11624200000000001,3.96,1.27236,-0.71204,11.980400000000001,33.3664,1.27152,1.3298400000000001,10.8902,2.2878000000000003,45.9054,9.368,13.592400000000001,2.4834000000000005,25.2548,5.5746,1.6474,19.5038,2.5936,26.3084,27.300800000000002,18.4088,1633.940416089418,1652.96594238,1.9060000000000001,1.7526,1.59954,2.06626,51.5032,10.411999999999999,5.0198,49.83186,1.59954,0.15163400000000002,3.9205999999999994,1.5325600000000001,-0.06620000000000004,17.266000000000002,25.5964,1.4675,1.06224,8.1678,1.936,35.4472,7.5984,12.4464,3.5422000000000002,15.646,3.7768,3.5678,15.237200000000001,1.2786,18.0208,17.7056,17.8428,1681.36212419419,2,-7.016357419999849
2025-03-15_Bayern Munich_Union Berlin,2025-03-15,15:30,Bundesliga,Matchweek 26,Sat,2025,1.0,1.0,Union Berlin,Bayern Munich,Draw,1596.11560059,1,15.0,0.5758,1.1822,1.49174,1.2599599999999997,48.2876,15.349800000000002,3.0156,19.853640000000002,1.1735,0.081984,3.2062000000000004,1.04646,-0.13573999999999997,13.4022,29.1048,0.75608,1.12286,10.991400000000002,3.6816,41.1378,7.8516,11.400400000000001,0.4044,30.672,5.834,0.7956,17.7802,3.7112,26.1778,26.7218,12.8478,1638.5338518325182,1924.33996582,1.4664000000000001,0.7624,1.72472,0.95012,56.6054,11.9742,4.3092,28.501179999999998,1.5823200000000002,0.109936,2.2086,0.6356200000000001,-0.12678,12.7024,37.2876,1.0344,1.03104,8.8466,1.3706,36.9338,8.3264,15.080800000000002,2.6466,15.5744,4.3568,1.7957999999999998,14.5426,0.9206,20.695,21.4436,18.748800000000003,1733.628225926426,1,-328.2243652300001
2025-03-15_Dortmund_RB Leipzig,2025-03-15,18:30,Bundesliga,Matchweek 26,Sat,2025,2.0,0.0,RB Leipzig,Dortmund,Home Win,1730.3338623,1,18.0,2.0762,1.6044,1.51722,1.32832,58.7276,12.9968,4.476,35.388639999999995,1.34138,0.106964,3.1540000000000004,1.4375600000000002,-0.16684,12.054,37.2712,1.02392,1.22256,9.799,1.6221999999999999,45.9724,9.474,13.1374,2.9456,22.2962,6.123799999999999,3.0538000000000003,13.3036,3.8308,22.290799999999997,29.1666,17.695,1675.3860266108359,1779.11633301,1.2044,1.6342,1.67554,1.36874,65.488,15.019400000000001,3.3360000000000003,22.46566,1.67554,0.115618,5.2228,2.25808,0.62388,10.423,53.022000000000006,1.22858,1.5130599999999998,11.7668,3.4252,58.6656,11.244,12.534600000000001,1.8238,25.9722,5.6794,1.8066,20.4042,1.3534000000000002,28.0148,29.939400000000003,26.3432,1573.23929255361,0,-48.7824707100001
2025-03-15_Augsburg_Wolfsburg,2025-03-15,15:30,Bundesliga,Matchweek 26,Sat,2025,1.0,0.0,Augsburg,Wolfsburg,Home Win,1653.0871582,1,15.0,0.3956,0.6962,0.9532,1.25184,46.1554,10.4738,4.042,38.44214,0.9532,0.084758,4.1692,1.03824,0.34204,16.3114,27.979400000000002,0.8063400000000001,1.13514,8.489,2.507,32.897999999999996,9.0448,10.706199999999999,1.0131999999999999,17.4958,5.341,0.7912,13.9696,2.1468,19.4202,21.8806,15.2866,1717.306842307802,1690.87988281,1.642,1.1958,1.00996,1.55536,40.2814,8.860800000000001,2.5824000000000003,30.692359999999997,0.83412,0.100802,5.4802,1.97238,0.5787800000000001,18.7124,22.2544,0.7097,0.72288,6.3294,1.0198,23.6716,3.9468,11.5966,1.8108,11.0374,3.4228,2.6686,10.9458,2.9592,16.709200000000003,16.415599999999998,10.8302,1719.76753071153,0,-37.79272461000005
2025-03-16_Leverkusen_Stuttgart,2025-03-16,19:30,Bundesliga,Matchweek 26,Sun,2025,3.0,4.0,Stuttgart,Leverkusen,Away Win,1721.00854492,1,19.0,1.6942,1.7280000000000002,1.37168,1.5001000000000002,55.412,11.3072,4.2344,37.404579999999996,1.24708,0.111636,4.2804,1.5299,-0.1981,7.6114,43.16159999999999,1.15106,1.5787,10.1094,2.9062,42.410000000000004,11.1586,15.5872,1.3579999999999999,18.5148,4.4239999999999995,2.8326,17.3936,1.2376,22.0146,26.8996,16.5858,1738.384103929608,1873.64660645,2.253,0.9206,1.84448,0.8058800000000002,50.7416,15.2428,5.8032,40.526360000000004,1.84448,0.14529,4.309399999999999,1.07368,0.33108,11.8514,33.0728,1.4588999999999999,1.23364,11.551200000000001,1.0662,38.574,8.017,10.7804,2.0862000000000003,21.701,6.3574,3.2464000000000004,15.764600000000002,2.5740000000000003,25.573999999999998,26.855,15.4868,1686.222482398648,2,-152.63806152999996
2025-03-16_Heidenheim_Holstein Kiel,2025-03-16,17:30,Bundesliga,Matchweek 26,Sun,2025,3.0,1.0,Heidenheim,Holstein Kiel,Home Win,1530.5760498,1,17.0,0.5182,1.9238,0.9901599999999999,1.82874,50.58800000000001,13.6846,4.0847999999999995,29.6139,0.9901599999999999,0.069074,4.9822,2.10854,0.18474000000000007,12.069,30.3322,0.69182,1.2403,9.7082,1.5548,35.990399999999994,7.2330000000000005,14.2432,0.3978,21.3502,5.5278,0.8762000000000001,15.894400000000001,2.8862,24.2446,23.211799999999997,19.5838,1660.88958923359,1535.89819336,1.7338,2.2872000000000003,1.2319200000000001,1.9832,41.5958,9.7508,4.0782,41.138,1.2319200000000001,0.137708,6.5775999999999994,2.52248,0.39548000000000005,23.802799999999998,18.095200000000002,0.7792,0.7892199999999999,7.6042,2.085,22.781800000000004,5.919,12.610599999999998,0.8595999999999999,12.628,2.9434,2.7296,12.1296,1.8444000000000003,17.2578,15.295200000000001,10.736799999999999,1709.384903368934,0,-5.322143560000086
2025-03-16_Bochum_Eint Frankfurt,2025-03-16,15:30,Bundesliga,Matchweek 26,Sun,2025,1.0,3.0,Bochum,Eint Frankfurt,Away Win,1560.6496582,1,15.0,1.1338,0.976,1.7159200000000001,1.558,48.63,15.635000000000002,4.659,29.60386,1.57352,0.10983599999999999,2.4134,0.6887800000000001,-0.28722000000000003,14.6844,30.9776,1.0767,1.4036,10.3268,3.1296,36.3142,9.5852,11.6854,0.46399999999999997,23.2416,6.2026,1.4302,18.0584,2.3282,25.984199999999998,25.0554,13.139600000000002,1673.419692601996,1718.52355957,0.9536,1.9125999999999999,1.49156,2.18658,48.175399999999996,12.2374,4.7624,38.67684,1.33332,0.110706,6.8376,2.1231400000000002,0.21054,18.852,26.978800000000003,0.8551,1.2132999999999998,8.7634,1.9487999999999999,39.9304,9.395800000000001,12.98,0.9734,13.453999999999999,2.7128000000000005,1.6874,15.6586,1.4718000000000002,21.6064,22.015600000000003,14.6576,1705.635300046642,2,-157.8739013700001
