Match_ID,Date,Time,Comp,Round,Day,Season,GF,GA,Home_Team,Away_Team,Result,Home_Elo,Venue_Code,Hour,Home_GF_rolling,Home_GA_rolling,Home_xG_rolling,Home_xGA_rolling,Home_Poss_rolling,Home_Sh_rolling,Home_SoT_rolling,Home_SoT%_rolling,Home_npxG_rolling,Home_npxG/Sh_rolling,Home_SoTA_rolling,Home_PSxG_rolling,Home_PSxG+/-_rolling,Home_Opp_rolling,Home_1/3_rolling,Home_xAG_rolling,Home_xA_rolling,Home_KP_rolling,Home_CrsPA_rolling,Home_PrgP_rolling,Home_PPA_rolling,Home_FK_y_rolling,Home_TB_rolling,Home_Crs_rolling,Home_CK_rolling,Home_GCA_rolling,Home_PassLive_rolling,Home_PassDead_rolling,Home_SCA_rolling,Home_Att Pen_rolling,Home_PrgC_rolling,Home_Schedule_Strength_rolling,Away_Elo,Away_GF_rolling,Away_GA_rolling,Away_xG_rolling,Away_xGA_rolling,Away_Poss_rolling,Away_Sh_rolling,Away_SoT_rolling,Away_SoT%_rolling,Away_npxG_rolling,Away_npxG/Sh_rolling,Away_SoTA_rolling,Away_PSxG_rolling,Away_PSxG+/-_rolling,Away_Opp_rolling,Away_1/3_rolling,Away_xAG_rolling,Away_xA_rolling,Away_KP_rolling,Away_CrsPA_rolling,Away_PrgP_rolling,Away_PPA_rolling,Away_FK_y_rolling,Away_TB_rolling,Away_Crs_rolling,Away_CK_rolling,Away_GCA_rolling,Away_PassLive_rolling,Away_PassDead_rolling,Away_SCA_rolling,Away_Att Pen_rolling,Away_PrgC_rolling,Away_Schedule_Strength_rolling,Target,Relative_Elo
2020-11-21_Real Madrid_Villarreal,2020-11-21,16:15,La Liga,Matchweek 10,Sat,2021,1.0,1.0,Villarreal,Real Madrid,Draw,1811.21594238,1,16.0,2.0376,0.7558,2.1053,0.88352,60.442600000000006,12.498199999999999,4.8378,39.541039999999995,1.65908,0.15027,2.6896000000000004,0.67804,-0.07776000000000002,19.2484,30.261,1.47402,1.1622999999999999,10.0322,2.3162000000000003,43.879999999999995,8.272,14.046999999999999,1.8006000000000002,16.0574,4.1934000000000005,3.915,17.946199999999997,2.1272,24.7232,21.815,20.7562,1657.8737269287221,1905.29650879,1.8332,1.5526,2.2325999999999997,1.41476,57.76619999999999,13.899,4.9918000000000005,35.62226,1.91436,0.151342,3.6973999999999996,1.65406,0.34565999999999997,8.806600000000001,35.2228,1.67544,1.45964,11.768600000000001,0.7979999999999999,52.567,9.8678,13.0052,1.0418,23.3538,6.975199999999999,2.9126,19.317,3.0107999999999997,26.185000000000002,28.1798,25.8814,1764.4632653570502,1,-94.08056641000007
2020-11-27_Levante_Valladolid,2020-11-27,21:00,La Liga,Matchweek 11,Fri,2021,1.0,1.0,Valladolid,Levante,Draw,1653.58117676,1,21.0,1.0244,1.4176,1.1915,1.5803600000000002,43.7204,7.030200000000001,2.2024,31.4834,0.6955,0.11132600000000001,2.6351999999999998,1.38634,-0.03126000000000001,14.813199999999998,20.3062,0.4914,0.47956,5.252,2.0992,24.072999999999997,4.5764,14.3276,0.0,17.3814,3.0343999999999998,1.5604,8.7746,1.2166000000000001,13.401800000000001,13.4732,11.782,1682.34037998124,1691.3770752,1.0986,1.7004,1.19748,1.20094,54.2384,11.375800000000002,3.388,29.27444,1.05508,0.091652,3.5788,1.32024,-0.38016,11.4852,30.931599999999996,0.79488,0.9712799999999999,8.6886,1.9148,48.147999999999996,9.4986,13.1726,0.536,20.6124,5.2909999999999995,2.1972,15.995199999999999,0.9404,20.407199999999996,19.6162,18.9914,1755.736121999242,1,-37.795898439999974
2020-11-29_Athletic Club_Getafe,2020-11-29,16:15,La Liga,Matchweek 11,Sun,2021,1.0,1.0,Getafe,Athletic Club,Draw,1739.46362305,1,16.0,1.1362,0.9524,0.92376,1.0932,45.38759999999999,9.3402,2.6622,28.712200000000003,0.76552,0.08757,2.6950000000000003,1.0376,0.08519999999999998,7.118599999999999,21.8534,0.5442,0.64786,6.106,3.1822000000000004,29.6422,5.2218,15.4126,0.3758,27.587600000000002,4.2548,1.4457999999999998,11.242,1.4793999999999998,16.596400000000003,18.7106,12.208,1783.15739316392,1724.06567383,0.6002,1.4044,0.87458,1.06614,60.862,11.3908,2.5536000000000003,23.454,0.67922,0.061560000000000004,2.5082,1.11726,-0.28714,13.895,26.918799999999997,0.53104,0.71262,8.445,2.6482,41.0496,8.6594,19.8114,0.5538,27.3326,6.0044,1.2004,15.477400000000001,2.3758,21.712,20.9336,17.542,1665.493872706128,1,15.3979492200001
2020-12-06_Betis_Osasuna,2020-12-06,16:15,La Liga,Matchweek 12,Sun,2021,0.0,2.0,Osasuna,Betis,Away Win,1678.46032715,1,16.0,1.178,1.3842,1.04908,1.5104600000000001,44.724399999999996,10.936399999999999,3.7592000000000003,32.53504,0.89084,0.091488,4.8637999999999995,1.4261400000000002,0.041940000000000005,12.2934,33.2368,0.82222,0.84142,7.7882,3.529,39.159,7.6164000000000005,14.840799999999998,0.0,24.248,3.5804,2.178,14.108799999999999,2.7592,19.3146,17.521,9.059999999999999,1652.8183927728842,1644.14160156,0.7956,2.952,0.97712,1.8519,55.775400000000005,11.3486,3.9008000000000003,31.014860000000006,0.97712,0.08000399999999999,6.3596,2.24318,-0.46462000000000003,10.875,25.6506,0.81014,0.69586,8.9366,1.5735999999999999,40.5478,7.0136,16.5584,0.7802,16.6088,4.7074,1.5912,15.086,2.5336000000000003,20.585800000000003,19.4286,16.313599999999997,1751.964853197268,2,34.318725589999985
2020-12-06_Alaves_Real Sociedad,2020-12-06,21:00,La Liga,Matchweek 12,Sun,2021,0.0,0.0,Alaves,Real Sociedad,Draw,1653.08117676,1,21.0,0.8862,1.1038,1.33022,1.32286,37.0426,9.2468,2.0774,30.284259999999996,1.13486,0.147262,4.2136,0.9144,-0.1894,14.064400000000001,19.159,0.67672,0.54224,6.6546,2.5862,24.2668,5.0314,13.9118,0.7756000000000001,15.8664,1.9722,1.5526,9.738800000000001,1.8046000000000002,15.0748,16.4114,11.950199999999999,1749.110136302084,1777.59643555,2.4110000000000005,0.38,1.6687599999999998,0.7613800000000001,57.42360000000001,12.691199999999998,4.4508,41.7375,1.3879,0.133224,1.3138,0.61872,0.23872000000000002,8.721,25.4448,1.05272,1.2631999999999999,9.177,2.4884,39.3302,10.4542,15.0598,2.2156000000000002,19.870599999999996,4.9588,4.3824000000000005,14.979600000000001,2.2986,20.7684,22.7798,13.815,1639.737132129602,1,-124.51525878999996
2020-12-06_Granada_Huesca,2020-12-06,14:00,La Liga,Matchweek 12,Sun,2021,3.0,3.0,Granada,Huesca,Draw,1700.73742676,1,14.0,1.3381999999999998,1.1304,1.12308,0.83866,47.9076,9.9984,3.3526,35.86868,1.12308,0.117688,3.0596,0.69068,-0.43972,14.5434,25.9948,0.9429000000000001,0.7321599999999999,6.3826,2.7106000000000003,28.171799999999998,5.432,11.8518,0.6764,20.3628,3.5218,1.916,11.0344,2.9152,16.8706,16.4654,13.199199999999998,1709.210759448622,1585.14672852,0.822,2.0748,0.91862,1.35816,46.5256,10.7554,3.8046,44.2321,0.91862,0.090518,4.5354,1.4396600000000002,-0.6351399999999999,15.5426,28.5638,0.63088,0.64392,7.9718,2.7568,36.9122,6.449000000000001,14.5982,0.2198,18.5814,3.9118,1.644,16.242,1.1536,19.238799999999998,15.030000000000001,13.732,1744.2851719978241,1,115.59069824000017
2020-12-07_Eibar_Valencia,2020-12-07,21:00,La Liga,Matchweek 12,Mon,2021,0.0,0.0,Eibar,Valencia,Draw,1671.21557617,1,21.0,0.1602,0.938,0.79642,0.6826,57.2732,10.4544,3.6952,34.941520000000004,0.6718200000000001,0.06508,3.1644,1.0746799999999999,0.13668,11.801200000000001,30.6628,0.49016000000000004,0.45954,7.1064,3.076,43.5934,6.7978000000000005,16.098399999999998,0.0,30.6846,4.792999999999999,0.3204,12.957600000000001,1.1846,18.566599999999998,12.7514,12.605,1663.336908424852,1716.43359375,1.2442,1.644,1.1746400000000001,1.14322,49.36279999999999,11.4714,3.8444000000000003,34.73682,1.1746400000000001,0.09786600000000001,3.8542000000000005,1.3747400000000003,-0.26926,12.589400000000001,31.326999999999998,0.98892,0.87464,8.276,1.1179999999999999,34.4258,6.3676,15.462,0.46399999999999997,19.0966,5.6394,2.2442,13.766199999999998,2.5876,20.4464,17.3882,17.425,1682.089507910194,1,-45.21801757999992
2020-12-11_Osasuna_Valladolid,2020-12-11,21:00,La Liga,Matchweek 13,Fri,2021,3.0,2.0,Valladolid,Osasuna,Home Win,1630.99560547,1,21.0,1.022,1.3758,1.34774,1.6476400000000002,42.370999999999995,7.615600000000001,2.6706,34.49866,0.90134,0.12340800000000002,2.8158,1.49742,0.12161999999999998,16.4414,19.575200000000002,0.69322,0.47719999999999996,5.671,2.7218,23.6536,5.7838,12.497,0.0,17.2432,2.7426,1.6044,10.1064,0.5182,14.826800000000002,12.4608,12.6806,1675.9342697526802,1659.70117188,0.3204,1.3746,0.93512,1.4236,39.749,8.9636,3.231,37.57634,0.93512,0.107456,4.5072,1.56318,0.18858000000000003,17.2946,25.8198,0.8577600000000001,0.69786,6.2318,2.2098,25.3312,5.1786,14.383,0.358,17.4058,2.6156,0.6408,10.373,1.8522,14.289,14.2436,5.980599999999999,1779.494649413586,0,-28.705566409999847
2020-12-12_Alaves_Huesca,2020-12-12,18:30,La Liga,Matchweek 13,Sat,2021,1.0,0.0,Huesca,Alaves,Home Win,1585.65600586,1,18.0,0.6154,1.18,0.95824,1.31222,51.8816,9.0748,3.4220000000000006,33.394,0.95824,0.09676799999999999,3.2264,1.1392600000000002,-0.040740000000000005,14.2114,25.136200000000002,0.76238,0.63356,7.1688,2.5111999999999997,32.162,5.015,19.5188,0.1602,21.1074,2.9272,1.033,10.5364,1.903,15.9078,13.3278,13.940600000000002,1679.341701440464,1650.98779297,1.442,1.3184,1.51552,1.6979,39.6586,8.5572,3.2686,40.38552,1.1619199999999998,0.13620000000000002,4.6209999999999996,1.5975599999999999,0.27915999999999996,19.3964,20.734800000000003,1.10566,0.42676000000000003,7.063,1.514,24.7566,4.683199999999999,13.2804,0.5182,14.1412,3.8495999999999997,1.9536,11.4424,1.2772,16.1574,15.86,11.3526,1753.230937770382,0,-65.33178711000005
2020-12-12_Athletic Club_Valencia,2020-12-12,14:00,La Liga,Matchweek 13,Sat,2021,2.0,2.0,Valencia,Athletic Club,Draw,1712.60412598,1,14.0,1.435,1.3758,1.06038,1.48042,39.5678,5.3736,2.1758,38.681,0.37462,0.07140800000000001,5.5936,1.25578,0.12418000000000001,21.428199999999997,17.819,0.33042,0.20564,4.1316,0.5998,24.086,4.1744,17.4598,0.3978,9.9756,2.061,1.5952,8.7226,0.1602,10.3468,9.233600000000001,11.825400000000002,1712.5107475828802,1691.4765625,0.7844,1.2198,0.7883,1.02396,58.0898,10.175,2.4982,27.67516,0.61246,0.058962,2.7016,0.92462,-0.29518,14.5704,23.5524,0.45468,0.6181,7.1796,2.0508,35.7726,7.661,20.3512,0.4984,21.2622,5.604,1.5688,13.032,2.3382,19.1874,18.631,14.5576,1676.219767848568,1,21.127563479999935
2020-12-12_Getafe_Sevilla,2020-12-12,16:15,La Liga,Matchweek 13,Sat,2021,0.0,1.0,Getafe,Sevilla,Away Win,1704.42663574,1,16.0,1.1226,1.1014,0.86694,0.98506,45.3722,10.2272,2.9844000000000004,30.0995,0.7245400000000001,0.076602,2.4814,0.9062,-0.19519999999999998,7.1068,22.7452,0.53418,0.55538,6.4838000000000005,2.7756000000000003,27.9804,5.299600000000001,17.569000000000003,0.3382,24.6982,3.985,1.4012,11.018,2.3082000000000003,17.9904,17.5626,12.831599999999998,1779.8011908205522,1827.24133301,1.1226,0.9756,1.4515,0.92396,57.530199999999994,11.584999999999999,2.9888,26.89852,1.4515,0.12447,3.6276,0.88698,-0.08862,15.728200000000001,27.251599999999996,1.39612,1.1649200000000002,11.0312,4.0088,37.535799999999995,10.2394,13.8714,0.5162,17.774,4.5506,2.0672,16.65,2.4732000000000003,21.3476,20.967,17.2648,1709.6989197756839,2,-122.81469727000012
2020-12-13_Barcelona_Levante,2020-12-13,21:00,La Liga,Matchweek 13,Sun,2021,1.0,0.0,Barcelona,Levante,Home Win,1903.89465332,1,21.0,3.0923999999999996,1.211,2.60142,1.5005200000000003,59.7112,15.078,6.9434,45.18184,2.18752,0.158692,4.6582,1.33274,0.12174000000000001,12.7028,40.92699999999999,1.77478,1.5002399999999998,10.898800000000001,0.8022,55.029399999999995,14.9346,12.3622,2.351,15.244,6.933400000000001,5.400399999999999,22.9852,0.9338,28.363400000000002,34.314800000000005,23.4498,1779.451568140326,1686.82421875,0.9446,1.1978,1.058,1.19756,56.369,9.6968,2.3842,25.697680000000002,0.73448,0.076394,3.0442,0.93216,-0.26564,12.701600000000001,32.6602,0.6344799999999999,0.79884,7.1666,1.9234,45.78360000000001,9.6376,14.8646,0.3382,22.117,6.8713999999999995,1.8892,14.0104,0.8022,17.5162,19.5552,19.1044,1733.698824928796,0,217.0704345700001
2020-12-13_Betis_Villarreal,2020-12-13,16:15,La Liga,Matchweek 13,Sun,2021,1.0,1.0,Betis,Villarreal,Draw,1654.7947998,1,16.0,1.3357999999999999,1.8356000000000001,1.42334,1.93878,56.213,11.6838,4.5996,36.94152,1.11934,0.08953,3.9261999999999997,1.8909799999999999,0.23338,9.0562,31.6742,0.99802,0.88426,9.2508,1.642,36.2266,5.936599999999999,17.7196,0.6486000000000001,14.429599999999999,5.096800000000001,2.1314,16.0348,2.3162000000000003,22.020400000000002,18.9394,17.299,1713.809206713868,1786.984375,0.9036,1.1048,1.04226,1.13188,52.769800000000004,7.429600000000001,2.255,29.71998,0.8469,0.10624600000000001,3.2978,0.9426400000000001,-0.0019600000000000034,16.7238,22.713200000000004,0.54532,0.68152,5.2882,2.0576,33.5326,7.9604,15.8328,0.9601999999999999,14.839,3.444,1.8072,11.033999999999999,0.6486000000000001,13.6328,16.188200000000002,12.229400000000002,1739.284582176016,1,-132.18957520000004
2020-12-13_Eibar_Real Sociedad,2020-12-13,14:00,La Liga,Matchweek 13,Sun,2021,1.0,1.0,Real Sociedad,Eibar,Draw,1771.58374023,1,14.0,2.0090000000000003,0.6022,2.12866,0.76536,59.3694,12.0212,4.6308,39.6909,1.32982,0.123698,2.4784,0.9725,0.3703,8.425799999999999,36.211800000000004,0.9077,0.97766,8.2366,2.5136000000000003,47.6812,12.3752,14.296600000000002,0.9912000000000001,21.1342,7.3968,2.8268,15.5434,2.3734,21.8834,26.833,13.207799999999999,1734.8836436033462,1666.93884277,1.4222,0.7182,1.48846,1.6191,38.67999999999999,8.251999999999999,3.1868,38.12638,0.9553400000000001,0.1115,4.0804,1.3937599999999999,0.67556,19.9362,20.607799999999997,0.8877000000000002,0.58118,5.7688,2.42,25.6794,4.914200000000001,14.866399999999999,0.358,18.6078,2.9338,2.4222,9.674999999999999,1.0642,14.694200000000002,12.1368,11.1064,1703.9438028318982,1,104.64489746000004
2020-12-13_Elche_Granada,2020-12-13,18:30,La Liga,Matchweek 13,Sun,2021,0.0,1.0,Elche,Granada,Away Win,1584.73962402,1,18.0,0.8595999999999999,1.1424,0.5519,1.6815800000000003,47.469800000000006,4.2658,1.4485999999999999,37.91626,0.37606,0.08749599999999999,4.234,1.49362,0.35122,17.724600000000002,17.803800000000003,0.35408,0.42038,2.8196,1.2418,20.6044,2.0638,16.0964,0.0,12.6976,1.224,1.4994,5.2612,0.6242,8.3714,7.6530000000000005,12.7326,1662.2841044432957,1692.12194824,0.7802,2.3114,1.1472600000000002,2.6576400000000002,38.669000000000004,7.285,2.5374,25.95014,0.81318,0.10300400000000001,6.199400000000001,2.83754,0.52614,16.8194,16.5654,0.4839,0.42325999999999997,4.246,1.178,21.230600000000003,3.4764,14.371,0.442,10.5758,1.2479999999999998,1.24,6.981199999999999,0.536,11.774000000000001,9.3324,7.879600000000001,1678.698754978388,2,-107.38232421999987
2020-12-14_Cadiz_Celta Vigo,2020-12-14,21:00,La Liga,Matchweek 13,Mon,2021,4.0,0.0,Celta Vigo,Cadiz,Home Win,1670.60009766,1,21.0,1.2728000000000002,2.2132,2.16254,1.3119399999999999,52.562200000000004,14.3414,4.413399999999999,28.9165,1.9867000000000001,0.139388,4.010800000000001,1.47364,-0.56156,10.2748,26.2432,1.7614,1.4284,11.902600000000001,1.1038,41.336200000000005,8.8146,13.862400000000001,1.2264,13.4274,5.4708000000000006,2.3014,18.0408,2.7734,26.367800000000003,22.681,18.3778,1762.3665282952759,1613.77124023,0.978,1.1234,0.72466,0.85902,34.67,7.8226,2.8112,38.34457999999999,0.72466,0.09659399999999999,3.8614,1.04936,-0.07404000000000002,16.113400000000002,20.553600000000003,0.63326,0.42756,5.8316,2.2646,23.7654,4.6768,14.6186,0.3758,22.95,6.4104,1.4378,9.192599999999999,1.7538,13.4676,11.7322,12.3418,1697.18290536982,0,56.82885742999997
2020-12-15_Athletic Club_Real Madrid,2020-12-15,22:00,La Liga,Matchweek 19,Tue,2021,3.0,1.0,Real Madrid,Athletic Club,Home Win,1897.9942627,1,22.0,1.6596,0.8154,1.59484,1.2332200000000002,63.5522,14.5486,4.8347999999999995,32.47708,1.59484,0.115212,3.4716,1.0247000000000002,0.2093,15.055200000000001,53.1672,0.98268,1.0821399999999999,10.221,2.8088,61.719800000000006,10.854,12.215599999999998,0.6398,23.387999999999998,5.9098,2.0928,19.3432,1.2198,25.023400000000002,28.2284,22.4544,1616.668563012266,1698.23815918,0.9059999999999999,1.442,1.0869,1.2013,59.333800000000004,10.789800000000001,2.5042,25.023,0.7333000000000001,0.067392,2.7756000000000003,1.08188,-0.36012,11.9506,28.1248,0.62014,0.68512,8.0382,2.0898,41.2878,7.4946,20.560200000000002,0.1602,25.6634,6.9086,1.8119999999999998,15.3144,1.916,21.065800000000003,19.6884,16.9994,1684.506056423122,0,199.75610352000012
2020-12-16_Barcelona_Real Sociedad,2020-12-16,21:00,La Liga,Matchweek 19,Wed,2021,2.0,1.0,Barcelona,Real Sociedad,Home Win,1908.4753418,1,21.0,2.4506,1.0898,2.4792,1.56578,60.9056,17.124000000000002,8.270199999999999,46.689620000000005,2.22206,0.147498,4.7806,1.3314799999999998,0.24168,11.023399999999999,40.7576,1.6696400000000002,1.59792,12.085799999999999,1.0662,57.712199999999996,16.3622,12.0818,1.6832,17.7616,8.0168,4.4836,24.4638,1.1846,31.269399999999997,36.8488,25.8582,1757.838186548056,1778.25,2.0256,0.1978,1.80046,0.64312,59.635400000000004,13.443200000000001,4.694,41.47834,1.5476999999999999,0.14099,1.1382,0.50474,0.30694,7.5396,28.9076,1.1872200000000002,1.4010799999999999,9.7362,2.928,44.99079999999999,11.1298,12.367600000000001,1.8498,23.3468,4.763,3.6556,17.168,1.8804,22.6338,24.188200000000002,17.1526,1640.7054992204057,0,130.22534180000002
2020-12-18_Athletic Club_Huesca,2020-12-18,21:00,La Liga,Matchweek 14,Fri,2021,2.0,0.0,Athletic Club,Huesca,Home Win,1694.47412109,1,21.0,1.6308,0.8464,1.4144800000000002,0.68398,51.553000000000004,13.2586,4.32,30.34924,1.4144800000000002,0.11086000000000001,1.9304000000000001,0.52288,-0.16332,12.4286,29.693599999999996,1.0356,0.85388,9.863199999999999,2.4242000000000004,38.484,7.6768,14.918200000000002,0.356,23.497,5.8854,2.0066,15.546800000000001,3.2234000000000003,24.044200000000004,21.3014,19.586199999999998,1697.4049945544562,1598.6550293,1.3282,2.4556,1.06328,1.50206,47.0732,11.1358,4.5568,47.116699999999994,1.06328,0.09479199999999999,5.2586,1.7563399999999998,-0.69926,17.398,26.7332,0.83756,0.69954,8.9072,3.4254000000000002,33.9258,6.56,14.15,0.1978,17.9142,3.4321999999999995,2.168,16.141199999999998,1.3824,19.6826,16.604,15.3242,1734.8556630382318,0,95.8190917899999
2020-12-19_Sevilla_Valladolid,2020-12-19,21:00,La Liga,Matchweek 14,Sat,2021,1.0,1.0,Sevilla,Valladolid,Draw,1838.34326172,1,21.0,1.2372,0.8617999999999999,1.4388199999999998,1.0339800000000001,64.0368,14.110999999999999,3.5408,23.286699999999996,1.28058,0.089362,2.7608,0.78584,0.16824,8.075800000000001,37.806,1.14804,0.97038,11.7132,5.776599999999999,49.287800000000004,12.5946,17.589199999999998,0.642,28.265400000000003,4.864,1.815,19.460200000000004,1.5096,25.2738,22.7624,21.5414,1735.723602486962,1643.07055664,1.0154,1.6199999999999999,0.8692599999999999,1.54304,40.27460000000001,9.802800000000001,2.7468,30.949440000000003,0.72686,0.07618000000000001,5.3316,1.4009200000000002,-0.21907999999999994,16.9926,21.6522,0.55542,0.53284,7.4594000000000005,3.169,27.6856,4.8618,14.472600000000002,0.642,20.784,3.7268,1.5912,12.588799999999999,0.916,16.1422,12.801000000000002,17.357599999999998,1723.708042626914,1,195.27270508000015
2020-12-19_Barcelona_Valencia,2020-12-19,16:15,La Liga,Matchweek 14,Sat,2021,2.0,2.0,Barcelona,Valencia,Draw,1914.40246582,1,16.0,2.5495999999999994,1.0808,2.6975000000000002,1.63246,59.8264,17.1,7.699,42.99168,2.4661000000000004,0.167606,5.3792,1.59902,0.51822,9.6998,38.6282,1.6358800000000002,1.5469399999999998,12.165600000000001,1.0596,54.9314,17.7678,12.6738,1.3706,15.9646,6.8384,4.235,24.9824,1.022,30.730799999999995,37.4174,24.495800000000003,1747.005058887128,1715.00402832,0.9756,1.1912,1.10718,1.058,46.39659999999999,10.4916,4.0042,42.749880000000005,1.10718,0.101406,3.3362000000000003,0.83472,-0.35648,16.249399999999998,27.0428,0.95446,0.78392,7.56,0.8178,28.4786,5.3100000000000005,15.116000000000001,0.6617999999999999,15.491400000000002,4.2102,1.7314,12.1244,2.673,18.924799999999998,16.261000000000003,14.296000000000001,1680.7447084219318,1,199.3984375
2020-12-19_Osasuna_Villarreal,2020-12-19,18:30,La Liga,Matchweek 14,Sat,2021,1.0,3.0,Osasuna,Villarreal,Away Win,1656.7878418,1,18.0,0.916,1.3016,0.9409,1.25428,46.0616,11.131400000000001,2.9508,23.87448,0.7985,0.07912800000000002,4.877400000000001,1.21724,-0.08436000000000002,11.731399999999999,34.599199999999996,0.71232,0.79286,7.2212000000000005,3.132,44.5246,7.943199999999999,13.991800000000001,0.0,25.665200000000002,3.2782,1.6718,14.1866,2.9276000000000004,19.7604,18.2344,8.6098,1644.82361774796,1789.41162109,1.0574000000000001,0.6617999999999999,1.2022,0.79036,54.4782,7.675000000000001,2.3736,30.84704,1.02636,0.12992,2.8914,0.78098,0.11917999999999998,16.3954,24.562999999999995,0.75496,0.75662,5.7478,2.152,36.0888,7.9643999999999995,16.2262,0.5758,16.376199999999997,4.4764,2.1148000000000002,11.263000000000002,1.1722000000000001,14.534600000000001,16.037,12.406399999999998,1687.451213986882,2,-132.6237792899999
2020-12-19_Levante_Real Sociedad,2020-12-19,18:30,La Liga,Matchweek 14,Sat,2021,2.0,1.0,Levante,Real Sociedad,Home Win,1689.0871582,1,18.0,1.3282,0.916,1.40018,0.9070600000000001,57.8536,12.5146,5.0384,40.34864,1.2755800000000002,0.100232,2.5092,0.56008,-0.35592,12.9524,34.185,1.08254,1.03322,8.8992,1.8554,52.181599999999996,12.436,13.9332,0.4884,19.3846,5.8684,2.0166,18.403399999999998,1.1734,22.3062,25.068399999999997,22.3492,1703.028503367838,1770.2677002,1.6346,0.6664,1.61298,1.0451000000000001,56.4974,11.2804,4.5804,44.18172,1.50084,0.14909799999999998,1.7128,0.5066,-0.1598,5.932199999999999,27.8638,0.99548,1.2711999999999999,7.7324,2.591,40.876000000000005,9.2308,14.916599999999999,1.2322,18.2636,3.4332,2.9132000000000002,15.2212,1.2156,19.8312,22.0184,15.960799999999999,1717.2942354756158,0,-81.18054200000006
2020-12-20_Cadiz_Getafe,2020-12-20,18:30,La Liga,Matchweek 14,Sun,2021,0.0,2.0,Cadiz,Getafe,Away Win,1602.97644043,1,18.0,0.8266,1.1226,1.02626,1.27958,28.075000000000003,7.5524000000000004,2.2456,22.247320000000002,1.02626,0.13525199999999998,4.699599999999999,1.20702,0.32862,16.0178,12.8484,0.53752,0.31814,3.467,2.142,19.180600000000002,4.2206,12.2152,0.2442,14.796800000000001,2.758,0.9868,7.222,1.1184,11.6912,11.1094,10.6908,1830.92149389827,1702.48632812,0.3956,1.6622,0.91436,1.6997600000000004,47.5268,9.7732,2.4672,23.82492,0.91436,0.08399000000000001,4.8898,1.62858,-0.03362000000000001,10.4338,21.049799999999998,0.67016,0.6579,7.1798,3.3458000000000006,34.183,7.529000000000001,18.299,0.0,23.0026,4.2066,0.3956,12.0236,1.5604,16.478,17.583,11.5948,1690.9989038799663,2,-99.50988769000014
2020-12-20_Betis_Granada,2020-12-20,16:15,La Liga,Matchweek 14,Sun,2021,2.0,0.0,Granada,Betis,Home Win,1701.91650391,1,16.0,1.6486,1.75,1.3194000000000001,1.049,49.0708,12.084800000000001,4.1942,34.8403,1.3194000000000001,0.11592,4.1746,1.0035,-0.7464999999999999,13.9238,26.183600000000002,1.0984,0.8410600000000001,7.6537999999999995,3.6164000000000005,31.461800000000004,6.8982,13.276,0.3204,22.9896,4.0022,2.757,13.793799999999997,3.068,20.5234,17.7724,14.1004,1677.0119458505242,1661.52905273,1.2044,2.2241999999999997,1.16358,1.649,52.946999999999996,11.702000000000002,4.4432,35.2117,1.16358,0.095538,5.1468,1.74488,-0.25952000000000003,13.173800000000002,25.485400000000002,1.0177200000000002,0.8760399999999999,9.7638,1.7604,39.516400000000004,8.2774,17.5794,1.2906,16.1036,4.8808,2.4088,17.0192,2.3360000000000003,21.448,21.227400000000003,15.726199999999999,1735.126205150782,0,40.38745117999997
2020-12-20_Eibar_Real Madrid,2020-12-20,21:00,La Liga,Matchweek 14,Sun,2021,1.0,3.0,Eibar,Real Madrid,Away Win,1675.89257812,1,21.0,0.0,0.5558000000000001,0.94774,0.6499,59.8642,13.0394,3.914,33.24266,0.8356000000000001,0.06269,3.1037999999999997,0.6944,0.1386,9.623399999999998,35.1448,0.6721,0.7466200000000001,9.8262,4.001,45.3844,8.9158,15.8446,0.0,31.925199999999997,5.5462,0.0,16.2806,1.9988000000000001,23.2382,18.769599999999997,15.7072,1669.0327191177862,1901.75842285,1.5162,1.189,1.64176,1.4396,50.7188,11.5002,3.7996000000000003,29.836579999999998,1.4993600000000002,0.12795,2.8522000000000003,1.2436600000000002,0.25246,12.3752,30.33,1.2946800000000003,1.15414,9.948599999999999,0.5778,43.2388,8.1966,15.0468,1.178,18.629,4.9618,2.3659999999999997,16.020799999999998,2.1096,21.1408,23.3238,24.4568,1813.6084652346158,2,-225.86584472999994
2020-12-20_Alaves_Celta Vigo,2020-12-20,14:00,La Liga,Matchweek 14,Sun,2021,2.0,0.0,Celta Vigo,Alaves,Home Win,1681.39477539,1,14.0,1.834,1.8476000000000001,2.02424,1.25514,54.8484,11.0562,3.8396000000000003,34.47166,1.6706399999999997,0.14177800000000002,3.6654,1.42622,-0.26117999999999997,11.3474,26.928199999999997,1.51112,1.34116,9.338000000000001,0.9934,40.1028,7.6124,13.087599999999998,0.8154,10.1218,4.3028,3.4482,14.109200000000001,2.3076000000000003,20.794,20.7152,17.075,1728.8316778550418,1647.15026855,1.1536,1.1424,1.31186,1.30858,37.6506,7.712999999999999,2.7534,35.8279,0.9936200000000001,0.11848600000000001,4.459,1.3592400000000002,0.21683999999999998,19.0128,17.8868,0.9574,0.36082000000000003,6.6566,1.3184,21.7944,3.8822,14.717399999999998,0.178,11.941,3.3764,1.4698,10.1212,1.6378,14.564599999999999,15.274000000000001,9.796199999999999,1716.273756374318,0,34.244506839999985
2020-12-22_Athletic Club_Villarreal,2020-12-22,22:00,La Liga,Matchweek 15,Tue,2021,1.0,1.0,Villarreal,Athletic Club,Draw,1797.9901123,1,22.0,1.452,0.558,1.51168,0.57778,56.408,11.8556,3.2524,28.14518,1.06528,0.10436000000000001,1.4322000000000001,0.2972,-0.2608,13.892,35.965,0.85314,0.7626799999999999,9.3196,2.666,48.0906,9.9268,12.8134,0.8376,15.864,3.8971999999999998,2.904,18.9598,0.7714000000000001,23.145599999999998,18.043200000000002,20.7586,1695.547031519434,1700.85522461,1.0596,1.8862,1.08706,1.5318800000000001,52.707,10.9992,3.2306,32.28844,0.7688200000000001,0.07253799999999999,3.2864,1.3755600000000001,-0.51064,12.3998,25.970799999999997,0.65698,0.6133599999999999,8.3228,1.8366,38.1848,7.977600000000001,18.5064,0.2442,22.767,6.8178,1.875,15.659799999999999,1.536,20.947599999999998,18.887,16.223,1744.835113528176,1,97.13488768999991
2020-12-22_Huesca_Levante,2020-12-22,19:45,La Liga,Matchweek 15,Tue,2021,1.0,1.0,Huesca,Levante,Draw,1592.27380371,1,19.0,0.7979999999999999,0.7736,0.91678,1.05682,52.7162,10.132200000000001,3.6679999999999997,33.83618,0.91678,0.088204,2.5712,0.79462,0.02102000000000002,13.202,24.2572,0.7161,0.62018,8.072600000000001,2.4158,32.657399999999996,5.501799999999999,19.8106,0.0,20.2194,3.567,1.418,12.7686,1.5684,18.5352,14.748199999999999,14.7346,1691.5766346683502,1697.69775391,0.41759999999999997,1.178,0.74944,1.48968,51.2598,8.7502,2.3016,29.5704,0.5736,0.07466400000000001,5.4818,1.3384800000000001,0.16047999999999996,14.0968,30.2964,0.4736,0.71802,6.517200000000001,1.831,45.6932,8.841,13.024799999999999,0.8928,20.4842,6.1518,0.8351999999999999,12.5998,0.822,15.8108,16.4366,16.5078,1779.917429176022,1,-105.42395020000004
2020-12-22_Elche_Osasuna,2020-12-22,17:30,La Liga,Matchweek 15,Tue,2021,2.0,2.0,Elche,Osasuna,Draw,1580.3515625,1,17.0,0.7736,0.8398,0.49902,1.4571200000000002,53.316,5.316,1.2596,31.068219999999997,0.34077999999999997,0.06556000000000001,4.0222,1.35564,0.5158400000000001,15.7224,25.07,0.29658,0.41392,4.0586,1.2176,27.1578,2.0574,16.6194,0.0,15.802000000000001,2.2784,1.3494,5.8233999999999995,1.1502,9.8994,9.297,14.456800000000001,1657.58504748467,1648.20935059,0.4884,1.9698000000000002,1.19024,1.6687599999999998,41.5508,10.3766,3.7964,35.48404,1.19024,0.114596,5.0892,2.073,0.10319999999999999,15.755600000000001,27.8798,0.87642,0.849,6.985399999999999,3.2098,28.2286,7.1584,14.933,0.178,21.305000000000003,2.7982,0.7326,12.133400000000002,1.7228,16.1578,18.1706,7.303599999999999,1768.1523478272502,1,-67.85778808999999
2020-12-22_Barcelona_Valladolid,2020-12-22,22:00,La Liga,Matchweek 15,Tue,2021,0.0,3.0,Valladolid,Barcelona,Away Win,1649.28405762,1,22.0,1.5082,1.5823999999999998,1.48508,1.75936,42.069,7.9984,3.192,38.457,1.00332,0.128834,3.8552,1.69628,0.11388000000000001,19.4484,18.064,0.79602,0.66484,6.3366,3.1822000000000004,21.2136,6.6264,12.847399999999999,0.2442,14.900400000000001,2.6242,2.6208,12.3378,0.4222,16.2654,12.959,12.968599999999999,1671.096352883118,1908.11657715,0.9226,1.084,1.17668,1.32266,69.30699999999999,15.298,5.234,34.09628,1.17668,0.083904,2.9582,1.34144,0.25744,10.2144,53.358599999999996,0.92608,1.5617,11.989799999999999,1.541,67.0984,14.0494,14.2424,1.2222,15.9262,9.1796,0.8762000000000001,22.124599999999997,1.3914,28.2678,33.2988,27.862800000000004,1651.0952750496901,2,-258.8325195299999
2020-12-22_Sevilla_Valencia,2020-12-22,17:30,La Liga,Matchweek 15,Tue,2021,0.0,1.0,Valencia,Sevilla,Away Win,1721.28991699,1,17.0,1.6356,1.5823999999999998,1.23406,1.6665400000000001,38.7018,6.5572,1.914,31.487000000000002,0.44599999999999995,0.0665,5.6784,1.5620599999999998,0.19946,21.785000000000004,18.1252,0.35738,0.32276000000000005,4.850999999999999,1.1282,22.768,3.8244000000000002,16.2044,0.6022,9.513200000000001,1.2782,2.124,9.1386,0.7326,12.9982,10.0986,11.510399999999999,1725.6072579350862,1832.12976074,0.822,0.7338,1.0824200000000002,0.79502,59.0338,10.361600000000001,1.969,19.06062,1.0824200000000002,0.102162,2.7880000000000003,0.64964,-0.08416000000000001,14.7782,29.3038,0.9837400000000001,0.85332,9.130600000000001,3.3754,38.7064,8.3738,14.8492,0.3204,16.5876,4.1074,0.9954000000000001,14.8434,1.9376,18.983,17.7196,15.352599999999999,1729.519339159886,2,-110.83984375
2020-12-23_Celta Vigo_Getafe,2020-12-23,17:30,La Liga,Matchweek 15,Wed,2021,1.0,1.0,Getafe,Celta Vigo,Draw,1712.7088623,1,17.0,0.5778,1.2354,0.78698,0.95092,42.71339999999999,10.004399999999999,2.3534000000000006,22.93278,0.6588200000000001,0.07161600000000001,1.9447999999999999,0.7722600000000001,-0.21894,7.740399999999999,23.879800000000003,0.4775,0.6030800000000001,6.4354000000000005,2.3096,25.905,4.5812,17.4122,0.1602,25.180999999999997,4.6632,0.5402,10.227599999999999,2.7658,17.5912,17.3502,11.971800000000002,1804.8387020027478,1689.58886719,1.3038,1.5754000000000001,1.3925,1.39612,48.1974,9.8322,4.7168,50.35382,1.3925,0.14851999999999999,3.5705999999999998,1.4032,-0.17220000000000002,17.3884,25.4526,0.8888199999999999,0.73834,7.1049999999999995,1.0244,37.707,6.797000000000001,14.2828,1.3016,12.678999999999998,3.411,1.8994,13.7468,0.7426,17.110599999999998,14.626199999999999,10.5594,1714.088018089712,1,23.11999510999999
2020-12-23_Betis_Cadiz,2020-12-23,22:00,La Liga,Matchweek 15,Wed,2021,1.0,0.0,Betis,Cadiz,Home Win,1653.62658691,1,22.0,1.1580000000000001,1.8962,1.1967800000000002,1.98028,53.74979999999999,11.0386,4.6396,39.55672,1.0385399999999998,0.085576,3.7335999999999996,1.8739999999999999,0.13799999999999998,10.6718,27.666800000000006,0.8805200000000001,0.84582,7.772200000000001,1.822,31.7314,6.375400000000001,17.491600000000002,0.4396,14.1982,4.843,2.1182,13.9452,1.8962,20.1322,17.9244,14.7622,1739.985947778276,1592.75390625,0.736,1.9878,0.76986,1.0528600000000001,36.6896,9.538,2.8742,33.7858,0.76986,0.08760799999999999,3.8751999999999995,1.28742,-0.70038,11.3854,23.849600000000002,0.6531800000000001,0.49248,6.425199999999999,2.5265999999999997,26.9962,4.7092,16.7222,0.3382,25.406399999999998,6.702,1.294,10.0384,2.1668,16.5278,13.0242,14.194,1687.005738110076,0,60.872680660000015
2020-12-23_Granada_Real Madrid,2020-12-23,19:45,La Liga,Matchweek 15,Wed,2021,2.0,0.0,Real Madrid,Granada,Home Win,1907.53271484,1,19.0,2.082,0.978,1.64092,1.2187000000000001,64.862,15.3262,4.8512,31.21576,1.64092,0.11236400000000002,3.3802000000000003,0.9533400000000001,-0.024660000000000015,13.496199999999998,54.815400000000004,1.2774200000000002,1.27368,11.764,3.1162000000000005,63.956599999999995,11.9894,12.0382,1.0642,24.225399999999997,6.207,3.3486000000000002,22.083199999999998,1.442,26.874399999999998,29.281999999999996,23.285800000000002,1632.097215160192,1709.81896973,0.8022,1.2152,1.19256,2.0625999999999998,36.372,8.145199999999999,2.6396,24.89896,0.89192,0.104266,4.3818,1.73756,0.52236,18.6672,16.6884,0.6320600000000001,0.6751400000000001,4.1774000000000004,1.4044,20.5546,4.1172,14.533999999999999,0.642,11.5184,2.2,1.6044,7.7276,0.8266,12.641200000000001,13.2182,7.715200000000001,1666.134074509232,0,197.71374511
2020-12-23_Alaves_Eibar,2020-12-23,22:00,La Liga,Matchweek 15,Wed,2021,2.0,1.0,Alaves,Eibar,Home Win,1638.95617676,1,22.0,0.7976,0.9934,1.0829999999999997,1.37384,34.3756,8.2454,2.1138000000000003,32.13836,0.90716,0.123112,4.1922,1.05832,0.06491999999999998,15.1908,16.6128,0.49486,0.4415,6.0565999999999995,2.1391999999999998,21.409599999999998,4.984,14.020800000000001,0.5538,14.747,2.1192,1.3974,8.4996,1.8241999999999998,13.457999999999998,15.6378,10.6666,1756.7670965812401,1670.11828613,1.3800000000000001,0.6022,1.53852,1.3608799999999999,41.21,9.6038,3.2681999999999998,35.61702,1.05868,0.106026,3.1514,0.84624,0.24404,18.409200000000002,20.3146,0.80686,0.63632,6.4803999999999995,3.3548,27.2768,5.411200000000001,15.656400000000001,0.178,21.000799999999998,3.1846,2.38,10.2076,1.4462,15.7136,15.398,9.6304,1711.3464189439442,0,-31.162109369999826
2020-12-29_Cadiz_Valladolid,2020-12-29,21:30,La Liga,Matchweek 16,Tue,2021,0.0,0.0,Cadiz,Valladolid,Draw,1587.49243164,1,21.0,0.5998,1.0662,0.86276,1.04978,36.5584,7.020599999999999,1.5444,17.06364,0.86276,0.12096599999999999,4.4856,0.9901,0.14370000000000002,14.450800000000001,17.6916,0.41286,0.28308,3.4762000000000004,1.7394,21.4162,4.0102,14.302999999999999,0.2198,14.152000000000001,2.1056,0.5998,6.579,1.4508,11.0572,10.045200000000001,12.087,1794.894545141402,1643.33776855,1.1580000000000001,1.558,0.9400000000000001,1.47222,40.7798,10.1668,2.9722,31.47706,0.81184,0.08332800000000001,4.81,1.31312,-0.24488000000000004,18.0142,20.7664,0.63314,0.64166,7.225199999999999,2.6636,27.317400000000003,4.8756,14.081000000000001,0.5778,21.2612,4.0542,1.9203999999999999,12.6418,1.0244,16.9724,13.497599999999998,17.1218,1723.147417895958,1,-55.845336910000015
2020-12-29_Betis_Levante,2020-12-29,21:30,La Liga,Matchweek 16,Tue,2021,4.0,3.0,Levante,Betis,Home Win,1696.31030273,1,21.0,1.6838,0.7802,1.62762,0.9387000000000001,56.568200000000004,12.8514,5.1788,40.4673,1.51548,0.11718799999999999,3.0466,0.40987999999999997,-0.37032,15.011,32.1894,1.1608,1.0198800000000001,9.0534,1.914,46.655,11.4478,14.905000000000001,1.1722000000000001,18.069,5.4372,2.5476,18.163,1.156,22.708,25.7146,21.2258,1687.671366724146,1658.88818359,0.7956,2.4899999999999998,0.9542200000000001,1.75378,56.8596,11.499400000000001,3.0896,26.633020000000002,0.9542200000000001,0.08333399999999999,5.076,1.87006,-0.42214,12.268,28.511599999999998,0.8562,0.9328799999999999,9.2108,2.7612,41.0418,8.3498,20.0078,1.0173999999999999,18.691200000000002,5.8254,1.5912,15.8082,2.4024,21.0384,20.584,16.2094,1726.216059033322,0,37.42211914000018
2020-12-29_Barcelona_Eibar,2020-12-29,19:15,La Liga,Matchweek 16,Tue,2021,1.0,1.0,Barcelona,Eibar,Draw,1914.06274414,1,19.0,2.6388,1.0286,2.7298199999999997,1.4273799999999999,63.783,19.8084,8.3056,41.05566,2.2773600000000003,0.139542,4.5203999999999995,1.31638,0.28778000000000004,8.997,43.0932,1.52458,1.7564000000000002,14.335,0.9536,58.1008,18.267599999999998,12.7066,0.801,16.412,7.098600000000001,3.523,28.811799999999998,1.0198,35.662,41.5916,27.4206,1714.7875852296943,1662.54345703,1.1978,0.8862,1.38372,1.53014,43.9872,9.1552,3.3414,38.49698000000001,1.06724,0.111748,3.1362,0.8483400000000001,-0.037860000000000005,17.235400000000002,21.848399999999998,0.7961600000000001,0.59826,6.5766,2.9752,27.0492,4.7376,15.923200000000001,0.1602,21.2894,3.7546,1.9536,8.5776,1.5015999999999998,14.377199999999998,13.605,8.458,1703.0827409909643,1,251.51928711000005
2020-12-29_Sevilla_Villarreal,2020-12-29,17:00,La Liga,Matchweek 16,Tue,2021,2.0,0.0,Sevilla,Villarreal,Home Win,1838.828125,1,17.0,1.2134,1.0198,1.5514200000000002,1.14592,62.812200000000004,13.567400000000001,3.3866,22.915460000000003,1.2136600000000002,0.087424,3.5614,1.0246600000000001,0.22465999999999997,8.9008,35.7512,1.0843800000000001,1.0510199999999998,11.2094,5.2105999999999995,48.2174,11.370000000000001,15.1882,0.822,26.961999999999996,5.7986,1.5892,18.449199999999998,1.4586,24.9582,22.4976,20.798799999999996,1717.156632443642,1793.82580566,1.6842000000000001,0.8398,1.6003399999999997,0.86898,58.7586,9.2168,3.3129999999999997,34.24242,1.4421,0.155114,2.8464,0.94706,0.10726,15.246400000000001,26.193,1.1146,0.96516,6.894,1.8926,36.7132,8.168,16.103399999999997,1.495,15.206199999999999,4.373,3.3684000000000003,13.5344,1.2992,17.6998,20.273,15.2522,1691.605166331858,0,45.002319339999985
2020-12-30_Celta Vigo_Huesca,2020-12-30,19:15,La Liga,Matchweek 16,Wed,2021,2.0,1.0,Celta Vigo,Huesca,Home Win,1691.80395508,1,19.0,2.1390000000000002,1.2302,2.14036,1.19958,56.2054,11.1946,3.7556,33.36568,1.82212,0.15457400000000002,3.2104,1.24588,0.015680000000000034,11.8014,25.9144,1.6585599999999998,1.42794,9.592400000000001,1.6266,39.948,8.6278,13.755399999999998,0.978,8.756,4.1724,4.0802,14.2422,2.1768,20.27,20.9878,15.8582,1675.409845334236,1593.66125488,1.1954,2.6984,0.7751,1.67928,46.53359999999999,8.892199999999999,3.7686,43.28113999999999,0.7751,0.07966,5.465199999999999,1.9958200000000001,-0.70258,18.700000000000003,21.9112,0.56196,0.51542,6.586399999999999,2.8946,28.131,5.2947999999999995,13.8348,0.178,17.6904,3.589,1.9512,12.1994,0.9558,15.7868,14.2254,16.9572,1749.231379760206,0,98.14270020000004
2020-12-30_Granada_Valencia,2020-12-30,17:00,La Liga,Matchweek 16,Wed,2021,2.0,1.0,Granada,Valencia,Home Win,1706.04089355,1,17.0,1.6838,1.4308,1.21214,1.03852,43.659000000000006,11.1438,3.8306,34.01424,1.01678,0.09026,3.5688000000000004,0.7834,-0.6474,15.884999999999998,23.267400000000002,0.8211200000000001,0.59394,7.1442000000000005,2.9664,26.8646,5.631600000000001,14.0252,0.0,19.0836,3.2694,3.1698,14.4796,2.4286000000000003,20.0712,14.8766,12.536999999999999,1679.302782055464,1714.59155273,1.2222,1.5604,1.25736,1.44176,43.546600000000005,10.830599999999999,3.8596,39.3475,1.25736,0.11347399999999999,4.7678,1.26962,-0.29078000000000004,14.927399999999999,25.5048,0.98782,0.81434,8.1364,0.9802,29.083,7.032399999999999,14.127399999999998,0.5956,15.8746,4.0889999999999995,2.2466,12.4,3.1382000000000003,19.797,20.23,14.4102,1728.48452658592,0,-8.550659180000139
2020-12-30_Elche_Real Madrid,2020-12-30,21:30,La Liga,Matchweek 16,Wed,2021,1.0,1.0,Elche,Real Madrid,Draw,1580.66674805,1,21.0,1.1846,1.2442,0.7277199999999999,1.47142,56.50359999999999,6.205399999999999,1.6219999999999999,34.94424000000001,0.58532,0.090424,4.5084,1.52426,0.28006,14.096599999999999,26.8936,0.44786000000000004,0.6123000000000001,4.5854,1.9284,30.8938,3.1726,15.0716,0.0,18.096400000000003,3.0274,1.947,7.883000000000001,1.2794,11.5072,12.9186,14.643600000000001,1663.951499048906,1911.31079102,1.8088000000000002,1.3142,1.6976200000000001,1.3944199999999998,53.8326,11.1618,3.9638,32.410560000000004,1.5694600000000003,0.139484,2.7228,1.2713199999999998,0.13512000000000002,14.924,33.692,1.35082,1.06338,8.9328,0.8642000000000001,44.590999999999994,9.1094,13.9212,1.6486,15.602799999999998,4.5771999999999995,3.0178000000000003,15.0978,1.6102,19.8174,22.281999999999996,22.813399999999998,1795.264156078548,1,-330.6440429699999
2020-12-31_Alaves_Osasuna,2020-12-31,16:15,La Liga,Matchweek 16,Thu,2021,1.0,1.0,Osasuna,Alaves,Draw,1647.89416504,1,16.0,0.7802,1.904,0.91796,1.6183799999999997,43.7458,9.364600000000001,2.0788,17.04476,0.59444,0.06656200000000001,5.4222,1.7504,-0.15360000000000001,10.049,32.762,0.49246,0.64262,5.9338,3.6512000000000002,43.016000000000005,7.6046000000000005,14.381,0.0,23.2124,2.5736,1.3162,11.7258,2.2022000000000004,16.1212,16.8014,8.360399999999998,1674.637277244356,1646.53100586,0.894,1.084,1.1929600000000002,1.23676,39.2068,7.7416,2.5338,32.94236,0.9065599999999999,0.10598400000000001,4.0245999999999995,1.10378,0.01978000000000002,17.234199999999998,17.2772,0.85396,0.41358,6.735,1.1424,22.8152,3.8498,16.455199999999998,0.1602,12.4912,4.259600000000001,1.0344,10.4532,1.9624,14.608,16.7558,9.9606,1700.409543605566,1,1.3631591799999114
2020-12-31_Athletic Club_Real Sociedad,2020-12-31,14:00,La Liga,Matchweek 16,Thu,2021,0.0,1.0,Athletic Club,Real Sociedad,Away Win,1705.01953125,1,14.0,1.956,0.6175999999999999,1.5283399999999998,0.63558,49.202799999999996,12.2558,3.7994,28.2929,1.3573999999999997,0.111096,1.8374,0.46618,-0.15142,13.495,28.627199999999995,1.02084,0.83848,9.3884,2.4818000000000002,38.9596,7.953399999999999,14.637999999999998,0.3204,20.3078,5.7968,2.7826,14.8154,2.5684000000000005,22.0418,19.3618,18.129800000000003,1693.23947087433,1753.15673828,1.2828,1.0882,1.64612,1.32252,57.788799999999995,12.805800000000001,4.7666,39.66252,1.64612,0.14330600000000002,2.6184000000000003,0.9543600000000001,-0.13384,5.9506,28.986600000000003,1.1757,1.51152,8.924199999999999,2.2876000000000003,41.4088,9.3518,16.2346,0.6764,20.8112,3.7782,2.2452,17.385,1.8266,22.955,25.711999999999996,16.685200000000002,1714.053490088642,2,-48.1372070299999
2021-01-02_Levante_Villarreal,2021-01-02,14:00,La Liga,Matchweek 17,Sat,2021,2.0,1.0,Villarreal,Levante,Home Win,1786.00695801,1,14.0,1.1184,0.6022,1.37072,0.55674,58.1326,13.523599999999998,3.8156,27.548920000000003,1.08432,0.08462,1.589,0.33748,-0.26472,14.535,38.8438,1.00874,0.8829200000000001,11.429599999999999,3.432,50.9332,10.9552,14.541400000000001,1.4864000000000002,18.1194,4.6842,2.2368,22.7594,0.9384,26.1498,20.9576,23.1132,1705.90281770168,1701.91369629,0.62,1.1602000000000001,0.81658,1.524,52.418800000000005,9.64,2.1714,24.52292,0.6583399999999999,0.079526,5.133800000000001,1.39118,0.23098000000000002,16.196800000000003,32.184599999999996,0.5583400000000001,0.72946,7.286200000000001,1.6478,43.711,8.200599999999998,12.7338,0.6594,21.2444,5.6922,0.9958,13.0044,1.3282,16.8268,18.122600000000002,15.268,1721.464526636834,0,84.0932617200001
2021-01-02_Celta Vigo_Real Madrid,2021-01-02,21:00,La Liga,Matchweek 17,Sat,2021,2.0,0.0,Real Madrid,Celta Vigo,Home Win,1904.73522949,1,21.0,2.3622,0.736,1.7722,1.06146,63.678399999999996,17.3914,5.542800000000001,32.40524,1.7722,0.11057,2.7096,0.81588,0.07987999999999999,11.9048,46.7108,1.3374000000000001,1.18866,13.3972,3.4488000000000003,55.2054,12.0906,12.8992,0.9578,22.7494,6.962999999999999,3.9905999999999997,23.8286,1.8862,30.25,28.5214,23.3808,1658.870137207024,1696.20495605,1.4176,1.3736,1.37646,1.1566800000000002,49.6222,7.7952,3.8124000000000002,40.51632,1.1811,,3.3692,1.29072,-0.08288,15.4958,25.075,0.74222,0.64124,5.6292,1.022,35.7502,5.4079999999999995,14.266000000000002,1.1714,12.767199999999999,3.3258,2.1978,11.518199999999998,0.38,14.068800000000001,12.6218,9.8826,1717.60751740558,0,208.53027343999997
2021-01-02_Betis_Sevilla,2021-01-02,16:15,La Liga,Matchweek 17,Sat,2021,1.0,1.0,Betis,Sevilla,Draw,1653.28491211,1,16.0,0.998,1.274,1.0017,1.3075800000000002,59.2234,9.237,3.6988000000000003,34.87692,0.8593,0.080132,3.516,1.5014399999999999,0.22744,11.781799999999999,32.9162,0.74592,0.8368,6.7298,1.3514,39.528,6.2936,16.1214,0.3956,15.0552,4.4262,1.8179999999999998,11.8644,1.274,17.156,18.375999999999998,16.4512,1678.4227002199123,1846.64697266,0.8398,0.5162,1.1974200000000002,0.71784,63.735400000000006,12.0906,2.3604000000000003,19.901660000000003,1.1974200000000002,0.09906,2.765,0.5625800000000001,0.04638000000000002,14.056000000000001,35.7554,1.13744,1.0701,10.782599999999999,3.9261999999999997,47.93639999999999,10.578199999999999,14.464199999999998,0.2442,19.991600000000002,4.1966,1.24,17.889400000000002,1.4112,22.0708,25.273400000000002,16.0616,1694.13962570696,1,-193.36206055000002
2021-01-02_Getafe_Valladolid,2021-01-02,18:30,La Liga,Matchweek 17,Sat,2021,0.0,1.0,Getafe,Valladolid,Away Win,1707.72485352,1,18.0,0.62,1.356,0.55084,0.9502199999999998,43.9274,9.3154,2.418,27.44184,0.55084,0.058362,1.8501999999999998,0.9247599999999999,-0.21144,9.5642,25.866000000000003,0.37766,0.5439400000000001,6.2918,2.0344,27.0792,3.9904000000000006,18.236,0.0,23.785999999999998,3.4318,0.6862,9.716199999999999,2.7334,16.4992,16.2942,12.651200000000001,1753.6185825694602,1643.34851074,0.7538,1.1138,0.8239,1.33732,47.4276,10.2826,2.6308000000000002,24.612120000000004,0.8239,0.08732,4.0522,1.13088,0.017080000000000053,15.538400000000001,26.1946,0.66308,0.78844,7.635199999999999,2.7414,32.790400000000005,6.4416,14.217000000000002,0.3758,24.819200000000002,4.9698,1.1516,13.2986,1.022,17.252000000000002,14.124600000000001,19.1956,1707.61489277369,2,64.37634277999996
2021-01-03_Eibar_Granada,2021-01-03,18:30,La Liga,Matchweek 17,Sun,2021,2.0,0.0,Eibar,Granada,Home Win,1669.63623047,1,18.0,0.2442,1.0886,0.85088,1.06446,53.3844,12.5914,3.6784000000000003,31.995320000000003,0.85088,0.067746,3.4818,0.86588,-0.22272000000000003,9.993400000000001,31.0582,0.66932,0.68314,8.767,3.5126,37.3338,7.459199999999999,15.0716,0.0,29.514200000000002,5.5358,0.4884,14.211,1.6548,20.528599999999997,16.683600000000002,14.4156,1742.42845117219,1712.80688477,0.5778,1.4378,1.18214,2.15158,32.6746,7.8984000000000005,1.899,19.30046,0.9115800000000001,0.10760600000000001,4.8318,1.7869599999999999,0.34916,19.6098,16.4432,0.6577,0.62882,4.071400000000001,1.2198,20.411,3.6172,14.1924,0.5778,10.5136,1.5033999999999998,1.1556,6.790000000000001,1.0882,11.1356,12.131799999999998,8.088000000000001,1740.5239324193521,0,-43.170654299999796
2021-01-03_Osasuna_Real Sociedad,2021-01-03,18:30,La Liga,Matchweek 17,Sun,2021,1.0,1.0,Real Sociedad,Osasuna,Draw,1761.61096191,1,18.0,1.4144,1.0662,1.6789800000000001,0.95562,57.287400000000005,10.090599999999998,3.3242000000000003,30.969100000000005,1.1473399999999998,0.114812,2.8262,0.95058,-0.11562,14.8488,34.854,0.8495199999999999,0.9906999999999999,7.286,1.861,42.9112,10.82,14.8944,0.9028,20.2836,6.422000000000001,2.1524,12.8448,1.9628,17.9326,23.8508,14.6894,1686.07441142384,1646.19567871,0.9279999999999999,2.117,1.38984,1.7083599999999999,39.45440000000001,11.56,4.4494,37.377759999999995,1.38984,0.122788,4.9244,2.16988,0.05287999999999997,15.159199999999998,27.580199999999998,1.08738,1.11156,8.252,2.9888000000000003,30.2362,8.5962,12.6096,0.1602,20.2304,3.351,1.6362,14.5062,1.6063999999999998,18.7724,21.4934,8.971,1726.67423310538,1,115.41528319999998
2021-01-03_Athletic Club_Elche,2021-01-03,14:00,La Liga,Matchweek 17,Sun,2021,1.0,0.0,Athletic Club,Elche,Home Win,1696.56530762,1,14.0,1.472,0.8,1.0927,0.9194599999999999,51.4364,9.9882,2.8426,21.339219999999997,0.9388399999999999,0.087682,2.242,0.71258,-0.08742000000000003,13.7338,29.0088,0.71246,0.74136,7.7402,2.3336000000000006,41.1058,6.3046,16.8162,0.0,20.076999999999998,4.407800000000001,2.0718,12.536,1.979,18.186200000000003,17.2392,16.3074,1706.71526979946,1587.24230957,0.9404,1.4644,0.53994,1.6495200000000003,49.0152,6.622199999999999,2.5582000000000003,33.92998,0.53994,0.08124,5.2139999999999995,1.7536999999999998,0.2893,13.202000000000002,16.6204,0.44589999999999996,0.37826,4.3260000000000005,1.0442,23.638399999999997,3.6798,14.6172,0.178,12.2118,2.9072,1.8808,7.9948,1.2354,11.2478,8.142600000000002,12.028599999999999,1683.6657186298721,0,109.32299805000002
2021-01-03_Barcelona_Huesca,2021-01-03,21:00,La Liga,Matchweek 17,Sun,2021,0.0,1.0,Huesca,Barcelona,Away Win,1589.26025391,1,21.0,0.9623999999999999,0.9404,1.03718,0.89134,55.052,10.263200000000001,3.1128,28.0928,0.9395,0.089382,2.2698,0.70628,-0.23412,12.949,24.0552,0.58796,0.56932,7.0886000000000005,2.5184,31.971199999999996,5.3515999999999995,20.0062,0.0,24.6372,4.9314,1.5204,12.736,1.7116000000000002,19.2586,16.5712,17.28,1705.308578858906,1906.9699707,1.1304,0.9756,1.69066,1.31368,69.19740000000002,17.8868,6.5758,34.0774,1.69066,0.095282,3.4508,1.23732,0.26172,10.393,54.530199999999994,1.49396,1.9539,15.0978,1.8752,71.9802,16.3632,13.553,0.9558,15.433599999999998,8.4732,1.8212000000000002,27.4052,1.4964,33.334,37.1412,28.397199999999998,1646.061115773082,2,-317.7097167899999
2021-01-04_Cadiz_Valencia,2021-01-04,21:00,La Liga,Matchweek 17,Mon,2021,1.0,1.0,Valencia,Cadiz,Draw,1707.82556152,1,21.0,1.472,1.3800000000000001,1.18506,1.65108,35.3806,7.6226,2.411,32.338,0.47584,0.060084,4.6895999999999995,1.1563400000000001,-0.025859999999999994,22.1274,16.6474,0.32282,0.29608,5.1102,1.2596,22.602800000000002,3.5978,16.9608,0.3978,10.294599999999999,1.3062,1.9116,8.8806,1.6362,14.408000000000001,11.4982,11.947799999999999,1759.12687993112,1587.48168945,0.5182,2.0332,0.5354399999999999,0.90106,36.497,8.0308,2.7426,38.49274,0.5354399999999999,0.076196,3.4434,1.2663200000000001,-0.76688,10.205200000000001,23.552800000000005,0.44926,0.39114,5.1734,1.653,26.4288,3.8174,18.3038,0.1602,23.267599999999998,5.6666,0.8762000000000001,9.2136,1.6176,14.9216,11.3684,14.4952,1643.5239731682461,1,120.34387207000009
2021-01-06_Athletic Club_Barcelona,2021-01-06,21:00,La Liga,Matchweek 2,Wed,2021,2.0,3.0,Athletic Club,Barcelona,Away Win,1700.77758789,1,21.0,1.2806,0.5758,1.15226,0.71776,51.4812,9.8568,2.3258,18.4527,1.0138,0.09423999999999999,1.9736,0.5704,-0.005400000000000002,14.492999999999999,32.0706,0.7368000000000001,0.76722,7.1452,2.156,44.923,7.8392,15.3254,0.0,17.839,4.3228,1.9203999999999999,13.5148,0.916,17.9466,18.1362,16.188200000000002,1655.5314010500942,1909.51660156,1.2615999999999998,0.7338,2.15328,1.14694,68.745,19.9726,7.2392,35.93346,2.15328,0.10652400000000001,3.5058,1.1414600000000001,0.40766,9.2886,66.8836,1.80532,2.1992200000000004,16.63,1.9317999999999997,78.5722,17.7686,12.1444,1.2044,15.5224,8.8024,2.1276,31.7578,1.3026,37.793800000000005,41.7526,27.525000000000002,1618.25380437175,2,-208.73901367000008
2021-01-08_Celta Vigo_Villarreal,2021-01-08,21:00,La Liga,Matchweek 18,Fri,2021,0.0,4.0,Celta Vigo,Villarreal,Away Win,1692.72473145,1,21.0,2.4134,1.063,2.21396,1.1952,56.9054,11.575199999999999,4.1242,34.994640000000004,1.9275600000000002,0.15944,3.7778,1.30688,0.24387999999999999,14.84,24.6694,1.6582599999999998,1.3142,9.9332,1.9082,39.088,10.3186,12.0264,0.9802,7.627,2.6016,4.1604,15.971400000000001,1.0939999999999999,20.210400000000003,20.8566,14.563,1665.356263961972,1790.58312988,1.5158,1.2442,1.47148,1.29046,55.988,8.751,3.1818,34.82662,1.32908,0.148162,3.2942000000000005,1.16978,-0.07441999999999999,14.5334,28.815600000000003,1.03874,0.8954,6.993,1.9474,37.542,7.707000000000001,15.6488,1.3014,17.2506,4.924,3.0316,12.937000000000001,1.1692,16.9858,21.0552,18.0694,1741.451247948094,2,-97.85839842999985
2021-01-09_Osasuna_Real Madrid,2021-01-09,21:00,La Liga,Matchweek 18,Sat,2021,0.0,0.0,Osasuna,Real Madrid,Draw,1650.82165527,1,21.0,0.8022,1.9578,0.75082,1.74634,41.8054,9.5162,2.4592,22.089199999999998,0.57498,0.062022,4.4032,1.7086400000000002,-0.24916,13.830400000000001,29.3666,0.44878,0.58392,6.2286,3.6302,37.253,7.099799999999999,13.4102,0.0,22.158199999999997,3.2488,1.3846,10.676,2.2260000000000004,16.296799999999998,15.9208,7.4476,1662.244038988342,1908.21557617,1.4396,1.2828,1.4372,1.2396200000000002,58.0338,11.445800000000002,3.8792,31.412999999999997,1.4372,0.129328,2.6064,1.21212,0.08952000000000002,13.9432,40.7166,1.12716,1.1547399999999999,8.507,1.2662,52.8236,11.140600000000001,12.7962,1.4396,18.861400000000003,3.8428,2.2394000000000003,14.4114,1.505,19.5592,23.0984,21.2344,1719.8282006589939,1,-257.3939209
2021-01-09_Barcelona_Granada,2021-01-09,18:30,La Liga,Matchweek 18,Sat,2021,0.0,4.0,Granada,Barcelona,Away Win,1701.76513672,1,18.0,1.8596,1.5318,1.4407,1.21442,44.7368,14.0154,4.2358,32.360640000000004,1.26486,0.08735,4.244400000000001,0.9948000000000001,-0.537,16.606,26.017400000000002,0.92224,0.65336,8.4506,2.7254,29.654600000000002,6.6450000000000005,14.455200000000001,0.0,20.5074,3.6866000000000003,3.297,16.9852,2.7740000000000005,24.5152,17.8308,13.7158,1659.339895140398,1909.51660156,1.7238000000000002,1.0046,2.0547,1.0057,64.3982,17.545,7.559399999999999,44.62388,2.0547,0.11364,3.4552,1.01078,0.006179999999999963,10.3248,64.7954,1.81362,2.15162,15.0134,2.0828,75.7492,16.4264,11.353200000000001,1.0398,14.3932,6.880199999999999,3.0916,28.9074,0.5956,32.953799999999994,37.0724,24.2888,1635.2512553231318,2,-207.75146483999993
2021-01-09_Real Sociedad_Sevilla,2021-01-09,14:00,La Liga,Matchweek 18,Sat,2021,3.0,2.0,Sevilla,Real Sociedad,Home Win,1842.92358398,1,14.0,1.5804,0.7736,1.68838,1.14896,56.64939999999999,11.380400000000002,3.1035999999999997,23.982020000000002,1.18902,0.104774,3.5494,1.1375199999999999,0.56172,10.7762,29.726800000000004,1.03384,1.00708,9.4466,4.4568,41.2258,9.5352,15.257399999999999,0.5956,21.628400000000003,4.3212,1.9185999999999999,16.074,1.4686,21.8112,20.3618,20.1862,1742.564325314414,1756.98498535,0.822,0.8351999999999999,1.58384,1.0084,53.991,13.402,4.013199999999999,30.119300000000003,1.58384,0.12179000000000001,2.0682,0.7147600000000001,-0.12044000000000002,8.4418,28.431800000000003,1.14372,1.4027,8.6318,1.7704,41.6326,8.2398,17.444,0.3204,21.1068,3.9446,1.644,16.6464,2.0882,24.012999999999998,25.1292,17.2816,1718.102351905018,0,85.93859863000012
2021-01-10_Eibar_Levante,2021-01-10,14:00,La Liga,Matchweek 18,Sun,2021,2.0,1.0,Levante,Eibar,Home Win,1697.33752441,1,14.0,2.348,1.2906,1.70696,1.41326,51.8272,12.7104,5.5934,45.42844,1.70696,0.142214,4.018800000000001,1.10266,-0.18794,16.863599999999998,24.847,1.35332,1.20208,9.480599999999999,2.1668,37.10040000000001,10.2378,15.1146,1.2992,16.641,5.1934,3.7138,17.014,1.6288,21.9488,23.545399999999997,17.4518,1684.135721337572,1680.67810059,1.178,1.0418,1.36296,1.66926,42.3884,10.0046,3.5956,37.97756,1.07816,0.10513,3.6109999999999998,0.98888,-0.05292000000000002,12.763200000000001,20.731,0.7121000000000001,0.56842,6.463,2.1008000000000004,27.032400000000003,3.7427999999999995,15.142399999999999,0.0,22.4696,4.656000000000001,1.714,8.808,1.3514,15.248399999999998,14.7534,8.424,1730.742252123108,0,16.65942382000003
2021-01-10_Valencia_Valladolid,2021-01-10,21:00,La Liga,Matchweek 18,Sun,2021,0.0,1.0,Valladolid,Valencia,Away Win,1654.76159668,1,21.0,1.2132,1.8684000000000003,1.3733,2.0709,39.744,8.9754,3.8054,41.18914,1.05506,0.12483,5.1908,1.89438,0.025980000000000003,17.3382,19.7788,0.7708200000000001,0.6039399999999999,6.1588,2.5314000000000005,23.2018,6.6638,10.388399999999999,0.2198,14.622,2.906,2.0704000000000002,13.036800000000001,0.6242,17.7042,12.2306,15.457999999999998,1730.74195947453,1703.06176758,1.2,1.6044,1.4114,1.6185400000000003,45.18899999999999,12.0686,4.5062,40.63276,1.4114,0.116894,4.647,1.25386,-0.35054,17.2648,25.4308,1.12438,0.9294200000000001,8.367,1.4706000000000001,29.595399999999998,7.7059999999999995,15.279599999999999,0.536,15.222199999999999,4.136,2.222,13.480999999999998,2.4918000000000005,20.8942,22.049200000000003,13.0276,1715.627644065704,2,-48.30017090000001
2021-01-10_Alaves_Cadiz,2021-01-10,16:15,La Liga,Matchweek 18,Sun,2021,3.0,1.0,Cadiz,Alaves,Home Win,1592.2454834,1,16.0,0.3956,0.8154,0.8032,0.98036,35.638400000000004,6.2536,1.5458,20.39062,0.8032,0.119306,3.5602,0.8357399999999999,0.21814000000000003,14.7056,18.2554,0.40274,0.36804,3.1962,1.6772,23.928600000000003,4.8978,14.6172,0.1978,13.992800000000003,1.8508,0.3956,6.244599999999999,1.2615999999999998,9.81,11.1294,10.757399999999999,1767.782827683862,1644.70629883,0.7604,1.2198,1.1039,1.1675,43.717200000000005,8.511800000000001,1.8477999999999999,26.3164,0.76614,0.08985,4.2104,1.0722200000000002,-0.14758000000000004,17.487000000000002,20.6918,0.65554,0.45224,6.6732000000000005,2.0608,27.1766,3.7766,16.0098,0.2442,17.2496,4.2336,0.9868,10.8198,2.3104,16.0918,16.692,12.23,1696.2114705093459,0,-52.46081542999991
2021-01-11_Elche_Getafe,2021-01-11,19:00,La Liga,Matchweek 18,Mon,2021,1.0,3.0,Elche,Getafe,Away Win,1583.02990723,1,19.0,1.022,1.2198,0.88474,1.43546,52.1344,6.3732,1.6598,31.59986,0.56122,0.08638400000000002,5.0902,1.5651,0.34530000000000005,16.3286,25.183,0.4375,0.5955,4.8152,1.7356,27.9626,2.9554,16.4738,0.2442,17.2426,3.213,1.664,8.0832,1.3956,11.9332,13.6362,13.2582,1715.852349977198,1696.31176758,0.76,1.1580000000000001,0.9697399999999999,1.2473800000000002,45.522000000000006,9.5282,2.7026,31.23392,0.9697399999999999,0.103302,4.0478,1.03746,-0.12054000000000002,10.9818,26.751399999999997,0.77196,0.68296,7.5116000000000005,2.5854,37.0178,7.5014,14.1894,0.0,21.513199999999998,3.5492,0.9798,11.977200000000002,0.716,15.453199999999999,18.7606,14.0596,1651.16009028152,2,-113.28186034999999
2021-01-11_Betis_Huesca,2021-01-11,21:00,La Liga,Matchweek 18,Mon,2021,0.0,2.0,Huesca,Betis,Away Win,1586.71362305,1,21.0,0.5778,0.8022,0.97024,1.3906,47.6002,8.483400000000001,2.769,41.29708000000001,0.88232,0.114866,3.0754,1.2396399999999999,0.43743999999999994,11.865599999999999,22.9082,0.42382000000000003,0.40704,5.426200000000001,2.0782000000000003,29.0996,5.2164,17.6754,0.0,20.8228,4.4942,0.9358,10.7088,0.8196,15.237400000000001,14.328199999999999,15.222000000000001,1764.085314893376,1657.00830078,1.4485999999999999,2.9294,1.38394,1.79166,57.662400000000005,13.0148,3.8132,28.496100000000002,1.18858,0.088884,4.9242,2.1361,-0.6153,12.085,28.9284,0.96826,1.0417,10.3666,3.2736,43.159,10.0242,16.788400000000003,1.0156,18.834200000000003,5.9872000000000005,2.4088,17.248399999999997,3.0948,23.5768,23.4678,17.465600000000002,1736.149092211178,2,-70.29467772999988
2021-01-12_Granada_Osasuna,2021-01-12,19:00,La Liga,Matchweek 4,Tue,2021,2.0,0.0,Granada,Osasuna,Home Win,1701.76513672,1,19.0,1.5294,2.2112000000000003,1.3898800000000002,1.1829800000000001,42.7748,13.8466,4.5006,35.56642,1.2316400000000003,0.088498,4.22,1.36488,-0.84632,11.928799999999999,26.093,0.92328,0.64686,8.6382,2.5528000000000004,30.575599999999994,5.9921999999999995,12.356,0.0,19.9452,4.0064,2.6788,16.4752,2.5966000000000005,23.8406,17.3922,12.988399999999999,1715.6443775863322,1650.82165527,1.0794,2.1494,1.302,1.68954,37.867000000000004,10.715599999999998,4.2044,38.166219999999996,1.302,0.123508,4.055,2.09164,-0.057760000000000006,17.7972,24.6032,1.0198,0.9639,7.9268,2.6456,28.791400000000003,6.8272,13.581199999999999,0.0,16.944000000000003,2.495,1.7167999999999999,12.390400000000001,1.7458,17.3626,18.5136,8.2296,1743.218433592588,0,50.943481450000036
2021-01-19_Alaves_Sevilla,2021-01-19,21:30,La Liga,Matchweek 19,Tue,2021,1.0,2.0,Alaves,Sevilla,Away Win,1633.06140137,1,21.0,1.2,1.2244,1.0450599999999999,1.6765400000000001,35.6734,7.6000000000000005,1.938,30.125980000000002,0.9026599999999999,0.12553599999999998,4.8187999999999995,1.30686,0.08245999999999998,13.352599999999999,16.9456,0.6063999999999999,0.41962,5.461600000000001,1.6594,17.8996,3.1886,14.242,0.4044,11.4816,2.1118,1.7513999999999998,6.3076,2.053,12.5078,13.2506,9.401599999999998,1732.630201829644,1840.36279297,0.7558,0.7081999999999999,1.21692,0.79898,65.9576,12.2388,2.1622,18.21026,1.21692,0.093504,2.7656,0.8165199999999999,0.10832,9.5096,42.9998,0.9908399999999999,1.0090999999999999,9.9416,3.052,54.5336,9.029,14.157,0.6374,24.3218,6.2752,0.716,16.3694,2.2198,22.344,26.216600000000003,16.335,1656.5161338852522,2,-207.3013916
2021-01-19_Cadiz_Levante,2021-01-19,19:00,La Liga,Matchweek 19,Tue,2021,2.0,2.0,Cadiz,Levante,Draw,1603.89038086,1,19.0,1.0886,0.978,1.32892,0.9867199999999999,38.2372,7.3492,3.1006,35.4452,1.32892,0.163652,3.4039999999999995,1.00632,0.20631999999999998,14.1026,19.2832,0.72434,0.5710200000000001,4.1533999999999995,1.3212,27.7198,4.5198,15.276400000000002,0.4222,14.537799999999999,2.6424,1.8212000000000002,7.297000000000001,1.4796,12.171,12.581800000000001,10.9256,1735.157565159894,1703.45837402,0.8022,1.2442,0.81374,1.43066,52.4652,10.0086,2.2984,25.08284,0.6713399999999999,0.079014,5.752800000000001,1.56974,0.32554,13.8236,32.1544,0.5713400000000001,0.83302,7.690199999999999,2.4156000000000004,43.616,9.2014,13.8372,0.5934,21.985,5.9112,1.3846,13.280600000000002,1.928,17.5092,19.1314,13.531600000000001,1739.852856910336,1,-99.56799316000001
2021-01-19_Elche_Valladolid,2021-01-19,19:00,La Liga,Matchweek 19,Tue,2021,2.0,2.0,Valladolid,Elche,Draw,1646.35302734,1,19.0,1.0918,1.6374,1.3636,1.7964,39.537,10.043,4.2574,43.07454,1.0772,0.116902,5.704400000000001,1.72404,0.08664,17.059800000000003,19.5688,0.78696,0.6223599999999999,6.919599999999999,2.0898,24.9148,6.4532,11.8146,0.6862,14.904,2.327,1.8632,14.0982,0.6617999999999999,19.3756,13.084200000000001,16.6216,1739.4853821307797,1573.25842285,0.558,1.5622,0.41944,1.58136,48.9254,6.1716,2.114,29.235500000000002,0.41944,0.067024,4.8926,1.76488,0.20268000000000003,11.828199999999999,17.0352,0.36363999999999996,0.3316,4.4376,1.284,23.0306,3.756,15.8764,0.1602,14.4444,2.7281999999999997,1.116,7.5512,1.6002,11.4114,8.3284,14.323599999999999,1693.259063454448,1,73.09460448999994
2021-01-20_Betis_Celta Vigo,2021-01-20,21:00,La Liga,Matchweek 19,Wed,2021,2.0,1.0,Betis,Celta Vigo,Home Win,1667.83044434,1,21.0,1.1424,0.9581999999999999,1.3566600000000002,0.98048,56.359399999999994,10.7226,3.4288000000000007,31.05984,0.83778,0.072234,2.9318,1.17496,0.21676,11.2152,30.7158,0.70132,0.81754,7.533600000000001,1.3162,40.1738,6.741,15.2558,0.356,14.4172,3.6068000000000002,2.1246,14.596599999999999,1.2024,20.6916,20.713,17.8598,1707.970853101218,1678.72216797,1.1316,1.5804,1.2943600000000002,1.1121400000000001,53.0116,6.8946000000000005,2.9984,32.52584,1.1185200000000002,,3.0879999999999996,1.19836,-0.38203999999999994,13.2924,28.974800000000002,0.71356,0.67594,5.2778,1.0198,36.0754,4.2462,14.1954,1.2984,15.6768,3.9258,1.6896,10.201,0.6862,12.752399999999998,12.603599999999998,10.7152,1767.21492836762,0,-10.891723630000115
2021-01-20_Getafe_Huesca,2021-01-20,19:00,La Liga,Matchweek 19,Wed,2021,1.0,0.0,Getafe,Huesca,Home Win,1706.08325195,1,19.0,0.558,1.3204,0.56134,0.98964,43.349,9.628,3.0088,32.14494,0.56134,0.05664200000000001,1.8652,1.06442,-0.05818000000000001,11.7498,29.5866,0.39548,0.52188,6.6068,2.4752,28.215999999999998,4.6798,16.270400000000002,0.2442,22.2008,3.4444,0.6175999999999999,10.033,2.6158,16.6492,16.8208,13.851199999999999,1727.899468897166,1575.89147949,1.1758,2.3402,0.94292,1.7125399999999997,45.5592,11.1448,4.28,39.3384,0.94292,0.081134,5.5186,1.8120599999999998,-0.52814,16.3202,20.4988,0.67226,0.6303799999999999,8.137,3.1934,30.148,6.5304,15.1164,0.1602,22.537800000000004,3.7302,1.956,14.909600000000001,1.2044,20.0476,18.098200000000002,18.7034,1731.839839893184,0,130.19177246000004
2021-01-20_Granada_Villarreal,2021-01-20,21:30,La Liga,Matchweek 19,Wed,2021,2.0,2.0,Villarreal,Granada,Draw,1804.58569336,1,21.0,1.2066,0.642,1.40808,0.53666,55.5894,12.938800000000002,4.4226,34.2299,1.26568,0.100694,1.486,0.44584,-0.19615999999999997,14.0052,35.6406,1.21208,0.9479,11.2426,3.1888,48.786,11.392199999999999,14.863999999999999,1.3378,15.798,4.5158,2.4132,21.2302,0.9446,24.049,21.9388,21.881,1701.8205860120818,1701.20263672,0.3758,1.7824,1.1250600000000002,2.27058,35.105,7.996800000000001,2.2974,25.9749,0.9969,0.121936,5.9138,2.09662,0.31422,18.8956,19.7942,0.78284,0.64034,4.5968,1.442,21.7232,3.6553999999999998,12.9638,0.62,11.4832,1.6972,0.7516,6.9992,1.0794,11.698599999999999,13.0276,8.3558,1721.0440388895458,1,103.38305663999995
2021-01-21_Osasuna_Valencia,2021-01-21,19:00,La Liga,Matchweek 19,Thu,2021,1.0,1.0,Valencia,Osasuna,Draw,1711.47021484,1,19.0,1.2806,1.1978,1.06004,1.33528,43.701,8.392999999999999,2.57,30.78388,0.5371,0.059634000000000006,3.988,0.89322,-0.12657999999999997,20.6612,23.808600000000002,0.36495999999999995,0.6183400000000001,6.3202,1.8662,31.478,5.2474,16.8882,0.358,16.5026,3.3734,1.9203999999999999,10.5578,1.7167999999999999,16.120800000000003,14.078800000000001,15.760200000000001,1718.826927269186,1647.94091797,0.9714,2.2786,1.2417600000000002,1.5573,43.585,11.8648,4.228000000000001,36.34894,1.2417600000000002,0.113272,4.2378,1.9968400000000002,-0.28176,15.319999999999999,26.2962,0.92896,0.89864,8.1782,2.681,33.72839999999999,6.844200000000001,14.8442,0.0,18.891199999999998,3.2222,1.5450000000000002,12.895199999999999,2.3038,18.747,18.594199999999997,9.4274,1718.10729372462,1,63.529296869999826
2021-01-22_Levante_Valladolid,2021-01-22,21:00,La Liga,Matchweek 20,Fri,2021,2.0,2.0,Levante,Valladolid,Draw,1702.29467773,1,21.0,2.4574000000000003,1.2615999999999998,1.4776399999999998,1.4252200000000002,49.3488,9.964800000000002,4.8014,48.8556,1.4776399999999998,0.171738,4.3054,1.04246,-0.21914,19.5842,19.8132,1.18822,0.97886,7.5348,1.3734,27.4718,6.7303999999999995,13.2496,1.1692,14.0258,3.9205999999999994,4.3191999999999995,12.5402,1.1776,16.8932,17.6768,14.066799999999999,1689.232377076396,1642.72546387,0.9226,0.714,0.9336,1.13938,48.00619999999999,9.6216,2.7117999999999998,26.942859999999996,0.9336,0.105124,3.9028,0.83384,0.11984,17.6264,23.4892,0.64676,0.76518,6.594799999999999,1.3138,30.513799999999996,4.5998,14.1512,0.3382,21.3096,6.0938,1.0364,11.1708,1.5082,15.617199999999999,12.7028,15.3248,1696.320127687248,1,59.56921385999999
2021-01-23_Cadiz_Sevilla,2021-01-23,16:15,La Liga,Matchweek 20,Sat,2021,3.0,0.0,Sevilla,Cadiz,Home Win,1844.90515137,1,16.0,2.0108,1.1846,1.99586,1.12846,56.119,12.019,4.5026,35.82048,1.6617800000000003,0.139812,3.6386,1.1170200000000001,0.35462,13.0408,31.3512,1.40002,1.22056,9.834399999999999,4.311,40.2816,9.8258,14.999199999999998,1.0244,20.3002,3.9448000000000003,2.9036,15.9664,1.4218,22.0624,23.5002,19.7792,1752.3518853980581,1605.05419922,0.4222,2.074,0.53306,0.9342,35.8908,8.560199999999998,2.38,30.4479,0.53306,0.06748399999999999,3.6432,1.2240799999999998,-0.84992,11.597,25.4274,0.38223999999999997,0.40202,5.400200000000001,1.976,27.827199999999998,3.8355999999999995,18.0616,0.0,25.747400000000003,6.5207999999999995,0.356,9.480599999999999,2.2884,15.5502,13.6292,14.9662,1652.9144993886298,0,239.85095215
2021-01-23_Huesca_Villarreal,2021-01-23,14:00,La Liga,Matchweek 20,Sat,2021,0.0,0.0,Huesca,Villarreal,Draw,1572.02807617,1,14.0,0.3758,1.0662,0.8734600000000001,1.7079,46.297599999999996,8.0582,2.5038,39.3474,0.79434,0.11061599999999999,3.5564,1.2746,0.20840000000000003,11.9348,25.247600000000002,0.44377999999999995,0.51518,5.351,1.6378,35.438399999999994,5.1064,14.756599999999999,0.7326,19.3424,4.2004,0.5538,10.461,1.0818,14.892399999999999,15.0836,15.932199999999998,1751.969511499346,1800.25695801,1.9083999999999999,0.9756,1.652,1.15818,53.1028,10.241,3.6078,33.09472,1.5238399999999999,0.13981,3.1206,1.15722,0.18162,13.6708,28.8108,1.3823,1.16888,7.9704,2.4852,37.208400000000005,8.2246,14.6188,1.6596,16.814,4.9758,3.5726,13.7316,1.5406,19.6732,21.482,19.4044,1728.983801538714,1,-228.22888183999999
2021-01-23_Alaves_Real Madrid,2021-01-23,21:00,La Liga,Matchweek 20,Sat,2021,1.0,4.0,Alaves,Real Madrid,Away Win,1628.51904297,1,21.0,1.18,1.4462,1.15822,1.52798,38.357200000000006,8.949200000000001,1.8,20.74396,0.85912,0.09070399999999999,3.916,1.4371399999999999,-0.009060000000000012,12.717,19.425600000000003,0.72666,0.53416,7.068800000000001,2.0818,21.505200000000002,4.1464,15.371200000000002,0.2198,12.9868,2.3448,1.6762,7.786,2.8244000000000002,15.031200000000002,16.3322,8.5848,1727.292300438714,1903.03894043,1.1514,0.5778,1.20368,0.90172,59.70779999999999,10.192,2.8704,25.5753,1.20368,0.117066,2.2574,0.6683800000000001,0.09058,14.2252,46.3066,0.93906,1.10602,7.8796,1.7280000000000002,53.81,10.8942,12.083800000000002,1.1514,18.578400000000002,3.2817999999999996,1.727,13.7052,0.7778,17.5732,23.744799999999998,24.3414,1704.2546391097362,2,-274.5198974599998
2021-01-23_Betis_Real Sociedad,2021-01-23,18:30,La Liga,Matchweek 20,Sat,2021,2.0,2.0,Real Sociedad,Betis,Draw,1752.30407715,1,18.0,0.9404,1.0596,1.3459400000000001,0.98328,59.345,9.3048,2.7592000000000003,27.96386,0.98282,0.11000199999999999,2.4552,0.91666,-0.14294,13.919400000000001,35.8226,0.7148,0.8207,6.292400000000001,1.8308,43.841800000000006,8.607999999999999,12.9072,0.8684000000000001,26.248800000000003,6.9124,1.3162,11.3628,1.4782,16.0976,21.7682,15.3534,1688.57798708303,1674.54663086,1.5038,1.9156,1.6730399999999999,1.43974,58.4378,13.646,3.7878,26.56904,1.4971999999999999,0.10853199999999999,3.8668,1.5788200000000001,-0.17658000000000001,11.9764,32.519400000000005,1.18122,1.08078,10.6184,3.2904,46.227000000000004,10.354399999999998,17.1858,0.914,19.904200000000003,6.132600000000001,2.568,18.633,2.4528,25.172800000000002,25.9516,19.7612,1669.7021572762121,1,77.75744628999996
2021-01-24_Celta Vigo_Eibar,2021-01-24,18:30,La Liga,Matchweek 20,Sun,2021,1.0,1.0,Celta Vigo,Eibar,Draw,1672.00585938,1,18.0,2.0278,1.3568,1.85954,1.44666,58.5008,11.217799999999999,4.3002,38.84968,1.71714,0.141286,3.856,1.46068,0.10387999999999997,13.8234,28.253800000000002,1.47918,1.16952,9.64,2.0616,38.0792,10.030999999999999,12.523799999999998,0.738,10.639,2.7856,3.4558,15.6186,0.6962,19.5454,18.517400000000002,15.4276,1678.877916939998,1674.55725098,1.1602000000000001,1.2818,1.36548,1.42932,43.714,12.0018,3.7802,34.51092,1.10916,0.095848,3.0174,0.9867600000000001,-0.29503999999999997,10.6684,26.9068,0.73088,0.47948,7.9818,1.9906,29.615199999999998,4.0568,14.363,0.0,23.876,5.9556,1.4984,10.2482,2.5372000000000003,19.0748,18.6176,7.5608,1742.485577830756,1,-2.551391599999988
2021-01-24_Granada_Osasuna,2021-01-24,14:00,La Liga,Matchweek 20,Sun,2021,3.0,1.0,Osasuna,Granada,Home Win,1647.94091797,1,14.0,0.5778,1.3294,0.66364,1.2656399999999999,38.706,9.364600000000001,2.2692,20.57928,0.5054,0.05517,3.3418,1.1872600000000002,-0.14214000000000002,16.4666,28.4206,0.39182,0.54786,6.594200000000001,3.423,33.0434,6.801399999999999,11.5596,0.0,19.512,2.9798,0.9578,10.508400000000002,1.9592,16.111400000000003,16.417,7.747,1730.3195362049978,1705.53149414,0.8266,1.8042,0.9460200000000001,2.13938,35.3714,7.7852,2.5559999999999996,39.665580000000006,0.9460200000000001,0.12106800000000001,4.7574,2.0993399999999998,0.29513999999999996,15.099,20.9682,0.7533799999999999,0.63512,4.8696,1.642,22.7042,3.734,13.832399999999998,0.8022,11.423,1.5273999999999999,1.1648,7.275799999999999,0.9714,11.0726,12.324399999999999,8.8526,1732.5616016835943,0,-57.59057616999985
2021-01-24_Barcelona_Elche,2021-01-24,16:15,La Liga,Matchweek 20,Sun,2021,0.0,2.0,Elche,Barcelona,Away Win,1576.88598633,1,16.0,1.0198,1.6862,0.8486,1.7461200000000001,50.79900000000001,6.4358,2.4706,42.383700000000005,0.67276,0.098512,5.4254,1.95606,0.26985999999999993,16.860999999999997,21.6454,0.55142,0.64036,5.0778,1.3736,26.400399999999998,2.3272000000000004,16.7148,0.2198,14.555200000000001,2.7032000000000003,1.8418,7.930599999999999,1.6002,11.8956,11.918800000000001,11.202,1719.8472785412719,1922.58337402,2.5282,0.76,1.9391600000000002,0.9551200000000001,67.7536,17.0902,7.2034,43.24194,1.9391600000000002,0.109274,3.798,1.00854,0.24853999999999998,10.104,63.42679999999999,1.63894,1.9399200000000003,14.1234,1.3978,74.362,16.7162,12.250399999999999,1.6684,10.9468,5.2828,4.2476,27.5836,0.536,32.05779999999999,37.6624,26.3018,1655.615818702482,2,-345.69738769000014
2021-01-25_Athletic Club_Getafe,2021-01-25,21:00,La Liga,Matchweek 20,Mon,2021,5.0,1.0,Athletic Club,Getafe,Home Win,1696.33068848,1,21.0,1.0642,1.2508,0.8230999999999999,0.9790000000000001,50.921,8.8062,1.5282,16.49402,0.6985,0.074074,3.8297999999999996,1.05058,-0.20022000000000004,13.467000000000002,35.3032,0.55454,0.70284,6.4982,1.8962,47.926,8.043800000000001,14.5042,0.4884,17.5108,3.758,1.8841999999999999,12.931000000000001,0.536,15.722,15.7042,14.716,1713.749962132718,1709.94665527,1.1282,0.998,1.2837399999999999,1.18938,45.21699999999999,9.443,3.1766,34.878800000000005,1.08838,0.113856,3.8987999999999996,1.0160399999999998,0.018040000000000042,11.648600000000002,26.6004,0.90804,0.78912,8.104800000000001,1.9060000000000001,35.6866,6.9304,12.7286,0.7326,19.4876,4.471,1.8144,12.3356,1.3328,16.796599999999998,18.7196,13.244399999999999,1625.29151484339,0,-13.61596679000013
2021-01-29_Huesca_Valladolid,2021-01-29,21:00,La Liga,Matchweek 21,Fri,2021,1.0,3.0,Valladolid,Huesca,Away Win,1645.97473145,1,21.0,1.1826,1.8177999999999999,1.16862,1.5181,46.397400000000005,11.347999999999999,3.8874,35.317660000000004,1.0262200000000001,0.091584,5.577999999999999,1.82252,0.004720000000000016,14.623600000000001,26.2936,0.8026800000000001,0.7522199999999999,8.337,1.8366,32.6704,7.1846,13.586799999999998,1.1059999999999999,16.423000000000002,2.7826,2.3652,16.5186,0.8398,22.0566,15.906200000000002,18.889599999999998,1702.333558376004,1576.57727051,0.914,1.7736,0.8997999999999999,1.40502,47.9334,12.3956,4.2962,37.08726,0.8997999999999999,0.06937,5.3225999999999996,1.36362,-0.40998,17.2646,24.2676,0.63178,0.72502,9.200199999999999,2.6856,32.787000000000006,6.2332,14.672400000000001,0.2442,23.549400000000002,4.8782,1.472,14.8188,2.505,22.085,18.7094,18.9096,1698.6356118653318,2,69.39746093999997
2021-01-30_Levante_Real Madrid,2021-01-30,16:15,La Liga,Matchweek 21,Sat,2021,1.0,2.0,Real Madrid,Levante,Away Win,1908.64172363,1,16.0,2.0376,0.5182,1.50754,0.98206,58.6708,15.9756,4.611800000000001,27.92426,1.50754,0.10042,2.1502,0.61894,0.10073999999999998,14.168000000000001,40.6018,1.13064,1.03444,12.2808,3.1598,49.823800000000006,11.493200000000002,13.3418,0.5736,20.2768,5.6458,3.3148000000000004,22.1248,1.7975999999999999,27.8158,25.550600000000003,24.1638,1676.703812304032,1699.04541016,1.0662,1.464,1.06656,1.45408,53.9752,8.2218,2.7128,34.794079999999994,0.9383999999999999,0.120066,5.377400000000001,1.6337,0.16969999999999993,15.5826,32.1184,0.8384,0.8853200000000001,6.323599999999999,1.8416,40.2178,6.4304,14.086200000000002,0.534,18.2588,4.655,1.9346,10.901599999999998,1.591,14.474799999999998,16.7558,15.755600000000001,1702.98307155836,2,209.5963134699998
2021-01-30_Real Sociedad_Villarreal,2021-01-30,21:00,La Liga,Matchweek 21,Sat,2021,1.0,1.0,Villarreal,Real Sociedad,Draw,1795.70776367,1,21.0,1.286,1.0662,1.59382,0.4309,58.128,11.523800000000001,3.5036000000000005,28.324819999999995,1.07494,0.100302,1.6816,0.56778,-0.49842,9.6002,41.2898,1.04112,0.9487000000000001,10.185599999999999,2.8256000000000006,48.6276,11.197,14.2332,0.7714000000000001,14.541,3.9316,2.572,20.162599999999998,0.41759999999999997,22.8112,23.442600000000002,21.936799999999998,1712.815759473942,1748.59204102,1.084,1.4842,1.4477600000000002,1.52798,48.6986,12.485000000000001,3.9118,31.34688,1.4477600000000002,0.11616800000000001,3.5705999999999998,1.54676,0.06255999999999999,10.3956,28.921,1.0416599999999998,1.13938,7.6476,1.2608,38.2064,6.417999999999999,15.5902,0.2442,21.8288,4.8828,1.6796,15.5606,2.3236,22.446399999999997,23.3182,17.1652,1763.438887425978,1,47.11572265000018
2021-01-30_Eibar_Sevilla,2021-01-30,14:00,La Liga,Matchweek 21,Sat,2021,0.0,2.0,Eibar,Sevilla,Away Win,1672.44250488,1,14.0,0.8815999999999999,1.0818,1.3620400000000001,1.0791,47.2094,13.3662,3.3312000000000004,24.979760000000002,0.96886,0.07236400000000001,3.62,1.1281,0.04629999999999995,10.1416,26.6454,0.75884,0.7612,8.485000000000001,3.1764,32.5366,6.837599999999999,13.146,0.0,28.319599999999998,4.3076,1.5433999999999999,14.6064,2.407,20.8708,16.7288,12.7818,1728.816347998418,1848.68261719,1.0244,0.8815999999999999,1.12874,1.08092,64.841,10.4172,2.1018,23.26024,1.12874,0.10980799999999999,3.0774000000000004,1.0867200000000001,0.20511999999999997,10.1912,40.535000000000004,0.9008400000000001,0.96376,8.105599999999999,2.2700000000000005,49.629,7.4284,14.285600000000002,0.5736,21.3596,4.6944,1.3328,13.902000000000001,1.277,19.102600000000002,21.710800000000003,16.069000000000003,1658.3995729733601,2,-176.2401123100001
2021-01-30_Elche_Valencia,2021-01-30,18:30,La Liga,Matchweek 21,Sat,2021,1.0,0.0,Valencia,Elche,Home Win,1704.69909668,1,18.0,0.82,1.178,0.7156600000000001,1.40498,49.9134,9.418800000000001,2.9014,31.426720000000003,0.59106,0.060112,3.945,1.03598,0.01818,16.467,24.2286,0.41172,0.69862,7.3092,2.1238,36.4034,6.199599999999999,17.8646,0.178,22.246000000000002,5.0898,1.1516,11.479,2.0334000000000003,17.1738,15.4362,18.359,1672.223300243076,1573.82385254,0.8464,1.4618,0.42307999999999996,1.20602,47.400200000000005,7.1754,2.3468,27.234460000000002,0.42307999999999996,0.050462,3.4497999999999998,1.25024,-0.21155999999999997,12.089599999999999,17.32,0.36286,0.2896,4.7822000000000005,1.1556,21.018,3.192,15.833000000000002,0.2442,15.4978,3.5322,1.2044,7.7402,1.7844,12.2912,8.3398,14.4798,1683.9950624760638,0,130.87524413999995
2021-01-31_Athletic Club_Barcelona,2021-01-31,21:00,La Liga,Matchweek 21,Sun,2021,2.0,1.0,Barcelona,Athletic Club,Home Win,1925.64562988,1,21.0,1.8981999999999999,0.8815999999999999,2.50382,1.27254,66.4796,19.1834,7.6866,38.76588,2.08866,0.12881800000000002,3.9358,1.15382,0.27222,11.4394,39.7772,1.4012000000000002,1.6819400000000002,14.0574,1.2024,51.2444,16.6314,13.3126,0.2442,17.1476,6.312,2.3613999999999997,27.3656,1.7504,34.8076,38.658,25.9252,1706.8652629153657,1710.39086914,1.1978,1.7975999999999999,1.07276,1.54756,47.186800000000005,10.2226,2.9192,31.639859999999995,0.78636,0.080052,4.1346,1.57782,-0.21977999999999998,12.76,25.2852,0.71454,0.5876,7.902200000000001,1.5646,36.1126,7.5916,16.9904,0.46399999999999997,22.7902,6.391799999999999,2.1758,14.3846,1.3381999999999998,19.0552,18.41,16.433200000000003,1764.221049781996,0,215.25476073999994
2021-01-31_Celta Vigo_Granada,2021-01-31,18:30,La Liga,Matchweek 21,Sun,2021,0.0,0.0,Granada,Celta Vigo,Draw,1694.01989746,1,18.0,1.7206,1.5575999999999999,1.22992,1.04816,39.8576,12.5966,3.918,33.92904,1.08752,0.08476399999999999,4.098,1.1819000000000002,-0.3757,13.5332,21.988,0.7856,0.46240000000000003,7.753400000000001,1.5766,26.034,4.2394,13.497,0.0,15.822600000000001,3.6174000000000004,2.755,13.841199999999999,2.6928,21.714199999999998,16.476,11.924199999999999,1711.68128366466,1670.34558105,1.1184,1.7666,1.13074,0.98002,54.56399999999999,6.6286000000000005,2.566,30.4126,0.9725000000000001,,3.6118,1.30064,-0.46596,11.2328,26.6798,0.69014,0.57184,5.506,1.262,32.6726,3.8448,13.887599999999999,0.9802,16.4744,4.5658,1.4764,8.495000000000001,1.1059999999999999,11.2914,12.254800000000001,11.5646,1768.7991144287398,1,23.674316410000074
2021-01-31_Alaves_Getafe,2021-01-31,14:00,La Liga,Matchweek 21,Sun,2021,0.0,0.0,Getafe,Alaves,Draw,1695.88647461,1,14.0,0.6022,0.7558,0.59964,0.75442,44.1032,9.7212,3.3522000000000003,34.672320000000006,0.59964,0.05842,1.6904,0.69522,0.11742,14.205200000000001,27.142200000000003,0.4592,0.5097,6.8904,2.5278,27.4298,4.9562,16.3316,0.2198,21.316,3.4,1.0442,9.220600000000001,2.6984,16.7962,14.597000000000001,14.742999999999999,1681.6856581056381,1622.91625977,0.7844,1.6862,1.09796,1.38286,49.816,7.7724,1.6188,24.9874,0.5986,0.06944600000000001,4.777800000000001,1.48454,-0.20165999999999998,15.3082,24.9512,0.49906,0.42701999999999996,5.8734,1.8548,30.7434,3.4548,16.208599999999997,0.2198,18.2228,3.9102,1.0882,9.805399999999999,2.2794,15.194600000000001,14.657599999999999,11.6632,1671.324384376176,1,72.97021484000015
2021-02-01_Betis_Osasuna,2021-02-01,21:00,La Liga,Matchweek 21,Mon,2021,1.0,0.0,Betis,Osasuna,Home Win,1678.25878906,1,21.0,1.084,0.9623999999999999,0.955,1.0501,52.715999999999994,10.2738,2.765,27.96728,0.60332,0.058034,3.0828,1.23072,0.26832,13.1236,25.9392,0.49934,0.62718,7.6362000000000005,0.8962,34.230399999999996,5.4134,15.4746,0.3204,14.7196,4.3228,2.168,12.3628,1.4264,19.281,19.5884,18.3622,1716.70359387335,1662.81689453,1.1184,1.7182,1.292,0.9901800000000001,43.836200000000005,12.6552,4.3052,34.22192,1.292,0.109618,3.1048000000000004,1.3569200000000003,-0.11707999999999998,18.5504,22.8598,0.83954,0.95202,8.648800000000001,2.5688,31.2582,7.392399999999999,15.2366,0.2442,16.8164,3.4442,1.6346,13.782599999999999,2.6618,20.5702,17.9022,10.2616,1683.023725902076,0,15.441894530000127
2021-02-05_Alaves_Valladolid,2021-02-05,21:00,La Liga,Matchweek 22,Fri,2021,1.0,0.0,Alaves,Valladolid,Home Win,1626.45678711,1,21.0,1.0178,1.9899999999999998,0.96822,1.44308,39.3864,9.742799999999999,2.3084,23.24528,0.8143599999999999,0.08230599999999999,4.2686,1.58554,-0.40446,10.7916,20.9924,0.7528199999999999,0.60842,8.7714,2.9504,23.1642,7.2506,13.6246,0.1978,14.897599999999997,2.5103999999999997,1.4202,10.9262,3.0862,17.426000000000002,18.0644,8.838,1769.0864453125419,1629.78186035,0.8862,0.9868,0.79932,1.05334,47.693599999999996,9.071,2.7406,29.92294,0.79932,0.096404,3.3800000000000003,0.93814,-0.04865999999999997,17.3314,23.1164,0.62766,0.80632,6.2909999999999995,1.6266,31.015400000000003,4.5838,13.9478,0.1602,20.9666,5.5402000000000005,1.0886,11.241800000000001,1.2132,15.011,12.144,15.1478,1689.678944604234,0,-3.325073239999938
2021-02-06_Elche_Villarreal,2021-02-06,18:30,La Liga,Matchweek 22,Sat,2021,2.0,2.0,Elche,Villarreal,Draw,1570.08190918,1,18.0,0.7736,1.8618,0.8714,2.1343400000000003,47.488600000000005,6.1922,2.2794,39.5416,0.71316,0.11608000000000002,6.548,2.5975,0.7357,15.233,19.527,0.5307000000000001,0.6063200000000001,4.77,1.3362,25.459999999999997,2.5386,15.4664,0.1978,14.0878,2.2885999999999997,1.3692,7.5374,1.296,10.7734,11.4266,11.326,1784.8606614265918,1792.77270508,1.5734,0.7338,1.43588,0.84604,54.977999999999994,9.8728,3.5912,34.289060000000006,1.43588,0.13327,2.476,0.84962,0.11582,13.948,32.724999999999994,1.2740799999999997,1.112,7.040799999999999,1.76,41.4152,8.2022,13.0034,1.3494,15.2672,4.3898,2.927,13.3584,1.3424,18.5734,21.1336,21.538,1679.676718066784,1,-222.6907959
2021-02-06_Huesca_Real Madrid,2021-02-06,16:15,La Liga,Matchweek 22,Sat,2021,1.0,2.0,Huesca,Real Madrid,Away Win,1592.77001953,1,16.0,0.3382,0.8154,0.8061,1.3996600000000001,47.653999999999996,7.7524,2.3534000000000006,37.411460000000005,0.7349,0.10211,3.1124,1.04734,0.23193999999999992,9.322799999999999,23.39,0.40942,0.48368,5.2602,1.7182,34.095,4.6516,15.990200000000002,0.6594,20.7056,3.8802000000000003,0.4984,10.014999999999999,1.2178,14.447399999999998,13.2542,16.9924,1747.71027849172,1894.50646973,1.8688,0.62,1.33862,0.73736,60.7462,10.7494,3.9042000000000003,35.2606,1.33862,0.13145,2.8642,0.62826,0.008260000000000017,14.791,43.610600000000005,1.07606,1.1242400000000001,8.424199999999999,1.411,52.0844,10.648800000000001,12.3314,1.6246,17.3322,3.642,2.9752,14.355599999999999,1.0442,18.769199999999998,25.8006,25.428600000000003,1670.34029616627,2,-301.73645020000004
2021-02-06_Getafe_Sevilla,2021-02-06,21:00,La Liga,Matchweek 22,Sat,2021,3.0,0.0,Sevilla,Getafe,Home Win,1855.95593262,1,21.0,1.9656000000000002,0.7778,1.98304,0.88376,61.57979999999999,12.3172,4.32,34.02618,1.6824,0.136508,2.9979999999999998,0.66042,0.26261999999999996,14.290199999999999,32.905,1.29912,1.3162,10.051,3.8474000000000004,44.1724,10.6318,12.5692,1.022,20.4378,4.827,3.1134,17.290799999999997,1.7238000000000002,23.333000000000002,24.439,20.834,1729.8931911608558,1692.3458252,1.2596,2.1192,1.41518,1.3714,45.595600000000005,8.5662,2.6706000000000003,30.867359999999998,1.0439800000000001,0.11968000000000001,4.8858,1.50846,-0.6107400000000001,11.206999999999999,26.7286,0.87166,0.81348,7.406,1.8154,34.553,6.5932,12.035,0.6594,20.86,4.4239999999999995,2.1214,11.469600000000002,1.4438,15.684600000000001,18.492,13.6408,1636.168140089082,0,163.61010742000008
2021-02-06_Granada_Levante,2021-02-06,14:00,La Liga,Matchweek 22,Sat,2021,2.0,2.0,Levante,Granada,Draw,1713.18066406,1,14.0,2.5558,1.4796,1.4731,1.34264,52.233000000000004,9.7798,4.3328,45.085,1.4731,0.16788999999999998,3.8864,0.9737399999999999,-0.50586,18.781399999999998,19.0226,1.1538,0.99538,7.1928,1.8244000000000002,27.2392,6.569,13.6128,1.0522,17.253800000000002,4.7612,4.5756,12.1976,1.7482000000000002,16.9594,18.3974,16.6022,1691.909342580298,1691.7767334,0.844,1.9238,0.79164,1.735,39.7738,8.6392,2.2562,34.52522,0.79164,0.094774,4.249,1.7810599999999999,-0.14273999999999998,14.644400000000003,22.813200000000002,0.6271,0.8558,5.471,2.0662000000000003,24.6432,5.37,13.216600000000001,0.5778,14.4876,2.5956,1.0042,9.3018,1.3626,13.607199999999999,14.578,8.6232,1722.7452649652919,1,21.403930660000015
2021-02-07_Eibar_Osasuna,2021-02-07,18:30,La Liga,Matchweek 22,Sun,2021,2.0,1.0,Osasuna,Eibar,Home Win,1656.59851074,1,18.0,1.1084,1.2964,0.86822,1.2090199999999998,38.626400000000004,7.542199999999999,2.0098,26.856320000000004,0.72582,0.09961,2.5308,1.08522,-0.21117999999999998,17.0408,23.630000000000003,0.48150000000000004,0.54426,5.5256,2.6598,28.246200000000005,6.1446000000000005,12.1036,0.0,16.5096,2.3492,2.0388,8.4392,1.3866,13.0168,14.7454,7.7282,1743.507160594194,1665.16918945,1.0,1.3978,1.03058,1.57612,44.751999999999995,11.701800000000002,3.3138,30.078280000000003,1.03058,0.089054,3.2598,1.0901800000000001,-0.30762,9.969,26.5608,0.6413,0.50154,7.5396,1.6032,29.209799999999998,3.6628000000000003,13.5942,0.2442,24.6094,6.5368,1.4044,9.9236,2.7278000000000002,17.8468,16.646800000000002,8.6256,1735.5221441649321,0,-8.570678710000038
2021-02-07_Athletic Club_Valencia,2021-02-07,16:15,La Liga,Matchweek 22,Sun,2021,1.0,1.0,Athletic Club,Valencia,Draw,1707.984375,1,16.0,2.1788,1.0816,1.1570799999999999,1.0255400000000001,50.9286,9.1698,3.3289999999999997,32.5984,1.04494,0.105854,3.3586,1.21208,0.13048,13.6202,30.933200000000003,0.9053800000000001,0.81024,6.8926,2.2508,43.82619999999999,7.551,15.5304,0.4396,16.883,3.7821999999999996,4.1378,12.5054,1.0708,16.194,15.4012,13.5234,1719.403686180468,1708.44091797,1.0178,1.4842,0.99862,1.64624,45.4106,11.774199999999999,4.8352,44.55098,0.99862,0.084074,5.171799999999999,1.5085,0.0243,17.6796,20.875,0.7641,0.63164,7.6617999999999995,2.4946,27.558999999999997,7.2202,13.226199999999999,0.38,16.4638,4.3094,2.0356,12.1964,2.2244,19.2472,18.9286,14.375600000000002,1702.0142367415679,1,-0.45654297000010047
2021-02-07_Cadiz_Real Sociedad,2021-02-07,14:00,La Liga,Matchweek 22,Sun,2021,4.0,1.0,Real Sociedad,Cadiz,Home Win,1751.52722168,1,14.0,1.0464,1.442,1.2583600000000001,0.9160999999999999,56.2154,8.421,2.6950000000000003,30.303980000000003,1.1622400000000002,0.132422,3.0422,0.925,-0.517,14.1478,28.6172,0.80776,0.8897999999999999,5.6982,1.4594,39.776799999999994,7.938000000000001,13.348799999999999,1.1258,25.259400000000003,6.012,1.873,10.1966,1.242,14.3812,20.9732,16.550800000000002,1675.95492214233,1597.71813965,0.38,2.0224,0.59302,1.09964,32.6712,8.46,2.442,31.208679999999998,0.59302,0.07450399999999999,3.979,1.31844,-0.7039599999999999,13.767999999999999,21.633399999999998,0.44728,0.39182,5.604400000000001,1.8784,23.649,3.4078,17.7992,0.2442,22.71,6.3246,0.3204,7.5348,2.2596,13.7974,14.1432,13.648600000000002,1706.465957250972,0,153.8090820299999
2021-02-07_Barcelona_Betis,2021-02-07,21:00,La Liga,Matchweek 22,Sun,2021,2.0,3.0,Betis,Barcelona,Away Win,1684.47717285,1,21.0,1.2198,0.5778,1.12484,0.86886,54.2326,10.1906,2.7886,28.142920000000004,0.80836,0.086652,3.1304,0.8516400000000001,0.27384,14.276399999999999,33.6592,0.59268,0.6200399999999999,7.716800000000001,1.2508,41.465,7.4698,13.4294,0.0,16.8896,3.758,2.4396,12.959,0.9954000000000001,18.997,22.304000000000002,19.291,1710.09488154368,1928.05212402,2.6196,0.3956,2.1638200000000003,0.62124,65.0274,16.016,7.2829999999999995,46.43898,2.1638200000000003,0.12976400000000002,3.4739999999999998,0.6648999999999999,0.26929999999999993,8.6726,55.2394,1.6826800000000002,1.9070600000000002,13.3342,1.3579999999999999,62.165000000000006,13.393400000000002,13.9232,1.7016,11.1754,4.5893999999999995,4.3112,24.3622,1.315,29.7216,33.5798,27.1044,1642.640973024188,2,-243.57495117000008
2021-02-09_Getafe_Real Madrid,2021-02-09,21:00,La Liga,Matchweek 1,Tue,2021,2.0,0.0,Real Madrid,Getafe,Home Win,1894.50646973,1,21.0,1.9338,0.6664,1.4290800000000001,1.0062,54.61919999999999,13.447399999999998,3.4854000000000003,25.469,1.4290800000000001,0.117472,3.0236,0.8659199999999999,0.19952,14.9724,32.4176,1.2340600000000002,0.9677199999999999,11.1756,2.367,41.4966,9.4018,13.952,0.7604,16.1442,4.0834,3.3274000000000004,18.6048,1.5735999999999999,23.3056,24.8302,25.2124,1685.610880981816,1692.3458252,1.1336,2.2074000000000003,1.25036,1.4543,42.5262,7.3884,2.4034000000000004,27.779700000000005,0.9162799999999999,0.111268,4.4648,1.67978,-0.52762,11.919,23.7898,0.7512,0.69884,6.1442000000000005,1.4896,29.3574,5.0686,11.498999999999999,0.5934,17.0228,3.5048000000000004,1.9092,10.0572,1.2552,13.762200000000002,14.679600000000002,11.2346,1681.986463185488,0,202.1606445299999
2021-02-12_Celta Vigo_Elche,2021-02-12,21:00,La Liga,Matchweek 23,Fri,2021,3.0,1.0,Celta Vigo,Elche,Home Win,1679.77124023,1,21.0,1.6366,1.3212,1.45868,1.2911000000000001,56.6648,9.5982,3.8376,41.2339,1.33052,0.135622,3.6704,1.40464,0.08344000000000001,16.4036,26.430999999999997,0.95426,0.7465,7.4898,2.2996000000000003,30.936,8.33,13.4042,0.62,10.386999999999999,1.3536000000000001,2.6334000000000004,12.2612,0.8266,15.7628,16.3792,13.9314,1669.44214933895,1574.55615234,0.6175999999999999,1.4156,0.39193999999999996,1.6682,48.0158,7.3138,1.6354,20.39234,0.39193999999999996,0.046532,3.1164,1.3917,-0.023899999999999977,11.1598,18.6648,0.32774000000000003,0.28622000000000003,4.904,0.9958,22.1602,2.3518,16.8706,0.2198,17.4572,5.0442,0.7956,8.6988,1.1734,12.1296,8.1174,15.108400000000001,1687.69432553694,0,105.21508789000018
2021-02-13_Eibar_Valladolid,2021-02-13,18:30,La Liga,Matchweek 23,Sat,2021,1.0,1.0,Eibar,Valladolid,Draw,1658.2755127,1,18.0,0.7934,1.462,1.2581600000000002,1.2797800000000001,47.1,14.162199999999999,3.886400000000001,26.977220000000003,0.9043,0.062918,3.8022,1.5581,0.12052000000000003,7.1646,29.5878,0.76296,0.83718,9.7576,3.203,33.8922,7.2424,12.6664,0.0,30.373600000000003,4.909400000000001,1.389,15.6108,2.8548,22.2048,19.4864,15.0896,1756.874628785034,1622.98608398,0.7976,0.844,0.64286,1.14128,47.2796,7.021999999999999,2.2782,31.732020000000002,0.64286,0.085436,3.6862000000000004,0.9731799999999999,0.12918000000000002,19.4844,21.0742,0.48838,0.63474,4.7084,1.1756,26.985599999999998,3.5044000000000004,13.6088,0.0,19.2486,4.6534,0.9798,8.399000000000001,1.5802,12.2354,10.6202,12.314400000000001,1686.209336963036,1,35.28942871999993
2021-02-13_Alaves_Barcelona,2021-02-13,21:00,La Liga,Matchweek 23,Sat,2021,5.0,1.0,Barcelona,Alaves,Home Win,1931.63684082,1,21.0,1.6199999999999999,1.0376,2.1839,1.0022199999999999,63.757400000000004,17.3114,6.9412,39.88972,1.81026,0.12140199999999998,3.3096,0.93304,0.13963999999999996,9.854,36.568799999999996,1.31134,1.48514,13.119,1.1822,46.6682,14.5704,15.279,0.2198,16.788800000000002,6.6692,2.0928,24.3544,1.5754000000000001,31.6522,35.7058,27.5186,1709.090038744628,1633.25256348,0.41759999999999997,1.3734,0.7197800000000001,1.0971600000000001,49.8434,6.774,0.9802,20.16366,0.38570000000000004,0.052082,3.1466000000000003,1.0477400000000001,-0.32566,14.7242,22.4024,0.31054,0.38988,4.965,1.7692,28.147399999999998,2.9208000000000003,18.906399999999998,0.1978,16.479,2.7098,0.8351999999999999,7.971,2.6398,12.832799999999999,11.7286,9.743,1643.374862354186,0,298.38427734000015
2021-02-13_Huesca_Sevilla,2021-02-13,16:15,La Liga,Matchweek 23,Sat,2021,1.0,0.0,Sevilla,Huesca,Home Win,1861.69177246,1,16.0,2.5016,0.5558000000000001,2.221,0.62794,64.653,13.7508,4.8206,35.00384,1.95044,0.143506,2.4097999999999997,0.5511,0.1931,13.3608,35.513000000000005,1.59548,1.4310999999999998,11.7554,3.0418000000000003,49.13999999999999,10.913,11.647,1.5082,19.8176,4.5001999999999995,4.2672,18.9272,2.2840000000000003,25.842,24.716,20.9508,1696.114290185834,1589.99255371,1.411,1.6962,1.0019200000000001,1.55984,47.64020000000001,12.977,4.3666,32.4788,1.0019200000000001,0.073434,4.7578000000000005,1.3416400000000002,-0.35456,17.6944,22.476200000000002,0.84722,0.91672,10.2896,3.0054000000000003,31.375999999999998,6.498200000000001,14.0726,0.2198,23.771,5.667199999999999,2.5016,14.9694,3.2314,22.441599999999998,18.3266,19.351,1685.6574798344961,0,271.69921875
2021-02-14_Getafe_Real Sociedad,2021-02-14,14:00,La Liga,Matchweek 23,Sun,2021,0.0,1.0,Getafe,Real Sociedad,Away Win,1682.93786621,1,14.0,0.3978,0.536,0.56526,0.6845399999999999,46.9908,8.6282,2.5844,27.268079999999998,0.56526,0.060020000000000004,1.4772,0.63124,0.25544,13.2404,29.1254,0.41886,0.48872,5.9246,2.2308,31.438000000000002,4.8164,16.1218,0.1978,23.714599999999997,3.8484,0.7956,8.466,2.3402,15.0632,14.6812,13.0152,1661.22231316013,1757.46008301,1.2198,1.5799999999999998,1.4185400000000001,1.3807800000000001,49.8964,12.292200000000001,3.6763999999999997,29.875919999999997,1.4185400000000001,0.11555,3.5578,1.4853800000000001,-0.09462,9.567599999999999,29.485000000000003,1.0718999999999999,1.1942599999999999,8.027,1.5348000000000002,41.0628,7.2646,16.3842,0.2198,21.7252,5.6714,2.0,15.6162,1.947,22.2132,24.3072,17.9048,1787.234566844228,2,-74.52221680000002
2021-02-14_Betis_Villarreal,2021-02-14,21:00,La Liga,Matchweek 23,Sun,2021,1.0,2.0,Villarreal,Betis,Away Win,1788.29846191,1,21.0,1.2573999999999999,1.0596,1.23816,0.6187400000000001,54.0848,9.6176,3.6414000000000004,37.7008,0.8864799999999999,0.093388,2.1018,0.7563599999999999,-0.30324,12.4144,36.1212,0.87046,0.86498,8.2132,2.4546,40.0736,9.712,14.3656,0.6942,10.703,3.2058,2.2706,16.583,0.3758,18.778399999999998,20.512,20.5662,1693.800677980606,1680.89245605,1.8418,1.6356,1.59456,1.47252,55.319,12.9812,4.2416,35.79404,1.43632,0.108564,3.4034000000000004,1.25694,-0.37866,11.5022,30.0578,1.12752,0.97384,9.768,3.0612000000000004,40.8758,9.042,16.5346,0.9226,19.1692,5.8192,3.288,17.7254,2.0632,24.0552,25.2446,19.0408,1684.0329699718238,2,107.40600586000005
2021-02-14_Real Madrid_Valencia,2021-02-14,16:15,La Liga,Matchweek 23,Sun,2021,2.0,0.0,Real Madrid,Valencia,Home Win,1900.95605469,1,16.0,1.9404,0.5998,1.5471,0.82908,57.4434,13.934999999999999,3.681,25.969640000000002,1.5471,0.12349399999999999,2.5772,0.76496,0.16515999999999997,14.186600000000002,31.610599999999998,1.38484,0.97978,11.978800000000001,2.4744,41.9236,9.3056,14.0128,0.5402,18.26,5.196,3.683,18.8324,2.0046,24.4398,24.4914,27.133,1698.635901686274,1710.01745605,1.1602000000000001,1.5799999999999998,1.0464,1.5872,47.7438,13.3942,4.2632,33.72648,1.0464,0.07734,4.710400000000001,1.38768,0.051879999999999996,17.1024,23.261799999999997,0.7865,0.7794000000000001,9.0048,3.3218000000000005,32.496,8.7516,12.8592,0.1978,18.647599999999997,5.3436,2.3204000000000002,14.5068,2.4462,22.085,21.11,15.824,1707.9116531482482,0,190.93859864
2021-02-14_Levante_Osasuna,2021-02-14,18:30,La Liga,Matchweek 23,Sun,2021,0.0,1.0,Levante,Osasuna,Away Win,1711.00512695,1,18.0,2.356,1.8199999999999998,1.3504399999999999,1.42926,51.8568,9.7578,4.455399999999999,46.489360000000005,1.3504399999999999,0.155446,4.7186,1.34028,-0.47972000000000004,17.8704,19.4324,1.02306,0.89816,7.6178,2.3304,26.695,6.8122,13.5074,0.6586000000000001,19.0824,5.0294,3.8853999999999997,11.613,2.0618,16.7312,17.148600000000002,13.5354,1685.520045802668,1663.49206543,0.7182,1.3579999999999999,1.23074,0.9690799999999999,40.501,13.1782,4.2306,32.27012,1.23074,0.09900600000000001,2.6618,1.02844,-0.10976000000000002,18.3838,21.331799999999998,0.82118,0.85474,8.828199999999999,2.3236,28.6576,6.3882,14.436,0.2198,15.3488,3.644,1.0386,13.172,3.8165999999999998,21.246,15.8378,9.214599999999999,1689.36016508598,2,47.513061520000065
2021-02-15_Athletic Club_Cadiz,2021-02-15,21:00,La Liga,Matchweek 23,Mon,2021,0.0,4.0,Cadiz,Athletic Club,Away Win,1591.78515625,1,21.0,1.5213999999999999,1.9346,1.17184,1.30882,42.6276,9.1282,3.9836,41.3274,1.17184,0.1243,3.2901999999999996,1.63754,-0.29706000000000005,10.531400000000001,24.824800000000003,0.78148,0.68954,5.8595999999999995,3.6586,32.2158,5.960800000000001,14.3814,0.1978,21.2548,2.8770000000000002,2.5788,10.432,1.9822,15.8366,13.837200000000001,11.4238,1657.345863913614,1706.40783691,1.178,1.8177999999999999,0.7936,1.5539600000000002,42.630799999999994,8.6026,2.9713999999999996,34.55086,0.6512,0.07560399999999999,4.6096,1.83542,0.017620000000000025,12.384,22.7378,0.6154000000000001,0.49674,7.090999999999999,1.2198,34.3384,5.6464,15.0052,0.41759999999999997,18.5948,4.898999999999999,1.6698,12.0716,0.916,15.321600000000002,15.517800000000001,15.3804,1824.3697614993462,2,-114.62268066000001
2021-02-19_Betis_Getafe,2021-02-19,21:00,La Liga,Matchweek 24,Fri,2021,1.0,0.0,Betis,Getafe,Home Win,1686.35205078,1,21.0,1.442,1.1084,1.36538,0.92642,51.212,9.5388,3.0098000000000003,34.030879999999996,1.08058,0.124504,3.5058,0.93974,0.07554000000000002,12.9396,32.6824,0.9153,0.94992,8.0334,1.3257999999999999,41.328399999999995,7.0788,12.753599999999999,0.7326,15.4798,3.538,2.884,13.007200000000001,1.4842,18.2644,21.4294,19.5944,1752.231063842574,1668.8572998,0.7318,2.475,1.0054800000000002,1.6419,40.7076,6.0284,1.5862,15.3836,0.7048399999999999,0.097604,4.8508000000000004,1.8780600000000003,-0.59694,12.5156,23.5544,0.55628,0.6345,5.0528,1.5406,29.7418,4.529,10.9606,0.534,16.3758,2.8216,1.2855999999999999,8.8186,1.1296,11.5762,12.0808,10.8784,1745.280685500546,0,17.494750979999935
2021-02-20_Celta Vigo_Valencia,2021-02-20,18:30,La Liga,Matchweek 24,Sat,2021,2.0,0.0,Valencia,Celta Vigo,Home Win,1699.62109375,1,18.0,0.9822,0.916,1.299,1.23238,51.0082,10.9304,2.8112,26.276600000000002,0.9915,0.084962,3.0738000000000003,0.91474,-0.001260000000000025,17.5852,26.18,0.5759,0.712,8.0992,2.1556,35.9838,6.5122,18.3106,0.1602,21.5098,5.2692,1.5248,12.884599999999999,2.0742000000000003,20.1634,15.9576,18.2114,1657.642719457504,1679.47070312,0.8464,1.4002,0.96852,0.7432799999999999,58.8028,6.4542,1.3016,16.06126,0.84036,,3.2152,1.04864,-0.35156,8.206399999999999,27.383000000000003,0.7935,0.5608,4.8818,1.2222,35.095,4.6538,15.8064,0.3758,18.3256,4.7934,1.495,7.2432,1.2156,10.936000000000002,11.8054,11.7106,1708.0116407705602,0,20.150390629999947
2021-02-20_Eibar_Elche,2021-02-20,14:00,La Liga,Matchweek 24,Sat,2021,1.0,0.0,Elche,Eibar,Home Win,1561.92358398,1,14.0,1.1846,2.0198,1.01518,2.03206,44.067800000000005,6.2288,2.3956,40.0911,0.8727800000000001,0.135892,6.149,2.60544,0.5856399999999999,13.011800000000001,17.6676,0.52762,0.66894,4.1162,1.791,24.2282,3.2174,12.933399999999999,0.178,17.132800000000003,2.1714,1.9647999999999999,8.3162,0.978,10.9518,11.684000000000001,12.8704,1800.165846583534,1649.31469727,1.0,1.6021999999999998,0.97544,1.6606,44.1562,11.1548,3.1382000000000003,29.57026,0.97544,0.09015000000000001,3.6222,1.40628,-0.19591999999999998,11.3372,27.3254,0.6816,0.5214,7.5414,1.5546,28.612000000000002,4.485,13.4464,0.46399999999999997,23.0508,5.550400000000001,1.464,10.431199999999999,2.655,18.262,15.6284,9.9724,1711.045554516602,0,-87.3911132899998
2021-02-20_Real Madrid_Valladolid,2021-02-20,21:00,La Liga,Matchweek 24,Sat,2021,0.0,1.0,Valladolid,Real Madrid,Away Win,1619.01391602,1,21.0,1.1644,2.2244,1.26062,1.5006599999999999,49.9978,12.190000000000001,3.8985999999999996,33.00156,1.13246,0.09110200000000002,5.8084,2.0777,-0.1467,14.0404,31.3136,0.9212800000000001,0.9079600000000001,9.036,2.5414000000000003,38.1852,7.2661999999999995,14.3492,0.9954000000000001,19.067,3.537,2.0846,18.2646,1.2442,23.7046,16.981,19.4774,1673.1968668961722,1898.41931152,2.0262000000000002,0.8022,1.81876,0.80688,65.20840000000001,12.628,4.9348,38.35044,1.81876,0.145518,2.7778,0.7952,-0.007000000000000006,13.791200000000002,46.0878,1.07848,1.27716,9.2144,2.0024,56.312000000000005,12.0372,12.4102,1.5622,20.6496,5.043,3.1662,14.175799999999999,2.2608,21.866799999999998,31.1694,27.816,1623.272119994162,2,-279.40539550000017
2021-02-21_Granada_Huesca,2021-02-21,18:30,La Liga,Matchweek 24,Sun,2021,3.0,2.0,Huesca,Granada,Home Win,1581.67126465,1,18.0,0.4044,1.2222,0.91198,2.06104,41.919,8.5656,2.1738,33.49268,0.8479,0.10566199999999999,4.3662,1.82164,0.59944,12.020800000000001,20.620199999999997,0.54498,0.50972,6.1226,2.5789999999999997,28.8244,4.6422,14.049399999999999,0.8376,19.7026,3.5038000000000005,0.6486000000000001,11.4462,1.3402,16.1796,12.796000000000001,17.9258,1797.50303613393,1683.57177734,1.1038,2.2198,0.7748200000000001,1.81682,40.806,8.5872,2.5306,36.630700000000004,0.7748200000000001,0.095854,5.389200000000001,2.1113,-0.10850000000000001,14.4916,19.8574,0.69882,0.77374,6.156599999999999,1.8154,24.535,5.289,12.518200000000002,0.3758,14.5508,2.1036,1.5922,8.451,1.6705999999999999,13.9028,13.4788,8.4726,1740.3051720208941,0,-101.90051268999991
2021-02-21_Athletic Club_Villarreal,2021-02-21,21:00,La Liga,Matchweek 24,Sun,2021,1.0,1.0,Athletic Club,Villarreal,Draw,1713.17346191,1,21.0,1.9168,1.2176,1.13256,1.11392,50.2592,9.6412,3.1961999999999997,30.5826,1.13256,0.112038,3.3668,1.22296,0.005359999999999976,14.290799999999999,32.260400000000004,0.97254,0.8969,7.003399999999999,3.0584,44.099000000000004,8.184199999999999,14.0124,0.3956,18.560000000000002,4.1482,3.1474,12.166400000000001,1.308,16.5188,16.526200000000003,14.2152,1734.134771361104,1769.90563965,1.7602,1.0046,1.4611000000000003,0.99234,55.124599999999994,10.0738,3.9204000000000003,37.57812,1.4611000000000003,0.1345,1.9958,0.90906,-0.09553999999999996,17.4162,31.6318,1.31548,1.1252,7.5249999999999995,1.3956,39.2438,7.937799999999999,14.0798,1.4586,12.8658,3.2856,3.3226,14.1434,1.0198,18.8484,20.9202,21.2724,1656.495543751092,1,-56.73217774
2021-02-21_Barcelona_Cadiz,2021-02-21,14:00,La Liga,Matchweek 24,Sun,2021,1.0,1.0,Barcelona,Cadiz,Draw,1907.54431152,1,14.0,2.5348,1.178,2.24876,0.92872,66.1232,16.270799999999998,6.5704,41.004039999999996,1.9125199999999998,0.130474,3.0343999999999998,0.8752800000000001,-0.08292,10.6894,39.3652,1.5300000000000002,1.55104,12.7744,1.0198,43.473,11.6504,15.0954,0.442,12.581799999999998,5.493,4.0372,23.165200000000002,1.6178,29.8564,30.397600000000004,25.680600000000002,1693.781651880282,1572.08654785,0.442,2.6528,0.58372,2.0986,28.111,7.2372000000000005,2.1536,35.49584,0.58372,0.110242,4.6138,2.0725,-0.5802999999999999,13.6234,17.1418,0.45256,0.3538,4.667200000000001,1.3579999999999999,18.0466,2.8344,16.154,0.46399999999999997,17.8342,4.638599999999999,0.4884,6.4601999999999995,1.8894000000000002,11.664000000000001,11.975200000000001,9.999999999999998,1733.01666398915,1,335.4577636700001
2021-02-21_Alaves_Real Sociedad,2021-02-21,16:15,La Liga,Matchweek 24,Sun,2021,4.0,0.0,Real Sociedad,Alaves,Home Win,1758.60754395,1,16.0,1.7744,1.3978,2.01076,0.77356,60.733399999999996,10.4768,3.214,28.73172,1.8154,0.15816200000000002,2.6938000000000004,0.806,-0.5918,12.4236,35.7926,1.4651800000000001,1.1971399999999999,7.382,1.6576,46.5248,10.3304,10.8278,1.9899999999999998,23.5562,6.055,2.3742,13.9726,0.9736,18.2388,24.583399999999997,20.1912,1636.8776247309502,1623.64831543,0.62,2.3128,0.78986,1.5158,46.54860000000001,7.1290000000000004,1.2264,21.47786,0.48922,0.067526,4.597,1.58458,-0.7282200000000001,12.0216,23.9474,0.32389999999999997,0.41972,4.7684,1.4480000000000002,29.606,3.7054,17.9392,0.178,18.3166,3.1271999999999998,0.9958,8.5504,2.3316,13.37,12.532399999999999,10.5334,1722.09232465864,0,134.95922852000012
2021-02-22_Osasuna_Sevilla,2021-02-22,21:00,La Liga,Matchweek 24,Mon,2021,0.0,2.0,Osasuna,Sevilla,Away Win,1668.77246094,1,21.0,1.486,1.1226,1.1388800000000001,1.1792799999999999,41.0296,8.2764,2.7856,32.302440000000004,1.01072,0.12784,2.2894,1.15114,0.028539999999999982,17.6572,25.099599999999995,0.6343,0.6131,6.2056000000000004,2.738,26.615,5.5976,11.416799999999999,0.0,16.282,2.3142,2.5676,9.7722,1.0596,14.7362,14.3826,8.7764,1738.701440183786,1847.62304688,1.2662,0.7934,1.31006,1.1205,60.1406,9.687000000000001,2.6242,33.1441,1.1147,0.11948,4.0906,1.18338,0.38998,12.8142,33.3552,0.9384399999999999,0.86854,8.0392,1.7546,42.5956,6.552999999999999,12.8918,0.5162,17.4044,4.280600000000001,1.9322,13.0792,1.1492,17.959600000000002,20.5952,15.862200000000001,1655.1933050286798,2,-178.85058593999997
2021-02-24_Barcelona_Elche,2021-02-24,19:00,La Liga,Matchweek 1,Wed,2021,3.0,0.0,Barcelona,Elche,Home Win,1908.66003418,1,19.0,2.2372,1.1602000000000001,2.20064,0.9182,71.64840000000001,17.2648,6.0691999999999995,36.63784,1.7271,0.109566,2.2542,0.78684,-0.17556,10.6086,54.158,1.49142,1.8178200000000002,14.4506,1.0178,54.3592,13.7948,13.676400000000001,0.642,13.732600000000001,6.6088,3.5894000000000004,25.634999999999998,1.5559999999999998,32.589600000000004,34.364999999999995,30.529000000000003,1651.88414304197,1572.14562988,0.8,2.0066,0.60694,1.9277,49.223800000000004,7.8591999999999995,1.9602000000000002,25.33636,0.60694,0.078066,3.8374000000000006,1.81536,-0.19123999999999997,10.367,21.8056,0.5491600000000001,0.46296000000000004,5.6904,1.1404,25.784200000000002,2.2166,15.5184,0.1978,21.1954,6.005,0.9601999999999999,9.6942,1.156,12.7376,9.515,14.309000000000001,1669.919809812962,0,336.5144043
2021-02-26_Athletic Club_Levante,2021-02-26,21:00,La Liga,Matchweek 25,Fri,2021,1.0,1.0,Levante,Athletic Club,Draw,1719.25402832,1,21.0,1.3162,1.3758,1.09134,0.94286,53.321200000000005,9.121599999999999,3.8751999999999995,44.8883,0.9155,0.11914799999999999,4.0686,0.9966999999999999,-0.37910000000000005,15.504999999999999,23.875600000000002,0.78298,0.6164000000000001,6.9282,2.2288,34.1312,6.775599999999999,12.3794,0.7081999999999999,18.0512,3.9354,2.2368,12.6062,1.1076,16.0872,14.46,13.9268,1654.269132960132,1713.7545166,1.8928,1.4918,1.2082000000000002,1.44854,45.2218,10.195799999999998,4.0952,38.46564,1.0800400000000001,0.10234599999999999,4.2044,1.64744,0.15564000000000003,14.0548,24.838400000000004,1.03782,0.5891599999999999,8.635399999999999,1.1978,38.5212,6.8468,14.5722,0.62,20.3654,6.074199999999999,3.168,14.927200000000003,0.7802,18.7406,19.6498,19.470399999999998,1779.81544855941,1,5.4995117200001005
2021-02-27_Alaves_Osasuna,2021-02-27,18:30,La Liga,Matchweek 25,Sat,2021,0.0,1.0,Alaves,Osasuna,Away Win,1615.8651123,1,18.0,1.1602000000000001,1.791,1.19442,1.1213000000000002,44.264199999999995,12.9316,3.1544,24.14186,1.05596,0.0864,3.5092000000000003,1.2783600000000002,-0.51264,8.638,23.656,0.8540599999999999,0.83178,10.1038,3.4879999999999995,25.8106,7.369999999999999,13.517800000000001,0.178,18.7036,4.6572,1.7666,13.120000000000001,4.1986,22.9328,21.709600000000002,11.3288,1733.8457969962758,1660.74914551,0.6022,0.9338,1.0478999999999998,1.06546,40.4388,11.406799999999999,3.4308,30.25958,1.0478999999999998,0.097664,3.0839999999999996,1.0367799999999998,0.30078,17.0244,20.666000000000004,0.6593,0.61182,7.5802000000000005,2.9238,27.914799999999996,6.505199999999999,14.869,0.1978,15.502200000000002,2.947,0.8464,11.4128,3.1466000000000003,18.2026,13.7238,8.4162,1710.361812766072,2,-44.8840332100001
2021-02-27_Getafe_Valencia,2021-02-27,21:00,La Liga,Matchweek 25,Sat,2021,3.0,0.0,Getafe,Valencia,Home Win,1662.67297363,1,21.0,0.358,0.5824,0.5343,0.78816,49.28699999999999,7.588399999999999,2.1816,22.73746,0.5343,0.065902,1.8177999999999999,0.8367,0.2543,13.116,24.705600000000004,0.36812,0.49984,4.9552000000000005,2.3518,30.814999999999998,5.1672,17.0866,0.178,21.4336,3.2309999999999994,0.716,7.975,1.5294,13.4914,14.1246,11.4924,1660.7882522471677,1708.43273926,0.7558,1.6219999999999999,0.7354799999999999,1.2922,48.455000000000005,11.4454,3.5042000000000004,31.20924,0.7354799999999999,0.055304,4.651,1.13702,-0.26518,14.7946,27.4194,0.56366,0.6349600000000001,7.295,2.8453999999999997,32.0346,6.5346,13.65,0.178,16.3292,4.6208,1.5116,13.0352,1.769,19.090400000000002,15.8944,14.6646,1725.284339794528,0,-45.759765630000174
2021-02-27_Eibar_Huesca,2021-02-27,14:00,La Liga,Matchweek 25,Sat,2021,1.0,1.0,Eibar,Huesca,Draw,1640.36425781,1,14.0,0.9581999999999999,1.56,1.5553599999999999,1.3238999999999999,46.492599999999996,13.4252,3.5536,25.493180000000002,1.23692,0.090488,3.0894000000000004,1.6032199999999999,0.06519999999999994,8.9456,27.743199999999998,1.0853,1.1088399999999998,9.017,3.6828000000000003,33.4704,8.2626,12.9,0.0,32.3458,4.9744,1.7384,14.9406,2.8252,21.5312,20.9384,14.0716,1730.015556054388,1591.5402832,0.8373999999999999,1.3381999999999998,1.0029000000000001,1.55386,43.924800000000005,11.5698,4.1416,36.493159999999996,1.0029000000000001,0.094628,4.3936,1.14446,-0.19374000000000002,15.395000000000001,20.198,0.756,0.79854,8.8512,2.5282,28.607599999999998,5.771599999999999,14.942,0.1978,25.303,6.2772,1.6747999999999998,12.397799999999998,3.1082,19.334200000000003,18.5054,17.3182,1726.46950224601,1,48.82397461000005
2021-02-27_Barcelona_Sevilla,2021-02-27,16:15,La Liga,Matchweek 25,Sat,2021,0.0,2.0,Sevilla,Barcelona,Away Win,1853.72619629,1,16.0,2.3514,0.356,2.12004,0.7384,65.5528,13.920000000000002,5.0268,36.265660000000004,1.99188,0.14592,2.6688,0.69926,0.5212600000000001,15.178,34.585,1.54034,1.4324000000000001,11.4358,2.5492,44.642399999999995,10.721600000000002,12.747399999999999,1.7016,18.2264,4.506,4.1846000000000005,18.3462,2.3998000000000004,25.269599999999997,23.323,21.2882,1677.84773605969,1901.87036133,2.6576,0.8444,1.8323600000000002,0.88332,65.113,14.316800000000002,6.0896,43.06304,1.8323600000000002,0.123464,3.6266000000000003,1.09238,0.24798,8.0284,51.22899999999999,1.35048,1.90312,11.314800000000002,1.4222,57.708600000000004,12.0446,15.107800000000001,2.5082,11.158199999999999,4.6306,3.7474000000000003,19.4212,1.7720000000000002,26.11,31.291600000000003,25.040400000000005,1651.895912769322,2,-48.14416503999996
2021-02-28_Celta Vigo_Valladolid,2021-02-28,14:00,La Liga,Matchweek 25,Sun,2021,1.0,1.0,Celta Vigo,Valladolid,Draw,1670.97045898,1,14.0,1.6288,1.4332,1.60934,1.3440400000000003,54.4122,9.9708,4.4864,46.189099999999996,1.60934,0.160924,3.5032,1.36412,-0.06908000000000003,15.3982,28.0412,1.2707000000000002,1.1814,7.9732,2.3138000000000005,33.9166,9.6062,14.9174,1.2906,11.5016,1.8066,2.6818,13.8884,0.844,16.995600000000003,17.8064,13.938200000000002,1654.2968156474458,1616.07104492,0.8178,0.8595999999999999,0.6785599999999999,1.39254,47.872600000000006,5.566199999999999,1.3294,22.54582,0.48319999999999996,0.078564,3.3733999999999997,0.9370200000000001,0.07742000000000002,22.4664,20.4786,0.3586,0.53916,4.0608,1.4022000000000001,27.4196,3.1656,14.424599999999998,0.2442,17.5818,3.9112000000000005,1.0818,6.961399999999999,1.378,9.8932,9.493,10.8736,1657.4512807384,1,54.899414060000026
2021-02-28_Betis_Cadiz,2021-02-28,16:15,La Liga,Matchweek 25,Sun,2021,0.0,1.0,Cadiz,Betis,Away Win,1580.31689453,1,16.0,1.3692,2.4295999999999998,1.11904,1.57098,40.07,9.748,3.9294,39.83604,1.11904,0.116866,4.0938,1.7891599999999999,-0.64044,11.5992,24.465999999999998,0.75774,0.66058,6.2620000000000005,3.3928000000000003,33.215599999999995,5.6206,13.289800000000001,0.178,23.76,3.5218,2.3208,10.921399999999998,2.5724,17.3624,14.1418,10.660599999999999,1662.8167627417079,1692.84790039,1.8576,1.7162,1.47736,1.5850400000000002,53.033199999999994,13.615400000000001,4.0732,32.72228,1.33496,0.09749600000000001,4.284,1.44866,-0.26754,14.1058,27.986199999999997,0.9738,0.87434,9.0584,2.9549999999999996,39.4106,8.0166,17.2256,0.3978,17.819399999999998,5.248799999999999,3.115,17.7084,2.0568,25.3144,23.3102,19.012999999999998,1710.301133007604,2,-112.53100586000005
2021-02-28_Elche_Granada,2021-02-28,18:30,La Liga,Matchweek 25,Sun,2021,2.0,1.0,Granada,Elche,Home Win,1687.89538574,1,18.0,0.9601999999999999,1.3606,0.8365600000000001,0.84178,39.26520000000001,10.91,3.4496,33.2343,0.8365600000000001,0.08079800000000001,3.4631999999999996,0.92414,-0.43645999999999996,9.7108,21.523600000000002,0.64222,0.36144,7.0506,0.4984,25.3848,3.6012000000000004,15.7778,0.0,17.0848,5.2948,1.1204,11.206199999999999,2.5756,18.3294,14.668600000000001,9.762,1700.5963787809421,1568.94067383,0.5758,2.106,0.533,2.07704,45.3502,7.3848,1.5757999999999999,21.473819999999996,0.533,0.07482,3.8096,1.9383,-0.16769999999999996,9.2534,19.238999999999997,0.49542,0.44226,5.4772,1.4706000000000001,23.6758,2.2508,14.777999999999999,0.178,18.922400000000003,5.5602,0.5758,9.1922,1.1404,11.987,10.6846,14.666400000000001,1737.338581419858,0,118.95471191000001
2021-03-01_Real Madrid_Real Sociedad,2021-03-01,21:00,La Liga,Matchweek 25,Mon,2021,1.0,1.0,Real Madrid,Real Sociedad,Draw,1907.21533203,1,21.0,1.8022,0.3956,1.27054,0.6552,56.7906,13.853399999999999,4.3014,30.06006,1.27054,0.10460799999999999,1.9868,0.65074,0.25514000000000003,12.4024,34.5506,1.1245,1.07624,11.9928,2.0386,40.2482,8.41,13.999799999999999,0.9304,14.883000000000003,5.2766,3.4264,18.7728,2.0042,24.463800000000003,22.900399999999998,26.6756,1701.4725384036642,1755.45898438,1.1978,1.1336,1.26134,0.9798800000000001,51.8052,10.065199999999999,3.0761999999999996,37.1636,1.26134,0.18492999999999998,2.6252,1.1781800000000002,0.04458000000000001,10.131400000000001,26.8506,0.89378,0.97066,6.7034,1.4814,40.6572,6.6058,17.4342,0.442,22.261999999999997,5.8926,1.7558,12.8686,1.608,18.0406,20.6696,18.1912,1744.285517600532,1,151.75634764999995
2021-03-05_Valencia_Villarreal,2021-03-05,21:00,La Liga,Matchweek 26,Fri,2021,2.0,1.0,Valencia,Villarreal,Home Win,1695.68078613,1,21.0,1.084,0.536,1.2459,1.0061,53.9136,10.8374,3.1184000000000003,29.532120000000003,1.07006,0.094236,2.5338,0.63814,0.10214000000000001,15.1524,30.978,0.676,0.7940400000000001,7.9892,2.24,41.566,7.0934,18.712,1.221,23.932599999999997,6.2072,1.7724,13.3286,1.6784,19.0262,16.349999999999998,19.155,1658.0948704573102,1776.23376465,1.3958,1.0042,1.00776,1.3838599999999999,52.6496,7.9243999999999994,3.1515999999999997,43.44692,1.00776,0.10242200000000001,3.6056,1.13796,0.13376000000000002,18.3958,26.328599999999998,0.9343799999999999,0.90848,5.819,1.1118000000000001,37.1658,7.1672,13.6836,0.9802,12.9676,2.6686,2.6136,10.1894,1.0178,14.435400000000001,16.556,19.447400000000002,1670.2933843257122,0,-80.55297852000012
2021-03-06_Barcelona_Osasuna,2021-03-06,21:00,La Liga,Matchweek 26,Sat,2021,0.0,2.0,Osasuna,Barcelona,Away Win,1670.38696289,1,21.0,1.1932,1.0662,1.0029000000000001,0.90068,42.1804,8.193,2.507,29.07122,1.0029000000000001,0.131264,2.4164000000000003,1.04748,-0.018720000000000014,18.1006,25.278200000000002,0.67854,0.6306200000000001,6.6176,2.62,28.463200000000004,5.882,12.751999999999999,0.0,17.819200000000002,2.527,2.1666,9.9276,1.442,15.227799999999998,14.8326,8.7988,1757.98450512713,1914.69348145,2.736,0.76,1.6072600000000001,0.7284999999999999,62.0828,12.199000000000002,5.8364,48.00784,1.6072600000000001,0.148096,3.1755999999999998,0.93666,0.17665999999999996,7.7814,40.998799999999996,1.1768399999999999,1.6298,9.3414,1.3800000000000001,51.747,10.730799999999999,16.8948,2.4574000000000003,9.533,4.035,4.061,15.550999999999998,1.4506000000000001,22.0268,28.988,25.4244,1710.21483173866,2,-244.3065185600001
2021-03-06_Cadiz_Eibar,2021-03-06,18:30,La Liga,Matchweek 26,Sat,2021,1.0,0.0,Cadiz,Eibar,Home Win,1574.84313965,1,18.0,1.2322,2.4308,0.9550200000000001,1.4394399999999998,39.663,8.8406,3.8364000000000003,45.09646,0.9550200000000001,0.101968,4.5169999999999995,1.6702000000000001,-0.7605999999999999,11.8954,22.6982,0.6198600000000001,0.518,5.647399999999999,2.4766000000000004,30.708000000000002,3.8608000000000002,13.072600000000001,0.4044,23.5164,3.758,2.0886,9.996599999999999,2.4152000000000005,15.7052,11.3532,11.415399999999998,1672.960029734662,1638.62451172,0.7558,1.3978,1.17326,1.31826,44.364,12.0602,2.9802000000000004,25.04484,1.17326,0.09802,3.3158,1.22472,-0.17308,9.8384,29.7346,0.92764,0.72904,8.8524,2.476,34.1114,5.5576,14.234399999999997,0.41759999999999997,26.264400000000002,5.1068,1.1734,11.9858,3.0778,20.7102,18.3842,11.972999999999999,1685.0237818101402,0,-63.78137207000009
2021-03-06_Getafe_Valladolid,2021-03-06,14:00,La Liga,Matchweek 26,Sat,2021,2.0,1.0,Valladolid,Getafe,Home Win,1620.34729004,1,14.0,0.6154,1.9578,1.0904,1.272,46.867599999999996,11.7268,4.0088,36.06946000000001,1.0904,0.093994,4.8508000000000004,1.88902,-0.06878000000000001,12.6388,28.8052,0.75824,0.7662399999999999,8.443999999999999,2.3432,34.701,6.507,14.27,0.7516,19.0488,3.7276,1.0110000000000001,15.552000000000001,1.2198,20.848,17.127000000000002,16.7876,1730.141466259682,1677.7824707,0.6586000000000001,2.3274,0.8872400000000001,1.95398,38.6066,5.4488,1.3834,15.03938,0.6166799999999999,0.09096,5.154,2.27742,-0.04997999999999997,11.5314,18.4178,0.48298,0.5245400000000001,4.715000000000001,1.0982,26.484199999999998,3.6994000000000002,12.862199999999998,0.4806,16.0056,2.7394000000000003,1.157,7.239,1.505,10.4092,11.1518,9.7256,1750.8760300070521,0,-57.435180660000015
2021-03-06_Elche_Sevilla,2021-03-06,16:15,La Liga,Matchweek 26,Sat,2021,2.0,1.0,Elche,Sevilla,Home Win,1566.10925293,1,16.0,1.022,1.5294,0.83832,2.03764,42.0102,6.061800000000001,2.356,40.088660000000004,0.71016,0.114884,5.4014,2.18736,0.65796,16.9618,18.7456,0.45718000000000003,0.5166999999999999,4.2046,1.5236,20.6778,3.0073999999999996,11.874799999999999,0.1602,14.734000000000002,1.6218,1.8241999999999998,8.1964,0.9802,10.912600000000001,9.4414,10.5858,1785.236564381718,1843.26062012,1.4838,0.714,1.09044,1.0440200000000002,58.4402,8.4206,3.1502,39.76148,0.9146,0.110204,3.1048,0.99292,0.27892,15.1192,27.404799999999998,0.70714,0.62098,6.249200000000001,0.9581999999999999,34.7354,4.8116,14.1676,0.5646,15.1448,4.3524,2.4274,10.6644,1.6225999999999998,15.6566,15.477599999999999,15.6434,1648.98128334998,0,-277.1513671900002
2021-03-07_Athletic Club_Granada,2021-03-07,21:00,La Liga,Matchweek 26,Sun,2021,2.0,1.0,Athletic Club,Granada,Home Win,1716.65429688,1,21.0,1.9691999999999998,1.1958,1.6253600000000001,0.79622,48.303200000000004,12.495800000000001,4.83,38.36498,1.6253600000000001,0.12781,3.0858,1.02526,-0.17053999999999997,12.2082,34.3324,1.25156,1.0814,9.5334,3.0968,45.7546,9.8636,12.3692,0.356,20.701999999999998,4.9102,2.8324,15.600999999999999,1.7656,20.795,19.6924,18.433600000000002,1740.123892455536,1692.88061523,1.4818,2.442,0.8261999999999999,1.93722,41.8346,8.2402,3.3544,46.78774,0.8261999999999999,0.10647999999999999,5.4504,2.17784,-0.01996,14.598600000000001,19.627200000000002,0.76222,0.69752,5.8968,1.7338,24.281399999999998,4.960000000000001,12.910599999999999,0.3382,15.6168,2.2374,1.9213999999999998,7.8174,1.7036,13.7126,12.7426,9.6022,1677.455923901758,0,23.773681649999844
2021-03-07_Celta Vigo_Huesca,2021-03-07,14:00,La Liga,Matchweek 26,Sun,2021,3.0,4.0,Huesca,Celta Vigo,Away Win,1595.63745117,1,14.0,0.9524,1.4442,1.18058,1.9982199999999999,44.492200000000004,9.686,3.2774,39.177099999999996,1.0096399999999999,0.10753800000000001,5.0064,2.14792,0.70372,12.0748,18.672,0.6914199999999999,0.59642,7.1314,3.0096,26.7994,5.0664,14.0002,0.7538,18.258,2.9326,1.1722000000000001,13.5996,1.5062,18.2714,13.272400000000001,17.8892,1784.07564321244,1669.05163574,0.6175999999999999,1.6044,0.92726,0.9187399999999999,54.626799999999996,6.8854,1.6598,24.222820000000002,0.92726,0.138534,3.1936,1.16588,-0.43851999999999997,10.8278,24.803,0.73856,0.57356,4.9818,1.2,30.5904,4.4883999999999995,14.4606,0.3382,17.748800000000003,3.9814000000000003,1.0572,7.5514,1.3381999999999998,11.7074,12.0132,11.6396,1705.2844805418358,2,-73.41418456999986
2021-03-07_Levante_Real Sociedad,2021-03-07,18:30,La Liga,Matchweek 26,Sun,2021,1.0,0.0,Real Sociedad,Levante,Home Win,1762.50622559,1,18.0,2.4295999999999998,1.1138,2.22278,0.64644,63.2232,10.2292,3.5809999999999995,34.46334,2.04694,0.19397799999999998,2.3360000000000003,0.6112,-0.5026,9.7302,34.058,1.76058,1.3728,7.776400000000001,1.736,46.8026,10.1858,12.0776,2.2794,23.232400000000002,5.7052000000000005,3.802,14.4522,0.8762000000000001,18.2034,25.622799999999998,22.4908,1629.311078051884,1718.71166992,1.6618,1.1316,1.1679599999999999,1.46588,52.4718,8.9488,3.2880000000000003,33.9957,0.9921199999999999,0.11832000000000001,4.8436,1.62718,0.49557999999999996,16.406999999999996,29.781599999999997,0.87014,0.8116,6.926799999999999,2.1868,36.010200000000005,7.3102,13.057199999999998,0.2198,16.0532,3.7932,2.4308,12.107199999999999,1.4786000000000001,15.8056,18.333399999999997,17.026799999999998,1702.1108448968241,0,43.79455566999991
2021-03-08_Alaves_Betis,2021-03-08,21:00,La Liga,Matchweek 26,Mon,2021,3.0,2.0,Betis,Alaves,Home Win,1700.67919922,1,21.0,1.3978,0.9976,1.8060800000000001,0.88818,51.237199999999994,10.1616,3.2972,35.54582,1.15904,0.127822,2.9668,0.85692,0.07912000000000001,12.0246,27.032200000000003,0.91262,0.8228599999999999,8.0742,1.9258000000000002,34.6604,8.0476,14.043399999999998,0.9036,13.9222,3.6841999999999997,2.5514,13.339,1.8241999999999998,19.3472,21.142,16.272000000000002,1754.871382127582,1608.5847168,0.558,2.77,0.8053,1.7195999999999998,44.05120000000001,6.9719999999999995,1.3038,22.70946,0.53474,0.076102,4.6815999999999995,2.03014,-0.73986,12.74,21.499000000000002,0.26826,0.36450000000000005,4.6474,1.4032,25.45,3.3466,17.3684,0.1602,17.1084,2.8262,0.8962,7.6746,2.5426,13.044799999999999,10.8376,9.015,1736.884425807292,0,92.09448242000008
2021-03-12_Levante_Valencia,2021-03-12,21:00,La Liga,Matchweek 27,Fri,2021,1.0,0.0,Levante,Valencia,Home Win,1713.26745605,1,21.0,1.1404,1.3381999999999998,1.13102,1.15394,51.3348,9.8302,3.9318,41.32170000000001,0.77742,0.083396,4.306,1.14238,-0.19582,15.566400000000002,24.397,0.63374,0.50266,7.0236,2.4941999999999998,35.7038,6.4978,13.406600000000001,0.6374,16.2806,3.4534,1.9247999999999998,13.6988,0.9968,18.0084,13.381,12.412999999999998,1664.9859322266282,1704.32348633,0.536,1.904,0.5189,1.06552,50.7512,9.4588,2.2885999999999997,22.6808,0.5189,0.046564,4.4418,1.1144599999999998,-0.59174,14.194,26.577600000000004,0.3831,0.4861,6.4886,2.1282,29.5772,5.9484,15.4504,0.1602,15.519200000000001,4.7586,1.072,11.8664,1.4478,16.5066,13.5302,13.232800000000001,1712.775395849244,0,8.943969720000041
2021-03-13_Alaves_Cadiz,2021-03-13,14:00,La Liga,Matchweek 27,Sat,2021,1.0,1.0,Alaves,Cadiz,Draw,1604.10205078,1,14.0,0.7558,1.7118,0.8986999999999999,1.23124,46.436,10.7408,2.6506,24.50168,0.7741,0.080552,3.0698000000000003,1.3714,-0.34040000000000004,8.1976,21.781000000000002,0.59238,0.6920999999999999,7.9956000000000005,2.5624000000000002,26.5504,7.1328000000000005,14.5988,0.1602,17.9008,5.1242,1.0131999999999999,11.398599999999998,3.202,19.132600000000004,18.52,10.463400000000002,1725.176231738506,1583.27050781,0.642,2.055,0.7807,2.20974,24.316200000000002,5.2714,1.6498000000000002,29.538339999999998,0.58534,0.16527,4.5524000000000004,1.93762,-0.11738000000000004,14.414,13.4436,0.34962,0.27074000000000004,3.5794,0.9338,14.4138,2.0742000000000003,15.5294,0.41759999999999997,15.664400000000002,3.4536000000000007,0.9279999999999999,5.4932,1.2678,8.6904,10.423800000000002,8.3022,1784.634172312976,1,20.831542969999873
2021-03-13_Osasuna_Valladolid,2021-03-13,18:30,La Liga,Matchweek 27,Sat,2021,0.0,0.0,Osasuna,Valladolid,Draw,1665.2166748,1,18.0,0.9296,1.3038,1.04024,0.77526,42.238600000000005,8.662,2.5562,28.08154,1.04024,0.130458,3.4958,1.05716,-0.24664,13.385800000000001,26.603799999999996,0.77718,0.9294200000000001,7.0442,4.0232,29.3262,7.4032,13.842,0.0,18.714199999999998,2.286,1.6614,11.588199999999999,1.3978,15.9374,17.0796,10.372399999999999,1812.3269008068778,1628.70275879,0.9802,1.0178,0.70956,1.37214,42.403999999999996,5.7096,1.7848000000000002,28.70412,0.53372,0.083592,3.0918,0.96656,-0.05123999999999999,21.4198,16.9588,0.27505999999999997,0.35106,3.6222,0.9736,23.1732,2.0398,16.3358,0.46399999999999997,14.4726,3.8760000000000003,1.2178,6.244400000000001,1.096,9.5714,9.2112,9.788599999999999,1670.8390704345782,1,36.51391601
2021-03-13_Elche_Real Madrid,2021-03-13,16:15,La Liga,Matchweek 27,Sat,2021,2.0,1.0,Real Madrid,Elche,Home Win,1904.67993164,1,16.0,1.5778,0.6002,1.42116,0.66966,56.0024,14.0358,3.4945999999999997,25.73276,1.42116,0.10947000000000001,2.1322,0.6888799999999999,0.08868,11.141,38.492000000000004,1.3374000000000001,1.264,12.349599999999999,1.8464,44.5636,9.846,13.7996,0.8373999999999999,15.982999999999999,6.77,2.9954,19.9402,2.348,25.6738,24.4314,25.0544,1713.453042017636,1579.72705078,0.7624,2.2396000000000003,0.74388,1.9360600000000001,47.379999999999995,8.8556,2.2508,24.57426,0.74388,0.08843000000000001,4.117,1.91772,-0.32188,10.1606,21.745,0.68564,0.46686,6.3062000000000005,1.7678000000000003,25.6498,3.791,13.5908,0.1602,19.0856,5.6482,0.5182,9.9938,1.7147999999999999,13.497599999999998,12.814,12.2254,1731.1484742168739,0,324.95288086000005
2021-03-14_Granada_Real Sociedad,2021-03-14,16:15,La Liga,Matchweek 27,Sun,2021,1.0,0.0,Granada,Real Sociedad,Home Win,1698.1607666,1,16.0,1.0642,1.3246,0.7043200000000001,0.83436,38.196999999999996,9.533,3.3604000000000003,34.43202,0.7043200000000001,0.079278,3.2286,1.01618,-0.30842,10.7722,17.767,0.54708,0.34206,7.1572,0.6486000000000001,21.8866,3.0204,14.8674,0.0,15.5908,5.1212,1.5526,9.222999999999999,2.618,15.6128,13.516000000000002,9.565,1666.427953562628,1771.67883301,1.178,0.976,1.07102,1.15956,48.705999999999996,8.3608,2.536,36.77814,1.07102,0.180886,2.13,0.9284399999999999,-0.047560000000000005,12.7044,26.332599999999996,0.68578,0.78498,5.4235999999999995,1.4332,38.0492,6.8452,14.560799999999999,0.3978,19.849400000000003,5.7032,1.7802,10.0186,1.5030000000000001,14.885,17.507,17.971799999999998,1792.0272495832999,0,-73.51806641000007
2021-03-14_Eibar_Villarreal,2021-03-14,18:30,La Liga,Matchweek 27,Sun,2021,1.0,3.0,Eibar,Villarreal,Away Win,1633.92553711,1,18.0,0.9623999999999999,1.2156,1.6896200000000001,0.9963799999999999,50.127399999999994,14.791999999999998,3.4982,22.91578,1.4030399999999998,0.09332599999999999,2.4478,1.46076,0.26494,8.2186,29.7666,1.24658,1.2821799999999999,10.3246,4.2472,33.5,8.9574,14.663599999999999,0.0,32.3998,5.3654,1.7646,16.156,3.7636000000000003,24.729400000000002,23.0634,17.0832,1671.4359607413799,1779.66772461,1.5004,1.1038,1.28442,1.39228,50.6426,8.4644,3.5248,45.143460000000005,1.11348,0.10950400000000002,3.7893999999999997,1.34956,0.24576,19.6096,23.343799999999998,1.06186,0.91204,6.7138,1.589,36.9722,7.683,13.8594,0.738,10.952399999999999,2.125,2.5964,11.047,1.4044,15.6568,17.677,16.983999999999998,1652.198476073118,2,-145.7421875
2021-03-14_Betis_Sevilla,2021-03-14,21:00,La Liga,Matchweek 27,Sun,2021,1.0,0.0,Sevilla,Betis,Home Win,1831.74584961,1,21.0,1.8278,0.8088,1.63962,0.96878,63.785,12.2068,4.724,41.64738,1.63962,0.11802399999999999,3.3346,0.97358,0.32498,11.4092,34.8676,1.24766,1.2082,10.115200000000002,2.25,43.4536,10.004999999999999,12.2844,1.5314,16.093999999999998,4.2112,3.4776000000000002,16.246,1.7272,22.1002,20.4926,19.8382,1715.831751881034,1708.89013672,1.916,1.2562,1.31192,1.27348,53.4092,12.433,4.4984,39.267579999999995,1.18376,0.09130200000000001,4.1556,1.18078,-0.07542000000000003,14.3722,32.5506,0.87314,0.7215600000000001,8.175799999999999,2.527,43.3002,7.6266,14.1962,0.6022,16.2514,4.9914000000000005,3.2918,16.4608,1.6628,22.697,20.4928,22.9746,1679.7710694325601,0,122.85571288999995
2021-03-14_Athletic Club_Celta Vigo,2021-03-14,14:00,La Liga,Matchweek 27,Sun,2021,0.0,0.0,Celta Vigo,Athletic Club,Draw,1680.39501953,1,14.0,1.4218,1.534,1.4375,1.2796000000000003,57.056999999999995,10.0738,4.0936,42.0781,1.4375,0.144182,3.5970000000000004,1.2965,-0.2375,13.6932,29.5906,1.11274,0.98796,7.5876,2.1382000000000003,36.235,8.1364,16.2908,1.0173999999999999,12.860600000000002,1.9260000000000002,2.3254,12.923,1.1038,16.752000000000002,17.982,13.556,1645.987745848056,1723.35644531,1.5934,1.2244,1.18086,1.29144,49.633399999999995,8.434000000000001,3.5888,42.0691,1.00502,0.120194,4.525,1.54468,0.32028,11.6598,24.8016,0.9193,0.66096,7.498200000000001,2.1126,38.171800000000005,8.7176,13.064400000000001,0.358,21.0464,5.9319999999999995,2.611,13.9704,0.358,16.0534,20.3758,19.366999999999997,1715.9004522688062,1,-42.96142578000013
2021-03-15_Barcelona_Huesca,2021-03-15,21:00,La Liga,Matchweek 27,Mon,2021,4.0,1.0,Barcelona,Huesca,Home Win,1921.57922363,1,21.0,2.4576,0.7558,2.3082599999999998,0.66896,69.97460000000001,14.2756,5.5296,41.74864,2.0262399999999996,0.163214,1.6962,0.44864,-0.12916,10.247600000000002,52.5784,1.8429600000000002,1.6851200000000002,12.608,1.1602000000000001,52.9828,12.650599999999999,12.387599999999999,0.822,11.5734,6.2596,4.6954,21.732200000000002,1.2562,27.381999999999998,30.4012,28.2904,1623.308979613596,1591.75085449,0.9978,1.1602000000000001,0.99586,1.58732,44.132000000000005,10.5242,3.8274,36.54084,0.99586,0.11258599999999999,4.2542,1.00468,-0.15552,16.920399999999997,18.0684,0.78806,0.74866,8.51,2.6196,25.316000000000003,5.3502,16.9898,0.178,22.0866,5.4168,1.9956,11.857800000000001,2.7972,17.523600000000002,17.7108,14.467600000000001,1710.060417675636,0,329.82836913999995
2021-03-17_Elche_Sevilla,2021-03-17,19:00,La Liga,Matchweek 2,Wed,2021,2.0,0.0,Sevilla,Elche,Home Win,1831.74584961,1,19.0,1.4566000000000001,0.4396,1.24724,0.9275,61.6964,11.453199999999999,3.9748,37.20868,1.24724,0.09059199999999999,3.057,0.8529800000000001,0.41338,12.168199999999999,32.971,0.94216,0.9643200000000001,9.514999999999999,1.5924,40.5656,8.1508,12.023399999999999,1.5782,14.230800000000002,4.2341999999999995,2.753,15.6326,1.4102000000000001,21.157,17.1036,19.2658,1708.20984353184,1583.45532227,0.642,2.2156000000000002,0.70508,1.98892,45.709599999999995,7.404999999999999,2.0816,33.60354,0.70508,0.10756399999999999,4.3936,1.9279800000000002,-0.28762,11.421599999999998,19.0728,0.66708,0.48900000000000005,5.6872,2.3236,24.1404,4.4888,13.631800000000002,0.0,19.109599999999997,4.6066,0.4222,8.8176,1.4991999999999999,11.494399999999999,12.721,10.8376,1785.74727590202,0,248.29052734000015
2021-03-19_Betis_Levante,2021-03-19,21:00,La Liga,Matchweek 28,Fri,2021,2.0,0.0,Betis,Levante,Home Win,1707.32336426,1,21.0,1.8464,1.242,1.81108,0.96584,58.183800000000005,12.499199999999998,4.2884,37.63282,1.26404,0.12536,3.1142,1.0554000000000001,0.011200000000000015,10.9894,30.5796,1.02226,0.93706,10.1204,2.3216,39.1336,9.9406,12.3416,0.8132,18.2254,5.957800000000001,3.473,17.0798,2.3302,23.6316,24.014000000000003,18.253999999999998,1705.91263100489,1725.45446777,1.3514,1.1184,0.99902,2.26518,51.6798,8.2212,3.059,33.07187999999999,0.84078,0.104718,5.7804,2.1017,0.9833000000000001,15.5574,27.2608,0.7454200000000001,0.74598,6.6898,2.4564,35.6848,7.8998,14.028400000000001,0.1978,15.271,4.2021999999999995,2.0434,12.1844,1.3866,15.2804,16.6346,16.7562,1732.6916265630541,0,-18.131103510000003
2021-03-20_Huesca_Osasuna,2021-03-20,18:30,La Liga,Matchweek 28,Sat,2021,0.0,0.0,Huesca,Osasuna,Draw,1591.85217285,1,18.0,1.5897999999999999,2.1324,1.4844400000000002,1.58558,48.02719999999999,12.7804,3.5940000000000003,27.264000000000003,1.33058,0.099694,5.35,2.09222,-0.04017999999999994,12.344000000000001,18.7726,0.82764,0.6932999999999999,8.816,3.7854,28.761599999999998,5.6924,15.2212,0.6784,22.4162,3.8162000000000003,2.5202,17.0352,1.8439999999999999,23.537599999999998,16.8526,17.7444,1738.26333413037,1668.42468262,0.642,0.6962,1.19402,0.94124,42.3928,10.8658,3.2876,30.563480000000002,1.19402,0.13752799999999998,2.7314000000000003,0.82334,0.30513999999999997,13.682199999999998,21.620399999999997,0.5901000000000001,0.6006199999999999,6.8336,2.9756,29.1328,6.6872,16.159,0.178,16.5612,2.8522000000000003,1.1059999999999999,11.448,2.3992000000000004,17.0376,15.449,9.3396,1679.897248947402,1,-76.57250977000012
2021-03-20_Celta Vigo_Real Madrid,2021-03-20,16:15,La Liga,Matchweek 28,Sat,2021,1.0,3.0,Celta Vigo,Real Madrid,Away Win,1682.09887695,1,16.0,0.9912000000000001,1.2364,1.25512,1.1351200000000001,59.1494,9.834,3.5516000000000005,38.20612,1.25512,0.131108,2.6164000000000005,0.90288,-0.33352000000000004,12.814400000000001,34.9924,1.01052,0.9947199999999999,6.9079999999999995,1.9802,39.7866,7.013400000000001,16.6826,1.2598,14.6724,1.9776,1.8044,12.8982,1.2376,16.988599999999998,16.3862,14.965600000000002,1672.425874632186,1919.21630859,1.5715999999999999,0.62,1.55236,0.9802,63.5542,13.3758,5.006,35.39112,1.55236,0.115612,3.748,0.92696,0.30696,11.459999999999999,39.534800000000004,0.98438,1.26388,10.4344,1.7822,49.7912,10.0272,15.063199999999998,0.7318,21.3788,5.6972000000000005,2.5696,17.1216,2.9348000000000005,24.5626,27.0912,26.5426,1617.5975622558642,2,-237.11743163999995
2021-03-20_Sevilla_Valladolid,2021-03-20,21:00,La Liga,Matchweek 28,Sat,2021,1.0,1.0,Valladolid,Sevilla,Draw,1637.39758301,1,21.0,1.0422,1.5735999999999999,1.15902,0.93202,48.7662,9.8004,3.6196,44.76544,1.15902,0.149202,3.4122,1.27752,-0.29608,15.493599999999999,25.5492,0.77122,0.80726,7.2226,2.6972,30.1784,5.8236,16.7174,0.9206,17.910999999999998,3.0222,1.3981999999999999,13.2986,0.9536,17.055600000000002,16.6582,13.645600000000002,1691.70452255753,1837.75878906,1.4354,0.9868,1.2455599999999998,0.85658,60.0498,9.3996,3.2794000000000003,37.64994,1.08732,0.120274,3.0942000000000003,1.1180400000000001,0.13124,16.5608,26.2318,0.9050199999999999,0.70098,7.533600000000001,1.6949999999999998,34.762,6.2398,14.151,0.46399999999999997,14.6864,4.505599999999999,2.673,11.9632,1.7046,17.7772,16.206799999999998,17.376800000000003,1628.123681323562,1,-200.36120604999996
2021-03-20_Athletic Club_Eibar,2021-03-20,14:00,La Liga,Matchweek 28,Sat,2021,1.0,1.0,Athletic Club,Eibar,Draw,1726.09863281,1,14.0,2.1164,1.3204,1.57842,1.17612,48.3728,10.837,5.0354,48.59532,1.38306,0.121144,3.3656,1.14806,-0.17234000000000005,13.9082,29.5714,1.06546,0.92674,8.2592,2.7428000000000003,43.6376,7.9796,12.088,0.3204,21.352800000000002,5.1634,3.2373999999999996,13.887599999999999,1.8332,18.818,17.913999999999998,18.1464,1750.6313836166742,1627.81860352,0.536,1.3579999999999999,1.38456,1.2599,52.2512,13.2194,2.2496,17.738680000000002,1.1892,0.094218,2.7516,1.13896,-0.21904,9.366,36.8082,1.01582,0.80824,9.8324,3.4494,36.031,6.667,13.422600000000003,0.3758,30.822200000000002,6.517200000000001,0.9117999999999999,14.273400000000002,3.991,23.846400000000003,20.488,13.585199999999999,1625.093198265828,1,98.28002929000013
2021-03-21_Barcelona_Real Sociedad,2021-03-21,21:00,La Liga,Matchweek 28,Sun,2021,1.0,6.0,Real Sociedad,Barcelona,Away Win,1765.48388672,1,21.0,2.4308,0.714,3.1048999999999998,0.55854,61.4356,14.2016,4.788,35.73938,2.7757199999999997,0.210324,1.914,0.55564,-0.15836,8.992199999999999,29.579399999999996,2.19056,1.70622,10.9174,2.2508,45.4124,12.220600000000001,11.737599999999999,2.1514,22.9208,6.122999999999999,3.9102,17.369600000000002,1.3328,24.5644,31.4092,21.8532,1654.4057855711699,1925.9239502,2.5181999999999998,0.3956,1.41116,0.76446,63.0394,12.279,5.4202,44.51122,1.41116,0.130636,3.158,0.8397,0.4441,10.3012,39.057,1.0238,1.4526,9.8514,1.1978,48.3212,10.4694,14.740000000000002,2.5558,9.3352,4.0314,3.7666,16.196,1.3054000000000001,22.4682,27.9682,26.7472,1701.8555795412938,2,-160.44006347999994
2021-03-21_Granada_Valencia,2021-03-21,16:15,La Liga,Matchweek 28,Sun,2021,2.0,1.0,Valencia,Granada,Home Win,1704.03930664,1,16.0,1.464,0.5824,1.49874,1.10992,57.1384,14.1724,2.9624,23.8639,1.14514,0.08836999999999999,3.0688,1.0727000000000002,0.4903,13.2394,33.72,0.78492,0.93,10.9648,3.5812,44.4492,9.6144,16.198800000000002,1.099,25.5254,6.3748000000000005,2.572,19.633200000000002,1.4222,25.661,19.778000000000002,21.2256,1661.854353954268,1708.80187988,1.5778,2.3978,1.1022,1.787,43.7604,9.7254,3.3190000000000004,40.54116,1.1022,0.11327600000000002,5.117000000000001,2.16006,-0.017939999999999977,13.8296,22.2624,1.0202,0.8098400000000001,6.7838,1.7604,32.111599999999996,5.5964,12.575399999999998,0.8928,19.018,3.923,2.2176,11.2984,1.6332,16.6156,15.009999999999998,12.5608,1688.153570094166,0,-4.762573239999938
2021-03-21_Cadiz_Villarreal,2021-03-21,16:15,La Liga,Matchweek 28,Sun,2021,2.0,1.0,Villarreal,Cadiz,Home Win,1790.22070312,1,16.0,1.0939999999999999,1.642,1.44838,0.73916,54.730399999999996,10.1798,4.0394,40.90898000000001,0.9877400000000001,0.09278,3.37,1.06114,-0.33665999999999996,10.721400000000001,36.4872,0.9413400000000001,1.20574,8.054,2.37,45.93599999999999,10.5734,14.3668,0.0,17.263199999999998,5.1930000000000005,1.7704,15.793,0.8928,19.196599999999997,23.0514,22.3584,1683.1426858640841,1591.54296875,0.822,1.9494,1.02568,2.2973,29.668600000000005,5.8326,1.0522,19.37384,0.65448,0.16207,4.4412,1.9402800000000002,-0.00912,13.884200000000002,13.1668,0.4079,0.28808,4.109800000000001,1.1846,15.8936,2.6552,16.0768,0.3758,17.263199999999998,3.6082,1.3235999999999999,6.3324,1.241,9.9982,10.914,9.693,1759.43881682024,0,198.67773437000005
2021-03-21_Elche_Getafe,2021-03-21,14:00,La Liga,Matchweek 28,Sun,2021,1.0,1.0,Getafe,Elche,Draw,1679.97216797,1,14.0,0.8196,0.1978,0.64724,0.81822,43.1176,9.7648,2.1686,16.99344,0.64724,0.06593399999999999,2.7636000000000003,0.8300800000000002,0.6322800000000001,14.2512,19.692600000000002,0.47165999999999997,0.49257999999999996,6.607,2.202,26.1416,5.3776,18.452599999999997,0.0,20.355,3.1582000000000003,0.9798,10.6464,1.8486000000000002,16.844,16.3934,8.953199999999999,1656.826404590804,1584.36999512,0.5778,2.3382,0.74782,1.7525800000000002,41.5104,7.9086,2.9502,39.912819999999996,0.74782,0.105692,5.4752,1.93958,-0.39862,12.012200000000002,19.177,0.70362,0.4801,6.206799999999999,2.6796,22.8726,4.484,11.4826,0.0,17.989400000000003,2.9482,0.38,9.48,1.8376,12.333200000000001,12.348600000000001,11.498,1808.667531517492,1,95.60217284999999
2021-04-02_Huesca_Levante,2021-04-02,21:00,La Liga,Matchweek 29,Fri,2021,0.0,2.0,Levante,Huesca,Away Win,1712.359375,1,21.0,0.9822,0.916,1.06908,1.12298,48.5826,9.9472,3.8386,39.9191,0.75084,0.079172,3.9312,1.00488,0.08888000000000001,15.0656,25.377999999999997,0.64036,0.45472,7.5096,2.3006,32.814600000000006,5.6712,13.9544,0.5736,13.889800000000001,2.6872000000000003,1.644,14.7498,0.3204,18.3518,12.7778,11.474,1677.803848706166,1588.84399414,0.998,1.7326000000000001,1.24604,1.36556,40.9444,8.7298,3.312,38.271860000000004,1.0506799999999998,0.141072,4.1846,1.11306,-0.6195400000000001,16.705,19.4708,0.9357599999999999,0.75378,7.393800000000001,2.4134,23.6866,4.982600000000001,14.8932,0.1602,18.293799999999997,4.8866,1.996,9.4534,2.4732000000000003,14.720000000000002,16.1978,15.997599999999998,1764.3423820301618,2,123.51538086000005
2021-04-03_Getafe_Osasuna,2021-04-03,18:30,La Liga,Matchweek 29,Sat,2021,0.0,0.0,Osasuna,Getafe,Draw,1664.55249023,1,18.0,0.8366,1.1734,0.9962,0.8842399999999999,46.486599999999996,10.061,2.5006,25.16088,0.9962,0.115642,3.4903999999999997,1.01024,-0.16316000000000003,12.8262,26.455,0.73504,0.94092,8.0166,4.1652000000000005,36.6076,8.828199999999999,14.667,0.0,21.073,3.4783999999999997,1.4952,13.7714,1.8464,18.3298,19.1254,12.9214,1753.66494067542,1672.26708984,0.4044,2.4388,0.5713400000000001,1.893,39.1698,5.227399999999999,0.8684000000000001,12.2959,0.44318,0.08033,4.7943999999999996,2.4094599999999997,-0.029340000000000033,11.522200000000002,18.211199999999998,0.40936000000000006,0.3635,4.7112,1.2884000000000002,24.2734,3.7412,13.953000000000001,0.0,18.359,2.9214,0.8088,8.215399999999999,0.7778,10.0152,10.7836,8.643799999999999,1743.194701002662,1,-7.714599609999823
2021-04-03_Eibar_Real Madrid,2021-04-03,16:15,La Liga,Matchweek 29,Sat,2021,2.0,0.0,Real Madrid,Eibar,Home Win,1921.30175781,1,16.0,1.6199999999999999,0.7844,1.5255800000000002,0.62388,60.3624,15.485799999999998,3.8333999999999997,25.69614,1.5255800000000002,0.10464,2.4074,0.69326,-0.09113999999999994,9.1526,40.9054,1.4502000000000002,1.51064,14.112400000000001,2.3502,49.568,10.982600000000001,14.452200000000001,0.9978,18.171,7.414000000000001,3.2399999999999998,23.2534,2.4574000000000003,29.101999999999997,28.284,29.8328,1683.285314967122,1628.67956543,0.5824,1.178,1.234,1.3804400000000001,50.99379999999999,10.423000000000002,1.9362,24.78562,1.05816,0.10888800000000001,3.1647999999999996,1.06738,-0.11062000000000001,11.0946,34.2092,0.80886,0.7429800000000001,7.463000000000001,3.6928,31.732200000000002,6.4002,10.994,0.3382,27.065599999999996,4.8122,0.6764,11.76,2.7268,18.7454,16.3996,13.6592,1639.342166722912,0,292.6221923800001
2021-04-03_Granada_Villarreal,2021-04-03,14:00,La Liga,Matchweek 29,Sat,2021,0.0,3.0,Granada,Villarreal,Away Win,1697.08874512,1,14.0,1.202,0.6154,0.6594800000000001,0.7188399999999999,38.398199999999996,9.1356,2.936,30.76322,0.6594800000000001,0.073466,2.5732000000000004,0.66064,0.04523999999999998,13.9022,15.4042,0.49354,0.33786,7.0416,0.6838,19.0676,2.7742,17.0548,0.2442,14.2548,5.009,1.6416,8.9566,2.7003999999999997,15.0074,12.632000000000001,9.3528,1657.08086398851,1792.54724121,1.5062,1.2376,1.4504599999999999,1.53722,49.389599999999994,8.6298,4.2608,49.878879999999995,1.2966,0.126324,4.687200000000001,1.4511200000000002,0.21352000000000004,23.644,21.600199999999997,1.1913,0.9131800000000001,7.1426,0.9976,35.486599999999996,7.9148000000000005,14.1176,1.1084,10.3688,1.8241999999999998,2.5484,11.4984,1.2198,15.426400000000001,18.0096,16.253,1641.894441355908,2,-95.45849608999993
2021-04-04_Alaves_Celta Vigo,2021-04-04,14:00,La Liga,Matchweek 29,Sun,2021,1.0,3.0,Alaves,Celta Vigo,Away Win,1602.59143066,1,14.0,0.7802,1.4964,1.1318400000000002,1.15722,48.1902,11.043000000000001,2.4854000000000003,21.498939999999997,0.82434,0.081498,2.4302,1.1756600000000001,-0.32074,9.943200000000001,23.656200000000002,0.5675399999999999,0.65286,8.128200000000001,2.8944,27.072,7.740200000000001,12.541400000000001,0.0,18.1312,4.955800000000001,1.156,12.2676,3.2258,20.0162,19.6092,10.0726,1707.605222997864,1673.13305664,1.5326,1.8881999999999999,0.95336,1.2199200000000001,52.62180000000001,7.7736,3.2032,38.89448,0.95336,0.129354,3.8068,1.34908,-0.2705,14.885000000000002,21.782999999999998,0.72468,0.5373600000000001,4.9836,0.9358,27.768,5.3604,14.026,0.4044,15.6436,3.5947999999999998,2.6608,8.9614,1.1602000000000001,13.346,13.1328,11.5756,1649.753951171592,2,-70.54162597999994
2021-04-04_Cadiz_Valencia,2021-04-04,18:30,La Liga,Matchweek 29,Sun,2021,2.0,1.0,Cadiz,Valencia,Home Win,1585.52075195,1,18.0,0.9206,2.0434,0.87534,1.5808,37.987,7.9796000000000005,2.9318,38.62582,0.87534,0.11777400000000002,4.021,1.5887,-0.4547,17.6226,21.639400000000002,0.59578,0.4541,4.8058,2.3288,27.0296,3.1420000000000003,12.921199999999999,0.7081999999999999,21.499,2.8053999999999997,1.5030000000000001,9.3642,2.1294,14.0808,9.475800000000001,11.3738,1668.6499736313476,1707.22460938,0.3382,1.9578,0.46492,1.05338,50.98819999999999,8.7478,1.683,19.766840000000002,0.46492,0.04890800000000001,4.1533999999999995,1.03302,-0.74678,13.586199999999998,29.705799999999996,0.34712,0.5363199999999999,6.6956,1.0501999999999998,33.794,5.2768,16.138199999999998,0.0,14.746400000000001,4.4386,0.6764,11.891399999999999,1.2588000000000001,16.3792,12.6562,13.465399999999999,1721.255316673286,0,-121.70385742999997
2021-04-04_Betis_Elche,2021-04-04,16:15,La Liga,Matchweek 29,Sun,2021,1.0,1.0,Elche,Betis,Draw,1582.41784668,1,16.0,1.264,1.4764,0.83006,1.92502,42.086,6.199800000000001,2.5646,42.52176,0.83006,0.135254,4.728599999999999,2.04528,0.5688799999999999,14.78,18.0828,0.5291399999999999,0.61712,3.94,2.5922,22.1634,4.271800000000001,10.8782,0.0,17.290599999999998,2.6364,2.3302,7.5884,1.4706000000000001,11.0656,10.7182,11.303600000000001,1781.22304069995,1713.53820801,1.2918,0.7979999999999999,0.94794,1.0474800000000002,50.605999999999995,11.768799999999999,3.6717999999999997,34.299519999999994,0.94794,0.07852,3.7516000000000003,0.7322200000000001,-0.06578,12.857800000000001,29.822,0.70606,0.6329,7.6373999999999995,2.5302,41.785199999999996,7.1432,14.797200000000002,0.3978,16.6824,5.0924000000000005,2.3858,15.161200000000001,1.0198,20.697,19.746000000000002,22.4894,1714.4930738035641,1,-131.12036133000015
2021-04-05_Barcelona_Valladolid,2021-04-05,21:00,La Liga,Matchweek 29,Mon,2021,1.0,0.0,Barcelona,Valladolid,Home Win,1934.58728027,1,21.0,3.0443999999999996,0.7802,2.0288199999999996,1.0527600000000001,69.4442,13.6152,5.4766,42.95546,1.89036,0.155896,2.0707999999999998,0.7179599999999999,0.09795999999999999,8.1926,59.1662,1.73984,1.71984,12.1586,1.2442,56.0794,14.050600000000001,12.204600000000001,1.084,10.751000000000001,6.622,5.891,20.881800000000002,1.0422,26.1782,29.239800000000002,27.616799999999998,1609.94546081448,1637.82104492,0.738,0.916,0.70978,1.26604,43.0076,6.9155999999999995,1.8064,26.307539999999996,0.55154,0.073142,2.6942,0.8378000000000001,-0.0782,20.5006,17.251199999999997,0.39524000000000004,0.5569,5.5136,1.6088,24.1326,3.4010000000000002,16.202399999999997,0.6617999999999999,15.5138,2.9234000000000004,1.096,9.783000000000001,0.7979999999999999,12.1564,11.488,12.7286,1664.14903075995,0,296.76623535
2021-04-07_Athletic Club_Real Sociedad,2021-04-07,21:00,La Liga,Matchweek 29,Wed,2021,1.0,1.0,Real Sociedad,Athletic Club,Draw,1749.94018555,1,21.0,2.2876000000000003,1.9636,2.8988,1.0710799999999998,53.9214,14.07,5.2418,40.76990000000001,2.6025400000000003,0.19540200000000002,3.8762,1.54246,-0.42113999999999996,7.572,24.7928,1.95378,1.5655799999999997,11.1584,1.5932,38.2892,11.5986,12.829,1.6478,15.938199999999998,4.7456,3.8632,16.9768,1.1996,23.9966,29.868399999999998,20.3908,1721.897289600782,1718.3572998,1.2898,0.9578,1.1183,1.25348,48.1696,7.7578000000000005,3.0414000000000003,37.138259999999995,0.96006,0.122058,3.94,1.2828,0.32500000000000007,11.8496,23.544600000000003,0.8585,0.64486,6.715599999999999,2.5898,34.568200000000004,8.79,14.9116,0.178,20.0208,5.4944,2.0614,13.384599999999999,0.4222,15.215000000000002,19.061,18.3418,1695.394569163878,1,31.58288575000006
2021-04-09_Elche_Huesca,2021-04-09,21:00,La Liga,Matchweek 30,Fri,2021,3.0,1.0,Huesca,Elche,Home Win,1606.39038086,1,21.0,1.4308,1.6308,1.3438999999999999,1.2274399999999999,49.834,13.7234,3.5346,25.09556,1.20544,0.085632,4.582400000000001,1.79318,0.16237999999999997,11.2884,19.063200000000002,0.69394,0.6463,8.834399999999999,4.3394,30.1654,5.579000000000001,15.7318,0.4222,25.2494,4.223,2.2682,18.441,1.6154,24.304800000000004,18.288600000000002,16.793,1732.92067087445,1584.4954834,0.62,1.916,0.88072,1.7140799999999998,42.8476,7.5736,2.8552,39.92876,0.88072,0.1331,5.2836,2.0545,0.1385,13.6644,18.738599999999998,0.8165199999999999,0.59536,5.5536,2.7558000000000002,21.243599999999997,4.3796,12.755199999999999,0.0,19.279,3.7418,0.6862,8.3112,2.7306,12.4442,12.3136,11.3484,1795.8253477782998,0,21.89489746000004
2021-04-10_Barcelona_Real Madrid,2021-04-10,21:00,La Liga,Matchweek 30,Sat,2021,2.0,1.0,Real Madrid,Barcelona,Home Win,1937.84191895,1,21.0,1.8022,0.41759999999999997,1.6251200000000001,0.39964,62.9332,17.9116,5.1152,28.82544,1.6251200000000001,0.091642,1.9899999999999998,0.3179,-0.0997,11.447,42.221,1.4596,1.5616600000000003,15.843,2.7036000000000002,52.983200000000004,12.0936,11.8768,0.998,18.342399999999998,7.705000000000001,3.6044,26.079199999999997,3.0442,33.352199999999996,28.4,28.229,1667.674251123754,1939.84277344,3.1548,0.6002,1.824,0.83568,63.203199999999995,12.595400000000001,6.7434,53.054379999999995,1.824,0.16364,3.4863999999999997,0.9478,0.3476,8.1736,37.8656,1.36212,1.64152,10.2548,1.178,45.482,10.19,13.6446,3.0886,8.4574,3.7282,5.211,16.820999999999998,1.1748,22.8658,27.683,23.8982,1717.403332983774,0,-2.000854489999938
2021-04-10_Eibar_Levante,2021-04-10,18:30,La Liga,Matchweek 30,Sat,2021,0.0,1.0,Eibar,Levante,Away Win,1630.08398438,1,18.0,0.822,1.8266,1.58856,1.4506999999999999,51.4474,14.957,3.7484,24.20624,1.26504,0.08366599999999999,3.724,1.9330599999999998,0.12425999999999998,6.787399999999999,29.590000000000003,1.1430600000000002,1.24836,11.3572,4.655,35.0826,9.5824,14.2972,0.0,33.8248,5.961400000000001,1.644,17.5614,4.2198,26.165800000000004,24.310200000000002,19.0286,1691.897123802506,1698.51708984,1.072,1.2066,0.9735,2.3208200000000003,50.0466,7.810600000000001,2.7088,30.054880000000004,0.8311,0.105128,5.6582,1.9318,0.7252,15.622399999999999,26.9462,0.7597,0.6392800000000001,6.4766,1.9781999999999997,36.3046,7.7214,14.1816,0.4222,14.767199999999999,3.3052,1.5506,11.9658,1.0596,14.275400000000001,16.826800000000002,18.8106,1718.8092900153658,2,-68.43310545999998
2021-04-10_Cadiz_Getafe,2021-04-10,14:00,La Liga,Matchweek 30,Sat,2021,0.0,1.0,Getafe,Cadiz,Away Win,1677.37365723,1,14.0,0.8376,0.4222,0.90672,0.98736,43.605599999999995,9.7442,2.2076,18.1705,0.71136,0.07510800000000001,2.5432,0.93362,0.51142,15.947400000000002,22.0212,0.58218,0.62984,6.7463999999999995,2.0376,28.1368,5.9281999999999995,18.9842,0.0,20.0312,3.3865999999999996,1.0818,11.270199999999999,1.6196,17.2598,19.561,7.316000000000001,1650.797699098546,1598.9921875,0.8398,2.0986000000000002,1.0275400000000001,2.48936,33.0212,6.1495999999999995,1.3912,22.36652,0.69346,0.15974,4.397,2.23132,0.13271999999999998,11.7774,14.1064,0.36828,0.30928,4.299,1.5104000000000002,18.8584,3.034,16.5018,0.3382,19.7468,3.7034000000000002,1.4354,8.3088,0.5402,11.1314,10.9462,11.877600000000001,1774.391441990518,2,78.38146972999994
2021-04-10_Alaves_Athletic Club,2021-04-10,16:15,La Liga,Matchweek 30,Sat,2021,0.0,0.0,Athletic Club,Alaves,Draw,1724.54846191,1,16.0,1.8606,1.0,1.7247400000000002,0.97436,51.010000000000005,12.995,5.076,43.75036,1.5489000000000002,0.11947,2.2198,0.93584,-0.06415999999999997,13.761799999999997,28.116,1.08214,0.9284600000000001,9.886600000000001,2.8126,41.73160000000001,8.3698,13.1002,0.2442,23.7476,6.6564,2.9696000000000002,16.629,2.3824,23.119799999999998,19.72,20.0734,1697.731735302822,1595.46777344,0.6175999999999999,2.5848000000000004,0.78376,1.5277,32.8896,6.0864,2.0596,37.378479999999996,0.5884,0.108138,4.9086,2.09104,-0.49376,15.102,14.1058,0.2642,0.2798,4.0686,0.822,16.4364,3.0843999999999996,17.900599999999997,0.0,12.483,3.0666,1.0572,5.4382,2.4486000000000003,10.228200000000001,10.8174,7.4786,1729.5246059090682,1,129.08068847000004
2021-04-11_Real Sociedad_Valencia,2021-04-11,16:15,La Liga,Matchweek 30,Sun,2021,2.0,2.0,Valencia,Real Sociedad,Draw,1701.16125488,1,16.0,1.6618,0.6242,1.6974600000000002,1.17664,53.1526,15.5648,4.043,27.07118,1.37922,0.096298,3.2062000000000004,1.1764000000000001,0.5522,12.8386,30.4526,0.9862,0.81608,12.0896,3.5232000000000006,37.9904,8.9206,15.0694,0.989,22.5102,5.1722,3.0031999999999996,21.324,1.1358000000000001,28.0258,18.823800000000002,17.652,1684.045686424816,1751.15710449,0.916,1.1226,0.83088,1.1124800000000001,54.428,7.3596,2.0940000000000003,33.26066,0.83088,0.15625599999999998,2.4053999999999998,0.88444,-0.23815999999999998,10.7366,27.1202,0.54626,0.68438,5.237,1.2898,40.185599999999994,7.5374,15.2604,0.358,21.862000000000002,6.0212,1.3138,9.5282,1.6528,13.643,17.212,17.8186,1781.654239207108,1,-49.99584961000005
2021-04-11_Granada_Valladolid,2021-04-11,18:30,La Liga,Matchweek 30,Sun,2021,1.0,2.0,Valladolid,Granada,Away Win,1639.97363281,1,18.0,1.1822,1.5162,1.16194,0.90998,45.4034,7.7224,2.925,47.25056,0.96658,0.137842,3.1826,1.09878,-0.41741999999999996,17.2538,21.531,0.6464,0.72768,5.835000000000001,2.5274,25.8764,5.5969999999999995,15.180600000000002,0.7844,17.4754,3.2082,1.7468,10.7824,0.9581999999999999,13.931,14.7828,12.271600000000001,1725.731376658318,1684.90783691,1.3758,2.358,1.25618,1.7262000000000002,47.2242,11.9832,3.4312,31.752540000000003,1.25618,0.11138999999999999,6.1262,2.0187,-0.1415,15.044200000000002,25.211199999999998,1.13354,0.9298000000000001,8.359,2.0286,35.052400000000006,6.802,12.6178,0.9036,20.8466,4.5076,2.1958,13.9876,1.714,20.4822,17.0394,13.67,1675.2478825449562,2,-44.93420409999999
2021-04-11_Osasuna_Villarreal,2021-04-11,14:00,La Liga,Matchweek 30,Sun,2021,1.0,2.0,Villarreal,Osasuna,Away Win,1813.71533203,1,14.0,1.1846,1.5778,1.6101,0.8129,55.967200000000005,10.3622,3.3588,34.51602,1.0001799999999998,0.09406199999999999,3.4772000000000003,1.0983,-0.25970000000000004,13.5912,38.7136,0.90958,1.3173000000000001,7.8606,2.4772,48.861799999999995,10.616399999999999,12.9092,0.4884,18.9672,5.4622,1.7492,14.8932,1.1478,19.3776,25.2006,22.166800000000002,1658.064837353224,1666.85400391,0.5778,0.3382,1.1202,0.92708,40.3912,9.3256,3.0145999999999997,31.607080000000003,1.1202,0.136104,2.7582,0.6456200000000001,0.46762,16.821,20.0166,0.61992,0.60056,6.5618,2.4896000000000003,28.7664,6.718400000000001,14.489799999999999,0.4044,14.907399999999999,2.2344,0.9954000000000001,11.1706,1.7266,15.0476,14.9158,9.4616,1655.241859274268,2,146.86132811999983
2021-04-12_Celta Vigo_Sevilla,2021-04-12,21:00,La Liga,Matchweek 30,Mon,2021,3.0,4.0,Celta Vigo,Sevilla,Away Win,1687.66479492,1,21.0,1.1362,1.2686000000000002,1.21842,1.2428,57.4694,9.6506,3.4964,38.13506,1.21842,0.12787800000000002,2.4664,0.86284,-0.40575999999999995,12.6772,33.14,0.96386,1.09616,6.673,1.9822,38.952,6.6678,15.4932,1.1338,12.9076,1.5914000000000001,2.1122,11.9758,1.6021999999999998,16.5456,16.8682,15.0692,1715.660288645508,1845.18579102,1.536,0.844,1.10566,0.9330200000000001,61.37779999999999,9.2714,3.6398,40.55200000000001,0.96326,0.108596,2.6964,1.10628,0.26228,16.437,24.093000000000004,0.7636,0.89742,7.1478,2.4582,35.833200000000005,7.392799999999999,14.191799999999999,0.41759999999999997,15.6974,4.2783999999999995,2.894,12.3112,1.0574000000000001,17.0346,17.1864,17.2392,1633.477698707102,2,-157.52099609999982
2021-04-18_Levante_Villarreal,2021-04-18,21:00,La Liga,Matchweek 33,Sun,2021,1.0,5.0,Levante,Villarreal,Away Win,1708.36413574,1,21.0,0.5956,1.0244,0.90682,1.03298,50.2132,10.541,3.1780000000000004,32.3971,0.62042,0.062278,3.3054,0.8990200000000002,-0.12538000000000002,12.272599999999999,32.278,0.55424,0.54252,7.7588,2.7148000000000003,42.689400000000006,7.2252,13.2264,1.0046,18.0758,3.5069999999999997,1.1912,15.996000000000002,0.4884,19.637800000000002,14.809800000000001,16.1108,1654.066475634488,1807.3326416,2.0882,1.1138,2.01478,1.69648,49.8064,9.788,4.279,46.92652,1.51002,0.136788,4.562600000000001,1.51132,0.39752,23.268199999999997,19.977800000000002,1.44408,1.19934,8.9262,1.4862000000000002,33.9076,9.3886,14.9268,1.486,11.5528,2.5744000000000002,3.5146,14.2792,1.442,19.0912,20.4508,14.874199999999998,1665.443562182212,2,-98.96850586000005
2021-04-18_Betis_Valencia,2021-04-18,18:30,La Liga,Matchweek 33,Sun,2021,2.0,2.0,Betis,Valencia,Draw,1720.43249512,1,18.0,1.7756,1.1204,1.8037,0.88704,57.425599999999996,12.6638,4.8174,41.75444,1.36066,0.1245,2.6088,0.8738400000000002,-0.08635999999999999,10.2552,27.5406,1.0960400000000001,0.8911,10.481399999999999,2.8886000000000003,34.8748,9.7042,13.750599999999999,0.6586000000000001,16.2784,5.8444,3.1534,17.958600000000004,2.0918,23.8748,23.873199999999997,19.6096,1695.71387346001,1703.07739258,0.4044,1.8177999999999999,0.66822,0.83502,54.65259999999999,9.4058,2.4032,23.889919999999996,0.66822,0.065112,3.5054000000000003,0.65808,-0.99952,15.237,32.354200000000006,0.5766199999999999,0.69364,7.502999999999999,1.5336,40.353,7.447,15.1358,0.4884,17.0256,6.16,0.8088,13.555999999999997,0.7004,17.462600000000002,14.111799999999999,14.996,1704.6263432598141,1,17.35510254000019
2021-04-18_Alaves_Huesca,2021-04-18,16:15,La Liga,Matchweek 33,Sun,2021,1.0,0.0,Alaves,Huesca,Home Win,1602.48815918,1,16.0,0.8022,1.791,1.27636,1.35688,51.077999999999996,12.503799999999998,3.6578,26.78526,1.10052,0.100884,3.2198,1.38906,-0.40193999999999996,8.916400000000001,24.811799999999998,0.8105600000000001,0.8285,8.8038,3.6376,30.3394,8.8872,14.8848,0.2442,21.725,5.4926,1.1404,14.582799999999999,3.5474,22.8448,20.969199999999997,10.741999999999999,1680.04614042919,1620.77966309,1.3866,1.4152,1.20146,1.2601400000000003,38.6312,7.1592,3.0365999999999995,39.69218,1.02562,0.1515,3.7778000000000005,1.12502,-0.29018,19.2322,14.2426,0.9122,0.6563199999999999,6.0009999999999994,2.5162,17.2716,4.4959999999999996,15.636199999999999,0.0,13.7362,3.7327999999999997,2.7732,8.6872,1.2166000000000001,11.9412,14.5686,14.6772,1760.051610399862,0,-18.291503910000074
2021-04-18_Getafe_Real Madrid,2021-04-18,21:00,La Liga,Matchweek 33,Sun,2021,0.0,0.0,Getafe,Real Madrid,Draw,1667.61950684,1,21.0,0.7538,0.6242,1.2712,1.03072,44.5132,12.5442,2.7194,20.21164,1.0953600000000001,0.090692,2.8772,0.90908,0.52908,16.662,26.15,0.9591000000000001,0.8410600000000001,8.5694,3.1548,28.1586,7.300599999999999,17.6206,0.2442,23.270200000000003,4.769,0.9736,13.673399999999999,2.3902,22.006,23.644600000000004,9.437999999999999,1642.1651402598382,1950.16101074,2.1470000000000002,0.8022,1.9499,0.94218,59.214800000000004,14.647599999999999,5.338,36.35632,1.9499,0.13591,3.8174,0.96636,0.16416000000000003,10.437000000000001,32.5022,1.38992,1.32076,10.9236,1.1714,41.7444,7.8824,17.7314,0.9028,18.233800000000002,6.26,3.5336,17.253999999999998,2.8854000000000006,25.76,26.505,24.4578,1628.5587833737602,1,-282.54150389999995
2021-04-18_Cadiz_Celta Vigo,2021-04-18,18:30,La Liga,Matchweek 33,Sun,2021,0.0,0.0,Cadiz,Celta Vigo,Draw,1612.96191406,1,18.0,1.0286,1.7948,0.819,1.4418,38.0206,7.493200000000001,2.8386,39.289699999999996,0.819,0.11356,4.363,1.63984,-0.15495999999999993,19.2468,18.845,0.5662200000000001,0.47312,3.9484,1.7633999999999999,27.7914,2.7394000000000003,12.0964,0.8815999999999999,23.446600000000004,2.7805999999999997,1.6528,8.206800000000001,2.1164,13.14,9.8724,13.19,1673.049384888094,1684.32019043,1.9678,1.6552,1.1878,1.47098,50.373599999999996,7.507999999999999,3.9156000000000004,48.994659999999996,1.1878,0.161162,4.5588,1.5107,0.09728000000000003,18.3038,19.795199999999998,0.96758,0.72898,4.897,0.5538,26.081599999999998,4.4476,13.046600000000002,0.46399999999999997,13.3814,2.8585999999999996,3.7157999999999998,8.965399999999999,1.0,13.655800000000001,13.7522,11.3738,1635.6293767559798,1,-71.35827636999988
2021-04-18_Real Sociedad_Sevilla,2021-04-18,14:00,La Liga,Matchweek 33,Sun,2021,1.0,2.0,Real Sociedad,Sevilla,Away Win,1753.45654297,1,14.0,2.0146,1.7232,2.5113800000000004,1.0484399999999998,53.196,13.862800000000002,4.485,34.75816,2.2447600000000003,0.167996,3.4004,1.3906399999999999,-0.33256,9.1798,25.7786,1.7374,1.32036,10.9424,2.0222,36.518,10.4176,12.1134,1.1946,13.9138,3.85,3.3884,16.4906,1.768,23.3082,25.8856,18.4538,1727.865951293766,1852.74584961,2.0707999999999998,1.3479999999999999,1.21278,1.24394,60.46340000000001,10.5094,4.3084,41.5927,1.08462,0.102528,3.2152000000000003,1.4387,0.0907,16.4814,21.697999999999997,0.79724,0.8288599999999999,8.254,3.045,36.4714,7.9862,15.1494,0.3758,17.0374,4.0506,3.4930000000000003,13.933599999999998,1.6842000000000001,18.8288,18.1772,16.0942,1646.7709292237118,2,-99.28930663999995
2021-04-18_Elche_Osasuna,2021-04-18,14:00,La Liga,Matchweek 33,Sun,2021,2.0,0.0,Osasuna,Elche,Home Win,1682.03894043,1,14.0,0.3204,0.9117999999999999,0.7003,0.76814,49.080400000000004,9.022400000000001,1.918,20.516800000000003,0.7003,0.08168199999999999,3.4854000000000003,0.84708,-0.06472,13.5322,28.295600000000004,0.56618,0.7803000000000001,7.0824,3.5602,38.5218,8.301200000000001,15.876999999999999,0.0,20.854,3.4747999999999997,0.4806,11.929200000000002,1.6176,15.6992,18.424599999999998,13.262,1740.7198668463097,1581.72973633,0.8022,2.0244,0.9935999999999999,1.4464,49.633399999999995,7.9046,2.9137999999999997,39.6315,0.9935999999999999,0.142886,5.2552,1.94374,-0.08066000000000004,14.751399999999999,24.9024,0.9114,0.62468,5.742400000000001,3.2686,24.7382,4.83,13.800799999999999,0.0,22.502599999999997,4.4004,0.6175999999999999,8.379999999999999,2.8017999999999996,13.276600000000002,13.215,13.667200000000001,1733.291611206144,0,100.30920409999999
2021-04-21_Alaves_Villarreal,2021-04-21,21:00,La Liga,Matchweek 31,Wed,2021,2.0,1.0,Alaves,Villarreal,Home Win,1602.48815918,1,21.0,0.822,1.0352000000000001,1.14548,1.2391,52.6562,11.677,3.2037999999999998,24.86726,0.98724,0.09335399999999999,2.277,0.9818,-0.053399999999999996,12.1874,28.4938,0.72628,0.76684,8.102799999999998,3.2856,30.5942,7.301,16.394199999999998,0.2198,23.462400000000002,6.0760000000000005,1.2264,13.0714,3.8369999999999997,21.451600000000003,19.175,11.312199999999999,1633.424347949718,1807.3326416,2.8120000000000003,0.9581999999999999,1.97772,1.58356,50.57040000000001,10.9302,4.983599999999999,48.040620000000004,1.52342,0.126898,4.5504,1.4168999999999998,0.4587,20.955,21.613,1.43966,1.165,9.9104,1.6818,35.193799999999996,9.638200000000001,13.769,1.4374,11.3976,3.2496,4.0516000000000005,15.4724,1.3978,21.08,22.0152,18.1614,1689.674667894564,0,-204.84448242000008
2021-04-21_Athletic Club_Betis,2021-04-21,20:00,La Liga,Matchweek 31,Wed,2021,0.0,0.0,Betis,Athletic Club,Draw,1720.43249512,1,20.0,1.798,1.0642,1.5346800000000003,1.00162,60.022000000000006,12.441199999999998,4.8356,42.14492,1.1359599999999999,0.09986400000000001,2.5038,0.9409,-0.12329999999999997,10.3298,32.747,0.89782,0.67454,10.232999999999999,3.044,41.957,10.943,14.208200000000001,0.1602,17.6038,6.292400000000001,3.238,17.362199999999998,1.9384,23.3308,25.183,18.96,1664.012882884982,1721.74353027,1.2608,0.8178,1.1341199999999998,1.0739400000000001,49.2614,8.6588,2.9372000000000003,33.74386,0.99172,0.11973400000000001,3.1691999999999996,0.96614,0.14833999999999997,11.564799999999998,24.654999999999998,0.8759,0.69362,6.9882,3.1633999999999998,35.843599999999995,9.776,15.697399999999998,0.1602,21.860400000000002,5.9774,2.3436,14.511199999999999,0.8684000000000001,17.0912,19.2872,18.84,1675.5180079346942,1,-1.3110351499999524
2021-04-21_Osasuna_Valencia,2021-04-21,19:00,La Liga,Matchweek 31,Wed,2021,3.0,1.0,Osasuna,Valencia,Home Win,1682.03894043,1,19.0,0.4884,0.6764,0.50724,0.6892199999999999,48.1076,8.5874,1.8820000000000001,21.7954,0.50724,0.062211999999999996,3.1926,0.55608,-0.12031999999999998,15.732800000000001,27.401000000000003,0.48746,0.80666,7.4182,3.6481999999999997,39.634600000000006,9.680200000000001,16.122,0.0,19.058999999999997,3.8156000000000003,0.4884,11.8476,1.8,15.208,19.2028,11.814599999999999,1712.784765455556,1703.07739258,0.7081999999999999,1.9802,0.86236,0.7494200000000001,52.722199999999994,8.256,2.363,25.68906,0.69142,0.079254,4.087400000000001,0.9153,-1.0649000000000002,13.7158,31.7188,0.56456,0.56336,6.6318,0.9036,40.8508,6.5816,14.966,0.6838,15.714000000000002,5.4116,1.1722000000000001,11.5586,0.6862,15.630400000000002,13.191600000000001,14.3082,1708.000328661082,0,-21.038452150000012
2021-04-21_Cadiz_Real Madrid,2021-04-21,22:00,La Liga,Matchweek 31,Wed,2021,0.0,3.0,Cadiz,Real Madrid,Away Win,1612.96191406,1,22.0,0.6374,1.0386,0.66174,1.1457600000000001,33.157999999999994,6.3788,2.178,37.26972,0.66174,0.108318,4.3268,1.18426,0.14566,21.784599999999998,16.5978,0.46308000000000005,0.3593,3.9094,0.5778,22.131,2.1888,13.596,0.7934,20.3512,3.191,1.055,6.732600000000001,2.1048,11.14,8.8644,12.0502,1685.3723498053478,1950.16101074,1.3556,0.5778,1.67516,1.18656,58.80460000000001,14.1828,4.1832,26.511100000000003,1.67516,0.11146,4.324,0.9885400000000001,0.41074,13.047,33.0284,1.1611799999999999,1.23984,10.2428,2.031,40.881,8.282399999999999,18.046799999999998,0.6242,19.2636,6.5224,2.1710000000000003,17.561,2.5526,25.228,23.3802,22.370199999999997,1638.104841162684,2,-337.1990966799999
2021-04-21_Levante_Sevilla,2021-04-21,19:00,La Liga,Matchweek 31,Wed,2021,0.0,1.0,Levante,Sevilla,Away Win,1708.36413574,1,19.0,0.7802,1.9988000000000001,0.84404,1.19502,46.8528,10.687000000000001,3.1602,31.657140000000002,0.70164,0.067934,4.3957999999999995,1.5673,0.05690000000000002,11.1682,31.2742,0.5444,0.53828,8.0272,2.7434,42.6332,7.0146,13.003599999999999,1.0042,19.7224,3.8447999999999998,1.3162,14.8314,0.6838,18.9974,16.306,14.9792,1690.1315884758858,1852.74584961,2.0638,1.4574,1.7055,1.0630600000000001,59.760799999999996,12.2562,4.9102,39.99208,1.7055,0.140906,2.517,1.31158,-0.14582,16.7892,23.9022,1.10498,0.99572,9.2496,3.7172,36.2004,8.4642,16.9764,0.3382,18.952,4.0896,3.4438,15.982199999999999,1.5158,21.3204,20.001199999999997,14.9078,1669.1248469001962,2,-144.3817138700001
2021-04-21_Elche_Valladolid,2021-04-21,21:00,La Liga,Matchweek 31,Wed,2021,1.0,1.0,Elche,Valladolid,Draw,1581.72973633,1,21.0,1.2376,1.1404,0.83264,1.7495,42.4772,6.2798,2.464,40.51292,0.83264,0.13673,3.9790000000000005,1.68798,0.54758,13.8692,19.716,0.57624,0.64542,4.146,3.654,23.7564,5.409800000000001,11.390600000000001,0.0,20.668599999999998,3.938,2.2972,7.385199999999999,1.5236,11.014800000000001,12.888399999999999,12.149999999999999,1776.9405598406681,1633.54724121,0.3758,0.7802,0.64996,1.38592,40.464999999999996,6.924200000000001,1.6816,24.47506,0.50756,0.067502,4.434200000000001,1.1526399999999999,0.37243999999999994,17.6642,18.147000000000002,0.3669,0.48797999999999997,5.950799999999999,1.2596,24.3636,4.0936,15.5936,0.5956,14.9742,2.5868,0.5538,10.4376,0.7182,12.773600000000002,11.8278,12.7118,1724.69021430484,1,-51.817504880000115
2021-04-22_Celta Vigo_Real Sociedad,2021-04-22,21:00,La Liga,Matchweek 31,Thu,2021,2.0,1.0,Real Sociedad,Celta Vigo,Home Win,1746.49645996,1,21.0,1.4806,1.895,1.6701799999999998,1.70174,48.928000000000004,11.3902,3.8038,36.53626,1.5455799999999997,0.125916,4.3812,1.7266399999999997,-0.16836,10.4272,19.9222,1.15108,1.0997,8.994399999999999,1.7758,31.940999999999995,8.045399999999999,14.476400000000002,0.7426,16.120199999999997,4.4534,2.9612,13.3786,1.8354,19.2816,20.836,15.8898,1777.122365698008,1683.84521484,1.7710000000000001,1.4896,1.1046200000000002,1.37828,54.667,8.434,4.3566,50.9216,1.1046200000000002,0.14328,3.8703999999999996,1.3707799999999999,0.09876000000000003,17.9058,26.609,0.88202,0.8526200000000002,5.9842,1.231,32.2786,6.4564,10.7558,0.41759999999999997,16.141,3.5612,3.3442000000000003,12.1876,1.0,15.932199999999998,15.142200000000003,19.5392,1621.674096335766,0,62.65124512000011
2021-04-22_Barcelona_Getafe,2021-04-22,22:00,La Liga,Matchweek 31,Thu,2021,5.0,2.0,Barcelona,Getafe,Home Win,1935.37744141,1,22.0,2.6958,0.558,1.9426400000000001,1.0019200000000001,70.7414,16.6282,6.505800000000001,41.218320000000006,1.81804,0.132884,2.0638,0.65618,0.09817999999999999,8.1292,67.226,1.5749000000000004,1.8487799999999999,14.0404,1.2198,64.9478,15.0106,11.030800000000001,1.464,11.176,5.9272,4.9694,25.5216,1.6705999999999999,31.3768,31.5016,31.1178,1602.2716087634258,1673.37219238,0.2198,1.474,0.40004,1.46412,38.444,5.449000000000001,1.1258,16.31468,0.40004,0.07253,3.4055999999999997,1.7315200000000002,0.25752,11.67,16.4484,0.35960000000000003,0.33832,4.396,1.5038,22.948400000000003,3.6229999999999998,16.0556,0.0,18.8794,3.0294,0.4396,7.950000000000001,1.0442,10.014,10.2288,9.0236,1730.742780126906,0,262.0052490300002
2021-04-22_Eibar_Granada,2021-04-22,21:00,La Liga,Matchweek 31,Thu,2021,4.0,1.0,Granada,Eibar,Home Win,1694.24987793,1,21.0,0.7934,1.2864,0.82004,1.32744,39.635000000000005,8.001000000000001,2.6982,33.12912,0.62468,0.081444,3.1042,1.24504,-0.04135999999999998,13.0354,18.138,0.46534,0.41174,6.304799999999999,1.1038,22.9558,3.7176,15.684200000000002,0.46399999999999997,17.880200000000002,4.808,1.189,9.6376,1.7094,13.9856,12.2802,10.738399999999999,1691.069268871664,1619.93737793,0.1978,2.1966,0.7975599999999999,1.52498,46.61600000000001,7.7418,1.7554,,0.65516,,4.9354,1.5645600000000002,-0.63204,11.329,31.753400000000003,0.50046,0.52234,5.6366,2.9682,30.7884,5.328399999999999,10.4428,0.0,25.3788,5.6854,0.0,8.6516,1.7506,13.2708,14.4768,12.2036,1686.6170477764722,0,74.3125
2021-04-24_Elche_Levante,2021-04-24,14:00,La Liga,Matchweek 32,Sat,2021,1.0,0.0,Elche,Levante,Home Win,1575.38513184,1,14.0,1.3579999999999999,0.9822,1.0435800000000002,1.4682800000000003,44.4156,7.2728,2.6618,37.38368,1.0435800000000002,0.145826,3.4044,1.2010800000000001,0.21888,14.9588,21.6304,0.80724,0.65972,5.1524,3.6328,25.034399999999998,5.412999999999999,11.0074,0.4884,21.988,4.521,2.5558,9.0002,2.1038,13.0994,14.009,12.5236,1720.9250885516922,1694.61572266,0.9206,0.7976,0.6754600000000001,2.07098,46.81420000000001,7.341200000000001,1.9611999999999998,22.115899999999996,0.5472999999999999,0.073662,5.780599999999999,1.6876400000000005,0.8900399999999999,17.225,24.244999999999997,0.47303999999999996,0.43234,5.796399999999999,1.8804,33.0352,7.5494,13.475000000000001,0.8684000000000001,12.837000000000002,3.4187999999999996,1.3072,10.46,0.9536,12.2502,15.135000000000002,14.3134,1713.712717701972,0,-119.23059082000009
2021-04-24_Betis_Real Madrid,2021-04-24,21:00,La Liga,Matchweek 32,Sat,2021,0.0,0.0,Real Madrid,Betis,Draw,1944.4083252,1,21.0,1.822,0.62,1.5981800000000002,0.6627000000000001,54.5488,17.5204,4.759599999999999,27.04532,1.5981800000000002,0.09203599999999999,2.7678,0.48146,-0.13854,12.5236,36.9028,1.3459400000000001,1.5098799999999999,14.726000000000003,2.6332,48.265600000000006,12.316600000000001,10.5796,0.8982,16.554399999999998,7.001799999999999,3.644,24.5384,2.7956,32.372600000000006,28.048,25.4754,1730.579880078696,1718.38391113,1.1184,0.9623999999999999,0.9710799999999999,0.99948,51.3778,11.3594,3.072,30.145400000000002,0.80014,0.070576,3.6763999999999997,0.7922399999999999,-0.17015999999999998,14.8694,26.044000000000004,0.6445400000000001,0.6452,8.118,2.9656,40.3972,7.817399999999999,13.108,0.358,14.8608,4.2064,2.0588,15.7452,0.7736,20.939,18.1858,21.6194,1700.667097020978,1,226.02441407000015
2021-04-24_Cadiz_Valladolid,2021-04-24,16:15,La Liga,Matchweek 32,Sat,2021,1.0,1.0,Valladolid,Cadiz,Draw,1633.54724121,1,16.0,1.0198,1.5646,1.19458,1.09876,45.1096,6.5408,2.8324000000000003,48.435379999999995,0.82338,0.12961,3.8970000000000002,1.23218,-0.33242000000000005,16.5284,19.4828,0.56408,0.7260800000000001,5.1306,3.1071999999999997,23.6056,6.0816,15.2182,0.41759999999999997,16.9954,2.799,1.4838,9.118200000000002,1.2066,12.207799999999999,15.4604,11.779599999999999,1737.745564499532,1613.43688965,1.0,1.4562,0.99476,2.4215999999999998,37.1914,6.1906,1.5522,24.48684,0.69412,0.15420399999999998,3.6806,1.8042600000000002,0.34806,15.8628,15.3612,0.41587999999999997,0.3572,4.4692,1.7036,21.8358,3.3190000000000004,15.763,0.1602,18.984,3.4448,1.2918,9.2432,0.6862,11.3626,10.175,10.857399999999998,1740.534091649322,1,20.110351560000026
2021-04-24_Alaves_Valencia,2021-04-24,18:30,La Liga,Matchweek 32,Sat,2021,1.0,1.0,Valencia,Alaves,Draw,1705.12597656,1,18.0,1.8397999999999999,0.9059999999999999,2.01726,1.07246,48.620799999999996,14.2756,3.4504,23.53076,1.3401399999999999,0.103878,3.3856,1.09666,0.19066000000000002,14.1642,26.544000000000004,1.00084,0.8533,11.047999999999998,3.2266,31.276600000000002,7.9516,14.629999999999999,0.8899999999999999,18.8752,4.334,3.6795999999999998,19.6146,1.4664000000000001,26.7788,18.1086,14.767800000000001,1705.63862309412,1609.63537598,0.5558000000000001,2.3262,0.79864,1.75674,37.263999999999996,6.9546,1.7094,30.755460000000003,0.6228,0.10620400000000002,5.3944,2.51676,0.19056000000000006,13.2498,16.9698,0.2822,0.29624,4.5502,0.8398,21.6094,3.6086,16.7014,0.0,15.453599999999998,3.9368,0.9514,6.171200000000001,2.2596,11.2706,11.4126,9.5728,1733.156915600282,1,95.49060058000009
2021-04-25_Barcelona_Villarreal,2021-04-25,16:15,La Liga,Matchweek 32,Sun,2021,1.0,2.0,Villarreal,Barcelona,Away Win,1821.08105469,1,16.0,1.022,1.6199999999999999,1.49376,1.0202200000000001,57.17059999999999,12.1236,4.3438,38.42348,1.1755200000000001,0.091332,3.8178,1.09288,-0.32932000000000006,15.7628,40.174800000000005,1.06956,1.51534,9.527999999999999,3.062,53.8358,11.5756,13.3506,1.4163999999999999,22.6096,5.9484,0.9976,17.0456,1.2772,22.2142,28.7436,24.735999999999997,1653.990784692856,1935.37744141,2.7952000000000004,1.0286,1.5842,1.0463200000000001,64.36,13.5686,5.892399999999999,45.48477999999999,1.5842,0.139858,3.5820000000000003,0.91304,-0.11555999999999994,8.8768,41.2656,1.25384,1.7650799999999998,10.6736,1.6486,51.2062,12.901399999999999,13.147599999999999,2.9798,10.0002,3.8112000000000004,4.890000000000001,18.3042,0.7248,24.6446,29.6242,23.7756,1791.493402198478,2,-114.2963867200001
2021-04-25_Granada_Sevilla,2021-04-25,18:30,La Liga,Matchweek 32,Sun,2021,2.0,1.0,Sevilla,Granada,Home Win,1859.70593262,1,18.0,1.0418,0.356,1.21268,0.9807400000000001,57.3326,11.7438,4.3254,39.32486,1.01732,0.08008,4.1624,0.83748,0.48148,15.0108,32.727599999999995,0.9234,0.96794,10.219,1.9744000000000002,38.5648,6.6128,11.658800000000001,0.716,14.1338,3.7004,2.0836,16.2396,1.2728000000000002,21.096799999999998,16.6986,20.4876,1671.662055127964,1694.24987793,1.5823999999999998,1.9338,1.3959000000000001,1.60148,46.2368,11.985000000000001,4.409,39.58928,1.3959000000000001,0.1209,5.6693999999999996,1.8991399999999998,0.14334000000000002,14.4954,23.9692,1.26552,0.8547399999999999,8.3232,1.3932,34.9912,6.6336,12.8002,1.0574000000000001,19.440800000000003,4.3126,2.5646,14.189,1.7426,20.6342,18.945,16.2774,1670.5726481446497,0,165.4560546900002
2021-04-25_Getafe_Huesca,2021-04-25,14:00,La Liga,Matchweek 32,Sun,2021,0.0,2.0,Huesca,Getafe,Away Win,1613.63232422,1,14.0,2.0202,1.7118,1.4736399999999998,1.27678,46.80839999999999,13.3392,4.0136,33.64524,1.15368,0.083508,4.324,1.6682000000000001,0.20060000000000006,15.155000000000001,17.7684,0.65894,0.6505,8.2508,4.493799999999999,26.174599999999998,6.1978,14.3934,0.38,23.503400000000003,5.121600000000001,2.7738,17.4408,2.2864,23.7506,19.0572,16.3694,1686.967668652794,1673.37219238,0.6862,2.115,0.6974800000000001,1.41558,35.8782,5.303999999999999,1.0131999999999999,14.6831,0.50212,0.09958,3.8092000000000006,1.8083200000000001,-0.062480000000000036,10.193800000000001,17.1126,0.45572,0.46099999999999997,4.400399999999999,1.8418,24.583599999999997,4.7258000000000004,14.8174,0.0,17.9354,2.8264000000000005,0.884,7.9990000000000006,1.0398,10.3008,11.8476,9.498,1762.6631040043742,2,-59.73986815999979
2021-04-25_Celta Vigo_Osasuna,2021-04-25,18:30,La Liga,Matchweek 32,Sun,2021,2.0,1.0,Celta Vigo,Osasuna,Home Win,1683.84521484,1,18.0,1.6110000000000002,1.9744000000000002,1.5007800000000002,1.3795,53.9032,10.218,3.5468,36.00132,1.30542,0.12776600000000002,3.3966000000000003,0.9886999999999999,-0.9857,12.477,32.1254,1.0351400000000002,1.0509600000000001,7.138200000000001,1.3514,39.2536,6.8452,14.911200000000001,1.1204,13.449200000000001,2.6532,2.9778000000000002,12.310599999999999,1.642,17.556,17.2138,15.250599999999999,1753.222561278112,1688.38366699,0.8642000000000001,0.4044,1.0949200000000001,1.1529800000000001,38.9752,9.3048,2.969,31.43034,1.0949200000000001,0.12960600000000003,3.5150000000000006,1.02176,0.86156,16.5184,20.7358,0.5502600000000001,0.6649400000000001,6.1732,3.2732,28.0898,7.0908,12.6312,0.46399999999999997,17.2586,2.6552,1.7284000000000002,11.1654,1.3656,14.7222,16.001,8.7388,1685.832481491608,0,-4.538452150000012
2021-04-26_Eibar_Real Sociedad,2021-04-26,21:00,La Liga,Matchweek 32,Mon,2021,0.0,1.0,Eibar,Real Sociedad,Away Win,1611.38830566,1,21.0,0.5956,1.5997999999999999,1.31106,1.2058999999999997,53.809599999999996,14.317,4.2062,30.24174,1.13522,0.076412,3.0192,1.51468,-0.06910000000000002,5.4992,32.2054,1.03986,1.1546399999999999,11.1656,4.101,35.79560000000001,8.935599999999999,14.2556,0.2442,33.042199999999994,6.3978,1.1912,16.8052,3.7094,25.393199999999997,23.911399999999997,19.535000000000004,1705.8059854474438,1751.57128906,1.0244,1.0662,0.8766200000000001,1.18798,57.6252,9.089,2.673,33.25094,0.8766200000000001,0.14373799999999998,1.644,0.6043999999999999,-0.4618,10.430200000000001,27.7968,0.58606,0.71478,6.778600000000001,1.0166,42.730199999999996,8.5488,15.611199999999998,0.4222,20.1226,5.3424,1.6266,11.096599999999999,1.7875999999999999,16.9094,17.0026,16.471600000000002,1753.1618315412243,2,-140.1829834
2021-04-28_Athletic Club_Valladolid,2021-04-28,19:00,La Liga,Matchweek 33,Wed,2021,2.0,2.0,Athletic Club,Valladolid,Draw,1723.23474121,1,19.0,1.2024,0.7802,1.65308,0.79596,46.659,12.616,4.3966,38.04402,1.51068,0.11828,1.9826000000000001,0.65768,-0.12252,16.4658,28.2086,0.9815200000000001,0.7356400000000001,9.618200000000002,1.1382,39.5932,6.881200000000001,13.2214,0.1978,19.895400000000002,6.3028,1.8401999999999998,16.743000000000002,2.18,22.701,18.302,20.4512,1649.8883441899582,1631.15307617,0.5824,0.8022,0.83914,1.3973600000000002,43.1162,8.7294,2.346,25.3576,0.71098,0.078402,4.0026,1.30836,0.5061599999999999,15.2674,20.7744,0.53556,0.69336,6.5324,2.1104,28.422800000000002,5.982,17.9202,0.536,18.239600000000003,3.649,0.7426,11.402999999999999,0.8464,15.514800000000001,14.519400000000001,12.873,1703.9490229235519,1,92.08166503999996
2021-04-29_Barcelona_Granada,2021-04-29,19:00,La Liga,Matchweek 33,Thu,2021,1.0,2.0,Barcelona,Granada,Away Win,1938.72253418,1,19.0,2.9262,0.8464,1.8174400000000002,1.16706,72.6768,14.467999999999998,5.7786,44.730720000000005,1.5099400000000003,0.126266,1.8132,0.76264,0.16044,7.1954,65.071,1.24668,1.6441400000000002,12.327200000000001,0.9536,63.6858,14.942,11.8604,1.6618,11.290999999999999,5.346,4.739800000000001,22.1954,1.4594,27.676799999999997,30.163200000000003,28.0644,1615.169061154944,1702.7989502,1.3800000000000001,1.9404,1.3030400000000002,1.5569000000000002,44.635999999999996,9.932799999999999,3.4914,37.202160000000006,1.1321,0.103716,5.0698,1.70944,-0.07075999999999998,14.157399999999999,25.9462,1.0147599999999999,0.83484,7.0698,1.3538,34.968199999999996,6.570200000000001,12.2318,0.9516,20.029,4.8138000000000005,1.9756,12.348799999999999,1.3800000000000001,17.4402,17.1412,14.4286,1710.6135695324042,2,235.92358397999988
2021-04-30_Celta Vigo_Levante,2021-04-30,21:00,La Liga,Matchweek 34,Fri,2021,2.0,0.0,Celta Vigo,Levante,Home Win,1685.10766602,1,21.0,1.5057999999999998,1.877,1.21888,1.4248,53.2682,9.6078,2.8154,29.76798,1.04304,0.10624800000000001,3.5012000000000003,1.0142600000000002,-0.86274,13.9504,28.5936,0.79978,0.70748,6.736,1.072,35.865,5.063000000000001,14.387599999999999,0.5758,13.104199999999999,2.4438,2.5476,11.0702,1.822,16.3794,15.739,14.3928,1763.14814284562,1679.07434082,0.5402,0.8178,0.42164,1.7740000000000002,50.60759999999999,6.1978,1.0,16.225279999999998,0.42164,0.06697,5.646599999999999,1.45904,0.64124,16.4026,25.1324,0.38364,0.3526,5.24,1.4598,35.5646,6.6852,14.4924,0.6374,14.0858,2.5559999999999996,0.5998,8.2954,1.2024,10.0624,15.1448,15.614600000000001,1651.82573650202,0,6.033325199999808
2021-05-01_Osasuna_Real Madrid,2021-05-01,21:00,La Liga,Matchweek 34,Sat,2021,2.0,0.0,Real Madrid,Osasuna,Home Win,1938.64111328,1,21.0,1.3514,0.558,1.56718,0.8018,54.21639999999999,17.6124,4.4952,25.20438,1.56718,0.090274,2.8352,0.62426,0.06626000000000001,12.5036,32.7192,1.2913200000000002,1.4412,14.2648,3.2024,47.129000000000005,13.2058,11.3542,0.3758,21.903599999999997,7.390000000000001,2.7028,24.7284,2.4718,32.523399999999995,29.2522,25.5716,1730.575555078628,1690.5793457,1.022,0.7081999999999999,1.12544,0.99236,42.4844,8.8978,2.4396,27.92998,0.93008,0.118316,3.2194,1.05406,0.56566,14.8014,19.1528,0.42872,0.7172999999999999,5.234999999999999,3.4901999999999997,28.413,6.7376000000000005,13.1562,0.41759999999999997,19.2866,3.7666,1.7998,10.5164,0.9524,14.0852,18.198800000000002,9.2974,1686.445002560642,0,248.06176757999992
2021-05-01_Alaves_Eibar,2021-05-01,14:00,La Liga,Matchweek 34,Sat,2021,3.0,0.0,Eibar,Alaves,Home Win,1604.7545166,1,14.0,0.536,1.3956,1.34318,1.03992,54.3052,13.852599999999999,4.1414,30.845599999999997,1.18494,0.083538,2.6288,1.11478,-0.28081999999999996,6.126,33.506,1.01586,1.1680000000000001,10.228000000000002,4.135,38.0138,9.5746,14.7742,0.2198,30.840000000000003,5.3812,1.072,16.7244,3.4942,25.0652,23.4876,19.337,1696.382582126338,1624.59240723,0.6002,1.6168,0.86202,1.47922,40.87780000000001,6.8592,1.7384,31.00858,0.7037800000000001,0.12223400000000001,4.0456,2.0134600000000002,0.39666,15.110599999999998,14.2986,0.45492,0.35546,4.8835999999999995,1.2442,18.4302,3.2594000000000003,17.508000000000003,0.0,15.808599999999998,3.4548,1.2004,6.8426,2.3778,11.487800000000002,10.6946,10.004,1697.6979316642,0,-19.837890629999947
2021-05-01_Huesca_Real Sociedad,2021-05-01,18:30,La Liga,Matchweek 34,Sat,2021,1.0,0.0,Huesca,Real Sociedad,Home Win,1598.77099609,1,18.0,1.6740000000000002,1.7406,1.3774199999999999,0.82982,53.6854,12.084,3.568,31.113059999999997,1.0894400000000002,0.08804000000000001,3.859,1.20206,-0.31873999999999997,12.8538,22.663400000000003,0.6342,0.62102,7.3046,4.156,30.040000000000003,5.9338,17.4726,0.1978,25.826999999999998,4.421,2.208,16.2312,2.1578,21.533199999999997,16.9858,15.9558,1653.72338874434,1756.71972656,1.022,0.8154,0.77246,1.33338,53.9674,7.671,2.4616,36.089020000000005,0.77246,0.150132,2.4122000000000003,0.64282,-0.17258000000000007,13.305800000000001,24.2218,0.52538,0.49028,5.88,0.5824,35.7666,6.9404,15.0058,0.8684000000000001,15.782200000000001,4.5314,1.4198,8.4686,1.853,14.100200000000001,14.4838,14.0058,1712.403442966458,0,-157.9487304700001
2021-05-02_Betis_Valladolid,2021-05-02,14:00,La Liga,Matchweek 34,Sun,2021,1.0,1.0,Valladolid,Betis,Draw,1636.38012695,1,14.0,1.0178,1.2198,1.52376,1.08448,47.3202,7.0428,3.4375999999999998,50.7485,1.18968,0.15406599999999998,3.2748,0.99274,-0.22705999999999998,17.207800000000002,16.3072,0.60444,0.7835000000000001,5.2294,1.9314,20.7178,5.2968,16.5616,1.1084,16.0426,2.875,1.6796,8.109,1.7744,11.978200000000001,16.4474,10.7926,1730.62477297152,1724.65283203,0.7182,0.5778,1.00726,0.82654,50.1072,10.679199999999998,2.6763999999999997,27.02918,0.8533999999999999,0.088614,3.8087999999999997,0.7742,0.1964,18.1016,24.9946,0.72778,0.6351,7.8062,3.0132,40.8544,8.0682,14.274000000000001,0.178,13.797600000000001,3.8414,1.2762,14.782399999999999,0.6962,19.5126,17.478800000000003,23.299000000000003,1752.741105591284,1,-88.27270507999992
2021-05-02_Barcelona_Valencia,2021-05-02,21:00,La Liga,Matchweek 34,Sun,2021,2.0,3.0,Valencia,Barcelona,Away Win,1692.43884277,1,21.0,1.7558,1.0596,1.656,1.1517,50.456199999999995,13.1708,3.3052000000000006,24.3777,1.16192,0.101166,3.3912,1.12464,0.06504000000000004,14.159600000000001,26.633399999999998,0.84422,0.8568,10.0102,3.0038,33.5788,8.1446,14.722999999999999,1.0452000000000001,19.6526,5.0332,3.2674000000000003,18.0756,1.4198,24.0582,17.7416,15.4234,1701.199118969006,1930.95654297,2.5714,0.8815999999999999,1.92206,0.90194,62.5146,14.144400000000001,5.9472000000000005,44.265060000000005,1.92206,0.16129000000000002,3.4795999999999996,0.62662,-0.25498,8.789,39.01819999999999,1.45822,1.7941800000000003,10.9946,2.1722,48.388400000000004,13.8324,12.8564,2.3492,9.123800000000001,2.9534000000000002,4.4566,20.0156,0.46399999999999997,25.257,29.462000000000003,23.198,1814.1541761738022,2,-238.51770020000004
2021-05-02_Getafe_Villarreal,2021-05-02,16:15,La Liga,Matchweek 34,Sun,2021,1.0,0.0,Villarreal,Getafe,Home Win,1809.45605469,1,16.0,1.0198,1.8022,1.5352800000000002,1.41452,57.150999999999996,12.7762,4.5978,37.1398,1.2488800000000002,0.095524,4.2244,1.3089400000000002,-0.31526000000000004,12.911999999999999,40.7872,1.1291,1.5258800000000001,10.4844,2.9558,55.568,12.383,13.2272,1.519,22.0694,6.6743999999999994,1.242,17.650199999999998,2.1262,23.867,30.5318,26.3486,1709.0682496345,1682.51647949,1.1059999999999999,1.6152,0.7842600000000001,1.2387000000000001,35.345400000000005,6.0944,1.8885999999999998,29.501820000000002,0.60842,0.10594999999999999,3.0958,1.41122,0.015820000000000056,12.8722,16.6686,0.46898,0.48374,5.037,1.6134,22.039,4.409,16.433,0.0,17.097,2.3994,1.5282,7.887199999999999,1.4242,11.668199999999999,13.4604,8.0388,1707.268873926012,0,126.93957520000004
2021-05-02_Cadiz_Granada,2021-05-02,18:30,La Liga,Matchweek 34,Sun,2021,0.0,1.0,Granada,Cadiz,Away Win,1715.21228027,1,18.0,1.6907999999999999,1.402,1.03666,1.52336,39.27160000000001,7.7124,2.6842,34.81682,0.8608199999999999,0.111488,3.3822,1.38476,-0.017240000000000026,15.273599999999998,16.947599999999998,0.6829999999999999,0.52708,5.6415999999999995,0.9934,21.227800000000002,3.59,14.206399999999999,0.6617999999999999,17.1924,4.4388,2.2910000000000004,8.597,1.7384,12.333400000000001,12.240400000000001,9.632000000000001,1676.689662353902,1612.45849609,1.0,0.978,1.09178,2.22436,39.4906,6.7482,1.7412,22.9611,0.8212200000000001,0.17887999999999998,3.9126000000000003,1.76524,0.7872399999999999,17.2746,17.211000000000002,0.32662,0.32706,4.4664,1.389,25.3358,3.4312,15.430599999999998,0.0,22.2364,4.6654,1.1184,8.7186,0.8617999999999999,11.358600000000001,10.2898,12.080599999999999,1712.8233849841163,2,102.75378418000014
2021-05-03_Athletic Club_Sevilla,2021-05-03,21:00,La Liga,Matchweek 34,Mon,2021,0.0,1.0,Sevilla,Athletic Club,Away Win,1869.11242676,1,21.0,1.2818,0.5646,1.1926,0.915,57.855199999999996,10.7486,4.0485999999999995,39.39926,0.8214,0.06842,3.5136,0.76724,0.20264000000000001,14.7772,31.678600000000003,0.82338,0.85464,9.953,2.1212,37.2758,6.607399999999999,11.893,0.356,14.609,3.6862000000000004,2.5636,16.2158,1.3456,20.5548,16.829,18.4854,1688.9528300304182,1731.0357666,0.558,0.736,0.89886,0.94326,50.52400000000001,9.8258,2.611,28.716620000000002,0.7706999999999999,0.095456,3.0522,0.9039200000000001,0.16792,10.354800000000001,30.306200000000004,0.6320399999999999,0.7919400000000001,7.1454,3.1912,40.467,9.9426,15.383400000000002,0.0,22.7954,5.203,0.9558,15.693000000000001,0.8815999999999999,17.8826,19.182000000000002,18.091,1698.5614959968918,2,138.07666016000007
2021-05-07_Elche_Real Sociedad,2021-05-07,21:00,La Liga,Matchweek 35,Fri,2021,2.0,0.0,Real Sociedad,Elche,Home Win,1747.66027832,1,21.0,1.2442,1.9496,1.6943400000000004,1.56274,44.8192,10.3184,3.0908,30.5571,1.24032,0.106698,4.3872,1.5839199999999996,-0.36567999999999995,12.826600000000001,21.5836,0.8608600000000001,0.9255599999999999,8.062199999999999,1.454,30.726199999999995,8.085,14.684800000000001,0.6242,14.6434,3.9198,2.4884,12.1196,2.3844,18.608999999999998,19.4872,13.6706,1776.47168576543,1582.98522949,0.5778,2.022,0.89214,1.2652200000000002,49.1498,7.3374,2.534,36.97108,0.89214,0.134712,4.8854,1.78166,0.0038600000000000266,13.9436,26.577799999999996,0.7349,0.57778,5.4798,3.2418,26.8742,4.2704,13.720799999999999,0.0,24.1618,4.4604,0.5558000000000001,9.0304,1.9447999999999999,13.160599999999999,10.8634,14.421600000000002,1727.3174960698082,0,164.67504883000015
2021-05-08_Cadiz_Huesca,2021-05-08,18:30,La Liga,Matchweek 35,Sat,2021,2.0,1.0,Cadiz,Huesca,Home Win,1624.56115723,1,18.0,0.5736,1.0906,0.76764,1.49538,33.165400000000005,7.329400000000001,2.4044,36.55916,0.76764,0.10980799999999999,3.8616,1.41234,0.32174,20.029,14.2196,0.5056,0.50988,4.2186,0.62,21.2202,2.37,15.201799999999999,0.714,20.4836,3.8604,0.9494,7.403600000000001,1.9060000000000001,12.6146,9.378,12.433399999999999,1747.001321143224,1611.19006348,0.7338,1.5804,1.1940600000000001,1.1959600000000001,42.6512,6.2728,1.798,30.43572,1.05166,0.20089400000000002,5.334,1.53126,-0.049139999999999934,18.4088,19.495,0.96106,0.73382,4.3096,1.5116,24.363,4.2422,14.216800000000001,0.0,12.8234,2.1536,1.4676,7.7446,0.8617999999999999,10.6222,11.370999999999999,13.0156,1688.109412498786,0,13.37109375
2021-05-08_Athletic Club_Osasuna,2021-05-08,21:00,La Liga,Matchweek 35,Sat,2021,2.0,2.0,Athletic Club,Osasuna,Draw,1743.96972656,1,21.0,1.4264,1.0464,1.47916,0.8973,47.5254,11.933399999999999,4.5128,40.97536,1.351,0.115568,2.4728,0.87612,-0.17028,20.9358,29.387999999999998,0.94568,0.8165,8.2028,0.9802,42.2988,6.172000000000001,13.587399999999999,0.4222,18.163800000000002,6.0282,2.1446,16.0476,1.7736,21.621399999999998,18.5392,18.864,1628.009763647232,1689.29260254,0.7756000000000001,1.1258,0.9363800000000001,1.09196,41.4478,7.731199999999999,2.3956,37.300700000000006,0.7605400000000001,0.09694800000000002,3.7858,1.1375,0.20950000000000002,15.741800000000001,20.846799999999998,0.31374,0.65114,4.478800000000001,2.5644,30.4694,5.7428,12.6524,0.3758,19.002200000000002,3.2458,1.3314000000000001,8.9994,0.8572,12.0672,15.869600000000002,9.556000000000001,1744.489508518102,1,54.677124020000065
2021-05-08_Alaves_Levante,2021-05-08,14:00,La Liga,Matchweek 35,Sat,2021,2.0,2.0,Alaves,Levante,Draw,1613.77209473,1,14.0,1.084,1.1758,1.22974,1.46702,47.5182,9.8232,3.1391999999999998,29.61784,1.08734,0.11887799999999998,2.8818,1.16218,-0.013619999999999986,12.9898,25.8026,0.9390000000000001,0.6592199999999999,7.5158,2.8686000000000003,28.381,6.049800000000001,15.9106,0.1978,20.6418,4.614999999999999,1.548,11.5106,2.9324,17.6784,15.1294,11.437000000000001,1676.417883130176,1671.58984375,0.1978,1.2244,0.55716,1.8554400000000002,50.435599999999994,7.1548,1.2442,17.07866,0.55716,0.070832,4.861,1.4831400000000001,0.25874,12.7226,27.1496,0.5129600000000001,0.5571200000000001,5.848600000000001,2.5348,37.327,6.9492,14.9316,0.5736,17.1962,3.233,0.3956,8.942599999999999,1.1822,12.2982,16.884,14.7766,1666.4606123086778,1,-57.817749020000065
2021-05-09_Celta Vigo_Villarreal,2021-05-09,18:30,La Liga,Matchweek 35,Sun,2021,2.0,4.0,Villarreal,Celta Vigo,Away Win,1813.33349609,1,18.0,1.0178,1.3336000000000001,1.2430999999999999,1.27542,59.2332,11.321600000000002,4.2938,44.53132000000001,1.1007,0.089528,3.9578,1.1303800000000002,-0.04302,15.0064,38.110200000000006,0.9829,1.3367400000000003,9.2032,2.4718,50.00580000000001,11.7004,15.2024,1.367,17.445800000000002,5.9744,1.462,15.575600000000001,1.9136,21.2706,27.368600000000004,24.416,1706.654414258594,1695.95166016,1.5496,1.5406,0.92436,1.6046,55.822,9.0232,4.365,49.029720000000005,0.92436,0.11332,3.9274000000000004,1.58344,0.23864000000000002,16.282,25.972199999999997,0.75286,0.92062,7.151000000000001,1.308,33.896,6.7552,11.7686,0.3758,19.1578,3.6052,2.9212000000000002,13.09,1.9768000000000001,17.4926,16.6374,19.4744,1654.3188147441779,2,117.38183592999985
2021-05-09_Valencia_Valladolid,2021-05-09,16:15,La Liga,Matchweek 35,Sun,2021,3.0,0.0,Valencia,Valladolid,Home Win,1688.73083496,1,16.0,1.7802,1.6862,1.6103599999999998,1.66818,45.006,12.6094,3.5187999999999997,28.45628,1.1657199999999999,0.112818,4.2288,1.4872999999999998,-0.19889999999999997,11.990000000000002,23.186600000000002,0.90862,0.78344,9.709,2.2708000000000004,29.1168,6.909199999999999,14.318200000000001,0.7081999999999999,15.992,4.1532,3.0964000000000005,17.323600000000003,1.3778,23.252000000000002,15.958,14.3162,1760.4357024173698,1637.26062012,0.8684000000000001,1.0662,0.8064,1.26346,44.1376,10.6984,3.0881999999999996,29.80572,0.8064,0.07656199999999999,5.023199999999999,1.4873,0.4211,12.057,22.9392,0.59968,0.7372799999999999,7.744199999999999,2.832,32.6764,7.3932,16.019000000000002,0.3382,22.267200000000003,4.561,1.3568,14.137,0.8617999999999999,18.5262,17.041999999999998,14.8274,1715.237519529218,0,51.470214839999926
2021-05-09_Eibar_Getafe,2021-05-09,14:00,La Liga,Matchweek 35,Sun,2021,0.0,1.0,Getafe,Eibar,Away Win,1678.63916016,1,14.0,0.6784,0.41759999999999997,1.52596,0.90552,43.974,15.352799999999998,3.9126000000000003,25.906420000000004,1.36772,0.093066,2.5452000000000004,0.70836,0.51056,17.1722,29.7076,1.07856,0.93906,10.5986,3.7720000000000002,31.2942,8.191600000000001,15.660599999999999,0.2198,27.415799999999997,5.469,0.8762000000000001,17.2016,2.3954000000000004,26.7104,27.608400000000003,12.4132,1700.755509204196,1618.93444824,0.4222,2.8096,0.8734000000000001,1.65666,50.085,9.0002,1.8798,,0.74524,,5.130199999999999,1.7855800000000002,-1.0240200000000002,11.4284,31.301199999999994,0.4495,0.40476,6.0288,2.4388,28.458399999999997,4.6188,10.6104,0.0,25.852600000000002,6.2494,0.4884,8.8422,1.9756,14.8322,14.3524,11.7064,1706.452206371114,2,59.704711920000136
2021-05-09_Real Madrid_Sevilla,2021-05-09,21:00,La Liga,Matchweek 35,Sun,2021,2.0,2.0,Real Madrid,Sevilla,Draw,1943.28735352,1,21.0,1.5604,0.358,1.5083600000000001,0.63068,56.160399999999996,18.3396,5.2224,27.9082,1.5083600000000001,0.08492,2.7516,0.49974,0.14173999999999998,11.9528,35.7132,1.2501,1.4771,15.026800000000001,2.938,49.970200000000006,13.341199999999999,11.6632,0.8266,20.548599999999997,6.486000000000001,3.1208,27.1094,2.3804,34.2922,30.159799999999997,27.1682,1717.218396654242,1856.1784668,1.8132,1.3116,1.92244,0.95786,59.196,12.0306,4.4308000000000005,36.10902,1.92244,0.16556400000000002,2.5094000000000003,1.18036,-0.13124,15.157000000000002,24.0002,1.23986,0.99056,9.6572,3.9338,38.842600000000004,8.606,16.490399999999998,0.4044,18.8006,3.6922,3.0109999999999997,15.3398,1.6642000000000001,20.9884,20.4336,15.217,1678.7598386228563,1,87.10888671999987
2021-05-10_Betis_Granada,2021-05-10,21:00,La Liga,Matchweek 35,Mon,2021,2.0,1.0,Betis,Granada,Home Win,1721.11877441,1,21.0,1.474,0.9578,1.05514,1.03914,54.947599999999994,11.220199999999998,4.407800000000001,41.7362,0.92698,0.08522400000000001,3.0860000000000003,0.8624,-0.09540000000000001,12.3504,31.516600000000004,0.77034,0.7936,9.6654,2.7954000000000003,39.0966,9.972,14.9758,0.0,17.576,6.1632,2.77,15.360599999999998,1.9445999999999999,21.1882,24.9088,19.3288,1677.4129381339178,1700.45605469,1.442,1.558,1.1994599999999997,1.41144,38.8996,9.0066,2.9096000000000006,34.23796,1.0455999999999999,0.108786,4.6744,1.68524,0.12724000000000002,14.4418,23.0536,0.85674,0.75692,6.374199999999999,1.3184,31.7174,6.1129999999999995,11.776000000000002,0.8564,17.8726,4.288200000000001,1.978,11.8576,0.9536,15.430399999999999,15.8382,12.431799999999999,1784.913206348546,0,20.66271972000004
2021-05-11_Barcelona_Levante,2021-05-11,22:00,La Liga,Matchweek 36,Tue,2021,3.0,3.0,Levante,Barcelona,Draw,1668.91101074,1,22.0,0.558,1.899,0.7463799999999999,1.40532,47.4764,10.073999999999998,2.5116000000000005,24.33638,0.61822,0.060374,3.8238,1.64832,0.18891999999999998,10.730599999999999,30.5462,0.45227999999999996,0.50002,7.336,2.569,44.6882,7.834,13.5916,0.6154,20.703400000000002,3.8044,0.8962,14.2038,0.6154,18.0532,17.373,14.1366,1741.878647265394,1929.01647949,2.7584000000000004,1.2818,2.2317400000000003,1.07592,64.9372,14.606599999999998,5.8524,41.22264,1.98754,0.15206999999999998,3.82,0.87256,-0.40923999999999994,8.1218,49.993,1.40798,1.9733599999999998,10.2508,2.055,55.3866,15.5468,11.6174,2.5584,9.443800000000001,2.4696000000000007,4.4108,20.0906,0.6617999999999999,25.8962,32.3902,20.791999999999998,1778.724436084744,1,-260.10546875
2021-05-11_Cadiz_Osasuna,2021-05-11,19:00,La Liga,Matchweek 36,Tue,2021,3.0,2.0,Osasuna,Cadiz,Home Win,1689.7454834,1,19.0,1.1722000000000001,0.5646,1.0926,0.7879800000000001,48.3732,10.7706,3.4032,30.3117,0.8728199999999999,0.07476000000000001,3.3734,0.5728200000000001,0.008219999999999991,16.3364,28.037599999999998,0.5864,0.80042,8.2532,2.8508000000000004,37.9498,9.4122,13.7236,0.0,18.7204,4.2224,1.1722000000000001,12.828,2.3084,18.206000000000003,21.5686,12.021199999999999,1690.9731124766322,1628.26708984,1.0,0.736,1.07378,1.90448,41.5924,7.7384,2.5438,32.87424,0.94562,0.156812,3.433,1.52338,0.78738,17.523600000000002,17.6106,0.58698,0.52412,5.3406,1.7384,24.9786,3.9205999999999994,14.9108,0.4884,22.677799999999998,5.4198,1.2066,9.2232,1.0198,12.676,10.060599999999999,11.472399999999999,1685.329465550302,0,61.478393560000086
2021-05-11_Alaves_Elche,2021-05-11,20:00,La Liga,Matchweek 36,Tue,2021,0.0,2.0,Elche,Alaves,Away Win,1575.79956055,1,20.0,0.916,0.7802,0.9998400000000001,1.0337399999999999,42.8974,6.9668,2.5116000000000005,35.35944,0.8044800000000001,0.11868200000000001,3.0023999999999997,0.8914799999999999,0.11128,10.9148,22.4054,0.69488,0.5753,5.2532000000000005,3.1926,26.8878,5.747199999999999,13.828,0.3956,19.4332,4.6102,1.6122,7.888400000000001,1.8940000000000001,12.338000000000001,13.895399999999999,13.628400000000001,1688.2427073497302,1611.1439209,0.5402,1.6110000000000002,0.7093,1.35154,45.029599999999995,6.6290000000000004,1.7646,31.9162,0.5669,0.10392000000000001,4.041,1.9467600000000003,0.33576000000000006,17.241600000000002,16.6546,0.42944,0.3255,4.651,1.2198,19.4518,3.7218,16.5804,0.0,16.4044,3.8976,1.0804,6.37,2.44,10.418000000000001,11.1134,9.6476,1666.2206337872499,2,-35.34436034999999
2021-05-12_Celta Vigo_Getafe,2021-05-12,20:00,La Liga,Matchweek 36,Wed,2021,1.0,0.0,Celta Vigo,Getafe,Home Win,1693.29821777,1,20.0,1.6994,1.5450000000000002,1.52884,1.47438,51.755599999999994,9.0144,3.4664,39.4287,1.3706,0.15246200000000001,3.2068,0.87954,-0.66546,16.43,28.201600000000003,1.1561000000000001,0.9941800000000001,6.518200000000001,0.6764,33.3158,5.545,13.483799999999999,1.2508,11.828600000000002,2.011,2.9812,12.1842,1.3514,16.3414,14.311599999999999,12.7882,1763.816638964084,1675.9855957,0.9954000000000001,1.5536,0.79466,0.78878,35.0226,8.2828,2.2882000000000002,29.0285,0.63642,0.09647,2.7978,0.95402,-0.40178,12.285200000000001,16.4018,0.4865,0.49978,6.598600000000001,2.9172000000000002,23.411800000000003,6.609999999999999,15.757200000000001,0.0,17.5756,2.8478,1.3754,11.1172,1.2376,15.1644,16.7774,9.0116,1735.2331904551002,0,17.31262207000009
2021-05-12_Athletic Club_Huesca,2021-05-12,20:00,La Liga,Matchweek 36,Wed,2021,1.0,0.0,Huesca,Athletic Club,Home Win,1602.17700195,1,20.0,1.3182,1.2782,1.05456,0.6759,51.2872,11.2988,3.0786000000000002,29.14114,0.89632,0.078028,3.4848,0.86234,-0.21806000000000003,11.9914,22.5858,0.5487,0.54124,7.4742,3.8962,29.0918,5.6962,17.2256,0.178,23.6908,3.7462000000000004,1.5546000000000002,14.4104,1.9978,19.8822,14.500800000000002,14.551,1674.5730372795042,1738.20983887,0.6022,0.5182,0.7059599999999999,0.9445000000000001,44.134600000000006,9.355,2.2616,26.18256,0.7059599999999999,0.092026,2.9028,0.787,0.2688,14.658999999999999,27.0458,0.57558,0.64624,6.11,2.8278000000000003,37.1906,9.0716,15.8216,0.0,21.795,3.7292,0.9601999999999999,13.1936,1.526,16.485200000000003,15.957,17.637800000000002,1737.226357154618,0,-136.03283692000014
2021-05-12_Sevilla_Valencia,2021-05-12,19:00,La Liga,Matchweek 36,Wed,2021,1.0,0.0,Sevilla,Valencia,Home Win,1853.52490234,1,19.0,1.1536,0.46399999999999997,1.31308,0.76374,63.407,13.4922,4.0878,32.327439999999996,0.9790000000000001,0.07046000000000001,2.9295999999999998,0.64636,0.18236000000000002,16.1854,36.4268,0.95636,1.1310200000000001,12.532,3.2300000000000004,48.7016,9.1328,13.7574,0.3204,19.9528,4.3502,2.3072,21.543,1.4552,25.8922,21.3182,20.4784,1668.5348948978178,1686.07727051,0.8815999999999999,2.2264,1.03032,1.2673,55.2564,9.2954,3.2034000000000002,31.724700000000002,0.87646,0.093864,4.8672,1.5243,-0.7021000000000001,15.7302,28.2394,0.6546,0.62468,7.1452,0.8132,41.218399999999995,6.2674,15.702,0.8595999999999999,19.2378,6.1912,1.5433999999999999,11.590800000000002,1.1059999999999999,16.8206,13.1048,16.563200000000002,1673.842793968518,0,167.44763182999986
2021-05-13_Valladolid_Villarreal,2021-05-13,19:00,La Liga,Matchweek 36,Thu,2021,0.0,2.0,Valladolid,Villarreal,Away Win,1634.60705566,1,19.0,1.1602000000000001,1.1978,1.52026,1.3979000000000001,48.3862,7.4830000000000005,2.8614,42.540499999999994,1.21962,0.150664,3.6355999999999997,1.1355600000000001,-0.06224000000000002,16.5428,20.272,0.62286,0.73074,5.0624,1.9382000000000001,26.4392,5.4112,16.4056,0.9976,16.771,2.7434,2.0,9.2192,1.9411999999999998,13.834200000000003,14.7934,13.587800000000001,1704.9702363264141,1817.68164062,2.6308000000000002,1.2066,2.1317399999999997,1.46544,54.376599999999996,11.846400000000001,5.1735999999999995,43.38706,1.7228999999999999,0.146508,3.9185999999999996,1.39196,0.18536000000000002,19.1498,31.773200000000003,1.501,1.47918,10.828600000000002,2.2462,43.709999999999994,12.2046,12.7152,1.3936,15.5092,4.8782,3.3579999999999997,17.7878,1.3579999999999999,22.6462,26.574199999999998,18.189799999999998,1664.9970068357502,2,-183.07458496000004
2021-05-13_Granada_Real Madrid,2021-05-13,22:00,La Liga,Matchweek 36,Thu,2021,1.0,4.0,Granada,Real Madrid,Away Win,1700.45605469,1,22.0,1.3776,1.2176,1.05184,1.5631,45.2052,8.273800000000001,2.7600000000000002,34.3482,0.8936000000000001,0.1099,3.444,1.58488,0.36728000000000005,16.3998,17.9854,0.67472,0.57322,5.965800000000001,2.115,23.526,4.5636,12.688,0.5956,16.508000000000003,4.4508,1.9178,9.2698,1.7646,13.421,13.148999999999997,9.7128,1671.093572948876,1924.93383789,1.6642000000000001,0.3758,1.7988,1.16792,58.4476,13.3434,3.488,23.89122,1.60344,0.117872,4.3358,0.79432,0.41851999999999995,14.6522,31.1396,1.42364,1.5833,9.441600000000001,2.128,42.437400000000004,8.9986,16.621000000000002,0.41759999999999997,16.7628,5.305,2.8864,17.9372,1.9206,24.3398,21.3352,22.3566,1638.5016519287979,2,-224.47778319999998
2021-05-13_Betis_Eibar,2021-05-13,20:00,La Liga,Matchweek 36,Thu,2021,1.0,1.0,Eibar,Betis,Draw,1616.28088379,1,20.0,1.0708,1.1118000000000001,1.2147,0.84054,52.076800000000006,14.1116,4.4155999999999995,32.21852,1.0723,0.073652,2.71,0.9811599999999999,-0.13064000000000003,6.7136,28.9482,0.91012,0.8761,10.5494,3.3005999999999998,36.3914,8.0196,14.064400000000001,0.1978,28.8256,6.275600000000001,1.8974000000000002,16.7078,3.3005999999999998,25.2588,20.3878,17.438,1689.433123900526,1721.11877441,0.6022,0.62,1.29956,0.84948,52.1824,10.1344,2.8088,29.36556,1.1611,0.1185,3.1954,0.7047,0.0847,16.45,26.737000000000002,1.0813000000000001,0.8125199999999999,8.458,3.156,41.678000000000004,9.3264,12.1166,0.1602,14.394400000000001,3.513,1.2044,14.9598,0.3382,18.4076,18.7958,24.4668,1719.2047546877398,1,-104.83789062000005
2021-05-16_Alaves_Granada,2021-05-16,18:30,La Liga,Matchweek 37,Sun,2021,4.0,2.0,Alaves,Granada,Home Win,1623.58618164,1,18.0,1.464,1.4024,1.34212,1.2993800000000002,48.066,11.9268,3.902,31.18308,1.21396,0.112108,3.0378000000000003,1.1659599999999999,-0.23643999999999998,12.2024,26.9194,1.0072,0.7453799999999999,8.6734,3.07,29.363400000000002,5.700399999999999,15.831,0.178,23.740000000000002,5.386,2.37,12.4244,3.86,19.8846,15.837,12.2142,1677.501791259714,1694.41271973,1.3978,1.6021999999999998,1.15742,1.49798,37.179,8.9176,3.407,38.59384,1.01896,0.10658400000000001,4.707000000000001,1.74116,0.13896,12.500000000000002,19.1642,0.66804,0.6447,5.66,0.8982,23.301000000000002,5.2248,13.163599999999999,0.3382,15.2224,3.0500000000000003,1.736,10.33,1.4466,15.554799999999998,14.156400000000001,10.6466,1779.1806547598298,0,-70.82653808999999
2021-05-16_Betis_Huesca,2021-05-16,18:30,La Liga,Matchweek 37,Sun,2021,1.0,0.0,Betis,Huesca,Home Win,1727.16223145,1,18.0,1.3824,0.8178,1.0763800000000001,1.18614,53.39,10.3448,4.3228,42.34296,1.0763800000000001,0.099794,3.5658000000000003,1.06266,0.24486,12.6922,28.257399999999997,0.84214,0.79984,8.6896,2.0831999999999997,37.211999999999996,9.1538,15.454999999999998,0.2442,15.0114,6.0144,2.3604000000000003,13.1176,1.9060000000000001,18.630000000000003,24.1088,19.263399999999997,1692.965508202522,1612.41809082,0.7604,1.7666,1.1734999999999998,1.0654800000000002,47.8702,8.2432,2.6950000000000003,33.18926,1.04534,0.17671599999999998,4.6124,1.32166,-0.20074000000000003,17.546599999999998,26.0158,0.91496,0.8858000000000001,5.7438,2.5372000000000003,32.995,5.8274,13.4298,0.2442,19.034399999999998,2.3824,1.5208,10.6004,1.264,14.6554,13.1434,17.7422,1679.474423730576,0,114.74414062999995
2021-05-16_Athletic Club_Real Madrid,2021-05-16,18:30,La Liga,Matchweek 37,Sun,2021,0.0,1.0,Athletic Club,Real Madrid,Away Win,1727.96875,1,18.0,1.4838,1.286,1.5345,0.83666,46.6964,13.0494,4.2174,32.90184,1.5345,0.122778,2.7698,1.04506,-0.24094,20.554,29.370199999999997,1.18414,0.99464,9.736,1.2264,43.4346,7.1758,13.3286,0.6242,20.7896,7.0022,2.3302,18.129,1.6962,22.812799999999996,20.815800000000003,19.4102,1633.6230938971382,1921.41210938,2.3304,0.5824,1.82104,1.3709,59.0032,14.4742,4.5602,29.31422,1.6452,0.11408599999999999,4.4022,0.90256,0.32016,13.1218,31.181599999999996,1.44896,1.5150000000000001,10.762599999999999,1.7710000000000001,43.427,8.4664,16.947,0.62,14.2562,4.786,4.263,20.2738,1.5402,26.392000000000003,21.3018,21.0118,1656.438693750058,2,-193.44335937999995
2021-05-16_Real Sociedad_Valladolid,2021-05-16,18:30,La Liga,Matchweek 37,Sun,2021,4.0,1.0,Real Sociedad,Valladolid,Home Win,1745.75769043,1,18.0,1.464,1.7546,1.43336,1.4264000000000001,50.1328,9.7332,2.505,27.88156,1.12564,0.108148,3.8042,1.39664,-0.35796,10.4462,26.6534,0.98598,0.9020999999999999,8.1794,1.4644,35.6166,8.2,14.028,0.41759999999999997,14.746400000000001,4.2278,2.928,13.1078,2.7902,18.5508,18.964599999999997,17.3782,1737.547916502588,1625.28125,0.6374,1.548,0.86902,1.32478,49.0846,13.259,2.8352,23.20326,0.86902,0.066696,4.964999999999999,1.68716,0.13916,10.097800000000003,31.136400000000002,0.69622,0.8689,9.323400000000001,3.2814,40.7884,8.8074,15.1518,0.1602,27.734,5.5818,1.077,17.330599999999997,1.5082,23.6344,21.810200000000002,16.8426,1715.145455052284,0,120.47644042999991
2021-05-16_Eibar_Valencia,2021-05-16,18:30,La Liga,Matchweek 37,Sun,2021,4.0,1.0,Valencia,Eibar,Home Win,1692.19970703,1,18.0,2.0464,1.3734,1.4928,1.47164,42.8748,9.3532,3.467,36.01856,1.208,0.14805,3.5734,1.08464,-0.28876,16.5746,20.793599999999998,1.00546,0.85394,7.4638,1.0344,26.354,5.5206,13.686200000000001,0.8815999999999999,12.641399999999999,3.2610000000000006,3.431,12.842600000000001,0.9516,17.1246,13.111,12.5986,1728.08519470295,1627.62084961,0.6242,2.3844,0.8096000000000001,1.4556200000000001,49.824,7.4028,2.1802,,0.63866,,4.817,1.6381400000000002,-0.74626,12.3064,29.2646,0.38689999999999997,0.39546,5.2052,1.9624,27.991799999999998,4.7128,10.9378,0.0,22.439799999999998,4.3826,0.6838,7.6606000000000005,1.3014,12.0984,12.9756,9.894,1718.633110204908,0,64.57885741999985
2021-05-16_Cadiz_Elche,2021-05-16,18:30,La Liga,Matchweek 37,Sun,2021,1.0,3.0,Cadiz,Elche,Away Win,1622.98144531,1,18.0,1.0046,1.0816,0.88182,1.45914,32.9608,8.5618,1.9756,26.473659999999995,0.88182,0.115036,4.1196,1.4532200000000002,0.37162,21.8236,13.709200000000001,0.56272,0.591,5.562,1.2906,19.544800000000002,3.4539999999999997,15.081800000000001,0.4984,21.3562,3.7744000000000004,1.0986,9.4612,2.3038,15.0838,11.8706,15.2204,1721.6501645767057,1563.3572998,0.3758,2.0198,0.77964,1.49404,46.024800000000006,6.4152000000000005,1.9922,23.6565,0.77964,0.148448,4.552599999999999,1.5869199999999997,-0.21308,13.5166,24.7196,0.5892799999999999,0.4623,4.4992,2.4850000000000003,24.165599999999998,3.3666,12.7718,0.0,20.0708,3.87,0.356,7.550599999999999,1.8501999999999998,11.6118,9.2116,13.1908,1706.7155474125482,2,59.62414551000006
2021-05-16_Barcelona_Celta Vigo,2021-05-16,18:30,La Liga,Matchweek 37,Sun,2021,1.0,2.0,Barcelona,Celta Vigo,Away Win,1923.74023438,1,18.0,2.0275999999999996,0.9954000000000001,1.32478,1.06956,71.1934,14.402000000000001,6.1586,45.8947,1.1665400000000001,0.08795399999999999,3.0994,0.78832,-0.00928000000000001,7.158199999999999,60.1214,0.94738,1.58452,11.625799999999998,1.1822,58.647400000000005,13.2218,18.4544,1.3162,14.502399999999998,4.9666,3.2838,20.230999999999998,2.2244,26.985999999999997,27.6948,26.1114,1644.149236620502,1716.31726074,2.3714,1.5866,1.21936,2.00372,53.806799999999996,9.5976,4.6168,49.2004,0.8530599999999999,0.09400800000000001,4.811400000000001,1.6728,0.26242,15.676799999999998,23.5094,0.7607999999999999,0.84412,7.468400000000001,1.5213999999999999,32.5946,6.6238,11.936200000000001,0.3382,17.9096,3.833,4.3384,13.601799999999999,2.1234,17.9642,16.0736,19.114800000000002,1686.622222580368,2,207.42297364
2021-05-16_Sevilla_Villarreal,2021-05-16,18:30,La Liga,Matchweek 37,Sun,2021,4.0,0.0,Villarreal,Sevilla,Home Win,1800.2421875,1,18.0,1.4044,1.8885999999999998,1.5918200000000002,1.5497,58.8776,11.112599999999999,4.4644,45.29,1.2683,0.104226,4.3062000000000005,1.4415200000000001,-0.44708,14.7942,35.592,1.1522800000000002,1.38864,8.6618,2.1362,51.505199999999995,11.2094,14.7056,1.4744,16.7918,5.156000000000001,2.0484,15.8854,1.5338,21.0782,26.9662,22.9648,1718.451371803602,1860.25,1.976,1.3804,1.85016,0.9520399999999999,54.4484,10.7064,4.0434,36.69274,1.6548,0.15023799999999998,3.5351999999999997,0.906,-0.47439999999999993,15.4412,25.0654,1.05492,0.88824,8.8588,3.2077999999999998,35.7724,7.180199999999999,14.775999999999998,0.46399999999999997,17.631999999999998,3.6229999999999998,2.9098,13.5962,1.5978,18.7916,17.892400000000002,13.742,1759.598339258664,0,-60.0078125
2021-05-16_Getafe_Levante,2021-05-16,18:30,La Liga,Matchweek 37,Sun,2021,2.0,1.0,Getafe,Levante,Home Win,1659.06604004,1,18.0,0.178,0.62,1.43892,1.0403,43.3878,14.0966,3.433,24.34976,1.2965200000000001,0.094642,3.0231999999999997,0.93054,0.5083400000000001,17.1432,29.1364,1.04068,0.94398,9.562,3.6948000000000003,28.3784,7.195600000000001,15.9828,0.1978,25.3648,5.4662,0.356,14.739600000000001,2.6,23.6532,24.1288,10.806799999999999,1679.67725417404,1674.18725586,0.6664,1.4462,0.66798,1.28532,50.2358,7.0394,1.7082000000000002,25.17272,0.66798,0.09217,4.5866,1.0444,-0.40180000000000005,14.227,25.357599999999998,0.6282,0.6291,5.6196,2.4814,34.5844,7.0984,14.405999999999999,0.5162,16.3884,2.9214,1.3328,8.8042,1.0198,12.0244,15.9514,13.322000000000001,1639.749141776306,0,-15.121215820000089
2021-05-21_Cadiz_Levante,2021-05-21,21:00,La Liga,Matchweek 38,Fri,2021,2.0,2.0,Levante,Cadiz,Draw,1667.02734375,1,21.0,1.0906,2.2974,0.76732,1.65018,46.007400000000004,11.675799999999999,3.293,26.25842,0.76732,0.06422,3.9414,1.85766,-0.04413999999999996,9.116,29.1466,0.58356,0.64094,8.8116,2.7562,44.8396,8.915600000000001,11.434800000000001,0.5538,23.4396,5.0889999999999995,1.9834,16.669400000000003,1.0422,20.733800000000002,18.3888,15.0318,1791.636612011202,1607.16259766,1.2442,1.2508,1.16526,2.0105,39.4028,8.0088,3.0220000000000002,37.71826,0.99432,0.155012,3.778,1.7496200000000002,0.49882000000000004,16.9708,17.1052,0.6271399999999999,0.5993999999999999,5.6508,2.253,22.482599999999998,3.7843999999999998,14.0548,0.4396,21.244799999999998,5.377800000000001,1.7744,9.6452,1.5062,13.985400000000002,9.6662,10.6042,1698.1210181877277,1,59.864746089999926
2021-05-22_Betis_Celta Vigo,2021-05-22,18:00,La Liga,Matchweek 38,Sat,2021,2.0,3.0,Celta Vigo,Betis,Away Win,1730.21911621,1,18.0,1.7736,1.3904,1.3006,1.5434400000000001,51.8596,7.3594,2.9314,37.986279999999994,1.1582,0.15210200000000001,3.7186,1.09458,-0.2958199999999999,18.4848,24.177200000000003,0.9551600000000001,0.8438599999999999,5.445399999999999,0.5646,29.6682,4.958,15.1448,0.8373999999999999,9.7596,1.9097999999999997,3.1713999999999998,9.4914,1.072,13.0002,13.1594,10.7232,1748.200035350476,1730.10546875,0.642,0.8022,1.30728,1.0287199999999999,46.527,10.021,2.928,30.869619999999998,1.18268,0.118976,3.42,0.9039999999999999,0.10180000000000002,21.5212,19.252,1.11086,0.7324400000000001,8.9448,2.4078,31.889199999999995,7.3844,12.6374,0.0,11.824799999999998,3.1292,1.284,15.0522,0.6486000000000001,18.7994,18.0162,19.8596,1714.0921722662501,2,0.11364746000003834
2021-05-22_Osasuna_Real Sociedad,2021-05-22,18:00,La Liga,Matchweek 38,Sat,2021,0.0,1.0,Osasuna,Real Sociedad,Away Win,1692.16723633,1,18.0,1.7875999999999999,0.7081999999999999,1.38086,1.00898,53.584599999999995,11.4264,3.363,28.59586,0.9876800000000001,0.08016999999999999,3.1478,0.83536,0.12716,17.111800000000002,29.8874,0.7298800000000001,0.8804000000000001,9.2048,2.1448,42.959399999999995,9.326799999999999,12.8742,0.2442,16.994999999999997,4.100199999999999,2.276,14.022200000000002,2.1776,19.651,23.121399999999998,12.851799999999999,1643.4071000237639,1752.55517578,0.7979999999999999,1.2244,0.86162,1.1845999999999999,58.054399999999994,9.9158,3.8146,37.41368,0.86162,0.09109600000000001,3.3015999999999996,0.92032,-0.08428000000000001,10.421,30.6692,0.7636000000000001,0.78152,7.4670000000000005,0.8815999999999999,42.1114,7.4112,14.6216,0.5736,15.346999999999998,5.6926000000000005,1.2202,11.0914,2.4090000000000003,17.8788,17.2742,14.4168,1637.34490480681,2,-60.387939449999976
2021-05-22_Barcelona_Eibar,2021-05-22,18:00,La Liga,Matchweek 38,Sat,2021,0.0,1.0,Eibar,Barcelona,Away Win,1619.82067871,1,18.0,1.0638,1.1006,1.15558,0.87974,54.711,13.668,4.5182,33.44224,1.02742,0.075288,3.2716,0.9242199999999999,-0.17637999999999998,6.154,33.46,0.88588,0.90408,10.4504,3.2264,43.3662,8.9944,11.871799999999999,0.178,30.6526,6.004,1.9078,16.9814,2.9822,24.6564,21.2816,16.1406,1711.282228270186,1909.83825684,2.9268,1.8862,2.55254,1.12158,64.011,15.4226,5.623,37.6184,2.3327400000000003,0.16728200000000001,4.4706,1.19162,-0.69458,8.5772,49.082800000000006,1.6890400000000003,2.07694,10.281400000000001,1.9494,55.2692,14.115200000000002,12.809,2.0141999999999998,10.6202,3.111,4.3698,20.525599999999997,1.084,27.0274,32.4838,19.515,1767.52233930688,2,-290.01757812999995
2021-05-22_Real Madrid_Villarreal,2021-05-22,18:00,La Liga,Matchweek 38,Sat,2021,2.0,1.0,Real Madrid,Villarreal,Home Win,1933.00805664,1,18.0,1.6044,0.6664,1.3466,0.78852,55.335800000000006,18.2058,5.832800000000001,31.789720000000003,1.3466,0.07566,2.9206,0.72394,0.057540000000000036,11.0248,40.15,1.1141800000000002,1.3829,15.2244,2.3116000000000003,51.4626,13.8956,10.1434,0.5998,22.1588,6.6815999999999995,2.9646000000000003,26.910600000000002,2.0982000000000003,34.0192,28.402199999999997,25.4332,1770.97093945314,1823.65441895,2.7117999999999998,0.7976,1.7910799999999998,1.28914,57.0578,11.561600000000002,4.811999999999999,40.77796000000001,1.5240799999999999,0.13020600000000002,3.4383999999999997,1.0965,0.2989,18.6464,33.1382,1.2999400000000003,1.41126,10.1572,2.0774,44.6606,12.5168,13.331999999999999,1.4984,14.0376,5.423,3.8545999999999996,16.8204,1.178,21.2044,25.6284,17.137999999999998,1653.14903410569,0,109.35363768999991
2021-05-22_Athletic Club_Elche,2021-05-22,18:00,La Liga,Matchweek 38,Sat,2021,2.0,0.0,Elche,Athletic Club,Home Win,1579.17626953,1,18.0,0.536,1.0464,0.96544,1.1480599999999999,49.633799999999994,8.091,2.5604,31.280140000000003,0.7896,0.10327800000000001,2.758,0.80024,-0.24616,10.922999999999998,26.3046,0.68538,0.59778,6.2488,3.3734,27.820200000000003,5.8726,15.1106,0.356,21.7436,4.993399999999999,0.8742,10.0414,2.2488,14.8902,13.273200000000001,15.174800000000001,1647.06403615819,1723.42224121,0.3978,0.4222,0.67094,0.92682,43.8996,8.8192,2.4796,34.66994,0.67094,0.0915,3.3568,0.7218,0.29960000000000003,16.5354,25.4312,0.5536,0.56392,5.8988,2.4566,34.7846,7.3107999999999995,14.762599999999999,0.0,20.9386,2.7794,0.5758,11.4528,1.8618,15.636199999999999,14.0074,17.441399999999998,1723.07271796938,0,-144.24597168000014
2021-05-22_Huesca_Valencia,2021-05-22,18:00,La Liga,Matchweek 38,Sat,2021,0.0,0.0,Huesca,Valencia,Draw,1608.27868652,1,18.0,0.998,0.5736,0.92492,0.6006199999999999,51.258399999999995,11.825,3.5150000000000006,30.56616,0.78252,0.06857400000000001,2.8596,0.47448,0.07887999999999998,13.157200000000001,22.9714,0.58384,0.6548,8.8038,4.2508,31.5806,7.2918,15.937800000000001,0.1602,24.4218,3.7274000000000003,1.0224,16.1464,1.998,21.0944,14.43,16.5494,1690.91268840363,1701.19604492,0.7934,1.8154,0.98168,1.23062,51.0352,8.9658,3.3714,36.683499999999995,0.84322,0.09336,4.7806,1.44308,-0.37232,14.7804,27.8034,0.60912,0.61662,6.4422,1.2202,40.949200000000005,6.6288,14.966999999999999,0.7736,18.2256,5.9277999999999995,1.389,10.454799999999999,0.9954000000000001,16.3384,13.138200000000001,17.5162,1719.3326280989882,1,-92.91735840000001
2021-05-23_Getafe_Granada,2021-05-23,18:30,La Liga,Matchweek 38,Sun,2021,0.0,0.0,Granada,Getafe,Draw,1675.53991699,1,18.0,1.1956,1.9284,1.252,1.55116,43.275800000000004,8.014,3.1282,38.68128,1.1096,0.13377,4.2322,1.5719599999999998,-0.3564399999999999,13.6736,21.361600000000003,0.60398,0.55148,5.2484,1.8594,25.6274,5.34,12.275000000000002,0.536,14.459399999999999,3.7732,1.3934,9.8872,1.1556,13.1024,13.7344,9.0206,1747.807191991456,1666.22583008,0.7516,1.3539999999999999,0.90286,0.63452,34.079,9.3316,2.7478000000000002,30.445280000000004,0.7604599999999999,0.09681999999999999,2.3296,0.5757999999999999,-0.6002000000000001,11.079600000000001,15.5524,0.50344,0.6219,6.8389999999999995,2.6814,25.8688,6.8934,15.981599999999998,0.0,19.3512,2.919,0.9494,10.485,2.5789999999999997,16.913600000000002,20.174599999999998,11.4526,1741.556832836838,1,9.314086910000015
2021-05-23_Alaves_Sevilla,2021-05-23,21:00,La Liga,Matchweek 38,Sun,2021,1.0,0.0,Sevilla,Alaves,Home Win,1844.05847168,1,21.0,1.1382,0.41759999999999997,1.3150000000000002,0.6840999999999999,64.32,13.2872,4.2232,34.060700000000004,1.01436,0.07674,2.8366,0.60172,0.18412,14.5132,38.3144,0.98398,1.11676,12.467200000000002,3.1512000000000002,49.6624,9.7406,11.828199999999999,0.2442,21.5438,4.2152,2.0322,21.909800000000004,1.3096,25.4914,20.098,21.84,1667.00229714423,1635.4095459,0.6862,1.0173999999999999,0.9137200000000001,1.1233600000000001,45.123999999999995,7.587000000000001,1.644,23.33232,0.78556,0.11108599999999999,3.3602000000000003,1.58256,0.56516,19.038800000000002,16.633399999999998,0.563,0.5327200000000001,5.6068,1.6862,19.3948,3.938,17.6874,0.0,16.4404,4.5846,1.3724,8.1306,2.5402,12.662199999999999,13.5324,10.9478,1639.1683977528578,0,208.6489257799999
2021-10-24_Barcelona_Real Madrid,2021-10-24,16:15,La Liga,Matchweek 10,Sun,2022,1.0,2.0,Barcelona,Real Madrid,Away Win,1868.93139648,1,16.0,2.5866000000000002,0.9404,2.1018,0.63112,66.7512,13.5536,6.396999999999999,46.08614,1.75258,0.132102,2.5824000000000003,0.77042,-0.16998000000000002,8.579,37.7684,1.5049000000000001,1.78402,10.331000000000001,2.4608,54.1408,9.977,17.5278,2.3258,24.6268,8.324200000000001,4.549,18.0244,2.487,25.3936,31.7544,27.5108,1682.526183716706,1927.49841309,2.0564,1.4024,1.41162,1.2200799999999998,59.3204,17.5272,5.779599999999999,32.556659999999994,1.41162,0.08147,4.3956,1.31732,-0.08507999999999996,12.015999999999998,37.300200000000004,1.1683599999999998,1.32152,12.892600000000002,2.286,54.1584,11.6564,13.661,1.1912,20.7404,6.146,3.9526,24.034399999999998,1.3526,31.8402,32.361000000000004,27.861800000000002,1680.673175195662,2,-58.56701660999988
2021-10-26_Alaves_Elche,2021-10-26,19:00,La Liga,Matchweek 11,Tue,2022,1.0,0.0,Alaves,Elche,Home Win,1606.98864746,1,19.0,0.38,1.4586,0.83388,1.1696,41.424800000000005,9.7438,2.4941999999999998,26.761899999999997,0.70572,0.07604,3.6629999999999994,1.03618,-0.42242,16.269399999999997,19.7748,0.46127999999999997,0.50288,6.008800000000001,1.443,21.589399999999998,3.9004,12.7806,0.9536,18.8366,2.9424,0.38,9.311599999999999,2.81,16.6324,15.4724,13.092799999999999,1707.0529327150798,1601.31420898,0.62,1.6596,0.61938,1.69916,44.7296,6.6533999999999995,2.62,40.539919999999995,0.61938,0.08655399999999999,4.455,1.4549200000000002,-0.20468,18.1524,17.233800000000002,0.54182,0.60364,5.4556000000000004,1.7713999999999999,21.2844,3.3674000000000004,17.8756,0.0,15.2334,2.609,1.24,8.162,0.7802,12.173199999999998,9.697799999999999,14.7786,1696.7892700449322,0,5.674438479999935
2021-10-27_Mallorca_Sevilla,2021-10-27,19:00,La Liga,Matchweek 11,Wed,2022,1.0,1.0,Mallorca,Sevilla,Draw,1633.39672852,1,19.0,1.022,0.8196,1.075,0.9350999999999999,45.861399999999996,11.498,5.054,42.09636,1.075,0.09056600000000001,2.9346,0.8588,0.19940000000000005,11.574,16.1892,0.83368,0.48996,8.021,0.8444,24.4024,4.8404,18.921599999999998,1.3428,13.263,4.4826,1.5799999999999998,12.3534,2.1432,20.741,16.147999999999996,14.7774,1698.4743940940302,1845.5,0.5824,0.3978,1.05248,0.74126,60.6886,11.8524,3.3096,28.2917,1.05248,0.097908,2.4556,0.43606,0.038260000000000016,13.515200000000002,30.592000000000002,0.6537999999999999,0.6958,9.610399999999998,2.7603999999999997,48.5136,9.5964,15.542799999999998,1.4176,18.7146,4.6572000000000005,0.7604,16.548,2.442,22.014400000000002,17.563599999999997,12.666999999999998,1672.296183083486,1,-212.1032714800001
2021-10-27_Betis_Valencia,2021-10-27,20:00,La Liga,Matchweek 11,Wed,2022,4.0,1.0,Betis,Valencia,Home Win,1755.44494629,1,20.0,1.7280000000000002,1.2222,1.41834,1.01018,54.9276,16.0866,6.0454,38.913740000000004,1.22298,0.074548,3.1978000000000004,0.8305,-0.39169999999999994,15.830400000000001,34.8108,0.86892,0.75726,12.157800000000002,0.978,47.69279999999999,9.8502,14.456199999999999,2.1832000000000003,16.0934,4.789,2.6804,20.2192,2.3736,28.2332,25.1578,20.3892,1684.99742866133,1704.22705078,1.3142,1.6642000000000001,0.81908,0.9887600000000001,48.7688,11.8004,3.7182,32.87424,0.7069400000000001,0.059913999999999995,3.1062000000000003,1.14526,-0.51894,11.765600000000001,27.463,0.5951,0.61464,9.2532,1.5211999999999999,33.870400000000004,6.813999999999999,19.565399999999997,0.8617999999999999,19.049999999999997,3.8564000000000003,1.9144,15.1346,2.056,22.190600000000003,14.966,15.718800000000002,1738.972275342244,0,51.21789551000006
2021-10-28_Celta Vigo_Real Sociedad,2021-10-28,19:00,La Liga,Matchweek 11,Thu,2022,0.0,2.0,Celta Vigo,Real Sociedad,Away Win,1687.81030273,1,19.0,0.5778,1.1382,1.34084,1.1271200000000001,61.816,12.801200000000001,2.5632,19.43102,1.05286,0.089472,2.9578,1.3621200000000002,0.22391999999999998,7.899,41.608999999999995,0.89264,0.89024,9.3968,2.9892,48.7324,8.295,9.8598,1.1006,25.7362,4.915,0.7976,17.8518,1.9458000000000002,23.7026,21.5972,16.9034,1686.872360448566,1782.91271973,1.978,1.7446,1.15184,1.3281,56.053799999999995,12.5398,5.2662,42.012460000000004,1.0094400000000001,0.08466399999999999,3.2716,1.38314,-0.36146,11.021799999999999,30.704200000000004,0.7965,0.9207599999999999,8.0502,1.7668,40.599999999999994,8.285400000000001,13.1308,1.4466,13.729000000000001,5.1208,3.2024,16.151,1.4332,22.4642,22.1748,15.565,1664.030663109988,2,-95.10241699999983
2021-10-30_Elche_Real Madrid,2021-10-30,14:00,La Liga,Matchweek 12,Sat,2022,1.0,2.0,Elche,Real Madrid,Away Win,1594.67883301,1,14.0,1.084,0.8642000000000001,0.84986,0.85036,48.0018,9.8758,4.0166,40.11616,0.84986,0.08689,4.486600000000001,0.89838,0.034180000000000016,17.957,22.6664,0.67416,0.5726600000000001,6.7476,1.5604,33.256600000000006,4.8952,14.8904,0.178,20.182199999999998,4.9136,1.726,11.8614,1.9578,17.1338,12.405199999999999,16.0688,1711.784372534318,1929.47802734,1.7624,1.3621999999999999,1.3916400000000002,1.24368,56.9908,15.4768,5.4132,36.20404,1.3916400000000002,0.095534,3.8676,1.25678,-0.10542000000000004,14.0678,32.1536,0.9961800000000001,1.22288,11.9266,1.769,45.675000000000004,10.814,15.059999999999999,1.072,18.257199999999997,5.9314,3.2806,21.9332,1.4616,28.681800000000003,30.9038,27.3198,1733.3979390380082,2,-334.79919432999986
2021-10-30_Valencia_Villarreal,2021-10-30,18:30,La Liga,Matchweek 12,Sat,2022,2.0,0.0,Valencia,Villarreal,Home Win,1695.07641602,1,18.0,1.6002,1.1038,1.3405,0.8749800000000001,50.0178,12.197600000000001,4.2032,36.08436,1.21234,0.118494,4.8308,1.06216,0.20256000000000002,12.921800000000001,29.1462,1.0539,1.37328,9.379,3.3096,38.8378,9.7388,17.0982,1.3526,25.5426,3.3680000000000003,3.2004,16.4318,3.254,22.9476,20.0324,18.5902,1719.728297630616,1804.82287598,0.6002,0.8444,0.65844,1.5352999999999999,54.538000000000004,8.4592,2.442,39.86128,0.65844,0.09749,3.3614,1.30372,0.63732,18.9872,30.282600000000002,0.53888,0.74252,6.5476,1.5934,39.7916,6.7644,12.416799999999999,1.2264,8.7962,2.467,1.2004,12.45,0.8617999999999999,15.600200000000001,19.1696,20.3832,1722.2389391845659,0,-109.74645996000004
2021-10-31_Cadiz_Mallorca,2021-10-31,14:00,La Liga,Matchweek 12,Sun,2022,1.0,1.0,Cadiz,Mallorca,Draw,1590.13366699,1,14.0,0.3204,1.325,0.9771200000000002,1.36104,37.4346,10.6568,2.0442,27.041039999999995,0.8649800000000001,0.09174199999999999,3.6044,1.24888,-0.07612,17.1574,20.071,0.57038,0.5671999999999999,6.7538,3.1128,29.1792,6.0234,11.111799999999999,0.9206,25.6536,5.4266000000000005,0.4806,10.0502,3.0918,17.907,15.325199999999999,13.390199999999998,1722.091684202048,1637.63134766,0.8464,2.2510000000000003,0.61514,1.37106,43.422000000000004,10.267400000000002,2.684,25.02168,0.61514,0.054464,5.3672,1.5127400000000002,-0.73826,14.514,21.2084,0.51316,0.68572,6.683000000000001,0.916,28.166600000000003,4.771199999999999,13.7148,1.8981999999999999,10.8578,3.352,1.2044,11.9988,2.1336000000000004,18.136799999999997,13.468399999999999,14.645800000000001,1758.813889404042,1,-47.497680670000136
2021-10-31_Athletic Club_Real Sociedad,2021-10-31,21:00,La Liga,Matchweek 12,Sun,2022,1.0,1.0,Real Sociedad,Athletic Club,Draw,1793.40783691,1,21.0,0.8022,0.0,1.36472,0.40893999999999997,54.2042,11.5448,3.4383999999999997,30.12802,1.09434,0.09315000000000001,1.6352,0.21588000000000002,0.21588000000000002,12.8734,24.741,0.8027,0.6811400000000001,6.9398,1.1776,38.3942,8.2372,16.2286,1.0762,14.7834,3.9532,1.4442,11.649199999999999,1.666,18.15,20.239000000000004,16.98,1667.2532978523059,1730.99194336,0.642,0.46399999999999997,1.5248199999999998,1.06532,47.252,11.950800000000001,3.181,24.955019999999998,1.5248199999999998,0.13957599999999998,2.7674,0.81986,0.35585999999999995,18.466,21.217000000000002,1.35388,1.0978,9.8072,2.3536,34.714200000000005,9.3834,12.694,1.0906,21.0362,7.0120000000000005,1.284,15.345,2.0662000000000003,21.1404,25.3822,17.9686,1661.941306200722,1,62.415893549999964
2021-10-31_Espanyol_Getafe,2021-10-31,18:30,La Liga,Matchweek 12,Sun,2022,2.0,1.0,Getafe,Espanyol,Home Win,1610.5447998,1,18.0,0.41759999999999997,1.6862,0.4688,1.0968,39.605000000000004,9.7514,1.3038,13.93254,0.4688,0.047012,4.8584,1.8287,0.1425,14.6144,20.4816,0.38858000000000004,0.38742,6.991,2.0488,23.174799999999998,3.6788,13.0634,0.558,17.2018,3.5486,0.2198,13.3756,0.8962,16.5578,12.343,9.649000000000001,1697.1684779066159,1664.98681641,0.884,1.5015999999999998,0.7181,1.31342,45.5066,12.943200000000001,3.9548,30.612840000000002,0.7181,0.059228,5.816800000000001,1.56518,0.26138000000000006,16.0156,24.791200000000003,0.42352,0.45788,7.5044,1.9411999999999998,30.5764,4.3766,14.581399999999999,0.7426,19.5482,5.5762,1.5702,14.715399999999999,1.5057999999999998,21.702,16.153399999999998,16.1928,1701.19460488279,0,-54.44201661000011
2021-11-01_Granada_Levante,2021-11-01,21:00,La Liga,Matchweek 12,Mon,2022,0.0,3.0,Levante,Granada,Away Win,1633.50939941,1,21.0,1.147,1.5426,1.4560199999999999,1.1380400000000002,43.797200000000004,6.611,1.7004,25.31044,0.85572,0.128972,3.8764000000000003,1.3033000000000001,-0.09512,14.6856,24.235599999999998,0.58572,0.42298,5.3713999999999995,1.5402,31.698800000000002,5.8308,13.043800000000001,0.4806,15.2622,3.2728,1.8718,8.7634,1.3526,12.6508,12.967,11.8496,1678.163792039968,1654.72802734,0.442,1.3738,0.59324,1.4538,40.747,7.2886,2.9458,39.9078,0.59324,0.090902,5.055400000000001,1.3899199999999998,-0.24763999999999997,21.8052,16.0074,0.4273,0.40446,4.957,1.666,19.4428,3.906,15.3942,0.6664,14.049,3.0832000000000006,0.884,8.5866,1.1362,12.878799999999998,10.7156,7.8828,1738.822867848582,2,-21.21862792999991
2021-11-01_Celta Vigo_Rayo Vallecano,2021-11-01,18:30,La Liga,Matchweek 12,Mon,2022,0.0,0.0,Rayo Vallecano,Celta Vigo,Draw,1649.59350586,1,18.0,2.4520000000000004,0.41759999999999997,1.4603000000000002,1.17212,47.1458,12.363400000000002,4.311599999999999,35.60892,1.18974,0.102766,2.116,0.89574,0.47814,14.4312,22.639999999999997,1.03428,1.15876,9.4462,2.8771999999999998,32.9954,7.9654,11.8642,1.6218,20.548000000000002,4.5336,3.9462,14.1966,2.3626,20.61,22.8536,16.8444,1687.112347239428,1691.08374023,1.4842,1.1098,0.9755,1.6341,54.2538,9.495199999999999,3.2809999999999997,30.7772,0.9755,0.111462,4.8426,1.632,0.5222,11.475000000000001,24.199400000000004,0.8334799999999999,0.72714,7.409,1.601,33.031400000000005,5.9475999999999996,15.3,1.5622,14.358799999999999,4.2341999999999995,2.4146,12.212599999999998,1.1304,15.440199999999997,16.283,16.1572,1688.879259496398,1,-41.49023437000005
2021-11-05_Athletic Club_Cadiz,2021-11-05,21:00,La Liga,Matchweek 13,Fri,2022,0.0,1.0,Athletic Club,Cadiz,Away Win,1734.25622559,1,21.0,1.4222,0.8,1.7748599999999999,0.71352,48.0926,13.755,4.1492,29.2132,1.2083,0.094398,3.0836,0.56108,-0.23892000000000002,13.049599999999998,28.5568,0.9963600000000001,1.11246,9.7978,2.4484,40.328599999999994,9.068200000000001,14.1216,0.5778,23.424999999999997,8.779399999999999,2.2708,16.4698,4.1411999999999995,25.2134,24.8154,19.428,1715.6574271256202,1589.90893555,1.4466,2.1038,1.07972,1.31224,32.6986,8.4314,2.2906,28.03978,0.80916,0.099614,5.5600000000000005,1.82476,-0.27904,21.018,17.3924,0.7349000000000001,0.54282,6.708600000000001,3.2914000000000003,21.747400000000003,5.5332,11.2804,1.0882,23.363000000000003,4.039000000000001,2.3108000000000004,8.94,1.9954,14.7178,14.3996,12.7718,1710.589966236144,2,144.34729003999996
2021-11-06_Alaves_Levante,2021-11-06,18:30,La Liga,Matchweek 13,Sat,2022,2.0,1.0,Alaves,Levante,Home Win,1612.48706055,1,18.0,0.442,0.736,0.92052,0.88078,40.5054,11.2348,3.0332,27.40302,0.92052,0.08476199999999999,2.5316,0.6930200000000001,-0.09182,19.205,18.9648,0.70494,0.55584,7.0847999999999995,1.0662,20.942,3.8662,12.646600000000001,0.9581999999999999,17.2878,3.625,0.442,10.6134,2.7732,18.9674,17.223,12.206800000000001,1647.926006981476,1610.13012695,0.9106000000000001,2.3724,1.14586,1.32762,42.2902,8.1354,3.3928000000000003,34.9206,0.9700200000000001,0.11376,7.274800000000001,1.4736000000000002,-0.8988,16.0116,18.648000000000003,0.55832,0.49276,5.594,1.3282,25.6906,5.3274,13.886800000000001,1.1296,16.339399999999998,3.1562,1.221,8.424800000000001,1.4818,13.277,12.7278,12.073599999999999,1747.031522728842,0,2.3569336000000476
2021-11-06_Espanyol_Granada,2021-11-06,14:00,La Liga,Matchweek 13,Sat,2022,2.0,0.0,Espanyol,Granada,Home Win,1648.69628906,1,14.0,1.4176,0.7624,1.20724,1.4274200000000001,46.187799999999996,10.878,3.257,30.39056,0.88728,0.09120600000000001,3.5326000000000004,0.9808600000000001,0.21846,23.144800000000004,25.7594,0.63718,0.6064,8.0144,1.3514,31.447,5.2418,14.2698,0.178,17.8464,5.561,2.1932,13.2864,1.5799999999999998,18.5656,15.354,15.2486,1695.194174314842,1662.11315918,1.1304,1.2364,0.73484,1.4184000000000003,43.7478,8.625,3.9722,45.718160000000005,0.73484,0.094134,4.8498,1.403,-0.07076000000000002,22.000799999999998,18.7932,0.4534,0.44286,6.3266,1.9436,20.964199999999998,5.2806,15.122399999999999,0.5998,14.488599999999998,3.7074,1.5282,10.1816,1.6110000000000002,14.933,13.186,8.971599999999999,1700.8872228518321,0,-13.416870119999885
2021-11-07_Getafe_Villarreal,2021-11-07,14:00,La Liga,Matchweek 13,Sun,2022,1.0,0.0,Villarreal,Getafe,Home Win,1788.98254395,1,14.0,2.06,1.3502,1.7851400000000002,0.83432,66.3094,12.7472,5.4136,42.77064,1.7851400000000002,0.137346,2.704,0.81064,-0.53956,13.879,44.17,1.4311200000000002,1.4111,10.3548,2.3324,61.577,11.7086,16.412599999999998,3.3162000000000003,21.9312,6.0092,3.7442,17.4314,2.051,23.0094,27.9092,30.7922,1655.4668610353901,1610.84118652,0.4044,1.4942,0.60812,1.6298599999999999,40.27680000000001,9.542399999999999,3.286,38.97202,0.48352,0.05506,3.5318,1.0697800000000002,-0.42442000000000013,11.994399999999999,21.281,0.38418,0.38614000000000004,7.751,1.2396,25.4594,3.0298,16.018,0.0,16.977,3.8655999999999997,0.8088,9.301,2.5084,15.8586,12.183,8.0476,1700.84724172458,0,178.14135742999997
2021-11-07_Elche_Mallorca,2021-11-07,18:30,La Liga,Matchweek 13,Sun,2022,2.0,2.0,Mallorca,Elche,Draw,1629.85888672,1,18.0,1.0198,0.8376,1.26166,0.95042,43.7984,12.168999999999999,5.237,41.974540000000005,1.26166,0.102718,3.3736000000000006,1.28572,0.44811999999999996,12.593399999999999,15.882,0.86354,0.80284,8.3514,0.76,23.529600000000002,5.5332,18.5296,1.4086,13.725200000000001,4.5786,1.6219999999999999,13.4274,2.273,21.476,20.261200000000002,15.432199999999998,1728.3013444595222,1584.3190918,0.558,1.5936,0.60184,1.77128,47.178200000000004,6.388,2.3138000000000005,35.38132,0.60184,0.08922200000000001,4.6536,1.41496,-0.17864,18.3024,18.6434,0.49762,0.6121,4.9658,2.1826,21.8122,3.8632,16.623,0.7326,19.7938,3.9132000000000002,1.116,8.6666,0.8022,12.0442,9.9164,15.1448,1689.55991899507,1,45.53979492000008
2021-11-07_Betis_Sevilla,2021-11-07,21:00,La Liga,Matchweek 13,Sun,2022,0.0,2.0,Betis,Sevilla,Away Win,1737.15319824,1,21.0,2.3878,1.2,1.6062599999999998,1.06918,53.5604,15.344999999999999,6.385,43.7251,1.2350599999999998,0.081418,3.4222,0.8874799999999999,-0.31251999999999996,16.535800000000002,27.906599999999997,0.81316,0.66384,11.5534,0.9802,39.6348,9.1324,16.3524,2.9416,14.142199999999999,4.71,3.4892000000000003,19.6526,2.3362,26.355800000000002,23.1112,16.3662,1700.32019448119,1825.33898926,0.6242,0.6022,0.96956,0.9613400000000001,62.81739999999999,11.811200000000001,3.2786,27.98668,0.96956,0.08602599999999999,3.1868,0.78314,0.18093999999999993,11.8104,31.518,0.7016600000000001,0.83714,9.5934,3.7052,47.0846,9.192400000000001,15.400200000000002,1.1316,19.419600000000003,4.103000000000001,1.0286,16.9696,2.3978,22.145200000000003,16.6744,12.456,1664.123027419708,2,-88.18579102000012
2021-11-07_Osasuna_Real Sociedad,2021-11-07,18:30,La Liga,Matchweek 13,Sun,2022,0.0,2.0,Osasuna,Real Sociedad,Away Win,1686.57336426,1,18.0,0.8398,1.5496,0.9791,0.817,49.0118,12.0666,3.7910000000000004,32.12102,0.8509399999999999,0.071158,3.469,1.10452,-0.26708,13.856200000000001,31.6586,0.6937,0.67624,9.0302,5.107200000000001,39.126599999999996,11.142800000000001,11.6382,0.3758,22.2936,3.9589999999999996,1.4354,14.412400000000002,1.7186,19.1752,21.7014,9.952,1686.467879783176,1774.89306641,1.9802,0.9934,1.33642,1.13346,55.2244,12.385599999999998,5.2836,42.76288,1.2082600000000001,0.10617599999999999,3.2561999999999998,1.08092,0.08752000000000004,15.5596,32.119,0.8501,1.00078,8.5776,1.6899999999999997,40.404199999999996,8.445,13.7944,1.6461999999999999,12.8674,5.6412,2.938,15.5914,2.2666,22.2174,23.2546,15.829,1633.841338475302,2,-88.31970215000001
2021-11-19_Athletic Club_Levante,2021-11-19,21:00,La Liga,Matchweek 14,Fri,2022,0.0,0.0,Levante,Athletic Club,Draw,1603.53320312,1,21.0,0.5998,1.6884000000000001,1.30508,1.03774,45.5148,7.726800000000001,1.6862,21.67458,0.7648,0.10488600000000001,4.2330000000000005,1.4074200000000001,-0.28098,13.6518,26.1654,0.41296,0.41625999999999996,5.5344,2.1746,35.5682,7.168799999999999,13.427800000000001,0.0,17.2012,3.1014000000000004,0.8196,9.2872,1.4616,12.986,16.966,12.497,1634.2730677708578,1713.05883789,0.822,0.6617999999999999,1.53006,1.0688,46.6944,12.144400000000001,3.6514,28.76928,1.53006,0.139944,2.9348000000000005,1.00206,0.34026,17.1984,19.498,1.3762,1.12572,10.403400000000001,2.5624,32.8574,9.101,14.689800000000002,0.8373999999999999,19.9118,6.8668,1.644,16.620199999999997,2.0596,22.236199999999997,23.9562,17.628,1703.726374486178,1,-109.5256347699999
2021-11-20_Alaves_Sevilla,2021-11-20,16:15,La Liga,Matchweek 14,Sat,2022,2.0,2.0,Sevilla,Alaves,Draw,1835.6652832,1,16.0,2.9976,0.8373999999999999,1.96686,0.83788,61.4326,15.3992,6.395,41.48904,1.8386999999999998,0.119646,3.6814000000000004,1.012,0.1746,14.8012,36.7044,1.7649,1.30766,13.636800000000001,3.3324,42.7008,10.0302,11.0866,2.0042,17.851399999999998,4.7848,5.6152,22.5048,2.38,28.7164,23.0702,18.8494,1661.7499573729958,1619.08398438,0.6838,1.1006,0.83662,1.60168,39.1376,8.3216,2.8131999999999997,40.18012,0.66078,0.11876199999999999,3.8662,1.59722,0.49661999999999995,25.1712,20.4402,0.58144,0.46377999999999997,6.3548,2.5031999999999996,20.184,4.909,14.6834,1.1304,16.1554,4.5043999999999995,1.1478,7.1152,3.2874000000000003,15.1494,17.1182,11.32,1708.588742505654,1,216.58129882000003
2021-11-20_Celta Vigo_Villarreal,2021-11-20,14:00,La Liga,Matchweek 14,Sat,2022,1.0,1.0,Celta Vigo,Villarreal,Draw,1686.36608887,1,14.0,1.0708,1.6904,1.30298,1.10986,59.696999999999996,14.7988,4.2418000000000005,29.147700000000004,1.16058,0.077652,3.9326,1.76804,0.07763999999999999,6.6098,43.438,0.79766,0.8000200000000002,10.477599999999999,3.9148000000000005,45.7612,9.112,12.2752,1.5057999999999998,28.022400000000005,5.271599999999999,1.4929999999999999,19.745800000000003,2.9726,26.9704,23.379600000000003,19.794,1753.76276098727,1792.0291748,0.5402,1.2484,0.7014199999999999,1.4629800000000002,58.647,8.5692,2.1536,35.6889,0.7014199999999999,0.10006399999999999,3.0812,1.30782,0.21962,17.567600000000002,33.7844,0.58382,0.7682599999999999,7.0372,1.534,40.480000000000004,6.499599999999999,14.817,1.548,11.5144,2.6762,1.0804,11.151599999999998,1.7524000000000002,15.163599999999999,19.552799999999998,19.4356,1725.847597364436,1,-105.66308592999985
2021-11-20_Barcelona_Espanyol,2021-11-20,21:00,La Liga,Matchweek 14,Sat,2022,1.0,0.0,Barcelona,Espanyol,Home Win,1837.51672363,1,21.0,1.7516,1.0418,1.84952,0.8991600000000001,67.0048,14.826,5.371,34.4753,1.56668,0.10349000000000001,2.8572,0.9510599999999999,-0.09074,7.1968000000000005,47.6384,1.3432000000000002,1.9697799999999999,11.3934,3.3156,65.25359999999999,11.732,15.172,2.6622,32.852599999999995,9.396999999999998,3.1273999999999997,20.3354,2.6430000000000002,28.553400000000003,34.3556,33.7816,1712.81921858189,1658.54797363,1.0398,1.8397999999999999,0.7207,1.24762,47.85380000000001,12.649000000000001,3.8594000000000004,30.55182,0.7207,0.060746,6.8002,1.8725800000000001,0.21077999999999997,13.7956,25.1448,0.37232,0.48092,6.4772,2.4796,32.1046,4.7714,14.434999999999999,0.38,22.567800000000002,6.839599999999999,1.6574,13.855599999999999,1.4552,21.032,17.1472,17.638399999999997,1681.3642198718821,0,178.96875
2021-11-21_Granada_Real Madrid,2021-11-21,16:15,La Liga,Matchweek 14,Sun,2022,1.0,4.0,Granada,Real Madrid,Away Win,1652.26147461,1,16.0,1.1978,1.3538,1.05054,1.36938,48.2462,9.9908,1.8266,20.60888,0.72136,0.066122,6.3752,1.54962,0.19582,12.456000000000001,23.0546,0.67914,0.63374,7.770600000000001,2.159,33.693200000000004,5.7958,13.8964,0.9868,18.355600000000003,3.8402000000000003,1.9536,12.4324,1.6266,17.2916,14.202,11.1882,1732.6225479976401,1927.31359863,1.642,1.0376,1.29038,1.11398,56.1704,15.1964,5.3717999999999995,36.15806,1.29038,0.09154,3.8808,1.1057400000000002,0.06814000000000003,15.426400000000001,34.768,0.99654,1.1961600000000001,12.277999999999999,1.9362,47.560199999999995,11.4768,13.9332,1.1648,16.4892,5.4498,3.0641999999999996,20.442,1.6596,28.4366,30.280600000000003,27.264,1709.42177783245,2,-275.05212401999984
2021-11-21_Real Sociedad_Valencia,2021-11-21,21:00,La Liga,Matchweek 14,Sun,2022,0.0,0.0,Real Sociedad,Valencia,Draw,1785.30859375,1,21.0,0.822,0.2442,1.22286,0.54014,53.1744,10.369200000000001,2.5736,25.693,0.8851,0.079182,2.5484,0.46290000000000003,0.2187,13.130400000000002,25.0108,0.6514800000000001,0.62534,6.657400000000001,1.9924000000000002,38.5544,7.9807999999999995,16.3502,0.536,15.3932,3.3251999999999997,1.644,10.907399999999999,1.4552,17.213800000000003,17.4078,14.4956,1693.109439649124,1703.32299805,1.2828,2.3304,0.9116,1.2197,46.017,10.610999999999999,3.6022,35.11534,0.9116,0.087226,4.705,1.62804,-0.7023599999999999,11.300799999999999,24.685999999999996,0.64442,0.58874,7.918400000000001,1.369,30.764200000000002,5.6674,19.497,1.0198,19.4892,4.3149999999999995,2.0672,13.035,1.6178,19.652800000000003,13.6158,13.8934,1751.5147491705081,1,81.98559569999998
2021-11-21_Cadiz_Getafe,2021-11-21,14:00,La Liga,Matchweek 14,Sun,2022,4.0,0.0,Getafe,Cadiz,Home Win,1607.79455566,1,14.0,0.8642000000000001,1.6176,0.54518,0.96062,40.621399999999994,9.9764,2.8828,26.77578,0.54518,0.051193999999999996,4.6726,1.70586,0.08825999999999999,17.6716,21.0778,0.41413999999999995,0.39868,7.4362,2.7766,23.9018,4.0552,13.4454,0.358,16.849200000000003,3.9379999999999997,1.1746,13.45,1.0066,16.9582,12.0762,10.2284,1667.122963795754,1595.11206055,1.402,1.7492,0.86316,1.1445000000000003,32.8606,8.5324,2.75,33.3225,0.735,0.088444,4.9714,1.4747999999999999,-0.2744,21.349200000000003,18.0738,0.62374,0.46526,6.6818,2.4854000000000003,20.5394,4.4588,12.3734,1.0794,21.8168,3.1582000000000003,1.9356,8.79,1.5074,14.101600000000001,12.706,12.9386,1712.2754282979638,0,12.68249510999999
2021-11-21_Betis_Elche,2021-11-21,18:30,La Liga,Matchweek 14,Sun,2022,0.0,3.0,Elche,Betis,Away Win,1587.18188477,1,18.0,1.2198,1.2662,0.8748800000000001,0.9474200000000002,46.5924,10.909199999999998,4.3034,40.02146,0.8748800000000001,0.07899199999999999,4.8264000000000005,1.21486,-0.05134,15.7194,25.6188,0.70674,0.5321400000000001,7.6495999999999995,1.6044,35.3294,4.6616,14.080200000000001,0.1602,20.8524,4.778,1.7975999999999999,13.1406,2.3062,18.774,13.1414,16.1944,1765.2483131831177,1726.8269043,1.0742,1.4664000000000001,1.3243800000000001,1.54788,53.0628,13.9996,4.7606,31.23916,1.3243800000000001,0.089652,4.2829999999999995,1.4372600000000002,0.21505999999999997,15.1846,26.4986,1.1804999999999999,0.88618,11.5298,1.486,41.294200000000004,7.674200000000001,14.201,2.5336000000000003,15.4438,5.253,1.6322,18.1914,2.5514,24.8158,23.5624,20.3214,1662.6187903814603,2,-139.64501953000013
2021-11-22_Mallorca_Rayo Vallecano,2021-11-22,21:00,La Liga,Matchweek 14,Mon,2022,3.0,1.0,Rayo Vallecano,Mallorca,Home Win,1639.48425293,1,21.0,1.6300000000000001,0.3758,1.14356,1.12936,48.5958,11.2178,4.3804,39.149699999999996,1.0154,0.093162,2.4486000000000003,0.87058,0.49478,15.508999999999999,22.8758,0.93758,1.0640200000000002,8.769,2.9336,31.286199999999997,7.5245999999999995,12.754600000000002,1.1712,21.1254,4.335999999999999,2.6864,13.356,2.1822,18.963,18.7842,15.9388,1689.24645214626,1626.99621582,0.8617999999999999,2.2700000000000005,0.67246,1.57698,44.968,10.196399999999999,3.3482,31.22282,0.67246,0.059902,4.742,1.65122,-0.61878,15.6724,22.4082,0.52184,0.48854,6.470400000000001,0.536,27.7172,4.2056000000000004,14.764199999999999,1.3758,10.2392,3.0842,1.0398,10.4894,2.4644,17.5462,11.5236,13.5482,1736.3309096670698,0,12.488037109999823
2021-11-26_Athletic Club_Granada,2021-11-26,21:00,La Liga,Matchweek 15,Fri,2022,2.0,2.0,Athletic Club,Granada,Draw,1706.3269043,1,21.0,1.1358000000000001,0.82,1.5176200000000002,0.6200600000000001,55.6184,13.735400000000002,3.846,27.405319999999996,1.0077,0.081748,3.3194,0.54054,-0.27946,14.065199999999999,37.204,0.86904,0.9847,9.9622,2.7478000000000002,49.852000000000004,9.0614,15.6628,0.62,22.805799999999998,7.248,1.7554,15.746200000000002,4.9038,25.680600000000002,25.943,20.5384,1655.7353100601179,1641.53393555,1.0173999999999999,1.0244,1.07766,1.35006,45.6502,10.8604,4.3634,43.13288,1.07766,0.11025599999999999,4.9648,1.41386,0.17586000000000002,21.0006,24.875,0.93646,0.74162,8.636000000000001,2.726,26.0196,6.029400000000001,14.389400000000002,0.3956,18.6912,3.2042,1.3754,13.138,1.5057999999999998,19.3354,14.5888,13.3584,1703.749888597724,1,64.79296875
2021-11-27_Rayo Vallecano_Valencia,2021-11-27,16:15,La Liga,Matchweek 15,Sat,2022,1.0,1.0,Valencia,Rayo Vallecano,Draw,1701.9362793,1,16.0,1.9060000000000001,1.6266,1.17082,1.2068400000000001,47.3796,12.636999999999999,4.1386,32.36185999999999,1.0829,0.08348,5.0344,1.31884,-0.10995999999999999,9.928600000000001,29.0124,0.8250000000000001,1.0099200000000002,9.001800000000001,2.6068,39.6076,7.752000000000001,17.468799999999998,1.1712,27.826999999999998,5.7578,3.1037999999999997,15.4646,4.3642,23.085,20.7202,17.9798,1728.959533397774,1643.09606934,1.2,1.6838,1.13168,1.23984,51.03959999999999,14.05,3.6198000000000006,23.468899999999998,1.13168,0.078236,3.6560000000000006,0.93432,-0.57148,10.8542,25.9742,0.9162399999999999,0.94516,10.4262,3.5954,30.162600000000005,5.5733999999999995,14.7684,0.4396,22.0902,3.6726,2.1802,16.6894,3.3492,24.535800000000002,13.9528,17.3384,1759.7656735132562,1,58.84020996000004
2021-11-27_Getafe_Mallorca,2021-11-27,18:30,La Liga,Matchweek 15,Sat,2022,0.0,0.0,Mallorca,Getafe,Draw,1612.9786377,1,18.0,1.262,1.2422,1.55294,0.99304,45.1948,13.373000000000001,5.069,37.74608,1.35758,0.10288800000000001,3.092,1.30924,0.0670400000000001,13.255,18.868199999999998,0.98368,0.90026,8.5604,1.1282,26.6186,6.2242,18.0322,1.0794,16.4712,4.5648,2.1482,13.6406,2.7782,23.9702,19.991,15.889199999999999,1703.8181050064677,1615.45751953,0.2198,1.3006,0.53846,1.65014,39.6484,8.6554,3.0132,39.436080000000004,0.42632,0.052112000000000006,3.7227999999999994,1.24696,-0.05363999999999998,12.516,21.1964,0.33692,0.33868,6.310600000000001,1.2156,23.371000000000002,2.4941999999999998,16.072000000000003,0.0,16.866999999999997,4.1672,0.4396,8.9382,2.1134,14.6958,10.9318,7.5984,1691.6158785663602,1,-2.478881829999864
2021-11-27_Barcelona_Villarreal,2021-11-27,21:00,La Liga,Matchweek 15,Sat,2022,1.0,3.0,Villarreal,Barcelona,Away Win,1774.65026855,1,21.0,2.0982000000000003,1.2152,1.78988,0.75648,66.9996,11.8958,5.4164,45.17502,1.78988,0.146262,2.7778,0.78842,-0.42678000000000005,12.6142,46.7606,1.5145199999999999,1.35,10.2194,2.2992,63.903800000000004,12.947199999999999,15.3062,3.1404,19.884999999999998,6.008400000000001,3.8582,16.900000000000002,2.046,21.9878,27.8068,30.2014,1641.807605981402,1831.72424316,0.8928,1.5082,1.13914,1.23518,63.17340000000001,10.029,2.6974,30.30522,0.9852799999999999,0.095862,3.7248,1.28088,-0.22732000000000002,15.468400000000003,42.0314,0.80408,1.1396,8.3772,1.7119999999999997,53.555400000000006,8.3096,17.425,1.6286,16.059,4.18,1.7856,14.7422,0.976,19.5398,23.378,25.9784,1646.4550586404139,2,-57.07397461000005
2021-11-27_Alaves_Celta Vigo,2021-11-27,14:00,La Liga,Matchweek 15,Sat,2022,1.0,2.0,Alaves,Celta Vigo,Away Win,1620.43310547,1,14.0,0.8862,0.7624,1.1226800000000001,0.8870999999999999,44.474,11.011400000000002,2.6416,23.682420000000004,0.95174,0.08717,3.6994,0.8014,-0.004960000000000013,16.5308,22.8196,0.7621399999999999,0.5746800000000001,7.220599999999999,1.0596,25.8318,3.6354,13.082,0.7182,20.9102,3.3624,1.3746,10.9406,2.5516,18.6266,17.345,13.5954,1641.0999235337222,1682.58483887,1.3357999999999999,0.9988,1.01006,1.3288,52.663399999999996,10.411,3.9298,37.46728,1.01006,0.109198,4.57,1.3657599999999999,0.36695999999999995,12.760200000000001,23.291199999999996,0.8333999999999999,0.7044400000000001,7.4566,1.541,30.2426,5.2204,14.204799999999999,1.4618,17.830199999999998,5.2318,2.1732,12.324200000000001,1.75,17.4268,15.3108,13.843799999999998,1680.1962401124379,2,-62.15173340000001
2021-11-28_Espanyol_Real Sociedad,2021-11-28,16:15,La Liga,Matchweek 15,Sun,2022,1.0,0.0,Espanyol,Real Sociedad,Home Win,1650.41931152,1,16.0,1.6199999999999999,0.3978,1.41954,1.65776,46.0132,12.643799999999999,3.9638,31.169020000000003,1.1315600000000001,0.09684999999999999,3.9678,1.10934,0.71154,24.0834,26.548199999999998,0.9353199999999999,0.74668,10.499199999999998,2.293,33.388400000000004,7.1712,13.166,0.4044,17.8062,5.3608,2.6622,16.865199999999998,2.1104,22.749000000000002,17.5044,18.8868,1701.5889707997198,1776.28967285,1.9822,0.894,1.29514,1.0745200000000001,52.4182,10.9378,4.811,41.706720000000004,1.09978,0.10356000000000001,3.2748,1.00722,0.11322000000000002,17.7784,30.2772,0.78184,0.82094,7.987400000000001,1.3768,39.7662,7.723800000000001,13.9032,1.1932,11.5272,4.412,3.0442,14.9556,1.8958,20.354,21.631600000000002,17.0906,1650.414460180244,0,-125.87036132999992
2021-11-28_Real Madrid_Sevilla,2021-11-28,21:00,La Liga,Matchweek 15,Sun,2022,2.0,1.0,Real Madrid,Sevilla,Home Win,1929.97827148,1,21.0,2.3574,0.7426,1.8597000000000001,1.0882399999999999,59.060399999999994,15.813400000000001,6.0802000000000005,38.581300000000006,1.7315400000000003,0.11416200000000001,3.3916,0.586,-0.1566,10.822,45.711600000000004,1.4379399999999998,1.4953400000000001,13.057599999999999,2.6642,53.9424,12.6994,12.190999999999999,1.4921999999999997,22.4476,6.2368,4.1986,23.1792,1.1096,28.798000000000002,35.1866,35.9332,1696.37847217046,1830.3815918,0.9059999999999999,0.3978,1.10028,0.86638,64.5128,10.965,2.7182,25.257619999999996,1.10028,0.101516,2.5356,0.6616,0.26380000000000003,10.508199999999999,32.2778,0.6194,0.8146,8.1364,3.6906,44.104000000000006,8.3198,15.5368,0.8742,17.6918,3.5042000000000004,1.1258,15.1984,2.1138000000000003,20.1122,17.7954,15.2526,1691.93939831761,0,99.59667968000008
2021-11-28_Betis_Levante,2021-11-28,14:00,La Liga,Matchweek 15,Sun,2022,3.0,1.0,Betis,Levante,Home Win,1731.86010742,1,14.0,2.149,1.4242,1.43236,1.24764,47.3438,14.0336,5.1256,35.196020000000004,1.09828,0.075834,3.1358,0.77548,-0.40452,16.6706,25.517999999999997,0.66974,0.5309400000000001,9.9328,0.738,33.5664,7.8864,15.828800000000001,2.6474,12.807,4.2948,3.1402,17.477800000000002,2.0584000000000002,24.010599999999997,20.490599999999997,13.0666,1696.698829906562,1599.85949707,1.0638,2.4794,1.16896,1.41694,40.763600000000004,9.3872,4.763,45.6655,1.01072,0.11082600000000001,6.9914,1.6636600000000001,-0.81574,19.206,18.5392,0.6345799999999999,0.59558,6.311400000000001,1.1954,26.421999999999997,6.1714,15.0308,1.7492,13.7636,3.2848,1.3432,10.236,1.3336000000000001,15.4356,14.408600000000002,10.5568,1712.301973803844,0,132.00061035
2021-11-29_Elche_Osasuna,2021-11-29,21:00,La Liga,Matchweek 15,Mon,2022,1.0,1.0,Osasuna,Elche,Draw,1668.1027832,1,21.0,0.7558,1.883,0.6904999999999999,1.08714,48.077799999999996,10.3066,3.0352,30.85464,0.6904999999999999,0.06571600000000001,3.8546,1.38474,-0.33805999999999997,12.637799999999999,31.504199999999997,0.50014,0.61536,7.4738,3.9314,37.2718,9.042399999999999,12.8396,0.3382,23.041000000000004,4.6398,1.2918,11.5086,1.7468,15.806799999999999,17.991799999999998,11.4336,1703.732979051868,1571.74304199,0.8464,1.9225999999999999,0.62166,2.11252,47.8376,6.305,2.1382000000000003,33.419399999999996,0.62166,0.09274199999999999,5.509200000000001,1.7862600000000002,-0.13634000000000002,16.53,19.1236,0.50344,0.58088,4.925,1.9202,22.5196,3.5886,17.6698,0.6594,19.6474,3.9662,1.4485999999999999,8.5116,0.5778,11.463000000000001,9.8248,14.1096,1679.79365512832,1,96.35974121000004
2021-12-01_Athletic Club_Real Madrid,2021-12-01,21:00,La Liga,Matchweek 9,Wed,2022,1.0,0.0,Real Madrid,Athletic Club,Home Win,1932.75646973,1,21.0,1.8892,0.6242,1.5054,0.89084,57.4448,15.632000000000001,5.0072,31.41302,1.5054,0.094888,3.6968,0.59534,-0.028859999999999983,12.593599999999999,47.926399999999994,1.1322999999999999,1.2860399999999998,12.363399999999999,2.1094,53.159400000000005,12.7738,11.006799999999998,1.1988,19.904400000000003,4.6036,3.2138000000000004,22.6612,1.0986,27.8856,33.991,31.4438,1727.5212786159261,1701.3704834,0.5956,0.5956,1.29724,0.9254,48.9992,11.7738,3.4861999999999997,28.075,1.29724,0.11088,3.1296000000000004,0.9506600000000001,0.35506,16.5016,21.045599999999997,1.08552,1.0054400000000001,9.474400000000001,1.7294,35.8784,8.114,15.0654,1.242,19.5762,6.3358,1.1912,15.3694,1.9536,21.112,22.671400000000002,17.453200000000002,1677.3380129372179,0,231.38598632999992
2021-12-03_Alaves_Granada,2021-12-03,21:00,La Liga,Matchweek 16,Fri,2022,2.0,1.0,Granada,Alaves,Home Win,1643.35913086,1,21.0,1.178,2.051,0.9578399999999999,1.87082,44.4596,10.3804,2.0882,22.01332,0.66158,0.056859999999999994,7.0702,1.8965200000000002,-0.15447999999999998,11.477400000000001,22.881999999999998,0.55032,0.60156,6.816999999999999,2.1432,33.0012,6.2490000000000006,12.7858,0.844,20.0182,5.1213999999999995,1.9582,13.1664,1.4198,17.651400000000002,15.924,11.9348,1783.843921947144,1610.92211914,1.1038,1.0464,0.9638800000000001,1.6503400000000001,35.6838,7.9007999999999985,2.7318,39.945319999999995,0.61028,0.11188999999999999,4.368,1.4344999999999999,0.38810000000000006,28.5934,17.665599999999998,0.53888,0.42298,5.5424,2.3528000000000002,19.5886,4.818,14.0942,1.2615999999999998,14.4302,3.9654,1.7656,7.2476,2.6260000000000003,14.4014,15.296600000000002,10.167,1739.725484667314,0,32.4370117200001
2021-12-04_Real Madrid_Real Sociedad,2021-12-04,21:00,La Liga,Matchweek 16,Sat,2022,0.0,2.0,Real Sociedad,Real Madrid,Away Win,1756.94665527,1,21.0,0.5956,0.2198,1.02962,0.5993999999999999,55.643,10.520399999999999,2.5162,24.421120000000002,0.7256199999999999,0.059402,3.0262000000000002,0.5387200000000001,0.31892000000000004,15.6036,25.8424,0.51538,0.6028,7.079999999999999,1.7932000000000001,39.2992,7.394399999999999,16.6034,0.3382,15.2422,3.1926,1.1912,10.6724,2.0422000000000002,17.524800000000003,16.9786,14.413400000000001,1698.8743167487519,1932.75646973,2.3104,1.178,1.8862400000000001,1.08698,59.94879999999999,16.9304,6.5998,39.68702,1.8862400000000001,0.11624599999999999,3.3602000000000003,0.95304,-0.22496,16.1048,39.1872,1.62622,1.74702,14.148,1.6984000000000001,53.842,12.982800000000001,13.3072,1.7368000000000001,16.151799999999998,5.3606,4.423,23.1282,1.8377999999999999,31.5118,35.2366,25.628,1691.888272193408,2,-175.80981445999987
2021-12-04_Sevilla_Villarreal,2021-12-04,14:00,La Liga,Matchweek 16,Sat,2022,1.0,0.0,Sevilla,Villarreal,Home Win,1824.4720459,1,14.0,2.7536,1.242,1.67624,0.9650000000000001,61.224599999999995,14.8826,6.211200000000001,41.44978,1.67624,0.114356,3.6132000000000004,1.14172,-0.10028000000000001,14.697600000000001,32.929,1.6142400000000001,1.29482,13.4848,4.5202,39.3026,10.5714,13.364199999999999,1.3712,23.4268,4.9504,5.3094,20.0916,2.6862,27.647199999999998,26.0494,17.5992,1660.325210353008,1761.7409668,0.442,1.0794,1.27178,1.31572,55.9292,11.8194,3.115,25.83284,1.27178,0.10461800000000002,3.073,1.34026,0.26086,16.513,34.1156,1.0438399999999999,1.0489,9.708,1.4806,41.918400000000005,7.2264,16.0566,2.1258,13.9378,3.6296,0.884,14.387599999999999,2.1656,19.9078,21.427799999999998,19.224400000000003,1735.0958974629343,0,62.73107909999999
2021-12-04_Barcelona_Betis,2021-12-04,16:15,La Liga,Matchweek 16,Sat,2022,0.0,1.0,Barcelona,Betis,Away Win,1841.50231934,1,16.0,1.6764000000000001,0.7934,1.7468799999999998,0.93808,65.21900000000001,14.555200000000001,5.1898,34.06963999999999,1.3214000000000001,0.088488,2.7714,0.82826,0.034859999999999995,7.7654000000000005,54.2038,1.1146800000000001,1.7097600000000002,11.31,2.319,66.6732,11.5706,13.1128,2.9844000000000004,26.909399999999998,7.7038,3.0145999999999997,22.0556,1.5136,28.6542,33.046,30.0874,1708.59662297505,1738.35217285,1.411,1.1756,1.32428,1.5019200000000001,49.7936,11.8134,3.7194000000000007,30.43784,1.12892,0.09368800000000001,4.5432,1.48452,0.52872,17.364,22.4532,0.98384,0.69336,9.5348,1.4374,36.2478,6.4416,14.413400000000001,2.3360000000000003,12.568800000000001,3.8182,2.0132,16.3744,2.0078,21.4828,19.666,18.8682,1644.3682019296439,2,103.15014649
2021-12-05_Celta Vigo_Valencia,2021-12-05,21:00,La Liga,Matchweek 16,Sun,2022,1.0,2.0,Celta Vigo,Valencia,Away Win,1688.96459961,1,21.0,1.0638,1.4772,1.27268,1.524,56.543800000000005,14.2306,3.9734000000000003,28.21354,1.14452,0.079328,4.572,1.7512599999999998,0.27405999999999997,7.8256,35.583,0.7002200000000001,0.69794,10.041599999999999,3.435,42.622600000000006,7.5916,14.0456,2.1878,25.89,4.467599999999999,1.4438,18.8062,2.5312,25.9968,20.223399999999998,19.2262,1785.217674292416,1697.13830566,0.5778,1.9532,0.8616199999999999,1.08448,44.638000000000005,10.061399999999999,3.3978,34.993739999999995,0.8616199999999999,0.087506,4.4346000000000005,1.41314,-0.54006,10.149600000000001,24.9378,0.60114,0.6486999999999999,7.093799999999999,2.0646,29.6988,5.3122,17.6496,0.7736,20.9496,4.2836,0.9954000000000001,12.0986,1.5559999999999998,17.6778,12.545,13.9038,1768.652619678352,2,-8.173706049999964
2021-12-05_Cadiz_Elche,2021-12-05,16:15,La Liga,Matchweek 16,Sun,2022,3.0,1.0,Elche,Cadiz,Home Win,1574.3605957,1,16.0,0.9536,1.7280000000000002,0.91064,1.1292200000000001,51.7702,12.227600000000002,4.273,34.769540000000006,0.91064,0.07565000000000001,4.5996,1.5585200000000001,-0.16948000000000002,11.031,29.429,0.74932,0.6166,8.8498,1.8881999999999999,39.8452,5.5722,15.2814,0.0,25.4954,6.0212,1.3294,15.0684,2.664,21.0268,15.613399999999999,19.625999999999998,1742.7900671392317,1569.82263184,0.9734,2.4068,0.7159,1.17886,39.200199999999995,9.2558,2.675,30.07286,0.7159,0.083598,5.851,1.6170399999999998,-0.78976,18.018800000000002,19.3198,0.58134,0.46314,6.8018,2.4368,25.0014,4.657,13.3012,0.9714,25.8628,4.407399999999999,1.3094000000000001,10.308399999999999,1.9450000000000003,15.6888,13.6002,15.363199999999999,1688.0187750009122,0,4.537963859999991
2021-12-05_Levante_Osasuna,2021-12-05,18:30,La Liga,Matchweek 16,Sun,2022,0.0,0.0,Levante,Osasuna,Draw,1593.25305176,1,18.0,0.3956,1.3754,1.1524600000000003,0.73886,46.440200000000004,9.752,1.8618,20.34676,0.76716,0.096954,3.433,1.0748400000000002,-0.30056000000000005,13.254000000000001,26.4492,0.40166,0.47348,6.5578,1.813,37.665400000000005,6.7078,11.587399999999999,0.4884,19.855800000000002,3.968,0.5934,11.3564,1.4154,15.962,19.8442,16.354599999999998,1656.970796214022,1662.35400391,0.8366,1.1822,0.60386,1.32778,35.2364,8.610600000000002,2.7092,29.384159999999998,0.60386,0.07522000000000001,4.3106,1.1526200000000002,-0.029579999999999954,22.3256,17.7102,0.44251999999999997,0.50188,5.498,1.6044,20.5232,3.7316000000000003,14.009,0.4396,17.131999999999998,4.1822,1.3172000000000001,8.426,1.9316,12.9308,14.359,8.024000000000001,1762.518963012962,1,-69.10095215000001
2021-12-05_Espanyol_Rayo Vallecano,2021-12-05,14:00,La Liga,Matchweek 16,Sun,2022,1.0,0.0,Rayo Vallecano,Espanyol,Home Win,1644.76269531,1,14.0,1.767,0.5824,1.29806,1.0287199999999999,49.225,12.0728,4.3424,36.451260000000005,1.1027,0.09152,2.9922,0.84026,0.25786,14.6698,22.8324,1.0326600000000001,0.9455,9.4246,2.0634,32.0222,7.8162,13.900199999999998,1.154,19.8918,4.6466,2.7736,13.564600000000002,2.9966,20.8204,19.0056,16.1332,1680.9536501937719,1658.52746582,0.9358,1.7558,0.83514,1.32052,44.1174,13.1606,3.5292,26.16762,0.83514,0.067998,6.7202,1.79648,0.20088,15.602,24.4976,0.51602,0.62376,7.2501999999999995,2.82,29.607799999999997,5.4268,15.912600000000001,0.442,22.5318,6.843999999999999,1.4916,14.878999999999998,1.798,22.226,18.2534,18.3838,1725.33429164843,0,-13.764770510000062
2021-12-06_Athletic Club_Getafe,2021-12-06,21:00,La Liga,Matchweek 16,Mon,2022,0.0,0.0,Getafe,Athletic Club,Draw,1615.46630859,1,21.0,1.7546,1.3116,0.74044,0.84686,39.962,11.6882,4.404,34.15858,0.74044,0.058842000000000005,4.261,1.54752,0.23592,20.323400000000003,20.361,0.6125,0.55534,9.490400000000001,3.6758000000000006,21.6168,5.3708,11.359,0.4222,14.3134,3.1234,3.0107999999999997,16.135399999999997,1.1059999999999999,20.5696,14.7666,11.194199999999999,1659.187503346712,1699.12414551,0.536,0.7802,1.60934,1.14262,46.8898,14.1264,3.6258,27.97726,1.60934,0.10702400000000001,4.2376000000000005,1.18418,0.40398,15.907200000000001,25.080599999999997,1.36996,1.2679,11.468599999999999,1.9005999999999998,39.1858,9.1234,15.6356,0.9736,21.904600000000002,6.4462,1.072,18.5832,2.4466,26.205,25.134,18.0284,1751.608331957106,1,-83.65783692000014
2021-12-10_Celta Vigo_Mallorca,2021-12-10,21:00,La Liga,Matchweek 17,Fri,2022,0.0,0.0,Mallorca,Celta Vigo,Draw,1627.57922363,1,21.0,1.1358000000000001,1.1179999999999999,1.4232399999999998,0.88722,48.571,13.524200000000002,4.9062,36.6064,1.2473999999999998,0.092714,2.3502,1.06292,-0.05507999999999999,12.641000000000002,22.9096,0.92532,0.90348,9.337,1.7480000000000002,29.8084,7.2669999999999995,18.5172,1.4598,18.5544,4.164000000000001,1.9334,13.820800000000002,3.1887999999999996,24.3502,20.3126,16.2888,1666.4532512213739,1682.23083496,1.4022000000000001,0.4222,0.9425399999999999,0.9543,55.792,9.493,3.9368,42.415820000000004,0.72276,0.08065000000000001,3.748,0.72806,0.30586,14.149600000000001,20.4992,0.59702,0.56864,6.7782,2.1194,28.9646,5.4542,13.8842,1.1714,20.0776,5.0085999999999995,2.4000000000000004,11.1264,1.675,16.0188,15.447000000000001,14.791799999999999,1627.902489185356,1,-54.65161133000015
2021-12-11_Elche_Valencia,2021-12-11,18:30,La Liga,Matchweek 17,Sat,2022,2.0,1.0,Valencia,Elche,Home Win,1709.10559082,1,18.0,1.8154,1.4198,1.31466,1.19178,47.274,11.5964,3.8806,33.48214,1.04018,0.089458,4.3102,1.347,0.10519999999999999,11.7452,25.36,0.8369,1.06658,8.7574,2.6902,39.135,8.2092,18.098599999999998,1.6423999999999999,24.5138,5.6262,2.9934,15.162199999999999,4.0834,22.043599999999998,20.9806,18.125799999999998,1675.976549708102,1586.26721191,0.8617999999999999,1.3978,0.7283599999999999,1.87944,49.4954,6.8188,2.4686,35.04348,0.7283599999999999,0.098912,4.6374,1.39604,-0.0017600000000000046,19.107200000000002,18.410999999999998,0.6507999999999999,0.49628,5.8652,1.884,23.1326,4.074,17.5586,0.8376,15.9428,3.537,1.5038,9.5932,0.8642000000000001,12.793600000000001,9.709800000000001,12.0684,1658.1835760009478,0,122.83837891000007
2021-12-11_Athletic Club_Sevilla,2021-12-11,21:00,La Liga,Matchweek 17,Sat,2022,0.0,1.0,Athletic Club,Sevilla,Away Win,1701.0065918,1,21.0,1.2222,1.2264,1.4325400000000001,0.79782,58.3756,13.773599999999998,3.7172,26.61072,0.97366,0.07913,3.5758,0.92604,-0.30035999999999996,12.5818,39.858999999999995,0.79444,0.89412,9.6776,2.673,55.98159999999999,8.911000000000001,15.0524,0.558,25.1788,7.4672,1.3914,16.66,4.5691999999999995,26.2126,25.139400000000002,22.0938,1653.3892015646802,1823.78942871,1.0596,0.8464,1.0891000000000002,0.8853,61.8964,10.968599999999999,3.0906000000000002,28.59404,1.0891000000000002,0.101248,2.682,0.6677600000000001,-0.17863999999999997,9.047799999999999,31.5064,0.66072,0.8075600000000001,8.267,3.6216000000000004,42.6056,7.2112,13.8294,0.4984,18.167,3.2653999999999996,1.5015999999999998,14.9346,1.9582,19.468600000000002,16.6394,15.772000000000002,1738.8875033697639,2,-122.78283691000001
2021-12-11_Espanyol_Levante,2021-12-11,14:00,La Liga,Matchweek 17,Sat,2022,4.0,3.0,Espanyol,Levante,Home Win,1654.23803711,1,14.0,1.558,0.358,1.13014,1.835,43.7814,12.035200000000001,3.9116,32.55626,0.9719,0.08351399999999999,4.2594,1.1649,0.8069,23.2864,25.260400000000004,0.7853,0.65876,10.149400000000002,1.7753999999999999,30.263199999999998,5.7332,10.875,0.46399999999999997,15.7276,4.7362,2.7402,15.8904,2.3436,21.7858,15.6446,16.988999999999997,1734.943710985352,1596.19177246,1.0574000000000001,2.8198000000000003,0.96668,1.8524800000000003,39.822,8.816,3.9099999999999997,39.34573999999999,0.82428,0.093648,7.9572,1.9191600000000002,-0.90064,17.9086,18.797,0.47136,0.50394,5.4594,0.9316,27.1802,5.8660000000000005,16.192999999999998,1.2418,13.8986,3.9006,1.453,9.4358,1.4002,14.227,13.158600000000002,9.58,1732.141531396732,0,58.04626465000001
2021-12-11_Alaves_Getafe,2021-12-11,16:15,La Liga,Matchweek 17,Sat,2022,1.0,1.0,Alaves,Getafe,Draw,1607.81665039,1,16.0,1.0418,0.8862,1.15808,0.8895599999999999,42.3528,11.931,3.1658,25.30866,1.0042200000000001,0.086894,3.8296,0.7303600000000001,-0.1954,15.844800000000003,23.2822,0.8668399999999999,0.52396,8.363600000000002,1.442,27.025999999999996,3.4717999999999996,13.906600000000001,0.358,20.398600000000002,3.9585999999999997,1.4814,13.0766,2.7406,21.226399999999998,16.922,12.470799999999999,1646.9280377186722,1618.81750488,0.1978,0.738,0.52136,1.26558,39.9512,8.7456,2.4234,33.08356,0.52136,0.06211000000000001,3.118,0.78624,0.04823999999999996,13.2968,19.179000000000002,0.44532,0.44689999999999996,6.7236,2.5591999999999997,22.3688,3.2774,14.267199999999999,0.0,16.536,3.3178,0.3956,11.097999999999999,1.3252000000000002,14.793600000000001,11.138399999999999,8.1828,1684.209296145394,1,-11.000854489999938
2021-12-12_Betis_Real Sociedad,2021-12-12,18:30,La Liga,Matchweek 17,Sun,2022,4.0,0.0,Betis,Real Sociedad,Home Win,1752.88134766,1,18.0,2.3782,1.2376,1.6500400000000002,1.03752,48.75320000000001,15.663,5.2688,33.55856,1.3494000000000002,0.07969200000000001,2.7338,0.75348,-0.26432,16.4034,24.324199999999998,0.83604,0.80322,10.4954,0.8642000000000001,32.1144,7.721,16.5226,2.0500000000000003,11.3402,3.6444,4.0028,18.830199999999998,2.1084,26.930799999999998,22.541800000000002,13.195,1681.2407879145903,1752.32824707,1.3514,0.7604,1.33564,0.8772599999999999,52.7886,9.4022,3.7205999999999997,39.37292,1.1598,0.12173800000000001,3.1471999999999998,0.79226,0.03186000000000003,16.0234,30.096600000000002,0.65272,0.8832599999999999,6.6352,1.0066,41.9114,8.0074,14.4454,1.1738,13.4516,5.1592,2.3072,13.130000000000003,1.3736,17.7676,22.9688,18.3706,1649.444349216992,0,0.5531005899999855
2021-12-12_Rayo Vallecano_Villarreal,2021-12-12,14:00,La Liga,Matchweek 17,Sun,2022,2.0,0.0,Villarreal,Rayo Vallecano,Home Win,1759.25732422,1,14.0,1.5558,1.682,1.4181200000000003,1.28922,63.8572,12.106200000000001,4.0654,34.8778,1.4181200000000003,0.11801,3.5326000000000004,1.24912,-0.43288000000000004,10.2782,45.672200000000004,1.26564,1.22288,10.2974,1.925,62.977199999999996,12.740599999999999,16.5848,2.4938000000000002,18.7192,5.2307999999999995,2.7072000000000003,16.2332,2.3856,21.9006,28.891,27.827199999999998,1693.0898957997501,1654.2857666,1.18,1.6154,0.9943599999999999,1.3624,52.168200000000006,12.4034,3.6138000000000003,27.369239999999998,0.9943599999999999,0.080414,3.9787999999999997,1.13624,-0.31896,11.3454,27.397999999999996,0.7560399999999999,0.87416,9.1304,2.8592,32.976600000000005,6.792999999999999,15.6682,1.3724,23.935000000000002,4.7822,1.918,14.790600000000001,2.3933999999999997,21.4874,14.2254,15.4512,1759.1734602806698,0,104.97155762000011
2021-12-12_Barcelona_Osasuna,2021-12-12,16:15,La Liga,Matchweek 17,Sun,2022,2.0,2.0,Osasuna,Barcelona,Draw,1664.64892578,1,16.0,0.7802,1.3621999999999999,0.97448,1.19056,47.1166,11.5968,3.1758,29.73528,0.8035400000000001,0.069028,3.8692,1.2553800000000002,-0.10682,11.4528,34.5048,0.52454,0.7115,7.870600000000001,3.4497999999999998,38.4656,9.094,12.079,0.1602,24.490399999999998,4.82,1.3626,13.6112,1.4838,18.568,18.0924,11.722999999999999,1669.75173676676,1827.94384766,1.392,1.4574,1.6624400000000001,1.17842,59.404199999999996,10.4144,3.2162,33.585359999999994,1.32862,0.12758,2.9756,1.08302,-0.37437999999999994,13.5918,38.297,0.96902,1.10562,8.527800000000001,2.1292,45.6408,8.0344,18.3594,1.7098,14.8318,4.450200000000001,2.2956,14.1236,1.3668,19.918200000000002,22.763599999999997,23.106199999999998,1668.8862165991459,1,-163.29492188000017
2021-12-13_Cadiz_Granada,2021-12-13,21:00,La Liga,Matchweek 17,Mon,2022,1.0,1.0,Cadiz,Granada,Draw,1563.1496582,1,21.0,0.46399999999999997,1.5922,1.15842,1.6428,41.93299999999999,11.8234,1.7160000000000002,19.70698,1.0045600000000001,0.091934,4.632,1.40488,-0.18732,13.4164,23.624,0.62704,0.5149,7.832400000000001,3.3310000000000004,34.568200000000004,7.0722000000000005,12.794200000000002,0.442,28.119,5.8836,0.9279999999999999,10.874200000000002,2.7844,19.7398,17.9178,15.5536,1671.525147167154,1651.69836426,1.2598,1.2662,1.12318,1.22414,46.6592,11.007,4.3712,42.20856,1.12318,0.108908,4.58,1.2471400000000001,0.0329,18.128600000000002,23.776,0.81518,0.64422,8.5608,2.3092,25.206200000000003,5.338,15.082999999999998,0.356,17.0896,3.0396000000000005,1.682,13.301000000000002,1.4552,19.1346,13.941600000000001,12.8668,1676.14840874054,1,-88.54870606000009
2021-12-17_Celta Vigo_Espanyol,2021-12-17,21:00,La Liga,Matchweek 18,Fri,2022,3.0,1.0,Celta Vigo,Espanyol,Home Win,1685.64172363,1,21.0,1.0574000000000001,1.8177999999999999,1.17772,1.57372,56.6246,13.619,4.2202,32.06174,1.17772,0.085162,4.759,1.80702,-0.010779999999999984,7.4990000000000006,31.9198,0.74344,0.64488,9.549000000000001,3.8798,41.141799999999996,6.811400000000001,16.183,1.969,27.266,4.765000000000001,1.2552,16.8278,2.5780000000000003,24.2434,20.3124,19.3476,1783.11112614676,1662.67871094,0.5538,1.536,0.73954,1.0122,46.003,12.700199999999999,3.3320000000000003,25.627740000000003,0.73954,0.061432,4.750400000000001,1.28518,-0.006620000000000001,16.7186,24.9244,0.43234,0.54372,7.0809999999999995,2.738,30.2236,5.3842,17.6192,0.3978,21.045599999999997,6.3152,0.9097999999999999,15.523599999999998,1.7182,21.859,15.7862,17.3686,1704.053943845912,0,22.963012689999914
2021-12-18_Barcelona_Elche,2021-12-18,18:30,La Liga,Matchweek 18,Sat,2022,3.0,2.0,Barcelona,Elche,Home Win,1828.33166504,1,18.0,1.0762,0.9581999999999999,1.3982400000000001,0.8754200000000001,63.98779999999999,13.2904,3.8174,28.41936,1.11622,0.083312,2.6942,0.83982,-0.11837999999999999,7.2006,53.4046,0.99226,1.6010800000000003,10.8906,2.4312,66.47080000000001,11.7018,13.3014,2.1092000000000004,25.6412,6.8124,1.9922,20.785000000000004,1.418,26.358600000000003,31.232200000000002,28.425,1724.71575686102,1585.7244873,1.0198,1.6021999999999998,0.8032199999999999,1.7361399999999998,53.3736,7.3696,2.9102,37.981660000000005,0.8032199999999999,0.103906,5.3062000000000005,1.4841000000000002,-0.1181,20.1178,20.944,0.77226,0.44782,6.6556,1.7956,23.9842,4.255,17.647000000000002,0.7538,15.836400000000001,3.2832000000000003,1.8418,10.066600000000001,1.022,13.8796,10.848199999999999,12.3498,1653.5459594967879,0,242.60717774
2021-12-18_Real Sociedad_Villarreal,2021-12-18,16:15,La Liga,Matchweek 18,Sat,2022,1.0,3.0,Real Sociedad,Villarreal,Away Win,1751.6081543,1,16.0,0.536,0.6862,0.91014,0.85808,55.7556,10.7126,1.832,17.653080000000003,0.7518999999999999,0.06090400000000001,4.1004,1.0865,0.4003,12.5688,27.811999999999998,0.60594,0.7978799999999999,7.992999999999999,2.2022,42.7768,7.4108,15.554400000000001,0.8928,17.715799999999998,3.3734,1.072,11.8262,2.1822,18.449199999999998,18.2136,15.5492,1735.2304716814317,1779.60559082,0.3978,1.2156,1.35792,1.20968,54.394,12.9586,2.8594,22.365879999999997,1.35792,0.10183400000000001,3.354,1.31386,0.09825999999999997,17.171,32.117799999999995,1.21044,1.00078,10.9466,1.0,40.3846,8.0364,15.118400000000001,2.0132,15.9418,5.076,0.7956,15.77,2.4374000000000002,21.770799999999998,23.006,19.4018,1771.02856987509,2,-27.997436520000065
2021-12-18_Alaves_Rayo Vallecano,2021-12-18,14:00,La Liga,Matchweek 18,Sat,2022,2.0,0.0,Rayo Vallecano,Alaves,Home Win,1652.06188965,1,14.0,1.402,0.38,1.07852,0.92814,48.1494,10.7004,3.043,26.144180000000002,0.9026799999999999,0.08260200000000001,3.2814,0.73856,0.35856,11.984,22.3608,0.83406,0.7956,8.4054,2.2012,33.2294,7.5346,13.466000000000001,1.0386,22.288800000000002,5.0704,1.7753999999999999,12.4872,2.897,18.452399999999997,17.5518,16.5642,1685.0501271226958,1609.68286133,1.2376,1.286,1.3082000000000003,1.48438,38.7694,9.520199999999999,2.6586,35.31768,0.9899600000000001,0.12723199999999998,4.1312,1.31456,0.028560000000000002,27.1336,17.2574,0.8912800000000001,0.7093,6.7092,1.6408,22.262999999999998,5.1922,14.8734,1.4796,14.8108,3.6364,1.589,10.109200000000001,2.3192000000000004,16.703400000000002,15.634599999999999,10.262,1730.000781640864,0,42.37902832000009
2021-12-19_Athletic Club_Betis,2021-12-19,16:15,La Liga,Matchweek 18,Sun,2022,3.0,2.0,Athletic Club,Betis,Home Win,1697.62487793,1,16.0,0.9558,1.0596,1.50136,0.6227,59.1914,14.4172,3.6896,25.907180000000004,1.0884,0.080776,3.0298,0.7781199999999999,-0.28148,10.725800000000001,40.7588,0.82942,1.05006,9.654,2.6498000000000004,56.2484,9.885000000000002,13.061,0.358,26.403,8.6298,1.2522,18.1918,3.6795999999999998,26.3122,27.9326,23.2498,1701.279860182352,1759.22729492,1.0816,0.9138000000000001,0.99234,1.4517,46.495000000000005,10.2784,2.5382000000000002,25.381800000000002,0.8165,0.079786,4.3888,1.2418400000000003,0.52584,16.7952,24.6492,0.7147600000000001,0.63516,8.5602,1.8820000000000001,36.6872,6.5414,14.9722,1.6698,10.4374,2.6712000000000007,1.7235999999999998,15.4158,1.2302,18.7156,17.5012,16.9834,1687.0898150161202,0,-61.602416990000165
2021-12-19_Granada_Mallorca,2021-12-19,14:00,La Liga,Matchweek 18,Sun,2022,4.0,1.0,Granada,Mallorca,Home Win,1654.22595215,1,14.0,1.4044,1.8017999999999998,1.0197200000000002,1.86498,44.8014,9.954,2.0794,22.60868,0.7531,0.073268,5.554,1.4153,-0.14229999999999998,12.6064,22.0934,0.49644,0.6014,6.591,3.0056000000000003,32.668,7.4892,13.639800000000001,0.8595999999999999,19.8722,4.4768,1.7182,12.5054,1.6219999999999999,16.5094,16.708399999999997,11.4646,1749.427346092654,1630.6932373,1.262,1.6176,0.61724,1.6145600000000002,44.699600000000004,9.759,3.6928,36.52086,0.61724,0.06093,4.1702,1.6182,0.0005999999999999617,16.733,24.8246,0.47768,0.54836,5.9656,0.38,29.542800000000003,3.8338,14.492800000000003,1.3800000000000001,11.073,4.0504,1.726,10.181,1.9978,17.0694,11.7184,11.077399999999999,1650.8238715086181,0,23.532714850000048
2021-12-19_Getafe_Osasuna,2021-12-19,18:30,La Liga,Matchweek 18,Sun,2022,1.0,0.0,Getafe,Osasuna,Home Win,1623.47595215,1,18.0,1.435,0.892,0.91618,0.72564,42.3404,13.6614,5.0404,35.85984,0.91618,0.064284,3.9906,1.30294,0.41093999999999997,19.714399999999998,24.2646,0.67894,0.56424,10.2624,3.2640000000000002,23.6854,4.7454,12.255600000000001,0.38,16.1798,3.7436,2.7098,16.398600000000002,2.4606000000000003,24.008200000000002,15.0228,11.3074,1678.2218174342322,1670.7857666,0.3204,0.7756000000000001,0.48696,0.9422,35.4806,8.8496,1.8174,20.81022,0.48696,0.062046000000000004,3.4586,0.61156,-0.16404000000000002,23.779400000000003,17.5512,0.31734,0.38517999999999997,5.504,1.644,21.215400000000002,3.9586000000000006,14.1962,0.3956,17.1188,3.5314,0.3204,9.6162,1.6942,13.437800000000001,12.2928,9.342600000000001,1739.2288267337221,0,-47.309814449999976
2021-12-19_Cadiz_Real Madrid,2021-12-19,21:00,La Liga,Matchweek 18,Sun,2022,0.0,0.0,Real Madrid,Cadiz,Draw,1961.64294434,1,21.0,1.4598,0.3758,1.21662,1.16622,60.474,13.608600000000001,4.611,35.12854,1.21662,0.08818,3.9618,0.89758,0.52178,16.799999999999997,46.5054,0.93138,0.9699800000000001,10.6596,0.8722,51.4616,9.6912,12.4786,0.6664,15.355,4.745399999999999,2.5020000000000002,20.9806,0.6617999999999999,25.065800000000003,26.596799999999998,26.982,1688.7624873549262,1567.14672852,0.976,2.4662,0.91524,1.4596,39.7252,10.8838,3.4842,33.37422,0.69546,0.066818,5.1334,1.56444,-0.90176,16.8722,19.688000000000002,0.52552,0.38474,6.7216000000000005,2.349,26.122799999999998,4.4472000000000005,14.247800000000002,0.8742,25.532799999999998,4.2668,1.3783999999999998,11.4428,2.0506,17.762,13.8286,14.9828,1667.8808354734201,1,394.4962158200001
2021-12-20_Levante_Valencia,2021-12-20,21:00,La Liga,Matchweek 18,Mon,2022,3.0,4.0,Levante,Valencia,Away Win,1594.27587891,1,21.0,0.356,0.9494,0.91416,0.63728,49.326800000000006,10.742,2.2640000000000002,22.094659999999998,0.68276,0.071072,3.0454000000000003,0.80986,-0.13954000000000003,13.705400000000001,25.671799999999998,0.33382,0.49056,7.6672,2.22,38.0434,6.681,12.417000000000002,0.6838,21.8564,4.9922,0.534,11.8976,2.1064,17.951999999999998,20.2248,17.2964,1652.0923006584321,1716.17321777,0.8642000000000001,1.5694000000000001,1.03522,1.05156,42.4206,9.8552,3.8464,41.3494,1.03522,0.11061599999999999,4.491,1.5514999999999999,-0.017899999999999985,14.3742,22.0254,0.7175400000000001,0.63826,7.2286,2.3466,26.3102,5.181,14.433399999999999,0.6962,19.522,4.2552,1.4842,12.177,1.5004,17.309800000000003,13.5674,13.613399999999999,1738.578214770946,2,-121.89733885999999
2021-12-21_Alaves_Villarreal,2021-12-21,19:00,La Liga,Matchweek 4,Tue,2022,5.0,2.0,Villarreal,Alaves,Home Win,1779.60559082,1,19.0,1.6002,1.5138,1.48748,1.45454,61.8056,12.2398,4.0588,34.272499999999994,1.29212,0.10479,4.212,1.34518,-0.16862000000000005,12.7924,42.550399999999996,1.16372,1.2361600000000001,10.311800000000002,2.0766,57.571,12.2662,16.3822,1.9118,19.1678,5.3518,2.9806,15.8656,2.6354,22.3872,29.090200000000003,24.337,1675.647085985514,1609.68286133,1.1138,1.5015999999999998,1.09646,1.4871,37.928200000000004,7.582400000000001,2.6486,43.83354,0.81006,0.11706399999999999,4.218,1.22658,-0.27502,25.5988,19.43,0.7500800000000001,0.71282,5.385,1.0,22.0816,5.2732,14.497800000000002,1.3316,12.9,3.1962,1.4300000000000002,8.5452,1.178,12.8614,14.1298,9.215,1712.76518977151,0,169.92272949000017
2021-12-21_Barcelona_Sevilla,2021-12-21,21:30,La Liga,Matchweek 4,Tue,2022,1.0,1.0,Sevilla,Barcelona,Draw,1833.69592285,1,21.0,2.2608,1.1204,1.1783800000000002,1.2466199999999998,57.3542,12.12,4.8088,38.03008,1.1783800000000002,0.092284,3.4210000000000003,0.96966,-0.15074,13.929599999999999,28.4734,1.1425800000000002,1.18394,10.9664,3.333,35.4448,8.547400000000001,12.518600000000001,0.8366,22.4056,5.3788,4.361400000000001,15.1846,2.3360000000000003,21.8446,23.052800000000005,14.0878,1660.7543415543641,1828.33166504,1.7412,1.8,1.6583,0.94638,58.6986,10.9496,3.0946000000000002,30.30934,1.35786,0.126708,2.978,1.0302799999999999,-0.76972,14.4328,31.4882,0.96094,1.01736,8.7632,1.928,40.6508,7.4984,18.7118,1.6388,14.772,4.5052,3.0427999999999997,15.7086,0.7976,20.8354,22.487,24.5604,1676.53333671636,1,5.364257810000026
2021-12-22_Athletic Club_Real Madrid,2021-12-22,21:30,La Liga,Matchweek 21,Wed,2022,1.0,2.0,Athletic Club,Real Madrid,Away Win,1705.78979492,1,21.0,1.4485999999999999,1.442,1.3803200000000002,0.9434600000000001,56.08559999999999,13.010200000000001,4.209,35.7543,1.124,0.09779399999999999,3.9593999999999996,1.1698400000000002,-0.27216,9.999799999999999,38.1726,0.8320799999999999,0.8753,8.6676,2.0522,56.287800000000004,8.4872,13.0548,0.4222,23.8322,7.1134,2.3038,16.8516,2.5464,23.4062,24.688200000000002,21.138800000000003,1729.687024561608,1952.98620605,2.2794,0.916,1.90092,1.01942,57.123999999999995,15.816600000000001,6.4516,42.719480000000004,1.90092,0.123832,2.4474,0.74236,-0.17364,16.6384,36.883,1.6425,1.60468,13.5008,1.096,49.3306,11.131,12.888,1.519,14.4716,5.3246,4.1366,20.8296,2.3866,29.7516,33.36,24.944399999999998,1702.61861230414,2,-247.1964111299999
2021-12-31_Espanyol_Valencia,2021-12-31,16:15,La Liga,Matchweek 19,Fri,2022,1.0,2.0,Valencia,Espanyol,Away Win,1722.57556152,1,16.0,1.978,1.3778,1.44414,1.177,45.305,13.6904,4.3368,31.60426,1.1971,0.089954,4.2792,1.5465,0.32889999999999997,10.4174,23.081999999999997,0.9309000000000001,1.2453,9.958599999999999,3.9864,37.2564,9.3536,16.9678,1.7224,24.674,6.4402,3.3824,15.2578,4.9518,24.8814,24.3898,19.178600000000003,1646.1331941887938,1654.48010254,0.7426,1.8266,0.66232,0.94446,46.491200000000006,11.0208,3.443,33.05426,0.66232,0.065172,4.7752,1.35222,-0.25458,16.2468,29.1834,0.44352,0.4905,6.4403999999999995,1.8874,32.7668,4.0806000000000004,18.4782,0.6022,17.7454,5.262599999999999,1.063,13.662,1.3579999999999999,19.2312,13.032800000000002,16.034,1679.6284401830198,2,68.0954589800001
2022-01-02_Barcelona_Mallorca,2022-01-02,21:00,La Liga,Matchweek 19,Sun,2022,0.0,1.0,Mallorca,Barcelona,Away Win,1620.57006836,1,21.0,0.7338,0.5736,1.10134,0.91292,47.7492,12.650800000000002,3.5062,28.18076,0.9431,0.076022,2.471,1.0821800000000001,0.50858,12.4326,20.1326,0.6765,0.90752,8.5708,2.0616,28.6508,6.9402,16.8004,1.3138,19.2316,4.736000000000001,1.3074,13.682799999999999,3.1258,23.1058,18.139200000000002,15.082999999999998,1669.721936377418,1832.39538574,1.8112000000000001,1.5757999999999999,1.83104,0.75194,56.89900000000001,14.1734,4.2059999999999995,31.49958,1.56066,0.12203399999999999,2.4918000000000005,0.7409600000000001,-0.83484,13.7336,26.67,1.2367000000000001,1.2786600000000001,11.8056,1.8352,39.467800000000004,7.4044,19.4056,0.8982,16.4604,5.3873999999999995,3.2268,19.244999999999997,1.5504,25.3358,25.5452,27.9116,1726.694757859066,2,-211.8253173799999
2022-01-02_Elche_Granada,2022-01-02,16:15,La Liga,Matchweek 19,Sun,2022,0.0,0.0,Elche,Granada,Draw,1583.71191406,1,16.0,1.4466,1.6552,1.34796,1.27284,52.726,11.416400000000001,4.0456,35.0747,1.1526,0.11704,4.7396,1.79128,0.13608000000000003,12.560400000000001,29.906799999999997,1.02184,0.70704,8.709,1.6552,37.6392,5.515000000000001,15.0092,0.9768,21.7832,5.574999999999999,2.5174000000000003,14.605599999999999,2.5976000000000004,20.956599999999998,16.717399999999998,18.486800000000002,1712.59834729131,1675.60681152,1.378,1.2396,1.13968,1.0852,53.8278,12.803799999999999,4.5782,37.39768,1.13968,0.097808,4.1335999999999995,1.18916,0.16935999999999998,18.4602,28.4582,0.84688,0.7851199999999999,10.058,2.3782,34.5736,6.1808,16.0398,0.5646,19.3104,2.5472,2.0022,15.901,2.0422000000000002,22.572,15.3006,17.107800000000005,1645.100459129966,1,-91.89489746000004
2022-01-02_Betis_Celta Vigo,2022-01-02,18:30,La Liga,Matchweek 19,Sun,2022,0.0,2.0,Betis,Celta Vigo,Away Win,1751.06237793,1,18.0,2.8288,1.1138,1.60182,1.06698,48.3458,13.8994,5.242,37.70844,1.3312599999999999,0.091492,3.2488,1.00116,0.08515999999999996,16.563,24.092,0.97458,0.92946,10.0136,1.2662,30.105800000000002,7.316599999999999,15.793600000000001,1.6566,11.538799999999998,3.8242,5.1236,17.638399999999997,2.486,24.508200000000002,20.3022,11.7666,1706.777758935562,1693.84020996,0.9736,0.38,0.99154,0.8091200000000001,54.8802,11.3854,4.4756,39.682520000000004,0.79372,0.065166,3.329,0.50666,0.12666,14.6114,18.9956,0.5584600000000001,0.67828,6.988600000000001,2.3958,28.0912,5.6972,13.4632,1.0542,20.0022,4.9075999999999995,1.7274,11.6344,1.7516,17.802599999999998,17.3884,12.9592,1623.30802617167,2,57.22216796999987
2022-01-02_Getafe_Real Madrid,2022-01-02,14:00,La Liga,Matchweek 19,Sun,2022,1.0,0.0,Getafe,Real Madrid,Home Win,1631.40039062,1,14.0,1.3914,0.6586000000000001,0.99224,0.6986600000000001,44.5924,15.392999999999999,4.9803999999999995,33.14968,0.99224,0.060972,3.6032000000000006,1.08846,0.42986,20.0636,25.3034,0.7443,0.68432,11.645399999999999,3.6700000000000004,26.2912,5.591600000000001,12.086,0.1978,18.303800000000003,4.0576,2.7828,19.1772,3.0472,27.647,17.794800000000002,12.8858,1663.574571412768,1956.84692383,2.3956,0.7802,1.7487000000000001,0.9886400000000001,56.4462,14.569600000000001,6.939,49.48338,1.7487000000000001,0.12044799999999999,2.1142,0.52626,-0.25394,18.2606,39.092,1.4716999999999998,1.4188200000000002,12.818,0.5538,46.434,11.0176,14.408600000000002,2.0996,9.7754,3.6386000000000003,3.9228,20.9464,1.5712,27.101599999999998,31.025799999999997,23.32,1712.803704417544,0,-325.44653320999987
2022-01-02_Alaves_Real Sociedad,2022-01-02,18:30,La Liga,Matchweek 19,Sun,2022,1.0,1.0,Alaves,Real Sociedad,Draw,1597.36218262,1,18.0,1.0376,1.0418,1.11224,0.9438799999999999,49.419799999999995,11.926200000000001,2.9492000000000003,23.426339999999996,0.97378,0.08087799999999999,3.7908000000000004,0.66732,-0.41008,11.6882,26.9936,0.75246,0.5459799999999999,8.127199999999998,1.8862,33.105000000000004,4.1129999999999995,15.525400000000001,0.178,24.0984,3.3744000000000005,1.6774,13.2014,2.5223999999999998,21.1362,17.0622,14.321399999999999,1647.5819724107441,1738.76025391,1.072,1.517,1.3209,1.0793,51.024,10.683,3.8486000000000002,36.358059999999995,1.16266,0.114122,3.765,1.03606,-0.48094000000000003,14.832,31.852400000000003,0.5986,0.8205199999999999,6.815800000000001,1.1059999999999999,41.49979999999999,7.3742,13.824200000000001,1.0564,15.993,5.6318,1.788,13.116999999999999,1.5804,18.9118,22.8164,18.422,1680.33681181592,1,-141.39807128999996
2022-01-03_Athletic Club_Osasuna,2022-01-03,21:00,La Liga,Matchweek 19,Mon,2022,1.0,3.0,Osasuna,Athletic Club,Away Win,1662.86132812,1,21.0,1.0464,1.2818,0.8061200000000001,0.94524,44.863200000000006,10.804599999999999,3.1582000000000003,31.982259999999997,0.6522600000000001,0.058915999999999996,2.673,1.14684,-0.13496,12.151799999999998,31.8566,0.39116,0.61268,6.7626,2.628,35.0122,7.287,13.5362,0.2442,24.5414,5.2264,1.6705999999999999,11.6408,1.6796,17.090400000000002,16.1296,11.4064,1699.337602148752,1701.92907715,0.3382,0.558,1.4551800000000001,1.19164,48.709999999999994,13.1814,3.419,28.50894,1.4551800000000001,0.10088,4.1698,1.0548600000000001,0.49685999999999997,15.3956,27.791600000000003,1.2153200000000002,1.1823000000000001,10.301,1.378,42.707,8.3786,14.7392,1.6088,23.2796,5.8132,0.6764,16.0832,2.402,24.3198,23.200000000000003,18.458199999999998,1722.399649509496,2,-39.06774902999996
2022-01-03_Cadiz_Sevilla,2022-01-03,21:15,La Liga,Matchweek 19,Mon,2022,0.0,1.0,Cadiz,Sevilla,Away Win,1575.8034668,1,21.0,0.6617999999999999,1.6771999999999998,1.02604,1.66508,41.5274,11.9408,1.8444000000000003,20.04654,0.88758,0.07909,5.1014,1.43092,-0.24628,13.098399999999998,21.6078,0.57108,0.47456,7.460600000000001,2.521,31.2806,6.088,12.902999999999999,0.3978,26.5416,6.6718,1.3235999999999999,10.498199999999999,3.4383999999999997,19.377,16.7046,12.968000000000002,1634.8182013918981,1838.66357422,1.1978,0.6175999999999999,0.84156,1.1242199999999998,56.8896,9.3182,2.5932000000000004,26.7273,0.84156,0.087912,2.758,0.95286,0.33526,11.285,24.7648,0.45604,0.6026,6.7868,3.0268,33.879599999999996,5.4921999999999995,14.4348,0.1602,15.131599999999999,2.5622000000000003,1.8397999999999999,11.733999999999998,1.7182,15.970400000000001,13.3682,13.873600000000001,1744.338424146156,2,-262.8601074200001
2022-01-03_Levante_Villarreal,2022-01-03,19:00,La Liga,Matchweek 19,Mon,2022,5.0,0.0,Villarreal,Levante,Home Win,1797.14123535,1,19.0,2.5170000000000003,1.5624,2.0725,1.4179,60.3832,15.290400000000002,5.2298,33.17016,1.8966599999999998,0.12273,3.9908,1.1685400000000001,-0.3938600000000001,12.381,38.2554,1.75668,1.56886,12.7226,2.4132,54.162400000000005,12.2954,17.1766,4.3626000000000005,17.541800000000002,5.705,4.5920000000000005,21.1514,2.2276,27.9092,31.079,23.094,1659.403522875026,1587.87353516,1.6842000000000001,3.082,1.4628,1.8107599999999997,43.2352,10.4878,4.4514,39.326080000000005,1.33464,0.121702,7.384799999999999,1.9296000000000002,-1.1523999999999999,16.208,22.9454,0.97262,0.6989000000000001,6.146,0.9384,32.5112,5.8793999999999995,16.162,1.4618,14.6298,3.8548,2.5286,11.533999999999999,1.3602,16.490199999999998,15.628799999999998,11.864,1690.832843799654,0,209.2677001899999
2022-01-08_Barcelona_Granada,2022-01-08,18:30,La Liga,Matchweek 20,Sat,2022,1.0,1.0,Granada,Barcelona,Draw,1674.7635498,1,18.0,2.1014,1.534,1.2069400000000001,1.66658,46.4908,11.223799999999999,3.7058,37.150220000000004,1.0948,0.102668,4.47,1.13554,-0.20065999999999995,12.222999999999999,20.3868,0.6891,0.85134,7.3652,3.7334,27.9358,7.9126,14.956000000000001,0.9404,20.199799999999996,4.186,3.2294,13.7588,1.4938,18.2502,17.8934,12.464,1669.3164364230179,1836.8269043,1.8742,1.274,1.6049,0.75674,57.0326,13.767999999999999,4.518,33.98994,1.4625000000000001,0.11694399999999999,2.5426,0.6736,-0.6004,14.380799999999999,28.636,1.18538,1.25316,11.2928,2.4842,38.9124,7.9524,20.053400000000003,0.8642000000000001,15.837799999999998,4.572,3.3924,18.7442,1.6396,24.5818,23.2048,24.013599999999997,1713.645432322696,1,-162.06335450000006
2022-01-08_Celta Vigo_Real Sociedad,2022-01-08,16:15,La Liga,Matchweek 20,Sat,2022,1.0,0.0,Real Sociedad,Celta Vigo,Home Win,1736.52844238,1,16.0,0.5824,1.3502,0.69286,1.40836,50.8634,8.9996,2.0488,24.895960000000002,0.55046,0.06149,5.1114,1.33534,-0.01486000000000004,14.841800000000001,23.9796,0.53444,0.85254,7.317,1.7935999999999999,36.806,6.448799999999999,16.2314,0.6594,17.5562,3.3920000000000003,1.1648,10.046000000000001,1.7756,15.8858,18.7926,15.462,1765.1271929696582,1709.29833984,1.3646,0.1978,1.4552,0.88264,52.450199999999995,10.270199999999999,4.8606,50.559380000000004,1.08182,0.12325799999999999,4.1286000000000005,0.46272,0.26492,14.8384,19.184399999999997,0.54262,0.6216200000000001,6.2572,2.2562,30.4566,5.9158,13.4728,1.2488000000000001,18.0364,4.5725999999999996,2.5314,11.3268,1.4322000000000001,17.034,17.338,14.1842,1659.072100390742,0,27.23010253999996
2022-01-08_Real Madrid_Valencia,2022-01-08,21:00,La Liga,Matchweek 20,Sat,2022,4.0,1.0,Real Madrid,Valencia,Home Win,1942.5065918,1,21.0,1.3138,0.3382,1.48238,1.0263,63.7806,18.587400000000002,5.915,35.18258,1.48238,0.088244,3.5656,0.80782,0.46962,15.531400000000001,53.3036,1.16684,1.30044,14.9008,1.1292,62.0508,12.6524,12.1308,2.3092,16.0546,5.8594,2.2518000000000002,26.078,2.305,34.306,32.1884,25.877200000000002,1658.48641164753,1711.24206543,1.7546,2.145,1.2859,1.57688,40.239200000000004,9.9814,4.5944,45.81966,1.09054,0.111438,6.0954,2.2266000000000004,0.08160000000000002,14.7256,18.7392,0.80464,0.5335,7.6176,1.391,26.826,5.663,16.6436,1.315,16.1624,4.3738,3.2893999999999997,13.0154,1.5062,18.2908,14.055,14.1522,1723.677061939246,0,231.2645263700001
2022-01-08_Levante_Mallorca,2022-01-08,14:00,La Liga,Matchweek 20,Sat,2022,2.0,0.0,Levante,Mallorca,Home Win,1582.54321289,1,14.0,1.053,1.8312,1.3523,0.9998400000000001,49.4502,12.2212,3.7028,29.0276,0.9731000000000001,0.07652400000000001,4.1175999999999995,1.39376,-0.43744000000000005,11.116200000000001,25.316,0.5357999999999999,0.56476,9.0098,2.198,36.5178,7.1012,12.1754,0.6154,21.5706,5.5256,1.4574,12.9728,2.8726,20.8196,21.943800000000003,16.478199999999998,1673.346113548698,1616.13867188,1.3800000000000001,2.2884,0.74644,1.85936,46.2062,9.7272,4.4002,46.06828,0.74644,0.079814,4.93,2.01358,-0.27482,18.7342,23.9536,0.63526,0.69004,6.5016,1.1746,30.1884,4.3946,14.2434,0.9536,11.5216,3.2685999999999997,2.0418,10.4072,1.7538,16.7624,12.434999999999999,12.457999999999998,1635.28115395472,0,-33.59545899
2022-01-09_Getafe_Sevilla,2022-01-09,16:15,La Liga,Matchweek 20,Sun,2022,1.0,0.0,Sevilla,Getafe,Home Win,1842.18933105,1,16.0,1.558,0.82,0.90308,1.28754,53.2232,9.5334,2.986,30.30084,0.90308,0.08473,3.7790000000000004,0.88294,0.06294000000000004,15.2578,22.2354,0.88528,1.0046,8.3952,2.6670000000000003,29.1866,6.4506000000000006,13.8202,0.5646,18.325,4.3758,3.116,11.426400000000001,2.1582,16.711000000000002,18.230800000000002,10.872,1705.975745118162,1645.74072266,0.4222,0.62,0.62692,1.0359599999999998,37.82640000000001,9.4038,2.2368,28.810760000000002,0.62692,0.066342,2.3294,0.67226,0.05226000000000001,17.2068,17.7636,0.54848,0.5054799999999999,7.1398,2.2592000000000003,20.402,3.1056000000000004,15.073,0.0,13.619800000000001,2.7976,0.6002,11.3652,2.902,16.6564,11.2248,7.388,1656.940859254996,0,196.4486083899999
2022-01-09_Alaves_Athletic Club,2022-01-09,18:30,La Liga,Matchweek 20,Sun,2022,0.0,0.0,Alaves,Athletic Club,Draw,1599.59411621,1,18.0,1.178,1.0376,1.28636,0.8674,48.177800000000005,13.1104,3.3426,24.44218,0.9908199999999999,0.074906,3.8116,0.68056,-0.38908,10.5984,27.1826,0.8004600000000001,0.5558,9.4796,2.286,35.657399999999996,4.7344,14.340200000000001,0.1602,22.135,2.5159999999999996,1.998,15.1348,2.7702,23.4762,17.356,14.001000000000001,1656.3703215816279,1714.43444824,0.8928,0.6022,1.1757,1.1048,46.5532,12.6982,3.433,29.0743,1.1757,0.088698,4.297,0.93286,0.33066,16.1446,26.0148,1.03634,1.11314,10.2384,1.8286000000000002,40.1178,8.3524,15.186,1.2596,19.156200000000002,4.7226,1.7856,17.275,1.9734,23.6902,18.410200000000003,16.6382,1716.182306295922,1,-114.8403320299999
2022-01-09_Betis_Rayo Vallecano,2022-01-09,14:00,La Liga,Matchweek 20,Sun,2022,1.0,1.0,Rayo Vallecano,Betis,Draw,1655.5723877,1,14.0,1.4618,0.1978,1.23716,0.82648,50.7322,13.0722,3.3828,23.86608,1.07892,0.079016,3.4974,0.8768,0.6789999999999999,11.7854,23.7574,0.9927400000000002,1.08584,9.7858,1.8486000000000002,34.3186,8.2254,14.6844,0.6022,20.2858,4.9192,2.2862,15.713000000000001,2.9514,22.7466,19.029400000000003,17.5964,1678.765547704026,1735.60424805,1.4618,1.2666,1.3338,1.24908,49.464,11.7158,3.8053999999999997,30.72772,1.17556,0.101226,4.8382000000000005,1.42296,0.33436000000000005,17.4806,28.8126,0.87864,0.8946800000000001,9.869399999999999,2.4264,42.223600000000005,8.529200000000001,13.71,2.1912,11.682400000000001,3.0042,2.2838000000000003,18.393,0.8188,21.3744,20.3816,17.7176,1672.313913990208,1,-80.03186034999999
2022-01-09_Cadiz_Osasuna,2022-01-09,18:30,La Liga,Matchweek 20,Sun,2022,2.0,0.0,Osasuna,Cadiz,Home Win,1650.35595703,1,18.0,1.0418,1.8862,0.8731599999999999,1.16372,46.94200000000001,12.377600000000001,3.3865999999999996,29.118560000000002,0.7347,0.057582,3.6266000000000003,1.69148,-0.19472,10.3392,33.115,0.44088,0.7335,7.707199999999999,3.1536,36.0992,7.8466000000000005,13.0826,0.2198,25.508200000000002,4.8154,1.7036,13.7184,1.7558,20.044,15.9282,12.3424,1709.1694466810281,1572.27770996,0.8784000000000001,1.9312,0.8149,1.61462,33.5152,8.8978,2.8474,27.81574,0.6170800000000001,0.06802,5.9525999999999994,1.6957200000000001,-0.23548000000000002,18.8384,16.6006,0.46414,0.27976,5.0518,1.6374,20.529199999999996,2.9490000000000003,14.3114,0.4984,19.409599999999998,3.0307999999999997,1.2406000000000001,9.1684,1.413,14.3348,11.2272,14.3636,1742.006885693484,0,78.07824706999986
2022-01-10_Elche_Espanyol,2022-01-10,21:00,La Liga,Matchweek 20,Mon,2022,1.0,2.0,Espanyol,Elche,Away Win,1665.81359863,1,21.0,2.0906,0.9106000000000001,1.40572,2.12892,47.0544,13.8292,4.897200000000001,33.59294,1.26332,0.087722,4.477600000000001,1.74328,0.8326800000000001,20.1832,27.032,0.9732799999999999,0.8294000000000001,10.4226,1.3094000000000001,34.2878,6.5364,10.9992,0.41759999999999997,16.2754,4.9508,3.5988,17.742800000000003,2.5976000000000004,25.4464,17.5336,19.808400000000002,1673.33286672221,1584.55517578,1.262,1.8862,0.9826600000000001,2.0488,47.952400000000004,6.8442,2.9192,42.6498,0.9826600000000001,0.150796,5.908200000000001,1.76314,-0.12305999999999997,16.6548,18.7962,0.93038,0.47303999999999996,6.1016,1.9602000000000002,21.788,4.862,16.2288,0.9226,13.943400000000002,2.6664000000000003,2.346,9.3714,1.0198,12.4264,9.9866,12.114800000000002,1699.645195141216,2,81.25842284999999
2022-01-16_Elche_Villarreal,2022-01-16,14:00,La Liga,Matchweek 21,Sun,2022,1.0,0.0,Elche,Villarreal,Home Win,1596.40588379,1,14.0,1.1578,1.4896,1.3187799999999998,1.3420600000000003,52.9302,12.9398,3.5526,29.47604,1.1429399999999998,0.106572,5.3424,1.7542199999999997,0.26461999999999997,11.039599999999998,29.0158,0.97642,0.74076,9.814799999999998,2.9548,37.3514,6.8728,13.999,1.1234,24.2346,5.4732,1.9774,15.665799999999999,3.1262,23.1144,18.499200000000002,18.2938,1705.779859741966,1801.83642578,1.0906,1.3381999999999998,1.85818,1.14986,56.108,14.4604,3.9944,26.73164,1.85818,0.12507000000000001,3.707,1.30246,-0.03573999999999996,15.1678,35.2362,1.72546,1.30256,12.6496,1.9768000000000001,43.9414,10.274799999999999,14.1736,1.6676,18.322,5.3568,2.1812,18.023400000000002,2.6378,24.945,28.2104,19.6618,1739.7674263703298,0,-205.43054198999994
2022-01-18_Alaves_Betis,2022-01-18,20:00,La Liga,Matchweek 21,Tue,2022,4.0,0.0,Betis,Alaves,Home Win,1735.03649902,1,20.0,2.1134,1.2024,1.58164,1.451,50.3092,15.4628,5.8504000000000005,37.66982,1.45348,0.093228,3.7124,1.09434,0.06994000000000002,14.309000000000001,28.646,1.03922,1.07186,10.889000000000001,1.4838,36.1118,7.8734,14.881599999999999,1.0584,12.3292,3.5976000000000004,3.7462,19.9606,2.9258,27.2316,24.944,13.9876,1713.1772501219,1601.15161133,1.2024,2.5724,0.99468,1.9279600000000001,37.791000000000004,6.7914,2.4396,45.47534,0.85228,0.14021799999999998,5.8056,2.26722,-0.30518,19.8132,19.1988,0.64178,0.73036,4.758000000000001,1.7326000000000001,21.2404,5.390000000000001,16.0014,1.2984,14.075,2.9324,1.3428,7.657799999999999,0.916,10.8214,12.3632,8.2166,1745.8700597414963,0,133.88488769000014
2022-01-18_Cadiz_Espanyol,2022-01-18,21:30,La Liga,Matchweek 21,Tue,2022,2.0,2.0,Cadiz,Espanyol,Draw,1565.57287598,1,21.0,0.5956,1.7536,0.9433999999999999,1.55968,38.965,12.411800000000001,2.0042,16.93796,0.8188,0.065528,4.747,1.43986,-0.31374,14.1772,20.514200000000002,0.54838,0.48594,8.0354,2.513,28.6868,5.9232,12.8126,0.6022,24.8988,6.348800000000001,1.1912,10.969199999999999,3.0946,20.180999999999997,17.099,12.382600000000002,1674.02711855562,1653.96289062,0.8684000000000001,1.5997999999999999,0.96912,0.89118,51.026199999999996,10.453600000000002,2.8220000000000005,29.92848,0.79818,0.074864,3.5326000000000004,1.03958,-0.36241999999999996,16.522000000000002,30.7308,0.63452,0.5647000000000001,6.8964,2.387,37.1304,5.5376,18.7628,0.642,17.2384,4.9479999999999995,1.3568,13.9632,1.178,18.4662,13.0852,15.874799999999999,1701.5783178434763,1,-88.39001464000012
2022-01-19_Celta Vigo_Osasuna,2022-01-19,19:00,La Liga,Matchweek 21,Wed,2022,2.0,0.0,Celta Vigo,Osasuna,Home Win,1703.49536133,1,19.0,1.6842000000000001,1.736,1.17994,1.3698000000000001,57.0274,13.1686,4.5866,35.95322,1.17994,0.088088,4.7272,1.6341800000000002,-0.10182,8.081600000000002,32.9254,0.79352,0.84016,9.594000000000001,3.6918,43.358000000000004,8.5838,14.832,1.872,25.174200000000003,4.3002,2.5948,18.3542,1.8876000000000002,24.262999999999998,21.534599999999998,17.6476,1746.7269893795021,1657.06079102,0.0,0.7979999999999999,0.49826,1.04446,40.349000000000004,9.785599999999999,2.0798,20.59358,0.49826,0.05219,2.9802000000000004,0.7625,-0.03550000000000002,23.489600000000003,18.4846,0.3156,0.3334,5.3536,1.4354,24.801000000000002,4.5512,15.485800000000001,0.356,18.0836,3.334,0.0,9.7872,1.7247999999999999,14.7476,12.131,10.473600000000001,1700.0638683358138,0,46.434570310000026
2022-01-19_Sevilla_Valencia,2022-01-19,21:30,La Liga,Matchweek 21,Wed,2022,1.0,1.0,Valencia,Sevilla,Draw,1707.48339844,1,21.0,1.736,1.44,1.2111200000000002,1.4611399999999999,39.2838,12.3682,3.4264,26.865199999999998,0.9888,0.082632,4.2512,1.5418399999999999,0.10184000000000003,11.7732,18.869,0.72922,0.91684,9.386199999999999,3.7554,30.519,7.6882,16.5384,0.9734,22.6442,6.784599999999999,2.9558,13.402000000000001,4.324199999999999,22.331,20.479,15.3446,1650.696575586294,1844.96923828,1.178,0.5558000000000001,0.83296,0.88762,61.484199999999994,10.651399999999999,2.778,25.67504,0.83296,0.07746800000000001,2.538,0.86758,0.31178,9.715,36.0976,0.5281,0.8165200000000001,8.0732,3.2123999999999997,46.7104,8.9058,11.617,0.4884,18.4252,3.6828000000000003,2.0,15.311599999999999,1.3579999999999999,18.8476,18.2592,14.8508,1711.325582764568,1,-137.48583983999993
2022-01-20_Getafe_Granada,2022-01-20,19:00,La Liga,Matchweek 21,Thu,2022,4.0,2.0,Getafe,Granada,Home Win,1642.96081543,1,19.0,1.4964,0.1602,1.04068,0.56904,41.6794,13.7326,4.926399999999999,39.41944,1.04068,0.083294,3.0662000000000003,0.70034,0.5401400000000001,18.9244,24.2286,0.68544,0.64588,10.0598,2.9704000000000006,26.827199999999998,5.1882,12.71,0.6664,16.6966,3.8518,2.7486,15.885,2.9866,23.8076,16.4268,12.5414,1731.848321046626,1677.64453125,1.096,0.9714,1.2222,1.1255,52.536199999999994,12.6676,4.7646,39.46564,1.2222,0.11011800000000001,3.4876,0.9172000000000001,0.14360000000000003,19.291,29.421799999999998,0.99752,0.7666,10.3406,2.3404000000000003,36.1586,6.7954,16.9126,0.46399999999999997,16.8374,2.8808000000000002,1.5136,14.8784,2.1822,22.014799999999997,16.7682,17.3856,1622.990351194514,0,-34.68371582000009
2022-01-21_Betis_Espanyol,2022-01-21,21:00,La Liga,Matchweek 22,Fri,2022,1.0,4.0,Espanyol,Betis,Away Win,1653.96289062,1,21.0,1.8374,1.308,1.39518,2.1025400000000003,47.9936,12.8696,3.7866,26.49006,1.07166,0.0753,4.2298,1.7066599999999998,0.39866,15.3158,28.141,0.8527,0.87532,9.5918,1.1341999999999999,36.413199999999996,6.582800000000001,12.753,1.1084,19.7226,6.6209999999999996,3.2948,17.701,2.3936,25.3902,19.013199999999998,19.2834,1662.3559200914578,1735.03649902,1.4156,1.3842,1.31602,1.28744,45.6902,10.002600000000001,4.0692,38.190020000000004,1.17362,0.113756,5.775400000000001,1.55488,0.33087999999999995,18.997600000000002,25.4364,0.78428,0.82874,8.1408,1.7512,34.30200000000001,7.6114,15.880799999999999,1.3954,11.382,2.6713999999999998,2.2554,16.323800000000002,0.1602,18.4862,17.172,14.683200000000003,1679.6828362085498,2,-81.07360840000001
2022-01-22_Cadiz_Levante,2022-01-22,14:00,La Liga,Matchweek 22,Sat,2022,0.0,2.0,Levante,Cadiz,Away Win,1592.94921875,1,14.0,1.1478,1.3598,1.25062,1.0631599999999999,49.8142,13.7526,5.142,36.532920000000004,1.07234,0.07731600000000001,5.227,1.6042399999999999,0.24444,12.6138,27.6588,0.69318,0.65038,10.5182,2.8108,36.9748,7.5796,12.1578,1.0422,21.69,5.473000000000001,1.8559999999999999,16.138399999999997,2.7412,23.8564,22.0378,18.7044,1670.701462036628,1566.33984375,0.358,1.7938,0.58036,1.74526,36.714,8.1752,2.23,22.709600000000002,0.40234000000000003,0.049358,5.8574,1.6773200000000001,-0.11648000000000003,19.1226,14.586599999999999,0.27912,0.23294,4.7581999999999995,2.062,19.4872,2.954,13.891800000000002,0.1602,20.4332,4.1486,0.3956,8.5188,1.3716000000000002,12.9358,10.5276,14.1272,1709.609847949116,2,26.609375
2022-01-22_Celta Vigo_Sevilla,2022-01-22,18:30,La Liga,Matchweek 22,Sat,2022,2.0,2.0,Sevilla,Celta Vigo,Draw,1842.83789062,1,18.0,1.3579999999999999,0.738,0.69534,1.09668,55.177800000000005,8.715,2.3548,26.10724,0.69534,0.074606,3.4570000000000003,0.6993199999999999,-0.038679999999999985,13.8228,25.1982,0.63048,0.91204,7.4906,2.412,29.335400000000003,5.0962,15.591800000000001,0.46399999999999997,19.4134,4.5824,2.7159999999999997,9.7978,2.1424,15.254000000000001,15.633199999999999,11.8732,1692.1752975851161,1711.06787109,0.7956,0.4222,1.17668,1.13742,52.24,7.9128,3.221,38.29392,0.8406399999999999,0.12093799999999999,4.159999999999999,0.59738,0.17518,15.963799999999999,22.0198,0.38418,0.63504,4.489599999999999,1.5538,28.4926,5.6358,13.0372,1.4682,17.8442,4.0828,1.4132,8.9756,0.8564,13.391,15.518,12.324,1683.580899144656,1,131.77001953000013
2022-01-22_Mallorca_Villarreal,2022-01-22,16:15,La Liga,Matchweek 22,Sat,2022,3.0,0.0,Villarreal,Mallorca,Home Win,1790.15649414,1,16.0,3.0925999999999996,1.3646,2.5162999999999998,1.1967400000000001,56.466,15.793000000000001,5.0374,29.60042,2.17854,0.13447,4.3052,0.9266399999999999,-0.43796,13.1834,31.592600000000004,1.97146,2.00304,12.5708,2.3194,47.78640000000001,11.2626,15.4754,3.1758000000000006,14.5,5.745800000000001,5.8272,22.2156,2.169,28.9826,30.879799999999996,16.384,1644.7645389402383,1605.73266602,0.9536,2.2596,0.87832,1.7069,51.6114,10.875399999999999,5.0928,47.269600000000004,0.68296,0.069066,5.6696,2.0799000000000003,-0.17969999999999997,17.119,27.785800000000002,0.59732,0.64662,8.305,1.5455999999999999,33.3208,4.4994,15.440000000000001,0.9581999999999999,14.5324,4.162599999999999,1.5492,12.9526,1.6784,19.028,13.944999999999999,15.5312,1612.0744940913219,0,184.42382812000005
2022-01-23_Elche_Real Madrid,2022-01-23,16:15,La Liga,Matchweek 22,Sun,2022,2.0,2.0,Real Madrid,Elche,Draw,1946.26525879,1,16.0,1.8708,0.4044,1.9837399999999998,1.03922,65.9774,19.938599999999997,6.1678,33.6615,1.7883799999999999,0.095862,4.0532,1.10888,0.70448,15.5338,50.7204,1.2346000000000001,1.36928,15.687999999999999,0.6838,63.8214,13.0318,14.027,1.9342,15.3612,5.429399999999999,3.1592000000000002,27.9686,2.3188000000000004,37.5836,32.659,24.724800000000002,1673.866207105938,1608.08581543,1.6242,1.7975999999999999,1.08532,1.9162600000000003,45.2054,6.3153999999999995,2.9713999999999996,51.067859999999996,1.08532,0.208652,5.0848,1.6580000000000001,-0.1396,19.5076,19.6166,1.0671,0.5389999999999999,5.6912,2.0642,20.6998,4.7758,16.25,0.642,11.1096,1.3904,2.844,8.5456,0.7736,11.2508,10.132000000000001,11.3824,1704.7457556875781,1,338.17944336000005
2022-01-23_Getafe_Real Sociedad,2022-01-23,18:30,La Liga,Matchweek 22,Sun,2022,0.0,0.0,Real Sociedad,Getafe,Draw,1742.33129883,1,18.0,0.6242,1.2152,0.9810400000000001,1.3363800000000001,48.5788,9.588000000000001,2.2882000000000002,25.62832,0.8528800000000001,0.086204,4.4559999999999995,1.17294,-0.04225999999999999,14.8136,24.502000000000002,0.68194,1.0170599999999999,8.062,2.3468,35.624399999999994,7.569,15.5434,1.0818,19.975,4.2296000000000005,1.0042,10.5738,2.5306,17.550600000000003,22.0646,15.792399999999999,1771.36359614293,1653.51635742,0.38,0.8022,0.50214,0.9735199999999999,35.325,7.4216,1.9247999999999998,34.0157,0.50214,0.061266,2.0522,0.58294,-0.21926,17.9632,17.0898,0.46038,0.47609999999999997,5.6724,2.2332,20.241,3.095,13.9448,0.0,11.639199999999999,1.4202,0.5402,9.7308,2.1794000000000002,13.627999999999998,10.537400000000002,6.284000000000001,1706.3109792725902,1,88.81494140999985
2022-01-23_Alaves_Barcelona,2022-01-23,21:00,La Liga,Matchweek 22,Sun,2022,0.0,1.0,Alaves,Barcelona,Away Win,1594.02209473,1,21.0,0.916,0.9338,1.03472,0.93274,48.1362,12.4228,2.5316,19.51144,0.7687200000000001,0.062322,3.7746,0.73018,-0.20362000000000002,9.9852,28.0176,0.61182,0.5358,8.655,2.5016,34.868,5.2494,14.3942,0.0,25.5166,3.397,1.654,12.9796,3.0816000000000003,21.142799999999998,19.0858,14.0892,1678.4894461911401,1833.94580078,1.4984,0.9581999999999999,1.46114,0.68458,60.0364,14.1236,3.4452,23.81994,1.33298,0.104482,2.6884,0.6829999999999999,-0.2752,13.1334,31.2914,1.08358,1.21784,11.6518,2.8242000000000003,39.842,7.3688,17.8504,1.2662,16.0746,4.4588,2.6763999999999997,18.958,1.8198,25.1002,21.042199999999998,22.413999999999998,1708.490095236968,2,-239.92370604999996
2022-01-23_Granada_Osasuna,2022-01-23,14:00,La Liga,Matchweek 22,Sun,2022,0.0,2.0,Granada,Osasuna,Away Win,1667.08911133,1,14.0,1.9911999999999999,1.4806,1.01762,1.5887399999999998,39.8184,11.0688,3.8794,37.88184,1.01762,0.09795799999999999,3.6904000000000003,1.0431400000000002,-0.25946,12.2332,16.2434,0.59368,0.6764399999999999,7.052,2.8832,22.8842,6.2236,17.058,0.8022,18.0052,3.7790000000000004,3.0064,13.0296,1.6444,17.916,16.406200000000002,11.9968,1717.140542186362,1649.48840332,0.0,1.2066,0.49844,1.13212,45.5074,9.9954,1.8718000000000001,18.53392,0.49844,0.050088,2.9822,1.01372,-0.19288,19.0122,26.038800000000002,0.33846000000000004,0.45216,5.5624,2.0244,32.067800000000005,6.0496,14.804800000000002,0.3204,22.7476,3.7889999999999997,0.0,9.896600000000001,1.9524,15.161200000000001,14.5042,10.470400000000001,1666.823723292016,2,17.600708009999835
2022-01-23_Athletic Club_Rayo Vallecano,2022-01-23,18:30,La Liga,Matchweek 22,Sun,2022,0.0,1.0,Rayo Vallecano,Athletic Club,Away Win,1656.14025879,1,18.0,1.4156,0.4222,1.2911199999999998,0.70082,55.208000000000006,14.1862,4.321400000000001,27.935940000000002,1.14872,0.07811399999999999,4.2244,1.03566,0.61346,10.6418,30.407799999999998,1.04674,1.3215,10.2958,1.8638,42.1898,9.1798,14.516,0.642,25.317800000000002,5.4598,2.0134,18.3724,2.712,25.446800000000003,22.389599999999998,22.6534,1666.216524634146,1712.87695312,0.6594,0.3978,1.10928,0.95778,49.428200000000004,12.2842,2.8572,24.49038,1.10928,0.084944,3.6788000000000003,0.71536,0.31756,18.272199999999998,27.066399999999998,0.95944,1.0574,9.482000000000001,1.4574,42.7244,7.8288,14.114,2.1104,19.1842,4.462,1.3188,16.126799999999996,1.7318,22.055999999999997,19.19,16.8186,1676.5737096901241,2,-56.73669433000009
2022-02-04_Getafe_Levante,2022-02-04,21:00,La Liga,Matchweek 23,Fri,2022,3.0,0.0,Getafe,Levante,Home Win,1657.62109375,1,21.0,2.0352,0.4884,1.04102,0.59656,43.3762,13.559,4.401199999999999,35.203739999999996,1.04102,0.08340800000000001,3.3038,0.73916,0.2507600000000001,16.3574,26.259,0.6913,0.6557,9.8094,2.1966,27.777,5.5136,12.106399999999999,0.844,16.8266,3.5782,3.6064,15.996199999999998,2.6436,23.381999999999998,17.8932,11.7104,1728.258223023454,1578.27209473,1.5158,3.8506,1.2412199999999998,2.3734200000000003,42.491,10.4274,4.5946,42.9851,1.2412199999999998,0.11121,7.346399999999999,2.45714,-1.39346,14.4218,21.1858,0.86656,0.6446,5.9314,0.7004,33.702,5.0588,14.9246,1.1714,13.745999999999999,4.2576,2.2758000000000003,11.568999999999999,0.9358,15.9412,15.266,11.157,1726.960357056206,0,79.34899902000006
2022-02-05_Celta Vigo_Rayo Vallecano,2022-02-05,18:30,La Liga,Matchweek 23,Sat,2022,2.0,0.0,Celta Vigo,Rayo Vallecano,Home Win,1716.18444824,1,18.0,2.0042,1.274,1.15312,1.10974,54.438199999999995,11.054000000000002,3.9954000000000005,40.824000000000005,1.15312,0.123468,3.6776,1.18236,-0.09164000000000001,12.224800000000002,29.425800000000002,0.87186,0.84058,8.1136,2.7458,38.915,8.1814,14.448400000000001,1.7406,20.8726,2.8608000000000002,3.3122,15.1002,1.5546000000000002,19.697,20.937,14.764,1719.6116499025738,1647.70837402,0.6962,1.9624,1.00088,1.85722,51.0716,13.3956,3.8564,24.24702,1.00088,0.06526,4.9802,1.3778400000000002,-0.58456,10.6598,30.064,0.73192,0.81958,10.379,3.0498000000000003,34.702600000000004,6.862800000000001,15.6844,1.3314000000000001,23.3054,5.1182,1.0344,17.5046,1.7715999999999998,23.761400000000002,14.942400000000001,18.0586,1736.159909962752,0,68.47607421999987
2022-02-05_Alaves_Elche,2022-02-05,14:00,La Liga,Matchweek 23,Sat,2022,3.0,1.0,Elche,Alaves,Home Win,1616.27624512,1,14.0,0.9978,1.0522,1.10594,1.23898,51.139199999999995,11.1366,2.6763999999999997,27.88982,0.9477,0.09414399999999999,4.7756,1.47572,0.42352,10.803,25.4186,0.86992,0.619,8.8008,2.371,31.158,5.032,15.796800000000001,1.0110000000000001,21.7134,5.2258,1.5912,12.969,2.6694,19.9728,15.7514,15.389800000000001,1735.2953178707921,1590.11767578,0.938,3.1478,0.8386800000000001,2.13382,40.751000000000005,7.8772,2.3956,36.73162,0.7105199999999999,0.094152,5.7252,2.3371,-0.8107,16.969,22.7182,0.4966399999999999,0.6584599999999999,4.8262,1.6594,25.7206,5.9276,16.578,1.2244,14.976600000000001,3.3716,0.9202,8.701,1.0244,12.5366,12.9474,9.0274,1728.22256735741,0,26.158569340000213
2022-02-05_Cadiz_Mallorca,2022-02-05,16:15,La Liga,Matchweek 23,Sat,2022,2.0,1.0,Mallorca,Cadiz,Home Win,1600.9744873,1,16.0,0.5162,0.7604,1.10002,0.9660600000000001,44.266999999999996,12.973999999999998,2.8788,21.8331,0.95762,0.07442,2.6682,0.9819,0.22150000000000003,12.2452,19.4304,0.65884,0.94002,7.880999999999999,2.2996000000000003,25.743199999999998,6.3576,16.5994,1.1382,19.3526,4.0858,1.0324,12.005,3.7458,22.4066,18.3694,15.507000000000001,1714.4206864253501,1581.01696777,0.6664,1.6144,0.62114,1.7428,37.0196,8.1576,1.9185999999999999,19.33426,0.46094,0.057748,6.6484,1.6760599999999999,0.06165999999999991,21.4084,13.6068,0.36888,0.32732,4.7824,2.2,18.9382,2.8585999999999996,14.979400000000002,0.2442,18.236400000000003,4.078,1.3328,8.2668,1.4786000000000001,12.642,10.1306,13.526,1677.5642868157279,0,19.9575195299999
2022-02-05_Osasuna_Sevilla,2022-02-05,21:00,La Liga,Matchweek 23,Sat,2022,0.0,0.0,Osasuna,Sevilla,Draw,1663.83496094,1,21.0,1.2818,1.5534,1.17888,1.02408,50.5994,12.3516,3.548,30.099079999999997,1.0542799999999999,0.079802,2.9314,1.4458200000000003,-0.10758000000000001,11.4378,39.8856,0.7010000000000001,1.04762,7.7924,3.4383999999999997,41.794399999999996,9.327200000000001,13.3184,0.1978,27.1668,4.978,2.1216,13.514199999999999,1.7802,20.5398,18.1008,13.761800000000001,1683.7096517100522,1837.72131348,1.1602000000000001,0.6002,0.8541,0.70464,61.748400000000004,11.0748,2.8002,24.88632,0.8541,0.077722,2.1958,0.6966,0.09640000000000003,11.7412,37.819199999999995,0.52088,0.7227999999999999,8.065999999999999,2.6586,45.7964,8.4714,13.6204,0.6838,16.6294,4.003,1.5116,13.8156,1.9106,18.619,18.7106,16.5194,1721.616226441216,1,-173.88635253999996
2022-02-06_Betis_Villarreal,2022-02-06,18:30,La Liga,Matchweek 23,Sun,2022,0.0,2.0,Betis,Villarreal,Away Win,1754.95166016,1,18.0,2.302,0.938,1.72114,1.1484999999999999,51.2784,16.4374,5.3328,31.82378,1.72114,0.10123000000000001,3.2528,0.83188,0.054079999999999996,11.7034,27.7376,1.21504,1.10232,11.921,1.6796,35.2126,9.007000000000001,15.049199999999999,0.8642000000000001,13.9058,4.614599999999999,4.115600000000001,21.2738,2.8332,28.561799999999998,27.8242,14.4656,1687.1121254643522,1794.91467285,0.8373999999999999,1.1602000000000001,1.7467599999999999,0.6799999999999999,56.2742,13.625800000000002,4.1392,30.96486,1.7467599999999999,0.121446,2.8154,0.79292,-0.36728000000000005,13.109000000000002,32.6918,1.6173199999999999,1.2223000000000002,11.652,1.8792,40.5612,8.9706,15.1212,1.7008,19.3874,6.4862,1.6747999999999998,15.379,3.4508,23.0852,25.836000000000002,16.6212,1707.4507654809422,2,-39.963012689999914
2022-02-06_Granada_Real Madrid,2022-02-06,21:00,La Liga,Matchweek 23,Sun,2022,1.0,0.0,Real Madrid,Granada,Home Win,1938.07470703,1,21.0,1.8838,0.7081999999999999,2.44266,0.9809,67.6096,21.054,6.6836,34.30294000000001,1.90052,0.09672,3.4154,1.1136000000000001,0.4054000000000001,12.2618,51.0922,1.4930199999999998,1.64422,17.461000000000002,1.3479999999999999,68.4436,14.638000000000002,14.012799999999999,1.9848000000000001,19.220399999999998,7.3282,3.1434,31.3672,2.6752000000000002,41.3532,39.1306,31.278,1635.240710572216,1652.74243164,1.0422,1.851,1.12672,1.0741200000000002,51.994200000000006,11.379800000000001,4.3998,42.25352,1.12672,0.114432,3.683,1.1496600000000001,-0.52334,17.6966,25.3726,0.9866199999999999,0.76436,9.085600000000001,2.1622,34.8984,6.5276,16.6772,0.6617999999999999,16.8536,3.8254,1.418,13.713600000000003,1.5314,19.5154,15.726400000000002,15.726,1626.3492467031658,0,285.33227538999995
2022-02-06_Real Sociedad_Valencia,2022-02-06,14:00,La Liga,Matchweek 23,Sun,2022,0.0,0.0,Valencia,Real Sociedad,Draw,1706.06921387,1,14.0,1.5182,1.5402,1.05346,1.4194600000000002,39.6644,12.419599999999999,3.4278,27.25918,0.91106,0.07504200000000001,4.4144,1.4076199999999999,0.11162,11.407399999999999,20.8682,0.69186,0.91838,10.0684,3.624,35.2718,9.3612,15.852,0.7318,22.9566,6.0736,2.7159999999999997,14.615199999999998,2.9824,22.286,20.5516,15.7308,1675.9175460932697,1738.2265625,0.9206,1.3212,1.2932000000000001,1.14142,54.961,10.9032,3.8638,35.28062,1.1508,0.110266,4.0328,0.9427399999999999,-0.37846,14.4162,32.5088,0.60874,0.7652,7.1226,0.9954000000000001,41.0702,7.5249999999999995,16.2838,2.2276,15.681999999999999,5.3686,1.5208,13.3936,1.5224,19.397399999999998,23.211199999999998,19.821199999999997,1672.409374365754,1,-32.15734862999989
2022-02-07_Athletic Club_Espanyol,2022-02-07,21:00,La Liga,Matchweek 23,Mon,2022,2.0,1.0,Athletic Club,Espanyol,Home Win,1721.30883789,1,21.0,1.2596,1.642,1.0827600000000002,1.04566,52.990399999999994,13.6416,3.5555999999999996,29.414979999999996,1.0827600000000002,0.088248,4.840400000000001,1.4935800000000001,-0.14842,9.1116,39.641,0.78562,0.9366,9.1892,1.9028,57.2122,9.5152,11.8284,1.3568,24.037,6.813600000000001,1.9851999999999999,17.3546,2.4476,23.177,26.805200000000003,22.9224,1771.239391942674,1640.41027832,1.1258,1.6398,1.20086,0.90648,50.547200000000004,11.385200000000001,3.8165999999999998,34.81906000000001,1.0470000000000002,0.08803,3.1468,1.1012,-0.3606,17.4908,33.7206,0.9573800000000001,0.84128,8.948799999999999,2.2042,38.859399999999994,6.6049999999999995,17.7538,1.0662,15.6846,3.3556000000000004,2.0538,16.397399999999998,1.4044,21.2944,13.8654,17.22,1681.492876561132,0,80.89855956999986
2022-02-11_Elche_Sevilla,2022-02-11,21:00,La Liga,Matchweek 24,Fri,2022,2.0,0.0,Sevilla,Elche,Home Win,1834.65490723,1,21.0,1.4222,0.8642000000000001,0.6349,0.9993000000000001,55.7282,9.4438,2.231,24.1939,0.6349,0.068378,3.6553999999999998,0.58844,-0.27575999999999995,12.7518,27.1558,0.42,0.71782,6.5324,1.5057999999999998,34.6978,4.2774,15.3444,0.41759999999999997,19.907600000000002,5.1126000000000005,2.8444,10.8184,1.8397999999999999,16.585,13.619,13.6514,1707.325465307878,1624.50842285,1.6618,1.8177999999999999,1.00794,2.22324,42.3104,5.406999999999999,2.8742,58.12480000000001,1.00794,0.22320800000000002,5.6646,2.06848,0.25068,20.766399999999997,18.1458,1.00596,0.53952,4.9894,1.9578,19.0322,4.2098,14.8598,0.822,9.689400000000001,1.5514000000000001,3.1037999999999997,6.981599999999999,0.6962,9.6162,9.2862,11.2,1774.518669554904,0,210.14648437999995
2022-02-12_Osasuna_Rayo Vallecano,2022-02-12,18:30,La Liga,Matchweek 24,Sat,2022,0.0,3.0,Rayo Vallecano,Osasuna,Away Win,1640.91271973,1,18.0,1.274,0.6242,1.56388,0.64192,58.406000000000006,18.2632,3.9010000000000002,21.097740000000005,1.43572,0.080186,3.9578,0.9821,0.3579,10.645199999999999,33.5304,1.2362600000000001,1.48354,13.140799999999999,2.8542,48.6296,11.2038,16.029600000000002,0.822,29.8702,6.5348,1.812,23.451800000000002,3.3734,32.2282,27.3556,25.062800000000003,1674.028318334692,1666.90136719,0.4884,0.7976,0.8749,0.90148,46.610200000000006,11.461,2.9614000000000003,23.050359999999998,0.8749,0.06817400000000001,2.5955999999999997,0.827,0.029399999999999996,19.6758,27.077199999999998,0.73534,0.67674,7.1714,2.022,33.7474,7.2098,13.4708,0.2442,22.773200000000003,3.4218,0.9768,13.125599999999999,2.3456,18.8522,16.7076,11.5442,1641.7406046643541,2,-25.98864746000004
2022-02-12_Real Madrid_Villarreal,2022-02-12,16:15,La Liga,Matchweek 24,Sat,2022,0.0,0.0,Villarreal,Real Madrid,Draw,1807.11242676,1,16.0,3.3716,0.7956,2.5699599999999996,0.90872,57.284400000000005,14.8808,5.465999999999999,35.68838,2.0705999999999998,0.133904,3.4979999999999998,0.6012,-0.19440000000000002,13.3976,31.734,1.86422,2.02918,11.6808,2.3316,44.1892,10.203600000000002,14.751000000000001,3.4464,16.648,7.0364,6.0767999999999995,21.8376,1.8638,27.995399999999997,29.5704,16.0568,1608.277945533708,1939.63537598,1.8676,0.8022,1.5284200000000001,0.87886,61.5622,15.089200000000002,6.5008,44.30924,1.5284200000000001,0.09898199999999999,2.347,0.47597999999999996,-0.32622,15.115800000000002,43.1874,1.38446,1.3724800000000001,13.1686,0.7426,54.7462,10.5716,14.868000000000002,3.1106,12.328,4.8956,3.0978,21.9168,1.7582,28.2446,29.4458,25.285800000000002,1670.414712254008,1,-132.52294921999987
2022-02-12_Cadiz_Celta Vigo,2022-02-12,14:00,La Liga,Matchweek 24,Sat,2022,0.0,0.0,Cadiz,Celta Vigo,Draw,1575.06982422,1,14.0,1.0244,1.7782,0.85254,1.6313399999999998,37.9942,10.2962,2.348,23.13764,0.7404,0.070858,5.4048,1.6212,-0.157,14.192,20.542,0.49585999999999997,0.41084,6.922600000000001,2.8618,24.8692,5.6983999999999995,12.198799999999999,0.3978,21.060000000000002,4.4278,1.8046000000000002,10.3514,1.9758,16.735,14.8706,13.188600000000001,1680.96444396948,1722.98010254,1.2044,0.8684000000000001,1.14338,1.20578,48.785799999999995,7.1446000000000005,3.2988,44.98342000000001,0.84096,0.129492,3.9997999999999996,0.6565,-0.21190000000000003,17.8328,20.397199999999998,0.36134,0.54828,4.5406,1.2542,27.010600000000004,5.128,12.544999999999998,1.033,14.0204,2.6652,1.7602,8.0012,0.5824,11.654,14.766,13.645,1727.3725881815158,1,-147.91027831999986
2022-02-13_Betis_Levante,2022-02-13,16:15,La Liga,Matchweek 24,Sun,2022,2.0,4.0,Levante,Betis,Away Win,1570.11987305,1,16.0,1.033,1.2796,1.2111200000000002,0.98358,54.028000000000006,14.31,6.1488,42.2903,1.05068,0.0737,4.3276,1.4929000000000001,0.21330000000000005,10.9432,33.221399999999996,0.80038,0.78186,11.143199999999998,3.0298,43.194,7.2892,12.8304,1.1822,24.563000000000002,6.4466,1.6703999999999999,16.901600000000002,3.0554,25.5128,21.8016,22.3854,1647.5175709238379,1742.75390625,2.2508,1.0574000000000001,1.6983799999999998,1.16894,48.7632,11.2674,5.227399999999999,44.77838,1.37486,0.123032,4.877,1.16336,0.10595999999999997,18.598,28.522799999999997,1.03888,0.9668,9.491800000000001,1.2876,38.5668,8.527,16.4254,2.0884,12.8972,3.6252000000000004,3.2508,17.9448,0.4884,20.9236,21.0944,15.2148,1685.636700343092,2,-172.63403319999998
2022-02-13_Barcelona_Espanyol,2022-02-13,21:00,La Liga,Matchweek 24,Sun,2022,2.0,2.0,Espanyol,Barcelona,Draw,1635.79467773,1,21.0,1.7536,2.0098,1.41008,2.0025,45.8408,12.6384,4.0962000000000005,29.7513,1.2342399999999998,0.091304,4.8952,2.00576,-0.004039999999999988,14.0748,27.038800000000002,1.0516,1.2185,9.4884,1.5091999999999999,34.1744,7.4014,12.921999999999999,1.486,19.7626,6.2708,3.3094,17.3984,2.2542,24.230199999999996,21.775000000000002,21.397,1670.157963157652,1847.15197754,1.1602000000000001,0.7182,1.2199,0.60404,65.1376,13.5668,3.3564,24.644840000000002,1.2199,0.096058,2.6196,0.60146,-0.11674000000000007,11.999200000000002,38.4206,1.12962,1.37138,11.674800000000001,2.3534000000000006,49.0462,7.8202,17.6768,0.9954000000000001,19.474,5.878,2.3204000000000002,18.061799999999998,3.0587999999999997,24.489800000000002,20.9936,22.505000000000003,1670.99661547797,1,-211.35729980999986
2022-02-13_Granada_Real Sociedad,2022-02-13,18:30,La Liga,Matchweek 24,Sun,2022,2.0,0.0,Real Sociedad,Granada,Home Win,1739.1875,1,18.0,0.41759999999999997,0.9494,0.9197,1.1317400000000002,53.0282,9.817599999999999,2.5036,27.0733,0.9197,0.09379399999999999,3.7776,0.97022,0.02081999999999995,12.5346,25.872799999999998,0.66816,0.98534,7.2232,2.1238,38.0154,7.568,14.8566,0.9736,21.2426,5.2276,0.6154,10.5164,2.6218,16.9072,23.5558,17.2106,1748.401451342542,1651.18188477,0.938,1.6218,0.87218,1.24882,46.878,9.355599999999999,3.9714,44.49566,0.87218,0.102338,5.1358,1.36126,-0.1003400000000001,18.836000000000002,21.4744,0.6639999999999999,0.49164,7.235,1.8576,29.759,6.0864,15.288400000000001,0.5956,13.7288,3.4988,1.2762,11.756,1.0898,16.224,12.4908,13.3786,1699.2530565177678,0,88.0056152300001
2022-02-13_Alaves_Valencia,2022-02-13,14:00,La Liga,Matchweek 24,Sun,2022,2.0,1.0,Alaves,Valencia,Home Win,1581.88537598,1,14.0,0.536,0.9404,0.86146,1.0904,40.7756,11.3478,2.4784,22.490859999999998,0.723,0.06897400000000001,3.3646,0.8504400000000001,-0.08995999999999997,14.270800000000001,23.876,0.59622,0.5422199999999999,8.2452,2.3514,30.840999999999998,5.0244,12.9454,0.2442,21.958,3.1574,0.9117999999999999,12.5372,2.7292000000000005,19.507199999999997,17.412200000000002,12.570800000000002,1726.30864155264,1705.1081543,1.8554,2.3832,1.2155999999999998,2.2100400000000002,37.6786,9.602,4.8065999999999995,49.477779999999996,0.8595400000000001,0.093912,6.2142,2.5345199999999997,0.15132,16.353,19.6984,0.73432,0.4928,7.4156,1.9004,27.2242,5.811,16.8558,1.0110000000000001,15.349,4.8792,3.3129999999999997,11.7846,1.6154,16.695,13.4286,12.501399999999999,1718.4024289073323,0,-123.22277832000009
2022-02-14_Athletic Club_Mallorca,2022-02-14,21:00,La Liga,Matchweek 24,Mon,2022,3.0,2.0,Mallorca,Athletic Club,Home Win,1606.92175293,1,21.0,0.8088,0.7844,1.3354,0.94946,46.8468,13.753400000000001,2.7468,19.285600000000002,0.84094,0.059002,3.1898,1.0449,0.2605,13.1092,21.285000000000004,0.66296,0.81068,9.258000000000001,3.2906000000000004,28.0988,7.0544,16.1954,1.2244,20.138199999999998,4.5656,1.6176,13.081200000000003,4.0596,25.1404,20.4538,16.6332,1662.949465452874,1725.92456055,0.8376,0.358,1.02392,1.27828,45.19,12.244,3.0156,26.0488,1.02392,0.077124,3.7550000000000003,0.71264,0.35464,21.952199999999998,28.269000000000002,0.93232,0.92838,9.422,1.5558,40.2542,7.5458,12.6934,1.8552,19.7984,5.2926,1.6752,16.679000000000002,1.6586,22.415200000000002,18.1826,16.6808,1682.1147980213782,0,-119.00280762000011
2022-02-18_Elche_Rayo Vallecano,2022-02-18,21:00,La Liga,Matchweek 25,Fri,2022,2.0,1.0,Elche,Rayo Vallecano,Home Win,1619.83190918,1,21.0,1.4864000000000002,0.9028,1.05646,1.17622,54.088,11.567,2.8088,27.64422,0.91406,0.09028399999999999,4.0654,1.24952,0.34672,12.431999999999999,24.6116,0.80964,0.7391800000000001,9.1648,3.0664000000000002,28.4794,5.661199999999999,15.373,1.6423999999999999,22.918799999999997,5.691599999999999,2.753,14.492999999999999,2.314,21.152,17.2852,16.6158,1671.8515086669559,1623.625,0.3382,1.822,0.95192,1.64054,49.89920000000001,12.7232,3.0380000000000003,18.735400000000002,0.95192,0.065732,4.493799999999999,1.16584,-0.6561600000000001,12.6916,30.49,0.67986,0.77876,9.896600000000001,2.9006000000000003,36.5972,7.6530000000000005,16.1484,1.154,21.6092,4.517800000000001,0.4984,15.700199999999999,2.327,22.2196,16.457,19.317800000000002,1729.041867163644,0,-3.7930908200000886
2022-02-19_Granada_Villarreal,2022-02-19,14:00,La Liga,Matchweek 25,Sat,2022,1.0,4.0,Granada,Villarreal,Away Win,1643.70849609,1,14.0,1.6478,1.2442,0.9858399999999999,1.43802,44.6528,9.841,3.5472,38.28784,0.9858399999999999,0.10881199999999999,3.733,1.01908,-0.06491999999999999,14.3958,17.2958,0.6475599999999999,0.6199399999999999,6.991,2.3064,24.893800000000002,5.2244,18.55,0.822,18.649,3.2244,2.4172000000000002,11.1732,1.3357999999999999,15.4826,14.756200000000002,11.3088,1670.3237081291882,1807.78198242,1.242,0.7558,1.6764400000000002,0.5999,49.7442,12.874600000000001,4.3136,34.6879,1.6764400000000002,0.12462400000000001,2.978,0.7115199999999999,-0.044279999999999986,12.5096,25.919600000000003,1.57436,1.32214,10.9982,2.5238,33.5462,8.529,15.565199999999999,1.3424,17.550800000000002,6.437600000000001,2.484,15.184800000000001,3.0174,22.4762,24.330799999999996,15.3494,1720.8291731958282,2,-164.07348633000015
2022-02-19_Cadiz_Getafe,2022-02-19,18:30,La Liga,Matchweek 25,Sat,2022,1.0,1.0,Cadiz,Getafe,Draw,1576.16259766,1,18.0,0.7778,1.4562,0.69312,1.5826399999999998,38.839600000000004,9.4898,2.4574000000000003,25.732020000000002,0.69312,0.074216,4.3876,1.48702,0.030819999999999986,13.960800000000003,20.6882,0.5107,0.54628,5.9094,2.099,24.994400000000002,4.1752,13.5558,0.358,20.4658,3.8524,1.3357999999999999,9.1512,1.9781999999999997,15.208,13.2418,14.190999999999999,1697.4693249262239,1661.48425293,0.9106000000000001,1.3526,0.9047000000000001,1.11348,39.2688,8.443200000000001,1.6796,24.114160000000002,0.5384,0.05845800000000001,3.065,1.5809,0.22829999999999998,17.6826,18.203999999999997,0.43376000000000003,0.43506,5.9525999999999994,1.779,23.5828,3.505,14.736999999999998,0.0,12.977,1.9899999999999998,0.9106000000000001,9.982,1.9298,15.323800000000002,12.358000000000002,6.9588,1681.3895864254482,1,-85.32165526999984
2022-02-19_Alaves_Real Madrid,2022-02-19,21:00,La Liga,Matchweek 25,Sat,2022,3.0,0.0,Real Madrid,Alaves,Home Win,1932.65551758,1,21.0,1.7954,0.6374,2.4516400000000003,0.68328,68.025,22.3576,7.692,36.11632,1.9637000000000002,0.09172199999999998,3.5180000000000002,0.9789800000000001,0.34158,10.8378,52.3596,1.3672000000000002,1.6141999999999999,17.9914,1.2132,70.67320000000001,14.4624,13.1788,2.5188,20.2194,7.7838,2.9290000000000003,29.809199999999997,2.5076,41.6382,39.971000000000004,29.6736,1629.9793389652998,1590.15490723,0.8,3.2772,0.81598,1.88064,42.0736,7.545400000000001,2.356,37.06488,0.81598,0.11415399999999999,5.2642,2.17566,-1.10154,16.0304,23.155599999999996,0.5990800000000001,0.7347,4.9878,2.0818,26.125600000000002,5.7348,16.7644,0.9578,17.3092,3.4785999999999997,0.884,8.7752,0.7778,11.9948,12.308399999999999,8.8248,1685.394816528568,0,342.50061035
2022-02-20_Espanyol_Sevilla,2022-02-20,14:00,La Liga,Matchweek 25,Sun,2022,1.0,1.0,Espanyol,Sevilla,Draw,1638.57714844,1,14.0,1.7782,2.2972,1.3069600000000001,1.88016,43.8468,11.3652,3.7981999999999996,31.45414,1.14872,0.096058,4.6616,1.9207800000000002,-0.37642,16.2328,25.613400000000002,0.95994,1.09898,8.286200000000001,0.6374,30.104999999999997,6.252000000000001,14.239,1.4374,17.6768,5.6552,3.3784,15.0842,1.6962,20.9558,19.4996,16.641000000000002,1714.5442902575978,1836.89489746,0.7558,0.5402,0.84104,0.68858,62.7298,10.1906,2.9644,29.14712,0.64568,0.064416,2.5646,0.70018,0.15997999999999998,12.6322,34.818400000000004,0.50438,0.69168,7.571000000000001,2.6486,43.430200000000006,7.603200000000001,13.6028,0.6154,18.4758,3.7026000000000003,1.072,13.257200000000001,1.5754000000000001,17.7362,18.8512,17.468,1705.268966603196,1,-198.31774902000006
2022-02-20_Athletic Club_Real Sociedad,2022-02-20,21:00,La Liga,Matchweek 25,Sun,2022,4.0,0.0,Athletic Club,Real Sociedad,Home Win,1715.02172852,1,21.0,1.6219999999999999,1.5778,1.09772,1.0154999999999998,48.3424,11.824,3.6,36.56632,1.09772,0.102956,4.5122,1.5163200000000001,-0.06147999999999999,9.0678,31.7772,0.85914,1.01062,8.049399999999999,1.3800000000000001,49.223600000000005,8.7312,10.980400000000001,1.5654,22.224,6.6322,2.7634,15.1656,1.3378,19.6524,25.0154,19.844,1765.4379717762,1744.22436523,0.5402,1.189,1.01642,1.0940400000000001,58.0604,10.1802,3.389,32.60874,0.8882599999999999,0.086936,3.4970000000000003,0.81196,-0.37703999999999993,13.6774,29.715400000000002,0.49136,0.6421600000000001,6.3336,0.9958,38.253,6.7398,17.2766,1.9607999999999999,18.0878,6.1642,1.0804,11.789,2.0144,18.2366,22.1572,18.2062,1678.4059307390903,0,-29.202636710000206
2022-02-20_Betis_Mallorca,2022-02-20,18:30,La Liga,Matchweek 25,Sun,2022,2.0,1.0,Betis,Mallorca,Home Win,1748.82067871,1,18.0,2.0718,1.0442,1.65228,1.0082600000000002,57.053,15.837800000000001,5.3877999999999995,34.96988,1.65228,0.10243200000000001,3.3716,1.03726,-0.006939999999999946,11.3004,30.5704,1.2012,1.2562600000000002,11.8614,1.7558,38.074600000000004,9.9156,14.7002,1.9988000000000001,15.512999999999998,5.33,3.704,21.1672,2.6498000000000004,27.493800000000004,28.427799999999998,15.7166,1693.5048002194658,1615.38793945,0.714,2.6220000000000003,0.9537599999999999,1.7550400000000002,49.1202,10.1554,4.351,42.086600000000004,0.77792,0.089694,6.279400000000001,2.0074799999999997,-0.37032000000000004,17.7396,24.677000000000003,0.69526,0.8561400000000001,7.5862,1.8794,32.056200000000004,5.2262,14.863599999999998,0.9623999999999999,16.177,4.4906,1.25,12.3574,0.9338,17.216,14.2272,17.2202,1658.7244588376261,0,133.43273926000006
2022-02-20_Barcelona_Valencia,2022-02-20,16:15,La Liga,Matchweek 25,Sun,2022,1.0,4.0,Valencia,Barcelona,Away Win,1694.40209961,1,16.0,0.9338,0.9536,1.0581,1.0435400000000001,38.544399999999996,13.010000000000002,3.0966,23.19852,0.92994,0.072654,3.4519999999999995,0.9595999999999999,0.2258,13.4086,19.5398,0.7947599999999999,0.8821,10.3498,3.2172,32.338,8.880799999999999,16.211,1.147,22.239800000000002,6.3662,1.8676,14.897799999999998,3.7607999999999997,23.566399999999998,19.819399999999998,13.804,1702.834883447104,1841.93310547,1.2442,0.8464,1.33444,0.76898,65.4566,13.698400000000001,3.7092,27.4288,1.33444,0.10278,2.9018,0.87992,0.03351999999999999,9.0922,45.3814,1.27202,1.60728,12.0398,3.6390000000000002,53.9028,9.447600000000001,17.0766,0.9958,22.7016,5.7904,2.4884,18.688000000000002,2.9972000000000003,24.9174,23.336399999999998,22.6664,1663.31490588241,2,-147.53100586000005
2022-02-21_Celta Vigo_Levante,2022-02-21,21:00,La Liga,Matchweek 25,Mon,2022,1.0,1.0,Celta Vigo,Levante,Draw,1719.45080566,1,21.0,1.8596,0.714,0.99246,1.06434,54.193999999999996,10.5276,3.7516000000000003,39.18128,0.99246,0.11424000000000001,2.4446,0.6459600000000001,-0.06803999999999999,12.8678,27.0202,0.74816,0.7200000000000001,7.237,1.6059999999999999,36.79260000000001,7.2421999999999995,14.171,2.0108,20.852600000000002,3.8514,3.3810000000000002,14.7574,1.0224,18.7294,17.992,15.631799999999998,1684.643888036252,1577.10412598,0.9384,2.841,0.8997999999999999,1.99174,47.6588,9.5296,3.4644,38.10808,0.8997999999999999,0.0873,6.0928,2.09634,-0.74466,13.1772,21.869,0.758,0.63078,6.9236,0.4222,34.8842,5.4286,12.917,1.2488000000000001,16.3724,5.1175999999999995,1.5385999999999997,10.305599999999998,2.5254,14.918399999999998,16.5642,12.598199999999999,1681.1675883047083,1,142.34667968000008
2022-02-25_Elche_Levante,2022-02-25,21:00,La Liga,Matchweek 26,Fri,2022,3.0,0.0,Levante,Elche,Home Win,1579.79455566,1,21.0,1.418,2.1284,1.433,1.35032,51.8162,13.646400000000002,6.2222,44.274460000000005,1.28862,0.094748,6.2924,1.9640400000000002,-0.16435999999999995,10.7604,32.3114,0.79916,0.84694,10.052,3.2152,42.643,7.204400000000001,12.5916,1.264,23.874599999999997,6.1578,2.48,16.423,3.094,24.3846,20.8564,19.5286,1661.322175049806,1629.14379883,1.3514,1.9802,0.77852,1.93674,41.3702,5.133799999999999,2.2542,50.03598,0.77852,0.190462,5.9866,1.9084,-0.07180000000000003,19.4806,17.2868,0.77674,0.5211399999999999,4.2696000000000005,1.3294,19.6174,3.2678,14.4412,0.5956,12.406600000000001,1.7964,2.505,5.5858,0.8266,8.6012,8.680800000000001,10.2032,1804.551514063106,0,-49.34924316999991
2022-02-26_Alaves_Getafe,2022-02-26,16:15,La Liga,Matchweek 26,Sat,2022,2.0,2.0,Getafe,Alaves,Draw,1662.78039551,1,16.0,1.9876,0.4396,0.95924,0.60132,42.2738,13.1706,4.7612,38.83564,0.95924,0.079624,3.1734,0.61314,0.12470000000000003,16.3892,27.4986,0.61008,0.55362,9.3518,1.356,28.187800000000003,4.4972,13.305,0.6154,15.2788,3.2762,3.3134,15.2316,2.335,22.5788,16.018,12.2394,1710.824189600892,1590.0736084,0.5758,3.3935999999999997,0.57812,2.25648,37.5058,6.4816,2.3204000000000002,38.27996,0.57812,0.100646,6.402799999999999,2.38546,-1.00814,15.5834,20.4654,0.36292,0.44054,4.024,1.7294,21.852600000000002,4.6962,15.522799999999998,0.5736,15.5366,2.654,0.7956,6.4792000000000005,0.8,9.6768,10.2032,7.3888,1751.8323254644579,1,72.70678711000005
2022-02-26_Rayo Vallecano_Real Madrid,2022-02-26,18:30,La Liga,Matchweek 26,Sat,2022,0.0,1.0,Rayo Vallecano,Real Madrid,Away Win,1618.95483398,1,18.0,0.714,1.1502,1.2812200000000002,0.8675,58.498,16.8602,3.6666000000000003,22.1893,1.2812200000000002,0.07684200000000001,4.062,1.3745800000000001,0.22438000000000002,11.5576,36.6726,1.05286,1.5416599999999998,11.950000000000001,4.034,48.719800000000006,10.9834,16.371000000000002,0.5956,31.413600000000002,5.993,0.9097999999999999,22.2624,2.1710000000000003,28.9194,26.2316,24.3004,1679.069837768968,1936.63952637,1.3924,0.5778,1.6320800000000002,0.73004,61.0064,15.2804,6.3506,42.81708,1.6320800000000002,0.103408,2.024,0.32304,-0.25476,12.8178,46.6318,1.49252,1.32082,13.496000000000002,0.6242,55.5492,8.6726,14.9696,2.9995999999999996,12.8398,4.561999999999999,2.2112000000000003,22.4578,2.0266,28.6204,27.4476,25.345599999999997,1714.712674778826,2,-317.68469239
2022-02-26_Mallorca_Valencia,2022-02-26,14:00,La Liga,Matchweek 26,Sat,2022,0.0,1.0,Mallorca,Valencia,Away Win,1613.89831543,1,14.0,1.1722000000000001,0.9059999999999999,1.33424,1.12986,45.653000000000006,13.5898,2.728,19.638060000000003,0.80918,0.059660000000000005,3.0707999999999998,1.14252,0.23651999999999995,12.7542,19.1708,0.66784,0.7031000000000001,9.965,2.7732,26.8476,5.984,16.075799999999997,0.9578,21.2012,5.1416,1.6118000000000001,12.7408,4.1978,23.8732,22.5066,14.7724,1689.659497753114,1686.44067383,1.914,2.6332,1.2861,2.38526,42.8388,9.441600000000001,4.6258,48.279520000000005,0.79474,0.086196,6.5252,2.7405399999999998,0.10733999999999999,18.104,22.4146,0.6864600000000001,0.43584,7.0738,1.3778,31.441,6.4624,16.57,0.9097999999999999,17.191000000000003,6.0122,3.2258,11.4058,1.5538,16.513399999999997,15.3394,12.406799999999999,1675.413962086774,2,-72.54235840000001
2022-02-27_Betis_Sevilla,2022-02-27,16:15,La Liga,Matchweek 26,Sun,2022,2.0,1.0,Sevilla,Betis,Home Win,1838.62133789,1,16.0,1.6242,0.7778,0.7091,0.7275,57.58579999999999,10.764800000000001,3.0406000000000004,26.843839999999997,0.7091,0.06654,3.2456,0.52516,-0.25264,13.364799999999999,31.456799999999998,0.39358,0.73046,6.4792000000000005,2.1878,40.3986,5.3266,15.2982,1.1084,21.226599999999998,5.1014,3.2484,12.978800000000001,1.7558,19.4456,17.3204,14.8958,1679.254802953504,1760.53063965,2.57,1.44,1.79182,1.35182,51.994200000000006,13.6268,6.9582,49.03186000000001,1.61598,0.123728,4.7892,1.3812,-0.058800000000000005,18.1614,33.4638,1.18594,1.12988,11.3404,1.0146000000000002,43.4592,8.806799999999999,16.4712,2.0796,14.205,4.8278,3.8142000000000005,19.648,1.4163999999999999,24.8268,23.1152,16.7028,1671.6224344739542,0,78.09069823999994
2022-02-27_Athletic Club_Barcelona,2022-02-27,21:00,La Liga,Matchweek 26,Sun,2022,4.0,0.0,Barcelona,Athletic Club,Home Win,1865.39685059,1,21.0,1.9744000000000002,1.286,1.49292,1.04406,66.188,13.980799999999999,4.799799999999999,34.81778,1.36832,0.093394,2.7082,0.85156,-0.43444,7.9276,55.050999999999995,0.96586,1.1953,10.104000000000001,1.6366,61.3296,10.138399999999999,14.794599999999999,3.153,20.076400000000003,5.1722,3.2405999999999997,19.7504,1.644,25.950000000000003,27.6086,24.4582,1635.5619856914623,1731.73156738,1.2422,0.9106000000000001,0.96618,1.35492,48.6218,10.1334,2.914,28.82732,0.96618,0.10683200000000001,3.5911999999999997,1.0556,0.3892,21.445400000000003,25.912,0.91258,0.75692,7.782000000000001,1.1118000000000001,38.575,6.1818,15.366000000000001,1.6696000000000002,18.076999999999998,5.3634,2.2402,14.1364,1.1602000000000001,17.912999999999997,15.213,15.1474,1627.616656175364,0,133.6652832100001
2022-02-27_Osasuna_Real Sociedad,2022-02-27,18:30,La Liga,Matchweek 26,Sun,2022,1.0,0.0,Real Sociedad,Osasuna,Home Win,1719.62060547,1,18.0,0.8642000000000001,0.8544,1.49262,1.21062,52.461200000000005,11.6894,3.6742,31.22538,1.3216800000000002,0.11038999999999999,3.4556,0.99644,0.14204,11.283199999999999,27.407000000000004,1.04646,1.36634,8.2776,3.3766000000000003,38.5706,9.264800000000001,13.261399999999998,1.1204,23.637,5.8816,1.2864,12.9068,2.6596,19.7468,25.730400000000003,19.4874,1731.1581048588077,1673.20361328,1.1722000000000001,0.5736,1.10606,0.8869,47.169799999999995,11.9476,3.4538,26.1276,1.10606,0.085894,2.7802000000000002,0.721,0.1474,17.2132,25.448,0.94604,0.77118,8.0754,2.7524,31.407,7.2330000000000005,13.712,0.2198,22.1956,3.7237999999999998,2.3444000000000003,14.1344,2.9436,20.953400000000002,18.523,10.9456,1648.306313674126,0,46.4169921900002
2022-02-27_Espanyol_Villarreal,2022-02-27,14:00,La Liga,Matchweek 26,Sun,2022,5.0,1.0,Villarreal,Espanyol,Home Win,1817.22241211,1,14.0,2.7459999999999996,0.716,2.06454,1.01672,54.8022,13.86,4.831,32.73934,1.73046,0.113976,3.504,0.58784,-0.12816000000000002,12.448599999999999,35.0676,1.52472,1.78086,10.4358,1.81,46.3882,9.983,14.1434,3.2018000000000004,15.1182,6.3444,4.8922,20.565199999999997,1.389,25.342,28.9248,17.5164,1682.5626491967341,1644.33691406,1.2573999999999999,1.8199999999999998,1.0831,0.8093199999999999,54.1202,10.2258,3.8792000000000004,39.4051,0.94464,0.085786,2.9438,1.22878,-0.43102,16.1208,35.334399999999995,0.89282,0.7494999999999999,8.754000000000001,2.2838000000000003,43.1336,7.133,18.422600000000003,1.0596,16.593,3.1758,2.3368,15.4252,1.2198,19.7,13.3582,16.754,1668.7171930166,0,172.88549805000002
2022-02-28_Cadiz_Granada,2022-02-28,21:00,La Liga,Matchweek 26,Mon,2022,0.0,0.0,Granada,Cadiz,Draw,1636.32592773,1,21.0,1.4388,1.9524,1.3047199999999999,2.1880200000000003,43.2228,12.198799999999999,3.6366,35.11538,1.10936,0.100164,4.780799999999999,1.8119,-0.14049999999999999,12.2144,19.5084,0.71048,0.6179399999999999,8.1128,1.8432,22.874399999999998,3.9926000000000004,16.6856,0.5956,20.2496,4.6672,2.5196,12.809199999999999,1.8906,19.2854,17.2784,11.722000000000001,1712.45330356346,1578.76904297,0.844,1.3646,0.69672,1.9571,38.6182,8.8304,2.6594,24.700540000000004,0.55254,0.0633,6.051,1.91262,0.5480199999999998,20.911600000000004,16.3442,0.49851999999999996,0.4467,6.5136,2.9126000000000003,20.489,4.7822,15.270000000000001,0.46399999999999997,16.9268,3.6376,1.688,10.4938,1.3866,14.543199999999999,14.3248,14.361799999999999,1668.913627904104,1,57.55688476
2022-03-02_Mallorca_Real Sociedad,2022-03-02,21:00,La Liga,Matchweek 21,Wed,2022,0.0,2.0,Mallorca,Real Sociedad,Away Win,1606.18786621,1,21.0,1.055,1.0596,1.58268,1.0480399999999999,49.806799999999996,16.116999999999997,2.8994000000000004,18.44072,1.1101400000000001,0.06890399999999999,3.7403999999999997,1.24802,0.18842000000000003,12.4786,22.1074,0.86084,0.9269800000000001,10.657,2.5516,36.11019999999999,7.895,16.224,1.062,24.9884,7.7578000000000005,1.4506000000000001,16.774,4.4222,28.5698,25.0304,16.7044,1699.571945605394,1725.04602051,0.1978,2.0468,0.79616,1.61068,56.877599999999994,10.206199999999999,3.25,31.16364,0.79616,0.076474,4.812399999999999,1.43448,-0.61232,13.721599999999999,25.936400000000003,0.40454,0.5791000000000001,5.6676,1.1404,32.5342,5.5448,16.7488,1.7646,17.379,6.2362,0.3956,11.3774,1.813,17.236,20.232,15.6668,1686.1706126244303,2,-118.85815430000002
2022-03-04_Alaves_Sevilla,2022-03-04,21:00,La Liga,Matchweek 27,Fri,2022,0.0,0.0,Alaves,Sevilla,Draw,1593.77709961,1,21.0,0.8266,0.8022,1.08508,1.10138,40.6536,10.291799999999999,2.4864,26.9009,0.76512,0.08373,3.284,0.94868,0.14648,15.709200000000001,23.844,0.56776,0.5624199999999999,7.4438,3.0488,27.293799999999997,6.4312,13.5952,0.7081999999999999,20.841,3.3416,1.409,11.074,2.7562,18.1468,18.2474,10.7042,1727.4377216311318,1843.26708984,0.7802,0.442,0.7781,0.813,63.5984,9.2946,2.4354,26.65616,0.60226,0.064974,2.7082,0.68692,0.24491999999999997,13.189799999999998,36.62179999999999,0.48951999999999996,0.75576,7.1254,1.9512,44.484,7.630999999999999,14.2192,0.5538,20.1936,4.4648,1.1648,13.0872,1.1294,16.785600000000002,18.8984,17.6214,1656.585953371852,1,-249.48999022999988
2022-03-05_Real Madrid_Real Sociedad,2022-03-05,21:00,La Liga,Matchweek 27,Sat,2022,4.0,1.0,Real Madrid,Real Sociedad,Home Win,1939.30212402,1,21.0,2.06,0.5736,2.85688,0.66052,69.276,24.4846,8.1996,34.08454,2.22242,0.09831599999999999,2.7894,0.64592,0.07232,9.356399999999999,59.6032,1.5879,1.78136,18.9898,1.5802,79.227,17.2788,11.7514,2.7112,22.116,8.2822,3.5244,33.788399999999996,2.8451999999999997,46.3438,44.0548,30.359199999999998,1625.3259826675358,1725.04602051,0.6664,1.698,0.86214,1.51404,54.403400000000005,10.918199999999999,3.0808,27.920239999999996,0.86214,0.073618,4.287,1.2722200000000001,-0.42578000000000005,13.4376,23.1916,0.65828,0.57794,7.166,0.738,31.5066,4.9694,15.841,1.688,15.2108,5.2916,1.0886,11.1514,2.22,18.145,19.0228,15.091000000000001,1671.795403762156,0,214.25610351
2022-03-05_Osasuna_Villarreal,2022-03-05,14:00,La Liga,Matchweek 27,Sat,2022,1.0,0.0,Osasuna,Villarreal,Home Win,1667.77819824,1,14.0,0.894,1.5870000000000002,0.8778600000000001,0.9873000000000001,49.138999999999996,12.3156,3.8178,31.6503,0.8778600000000001,0.065318,3.2641999999999998,1.28586,-0.3011400000000001,12.9734,38.830400000000004,0.64336,0.97158,7.9816,4.6058,40.617,9.683399999999999,13.4332,0.6486000000000001,27.5218,3.8587999999999996,1.4300000000000002,12.6508,2.0662000000000003,20.0708,19.351,13.100000000000001,1700.1572315927879,1823.06848145,1.9504000000000001,0.7802,2.30162,0.9573799999999999,53.464800000000004,12.1662,4.238,35.81846,2.033,0.159908,3.2244,0.7847999999999999,0.004599999999999965,14.235600000000002,26.0272,1.72018,1.21342,10.4216,2.3714,30.9166,8.2318,14.543800000000001,1.5082,15.541999999999998,5.5611999999999995,3.1682,14.8338,2.7714,22.051800000000004,24.73,16.3354,1706.967746680588,0,-155.2902832100001
2022-03-05_Espanyol_Getafe,2022-03-05,16:15,La Liga,Matchweek 27,Sat,2022,2.0,0.0,Espanyol,Getafe,Home Win,1638.49084473,1,16.0,1.7004,2.3116000000000003,1.4848600000000003,1.5691000000000002,44.0502,11.7612,4.1068,33.59304,1.34246,0.11343,4.107,1.7598200000000002,-0.5517799999999999,16.51,29.2472,1.1381400000000002,1.18998,8.1576,1.062,33.7778,7.336,15.9128,1.1494,18.3736,5.5336,3.2405999999999997,15.064000000000002,1.3381999999999998,20.7042,19.67,15.732199999999999,1735.5247013661121,1659.0769043,1.0638,1.4616,0.9187,1.06658,37.35640000000001,7.2338,1.5116,21.701800000000002,0.39364,0.048404,2.9586,1.5549800000000003,0.09338,16.781599999999997,16.3184,0.31388000000000005,0.33946,5.2806,0.736,22.936400000000003,3.0220000000000002,16.8052,0.0,11.9586,2.2794,1.0638,6.9768,2.4694,13.5938,11.933799999999998,5.5094,1665.5504796874402,0,-20.58605957000009
2022-03-05_Granada_Valencia,2022-03-05,18:30,La Liga,Matchweek 27,Sat,2022,3.0,1.0,Valencia,Granada,Home Win,1694.15112305,1,18.0,0.9404,1.6907999999999999,0.91696,1.2545199999999999,37.425,13.2416,3.5754,26.58288,0.91696,0.068064,3.851,1.51204,0.019040000000000015,11.1818,20.750999999999998,0.7708799999999999,0.7962199999999999,10.114799999999999,3.3396000000000003,32.0598,9.0368,15.9016,0.5998,24.3902,7.2505999999999995,1.8808,14.9964,4.4174,23.8866,21.2028,11.7816,1745.4146437251602,1632.96508789,0.5558000000000001,1.6596,0.91938,1.67352,47.599,10.9294,3.6299999999999994,37.885920000000006,0.91938,0.09145199999999999,5.9992,1.9745,0.31489999999999996,18.1316,22.136200000000002,0.82294,0.56014,8.7208,2.1602,31.4572,6.166,14.4826,0.7802,15.2536,3.9372000000000003,0.716,14.166599999999999,1.0808,19.0762,12.585600000000001,14.2058,1707.9933533435678,0,61.186035160000074
2022-03-06_Barcelona_Elche,2022-03-06,16:15,La Liga,Matchweek 27,Sun,2022,1.0,2.0,Elche,Barcelona,Away Win,1615.30212402,1,16.0,1.8262,0.6242,1.44596,0.95558,51.0608,10.589400000000001,3.1722,34.33332,1.3178,0.148306,3.5704,0.92946,0.3052600000000001,14.563400000000001,22.1762,1.16498,0.81854,8.371599999999999,2.5714000000000006,26.2688,5.4068000000000005,15.1914,2.2108,18.955000000000002,4.1690000000000005,3.2104000000000004,12.402,1.8941999999999999,18.995,15.8034,13.403199999999998,1652.143933227056,1872.57385254,1.9524,0.8617999999999999,1.4298600000000001,0.84418,66.1758,10.7216,3.7942,41.2305,1.4298600000000001,0.149342,3.6884,0.96846,0.10666,12.201600000000001,44.3758,1.36368,1.6365800000000001,9.3172,3.3752000000000004,48.284400000000005,9.0588,18.7784,1.873,19.313000000000002,4.646199999999999,3.6606,15.224,2.3648000000000002,20.2652,19.851799999999997,18.772,1646.3414700430817,2,-257.2717285199999
2022-03-06_Cadiz_Rayo Vallecano,2022-03-06,14:00,La Liga,Matchweek 27,Sun,2022,2.0,0.0,Cadiz,Rayo Vallecano,Home Win,1582.12988281,1,14.0,0.8,0.978,0.60172,1.09624,45.249199999999995,9.4408,2.5558,26.97886,0.60172,0.06558599999999999,3.1836,1.14994,0.17193999999999998,11.9668,23.2614,0.44195999999999996,0.65376,5.43,1.7448000000000001,28.9258,4.746,12.911999999999999,1.399,19.0216,4.5998,1.4022000000000001,10.1128,1.6362,15.2872,14.6828,13.8394,1703.4835350340459,1616.2923584,0.4044,1.8397999999999999,0.8258,1.7841399999999998,51.9512,11.885799999999998,2.3574,16.065820000000002,0.8258,0.059834,4.4002,1.5888,-0.251,12.6226,29.220000000000002,0.58978,0.64996,8.7976,2.6222,38.1796,7.0994,17.0986,1.527,19.273799999999998,4.0776,0.6486000000000001,15.453399999999998,1.6176,20.811600000000002,15.4906,17.0558,1674.0292563476041,0,-34.162475589999985
2022-03-06_Celta Vigo_Mallorca,2022-03-06,18:30,La Liga,Matchweek 27,Sun,2022,4.0,3.0,Celta Vigo,Mallorca,Home Win,1710.6385498,1,18.0,1.7736,0.7426,1.04204,0.9693400000000001,55.6958,9.6982,3.9205999999999994,43.86708,1.04204,0.13034800000000002,2.0676,0.44834,-0.29425999999999997,11.904,27.9392,0.8354199999999999,0.8689199999999999,6.4366,1.6454,40.864799999999995,8.6272,14.4542,1.7214,21.656200000000002,3.5222,3.387,13.4724,0.9202,16.959,18.8578,18.211,1642.90011975172,1596.60803223,0.7426,2.4156,0.85512,1.5997800000000002,48.2752,9.9956,3.4390000000000005,33.758,0.6968799999999999,0.081842,6.151400000000001,1.94904,-0.24675999999999998,17.1214,22.9672,0.6369,0.73844,7.5274,2.0356,31.041,5.1594,14.633,1.0662,17.668599999999998,5.1742,1.325,12.954,0.9404,17.05,14.7486,17.7864,1683.50425085398,0,114.03051757000003
2022-03-07_Athletic Club_Levante,2022-03-07,21:00,La Liga,Matchweek 27,Mon,2022,3.0,1.0,Athletic Club,Levante,Home Win,1724.55456543,1,21.0,2.1482,1.1316,1.51308,0.8529800000000001,46.1456,12.3416,4.3726,39.58204,1.31772,0.11187,4.1166,1.17836,0.04675999999999998,9.6378,26.017799999999998,1.13626,1.18492,9.4654,1.6862,43.4752,8.5138,10.0056,1.4088,20.5714,6.280600000000001,4.0522,15.360600000000002,1.7482000000000002,20.7872,24.337,20.215200000000003,1778.115965695694,1597.44824219,0.9446,2.3684000000000003,1.1817,1.71068,46.4042,10.5976,3.5622000000000003,36.333819999999996,1.1817,0.104548,5.3066,1.98456,-0.38384000000000007,14.769400000000001,23.059000000000005,0.8343,0.68096,7.4638,0.6242,35.284,5.2416,13.9138,0.9798,14.825599999999998,4.6732,1.729,11.0518,3.2054,16.824199999999998,19.0378,13.115000000000002,1683.2039266341599,0,127.10632323999994
2022-03-12_Celta Vigo_Villarreal,2022-03-12,18:30,La Liga,Matchweek 28,Sat,2022,1.0,0.0,Villarreal,Celta Vigo,Home Win,1812.65136719,1,18.0,2.9714,0.6002,2.4567,1.06832,56.2544,13.653200000000002,5.5922,37.591480000000004,2.15606,0.138556,3.3535999999999997,0.58348,-0.016719999999999985,11.2828,37.191,1.7167,2.20908,10.4156,1.5406,49.4798,10.8732,13.0198,2.1282,16.6154,7.2866,5.303,19.767,2.2268,25.3986,32.318799999999996,18.453599999999998,1683.744165846004,1714.55651855,0.716,1.062,1.0413400000000002,1.04484,52.3518,7.866200000000001,1.9203999999999999,26.9311,0.73734,0.110598,4.3514,0.8498600000000001,-0.21214,15.752799999999999,26.833,0.3387,0.45432,5.2896,1.2906,32.6074,5.610200000000001,11.5746,0.8366,15.9034,4.0498,1.0364,11.512,0.6617999999999999,14.1758,14.3098,15.2474,1689.7855135481823,0,98.09484864000001
2022-03-12_Getafe_Valencia,2022-03-12,21:00,La Liga,Matchweek 28,Sat,2022,0.0,0.0,Getafe,Valencia,Draw,1649.16662598,1,21.0,2.2772,0.884,0.9589000000000001,0.7132799999999999,43.7676,12.3328,4.2968,36.817660000000004,0.9589000000000001,0.08354400000000001,3.156,0.836,-0.09195999999999996,16.7506,24.5302,0.66792,0.62152,8.9284,1.5646,25.427000000000003,4.4916,15.772400000000001,0.5538,15.2626,3.6928,3.9588,14.276,2.2132,20.779400000000003,16.692999999999998,12.304,1683.016902125244,1701.12109375,1.6784,2.2256,1.11656,2.4564399999999997,41.7112,9.2974,4.419,46.649119999999996,0.67434,0.07404200000000001,5.8842,2.29896,0.07336000000000001,19.7706,22.2616,0.63456,0.48109999999999997,6.578,1.9284,32.339,6.9488,17.133799999999997,1.063,16.8162,5.0784,2.959,11.9978,1.4984,16.7504,15.0174,11.7778,1658.4325101578681,1,-51.954467770000065
2022-03-12_Elche_Granada,2022-03-12,16:15,La Liga,Matchweek 28,Sat,2022,0.0,1.0,Granada,Elche,Away Win,1625.99499512,1,16.0,0.7182,1.613,0.94916,2.01044,41.3026,10.281399999999998,2.652,29.91386,0.77332,0.078728,4.5586,1.5798200000000002,-0.03318,15.023200000000001,18.881,0.54408,0.45080000000000003,7.369,0.938,22.0866,2.7282,16.528399999999998,0.536,16.5176,3.6238,1.2584,11.463199999999999,1.6574,16.771,12.767,10.2288,1691.5964518799701,1611.70446777,1.072,2.2264,0.7174,2.0251200000000003,42.7894,5.420599999999999,2.1846,46.978500000000004,0.7174,0.171198,5.3554,1.9852000000000003,-0.24119999999999997,16.5578,19.5232,0.70138,0.66996,4.6428,1.2964,23.3746,4.7062,15.4298,0.536,17.006,2.2052,1.9660000000000002,6.271599999999999,1.0882,9.241399999999999,9.8896,11.847999999999999,1763.4278005855358,2,14.290527350000048
2022-03-12_Espanyol_Levante,2022-03-12,14:00,La Liga,Matchweek 28,Sat,2022,1.0,1.0,Levante,Espanyol,Draw,1592.32568359,1,14.0,2.0088,1.9156,1.73042,1.3185600000000002,48.7714,13.381599999999999,6.144,44.79838,1.6004800000000001,0.12590400000000002,6.2516,1.99298,0.07738,13.570599999999999,30.1586,1.16436,1.0076,10.1908,2.9494,39.2038,7.7164,11.078800000000001,1.9702,20.224,5.2652,3.4530000000000003,16.8572,2.4520000000000004,23.4574,21.491600000000002,17.1334,1653.3198784431802,1648.40124512,1.3758,2.7148000000000003,1.15684,1.7451800000000002,50.045,9.4704,3.547,38.12274,1.03224,0.107626,5.3355999999999995,2.47342,-0.24137999999999998,13.6782,32.147,0.9900199999999999,0.73894,8.3342,2.2554,37.9128,6.6754,16.8712,0.9536,15.889399999999998,3.1582000000000003,2.3472,13.873000000000001,0.9536,17.5318,14.531600000000001,15.0132,1708.4379645504139,1,-56.075561530000186
2022-03-13_Athletic Club_Betis,2022-03-13,16:15,La Liga,Matchweek 28,Sun,2022,1.0,0.0,Betis,Athletic Club,Home Win,1745.28076172,1,16.0,1.3958,1.6684,1.34406,1.41962,59.321,15.120800000000001,4.9492,32.668620000000004,1.1902,0.077642,3.4354,1.35356,-0.31484,9.3078,36.441599999999994,0.9057,0.9895999999999999,12.235400000000002,1.5823999999999998,45.5468,8.7882,13.936,2.7125999999999997,19.1208,6.4126,1.7274,19.2422,2.611,26.456400000000002,25.605399999999996,18.4356,1655.904155565136,1729.67724609,1.1179999999999999,1.7964,0.87074,1.80342,42.9108,9.2874,2.9226,33.352900000000005,0.87074,0.09971,4.220599999999999,1.4552399999999999,-0.12135999999999997,20.123600000000003,22.369400000000002,0.83692,0.7024,7.215400000000001,1.3448,32.58,5.675199999999999,15.173800000000002,1.5584,14.573800000000002,4.394399999999999,2.0162,14.2552,0.7558,16.744799999999998,14.014800000000001,13.7232,1687.433992846958,0,15.603515630000174
2022-03-13_Alaves_Real Sociedad,2022-03-13,18:30,La Liga,Matchweek 28,Sun,2022,1.0,0.0,Real Sociedad,Alaves,Home Win,1730.26550293,1,18.0,1.022,0.4806,1.48664,0.95656,54.0244,11.6206,4.5278,39.2136,1.33278,0.112676,2.2008,0.53194,0.05133999999999997,15.683,27.334,1.03626,1.24764,8.5942,2.6064,37.372,8.5058,13.3234,1.3084,21.043,6.0376,1.6461999999999999,13.604799999999997,2.5936,20.1166,24.1922,19.7832,1687.939556273982,1598.6842041,1.0066,3.2541999999999995,0.73566,2.03992,40.3412,6.6776,2.2442,35.3108,0.73566,0.121442,5.7741999999999996,2.20366,-1.05054,14.704,20.041999999999998,0.54198,0.45648,4.3658,2.1448,24.2532,4.3382,14.6378,0.7604,18.2132,1.9118,1.6928,7.163799999999999,0.5758,9.9532,8.9736,6.6171999999999995,1744.4774091072861,0,131.58129882999992
2022-03-13_Barcelona_Osasuna,2022-03-13,21:00,La Liga,Matchweek 28,Sun,2022,4.0,0.0,Barcelona,Osasuna,Home Win,1876.17150879,1,21.0,2.6096,1.0131999999999999,1.9131600000000002,0.88314,65.5156,14.4268,5.308199999999999,36.88386,1.80102,0.118916,2.8816,0.68548,-0.32772,8.2676,51.406800000000004,1.29672,1.37786,10.1494,1.873,58.7012,9.6478,14.515,2.7492,19.5154,4.5782,4.3376,20.663600000000002,1.6796,26.4548,30.101200000000002,23.891000000000002,1662.207738595878,1678.1953125,1.055,0.7604,1.04986,0.9702999999999999,46.6526,11.852799999999998,3.2084,24.424979999999998,1.04986,0.082746,3.2906000000000004,0.9186599999999999,0.15826,15.394400000000001,26.023600000000002,0.92026,0.95824,8.212000000000002,3.654,32.330799999999996,7.597999999999999,13.1524,0.1978,23.8734,4.284,2.11,14.0768,2.7492,21.3906,18.2588,10.2742,1673.6572157246721,0,197.97619628999996
2022-03-13_Rayo Vallecano_Sevilla,2022-03-13,14:00,La Liga,Matchweek 28,Sun,2022,1.0,1.0,Rayo Vallecano,Sevilla,Draw,1605.98620605,1,14.0,0.4984,1.2794,1.31516,1.20706,53.74059999999999,18.804000000000002,4.5208,26.392400000000002,1.31516,0.072716,4.688400000000001,1.5946,0.3152,13.155399999999998,35.349,1.08964,1.59398,12.964,5.2958,47.2468,12.0942,15.5896,0.536,30.827599999999997,5.7494000000000005,0.8188,22.989000000000004,2.6422,30.989400000000003,27.405599999999996,24.014,1744.928104713018,1838.35998535,0.558,0.3978,0.96446,0.87174,66.6218,10.674399999999999,3.0244,29.103420000000003,0.8062199999999999,0.077128,2.6374,0.59732,0.19952,15.7686,39.199200000000005,0.6315,0.82228,8.1338,2.2002,48.4962,8.877200000000002,14.4972,0.9868,21.904600000000002,4.9510000000000005,0.76,14.8204,1.6048,19.4256,20.394399999999997,17.723999999999997,1634.8419405294858,1,-232.37377930000002
2022-03-14_Mallorca_Real Madrid,2022-03-14,21:00,La Liga,Matchweek 28,Mon,2022,0.0,3.0,Mallorca,Real Madrid,Away Win,1594.78161621,1,21.0,0.9494,1.442,1.43112,1.18974,50.459199999999996,15.949599999999998,2.7094000000000005,17.279619999999998,1.00588,0.06168800000000001,3.378,1.2631999999999999,-0.1788,12.1864,25.392400000000002,0.78592,0.86546,11.168,2.008,38.807,8.4824,15.113199999999999,1.4442,22.636200000000002,6.705399999999999,1.3054000000000001,18.638799999999996,3.8916,28.401400000000002,24.0712,18.9644,1708.294537451774,1958.66113281,0.9206,0.3758,1.4770600000000003,0.77586,61.21719999999999,13.899,5.883,43.63094,1.4770600000000003,0.106186,2.6100000000000003,0.39398,0.018179999999999974,15.478000000000002,44.827,1.34146,1.279,12.481399999999999,0.6617999999999999,55.529399999999995,9.3054,16.626,2.6111999999999997,13.400199999999998,5.4384,1.325,20.526,2.2682,25.9958,24.9194,25.3992,1700.3365167944141,2,-363.8795166
2022-03-18_Athletic Club_Getafe,2022-03-18,21:00,La Liga,Matchweek 29,Fri,2022,1.0,1.0,Athletic Club,Getafe,Draw,1735.91809082,1,21.0,2.666,1.1184,1.9169600000000002,0.86092,45.8104,13.1402,5.356400000000001,44.09884,1.54576,0.12145199999999999,4.049,1.0716400000000001,-0.04675999999999998,10.1066,28.4252,1.4401199999999998,1.24528,10.784199999999998,2.106,44.8602,9.1508,10.3492,1.512,19.837600000000002,5.3316,4.868,16.4574,2.5502,23.395,23.438200000000002,20.694000000000003,1727.4102865951322,1661.04956055,0.8132,1.6596,0.7803,0.8833599999999999,39.6626,7.8546,1.8046000000000002,23.011599999999998,0.30776,0.037912,2.7626000000000004,1.3084600000000002,-0.10694000000000001,13.4522,16.974800000000002,0.20156000000000002,0.43878,5.308400000000001,1.2508,24.1078,4.2408,17.6574,0.2442,15.325600000000001,3.1282,0.8132,8.0558,2.19,14.1344,13.894,8.244599999999998,1667.26467202236,1,74.86853027000006
2022-03-19_Levante_Osasuna,2022-03-19,18:30,La Liga,Matchweek 29,Sat,2022,3.0,1.0,Osasuna,Levante,Home Win,1685.42456055,1,18.0,0.7604,1.1400000000000001,0.94214,0.8809,45.43920000000001,12.860800000000001,3.736,29.182760000000002,0.94214,0.07011,2.8936,0.9077400000000001,-0.23226000000000002,12.6432,36.3146,0.64784,0.92882,8.316,4.001,37.30179999999999,9.115000000000002,11.6924,0.4396,25.316399999999998,4.073,1.3428,14.716,2.0596,21.3614,20.6136,13.034199999999998,1711.74558361966,1604.32702637,0.6617999999999999,2.2874,0.76752,1.965,47.0518,8.7402,2.9734000000000003,37.32006,0.76752,0.085352,5.576,2.3391800000000003,0.051780000000000076,15.125,20.0904,0.44926,0.49867999999999996,6.5405999999999995,0.9059999999999999,32.1486,5.0732,12.8458,0.5934,14.0102,4.6499999999999995,1.3235999999999999,8.6164,2.9848,14.0674,16.648,11.161599999999998,1697.48105930032,0,81.09753417999991
2022-03-19_Elche_Valencia,2022-03-19,16:15,La Liga,Matchweek 29,Sat,2022,0.0,1.0,Elche,Valencia,Away Win,1634.21875,1,16.0,1.4552,0.9059999999999999,1.22398,1.61612,45.7938,11.695599999999999,3.2992000000000004,32.417199999999994,1.22398,0.11985400000000002,4.3018,1.2619,0.3559,14.8188,20.216599999999996,1.01318,0.8899600000000001,8.866999999999999,3.6352,24.921,7.075600000000001,14.095400000000001,1.413,20.9896,4.5404,2.0242,14.0152,1.9048,20.4048,16.7558,11.5092,1717.8396810538961,1713.91027832,0.9338,1.5704,0.75094,2.0412399999999997,42.0956,7.8142000000000005,2.9678,34.7746,0.4683,0.063428,5.4632000000000005,1.82296,0.25256,20.0262,23.056199999999997,0.40808,0.41974,4.390000000000001,1.7356,28.5212,5.544599999999999,16.4554,0.38,17.9878,4.7261999999999995,1.5096,9.0912,1.4044,13.1918,12.7736,11.035,1665.421797291794,2,-79.69152832000009
2022-03-19_Alaves_Granada,2022-03-19,14:00,La Liga,Matchweek 29,Sat,2022,2.0,3.0,Alaves,Granada,Away Win,1607.42675781,1,14.0,0.5998,0.5778,1.21754,1.14008,35.9072,11.383600000000001,2.582,26.10264,0.9295599999999999,0.089684,3.644,1.03474,0.45694,17.6684,20.3644,0.8096,0.73712,8.764600000000002,4.0207999999999995,25.9902,7.709200000000001,12.2824,0.6374,21.512800000000002,4.0842,0.9798,12.9202,3.4132,20.618399999999998,19.532,10.457,1771.3817995114541,1628.15283203,0.6002,2.082,0.78094,1.79596,45.1882,9.238999999999999,2.546,29.582759999999997,0.78094,0.08686400000000001,5.9434,1.9359000000000002,-0.1461,17.586,20.104200000000002,0.68856,0.44762,7.0954,1.7558,28.0956,5.128399999999999,14.3902,0.558,16.661,4.8644,0.356,11.5316,0.5402,15.185200000000002,12.1946,11.3784,1725.493967578296,2,-20.726074219999873
2022-03-20_Barcelona_Real Madrid,2022-03-20,21:00,La Liga,Matchweek 29,Sun,2022,0.0,4.0,Real Madrid,Barcelona,Away Win,1972.61914062,1,21.0,2.8308,0.7604,2.7711799999999998,0.76098,66.1532,20.996599999999997,7.7912,37.131679999999996,2.00482,0.096926,2.7546,0.8255,0.06510000000000005,8.144000000000002,60.3668,1.42818,1.69672,15.695400000000001,1.8664,73.8908,15.7976,11.964599999999999,1.675,21.294999999999998,7.2888,5.1255999999999995,29.881800000000002,2.0398,40.1072,39.832800000000006,28.2928,1658.064993824514,1891.82336426,2.1014,1.0198,2.1006400000000003,0.9130199999999999,66.6906,12.4146,4.691599999999999,42.7637,1.9052799999999999,0.16394599999999998,3.6196,1.09254,0.07274,13.258599999999998,44.1374,1.6747800000000002,1.55966,10.462200000000001,3.4375999999999998,52.2504,10.1296,16.514599999999998,1.8858,21.178800000000003,5.2139999999999995,3.4945999999999997,17.6552,2.2282,23.1806,23.3292,22.7342,1642.479600974856,2,80.79577635999999
2022-03-20_Espanyol_Mallorca,2022-03-20,14:00,La Liga,Matchweek 29,Sun,2022,1.0,0.0,Espanyol,Mallorca,Home Win,1661.07189941,1,14.0,1.442,1.6478,1.02916,1.09168,45.333999999999996,9.110600000000002,2.7868000000000004,29.54712,0.901,0.086784,3.7078,1.2200600000000001,-0.42774,17.9124,26.881,0.7892,0.90352,6.8766,0.9558,28.163200000000003,5.693,16.0658,1.2786,16.471,4.647600000000001,2.1514,11.4062,1.4044,15.628999999999998,14.8748,13.9728,1736.944975634696,1601.31237793,1.1126,3.0065999999999997,1.04936,1.88284,47.4032,10.2402,3.1508,30.499940000000002,0.73602,0.082098,6.6246,1.95856,-0.8502400000000001,15.4556,21.4728,0.64762,0.7145800000000001,7.7188,2.5646,30.4368,6.4528,15.057999999999998,1.0596,18.611,5.1568,1.4926,12.225999999999999,1.0464,17.000799999999998,15.2064,18.261,1702.92136301136,0,59.7595214800001
2022-03-20_Real Sociedad_Sevilla,2022-03-20,18:30,La Liga,Matchweek 29,Sun,2022,0.0,0.0,Sevilla,Real Sociedad,Draw,1849.69677734,1,18.0,1.6618,0.8,0.90796,0.6815,55.2732,11.5092,2.9366,23.802860000000003,0.7126,0.061560000000000004,2.9767999999999994,0.52264,-0.27736,11.8192,28.8014,0.42863999999999997,0.6209,7.163799999999999,2.7016,36.4956,5.9266000000000005,15.5124,0.9976,21.092,4.9912,3.0794,13.846,1.7802,21.0428,17.965400000000002,14.1176,1711.2783398194501,1746.19506836,0.844,1.9282,0.84154,1.6202800000000002,50.3998,7.6636,2.0518,,0.64618,,5.0908,1.7345199999999998,-0.19368,15.968,19.644799999999996,0.5347999999999999,0.4869,5.4402,0.3758,24.798199999999994,3.8516000000000004,15.4126,1.5191999999999999,11.350000000000001,3.9972,1.4682,8.405999999999999,1.7095999999999998,13.6468,15.702,12.984400000000003,1725.426711304482,1,103.50170897999988
2022-03-20_Cadiz_Villarreal,2022-03-20,16:15,La Liga,Matchweek 29,Sun,2022,1.0,0.0,Cadiz,Villarreal,Home Win,1602.90319824,1,16.0,1.0642,0.736,0.70922,1.11102,47.154799999999994,9.796800000000001,3.577,34.08752,0.70922,0.073794,2.8768,1.18818,0.45218,12.8586,24.1446,0.44776,0.7748999999999999,5.8312,2.4028,28.910200000000003,6.0366,14.1858,1.2591999999999999,20.1962,4.2074,1.7062,10.3458,1.9726000000000001,16.147,17.445,16.818199999999997,1689.65759611811,1849.21569824,1.7554,0.8022,1.9485200000000003,0.99936,57.7702,11.0846,3.7700000000000005,32.87558,1.7067400000000001,0.138828,3.2020000000000004,0.78076,-0.02144,13.8682,30.087999999999997,1.40076,1.11882,9.847,2.4784,39.983999999999995,9.4856,14.921800000000001,1.4574,17.0646,5.805000000000001,2.8514,13.9856,2.45,20.3492,24.2806,18.0232,1680.455875463918,0,-246.3125
2022-03-20_Betis_Celta Vigo,2022-03-20,16:15,La Liga,Matchweek 29,Sun,2022,0.0,0.0,Celta Vigo,Betis,Draw,1722.83190918,1,16.0,2.4288,1.1126,1.4674,1.05128,55.0174,10.805200000000001,4.5169999999999995,44.32366,1.27204,0.139964,1.8726000000000003,0.53354,-0.33486,12.7784,27.913,1.04166,0.96414,7.3256,1.0042,41.0908,10.174,11.934399999999998,1.7933999999999999,19.660600000000002,3.2816,4.3692,16.4998,0.3956,19.2168,19.128,19.5112,1623.773835036274,1755.85473633,2.4130000000000003,1.7844,1.6970399999999999,1.4143199999999998,54.645999999999994,13.5526,6.4624,45.407219999999995,1.5388000000000002,0.118354,4.6102,1.5616999999999999,-0.2227,17.212600000000002,35.071200000000005,1.1029200000000001,1.1789800000000001,10.9064,0.9690000000000001,45.732200000000006,8.2818,16.3356,1.8716,14.517000000000001,5.1776,3.3886000000000003,19.0832,1.519,24.721000000000004,23.368599999999997,16.576800000000002,1687.9089290287502,1,-33.02282715000001
2022-04-02_Celta Vigo_Real Madrid,2022-04-02,18:30,La Liga,Matchweek 30,Sat,2022,1.0,2.0,Celta Vigo,Real Madrid,Away Win,1716.99328613,1,18.0,1.7534,0.8572,1.3674400000000002,1.0105600000000001,54.7156,10.1922,4.077,42.01032000000001,1.1916,0.135968,1.497,0.36486,-0.27254,12.1564,28.5102,0.97426,0.80238,6.8606,1.5922,39.384,9.2358,12.417399999999999,1.4698,20.4152,3.0092,3.0671999999999997,14.852400000000001,0.356,17.886,18.5828,21.8344,1650.418597511748,1944.32995605,1.2728000000000002,0.3382,1.53822,0.9392199999999999,63.169799999999995,13.076400000000001,5.117999999999999,40.16854,1.36728,0.105128,3.0816000000000003,0.6232,0.28500000000000003,13.977200000000002,43.2996,1.2352400000000001,1.2167000000000001,11.700600000000001,1.084,55.3412,10.196,15.9192,2.45,13.348400000000002,5.6388,1.981,19.829,1.853,24.575000000000003,25.7162,26.6802,1666.395575876958,2,-227.33666992000008
2022-04-02_Getafe_Mallorca,2022-04-02,14:00,La Liga,Matchweek 30,Sat,2022,1.0,0.0,Getafe,Mallorca,Home Win,1660.22302246,1,14.0,1.9052,0.7956,0.92418,0.6042799999999999,45.2678,12.411200000000001,4.8996,39.884280000000004,0.92418,0.08119,2.4078,0.6658999999999999,-0.16925999999999997,15.4546,24.4326,0.66672,0.60054,8.703,1.2198,23.0536,3.9098,17.8374,0.4984,16.769199999999998,3.9678,3.2744,13.2948,2.6362,20.7806,16.2028,12.041,1689.20177431773,1591.60510254,0.8572,2.3734,0.9367599999999999,1.73806,48.5514,10.5046,3.0915999999999997,28.20636,0.65474,0.068794,5.829599999999999,1.75852,-0.43687999999999994,14.9774,23.4234,0.55076,0.80196,7.8911999999999995,2.464,33.9236,8.0728,15.4848,0.9536,21.8686,5.817800000000001,1.055,13.080200000000001,1.0418,17.1892,15.529999999999998,17.9022,1699.720119992698,0,68.61791992000008
2022-04-02_Levante_Villarreal,2022-04-02,16:15,La Liga,Matchweek 30,Sat,2022,2.0,0.0,Levante,Villarreal,Home Win,1593.3458252,1,16.0,1.6196,1.3914,1.4367,0.98156,50.070800000000006,13.4434,5.108599999999999,37.310739999999996,1.4206800000000002,0.11266400000000001,4.7170000000000005,1.5708600000000001,0.17946000000000004,12.5254,32.816599999999994,1.0947,1.10894,10.516,3.0986,44.1432,9.4542,11.215,2.0174000000000003,22.2988,5.827,3.0193999999999996,16.327199999999998,3.5836,23.8558,24.084400000000002,19.55,1643.0560211200639,1831.93774414,1.1472,0.822,1.3842800000000002,1.18476,57.5054,8.5458,2.6278000000000006,30.98544,1.1666999999999998,0.10975399999999999,4.0144,0.89594,0.07393999999999998,14.025400000000001,31.1918,0.89134,0.88948,7.4319999999999995,1.5096,40.9872,8.1838,15.161999999999999,1.5558,15.260800000000001,5.2362,1.701,10.780000000000001,1.7724,15.597800000000001,20.6248,21.1074,1651.2577676015999,0,-238.5919189399999
2022-04-03_Betis_Osasuna,2022-04-03,16:15,La Liga,Matchweek 30,Sun,2022,4.0,1.0,Betis,Osasuna,Home Win,1749.24072266,1,16.0,1.5004,1.2132,1.1787199999999998,1.02492,57.9122,12.967,4.666,39.05504,1.04026,0.08032,2.8594,1.0508,-0.1624,12.4956,31.004599999999996,0.8563000000000001,0.9862200000000001,11.091,1.6242,40.5876,8.421,14.619000000000002,3.1738,18.2764,6.5598,2.043,16.8878,2.2616,22.959799999999998,21.9054,16.006,1668.44673193167,1686.90771484,0.9494,1.517,0.9071400000000001,1.5937800000000002,41.470800000000004,10.058,3.1874,36.359840000000005,0.9071400000000001,0.077026,4.7268,1.57734,0.060340000000000005,13.9454,22.6468,0.8093400000000001,0.84356,7.546399999999999,3.3886000000000003,27.369799999999998,6.073,12.072,0.4222,19.679,3.6672000000000002,1.8988,12.636199999999999,2.1858000000000004,18.3092,15.4906,9.47,1730.348046193224,0,62.33300782000015
2022-04-03_Athletic Club_Elche,2022-04-03,14:00,La Liga,Matchweek 30,Sun,2022,2.0,1.0,Athletic Club,Elche,Home Win,1727.24645996,1,14.0,2.211,0.9623999999999999,2.02622,0.56972,51.0018,15.9008,6.6418,42.281060000000004,1.6921399999999998,0.109656,2.979,0.83262,-0.12978,9.1308,31.0136,1.5670600000000001,1.35168,12.8478,3.4606000000000003,49.082,10.545200000000001,11.347,1.2166000000000001,23.0726,6.031,4.0044,19.4306,3.6162,28.5164,25.2922,21.4016,1706.616425512336,1621.72521973,0.9206,1.5712,0.75126,1.7751599999999998,44.9736,7.3322,2.022,37.38966,0.75126,0.13712400000000002,4.7872,1.7336399999999998,0.16243999999999995,19.0762,22.3342,0.72684,0.67298,6.0438,1.6110000000000002,27.1772,4.5916,15.6312,0.5824,17.470799999999997,2.7172,1.681,9.4192,1.0794,13.0246,12.875399999999999,11.907599999999999,1720.500116357612,0,105.5212402300001
2022-04-03_Granada_Rayo Vallecano,2022-04-03,18:30,La Liga,Matchweek 30,Sun,2022,2.0,2.0,Granada,Rayo Vallecano,Draw,1632.86035156,1,18.0,0.358,1.5515999999999999,1.1095599999999999,1.88604,45.3234,12.0508,2.7868,23.825159999999997,0.9513199999999999,0.07697,4.1584,1.57942,0.027819999999999984,13.1234,26.4954,0.7205999999999999,0.49572000000000005,8.9414,1.7768000000000002,27.25,4.2764,17.1524,1.315,20.605,3.7054000000000005,0.5558000000000001,14.4914,1.4916,20.445,16.2528,11.138399999999999,1686.0395486567359,1614.29870605,0.2198,2.0,0.8388200000000001,1.64366,51.3354,12.3858,2.1334,13.67312,0.8388200000000001,0.058968000000000007,5.0928,1.53672,-0.46328,14.313799999999999,28.8654,0.5719799999999999,0.5484600000000001,9.0622,2.56,37.485,5.3918,18.409799999999997,0.7976,20.0026,3.8374000000000006,0.4396,15.4084,2.7768,22.195999999999998,14.5766,19.5246,1647.563452342642,1,18.561645510000062
2022-04-03_Barcelona_Sevilla,2022-04-03,21:00,La Liga,Matchweek 30,Sun,2022,1.0,0.0,Barcelona,Sevilla,Home Win,1912.94274902,1,21.0,3.1812,0.9117999999999999,2.3991,0.69944,67.1736,16.4378,6.01,36.891639999999995,2.22816,0.133002,3.0376,0.6224799999999999,-0.28932,6.9756,50.903800000000004,1.6566199999999998,1.56988,11.555599999999998,2.13,58.9224,10.959999999999999,13.230599999999999,4.2394,17.7106,4.7646,5.569,22.907000000000004,1.7558,28.8632,30.359199999999998,24.013800000000003,1666.64383740027,1825.77868652,0.6022,0.6022,0.8115,0.8533999999999999,62.964200000000005,8.321,2.7778,39.39506,0.6690999999999999,0.0813,2.5736,0.62084,0.01863999999999999,16.901400000000002,30.4026,0.5550999999999999,0.74796,6.222800000000001,1.936,38.460800000000006,5.8826,16.722,1.0882,20.993000000000002,4.767600000000001,0.884,10.5104,1.7886,14.955200000000001,16.6712,16.718600000000002,1636.306061450528,0,87.1640625
2022-04-03_Cadiz_Valencia,2022-04-03,18:30,La Liga,Matchweek 30,Sun,2022,0.0,0.0,Valencia,Cadiz,Draw,1716.90563965,1,18.0,1.2906,1.6218,0.9852799999999999,1.097,40.324600000000004,11.5756,2.9412,25.79014,0.78992,0.066816,2.8891999999999998,1.08696,-0.11264,13.261200000000002,22.5736,0.66728,0.71568,8.649799999999999,2.4848,33.463,8.989,15.4672,0.3956,23.142,6.1046,2.5812,12.222199999999999,3.9432,20.946800000000003,18.864200000000004,12.1152,1740.900421948292,1610.68310547,0.7979999999999999,1.2044,0.6641,1.1025999999999998,50.382,10.8152,2.8728,26.185000000000002,0.6641,0.064114,4.6548,1.4041400000000002,0.19973999999999997,13.4176,28.468599999999995,0.55106,0.62784,8.2162,3.1932,34.8638,5.921,17.5894,1.0352000000000001,20.9958,4.1246,1.5959999999999999,15.154399999999999,1.9304000000000001,19.151400000000002,16.4548,16.357,1613.7187534886639,1,106.22253417999991
2022-04-04_Espanyol_Real Sociedad,2022-04-04,21:00,La Liga,Matchweek 30,Mon,2022,1.0,0.0,Real Sociedad,Espanyol,Home Win,1745.67163086,1,21.0,1.0198,0.0,1.7454,0.63812,57.261199999999995,12.9678,4.719200000000001,36.21452000000001,1.6069400000000003,0.12217599999999999,1.9482,0.33130000000000004,0.33130000000000004,15.9152,26.7328,1.29124,1.46264,9.655800000000001,2.9340000000000006,39.49719999999999,9.620199999999999,13.7912,1.666,21.0826,6.178,1.6816,16.1188,2.6784,22.8236,24.1728,21.17,1652.928119310798,1661.28112793,1.3381999999999998,2.255,1.08114,1.6663200000000002,48.8632,9.123199999999999,3.0038,31.17832,0.969,0.10142199999999998,4.8138,2.0698600000000003,-0.28282,16.196399999999997,29.569000000000003,0.9309999999999999,0.74386,8.2448,2.0298,33.6928,6.840199999999999,17.084,0.9581999999999999,14.235,2.8981999999999997,2.4566,13.918000000000001,0.714,17.2666,14.2666,13.7464,1683.374883129042,0,84.39050293000014
2022-04-08_Granada_Sevilla,2022-04-08,21:00,La Liga,Matchweek 31,Fri,2022,4.0,2.0,Sevilla,Granada,Home Win,1821.44604492,1,21.0,1.3514,0.5758,0.84716,0.6224400000000001,58.3408,12.079,2.4986,18.53798,0.67132,0.054078,2.1582,0.34178,-0.23402,12.149000000000001,31.3834,0.41578,0.64764,7.58,2.7756000000000003,45.2454,7.2432,15.116999999999999,0.7536,25.0104,5.6246,2.4829999999999997,15.1588,1.558,22.18,19.6546,17.1126,1702.930981152464,1630.38293457,1.2728000000000002,2.3622,1.05704,1.8584200000000002,45.525600000000004,9.8034,2.303,25.51936,1.05704,0.10483,6.5256,2.25062,-0.11158000000000001,18.9042,19.9172,0.9594800000000001,0.7559,7.630000000000001,2.0244,26.4444,5.6598,13.142000000000001,1.0906,16.383399999999998,4.4338,1.7856,12.843399999999999,0.9304,16.5874,12.9196,9.987,1717.098939086818,0,191.06311035
2022-04-09_Getafe_Real Madrid,2022-04-09,21:00,La Liga,Matchweek 31,Sat,2022,2.0,0.0,Real Madrid,Getafe,Home Win,1948.5604248,1,21.0,1.971,1.517,2.12706,1.32772,59.644400000000005,19.1432,6.979399999999999,35.81698,1.55268,0.080256,3.9118000000000004,1.26488,-0.25212,5.8549999999999995,54.81100000000001,1.1867400000000001,1.42844,14.6048,1.7798,66.25200000000001,13.52,10.6706,1.9958,19.388600000000004,7.103999999999999,3.6038,27.4074,1.9358000000000002,35.6124,36.074799999999996,28.4962,1707.48452197429,1665.09375,0.976,1.5936,0.78548,1.18244,39.240399999999994,8.446,1.8241999999999998,19.606440000000003,0.36024,0.042004,5.0282,1.7403400000000002,0.36654,15.7164,15.724,0.24024,0.44492,5.666,1.3257999999999999,22.0992,4.1168,18.4568,0.2198,14.4606,3.0154,1.2202,8.0504,2.4594,14.9862,12.339600000000003,7.9204,1658.8118954603722,0,283.46667479999996
2022-04-09_Athletic Club_Villarreal,2022-04-09,18:30,La Liga,Matchweek 31,Sat,2022,1.0,1.0,Villarreal,Athletic Club,Draw,1814.7578125,1,18.0,2.1976,0.5402,2.03832,1.09914,54.864200000000004,12.2788,4.756399999999999,35.21792,1.7677600000000002,0.127612,2.8298,0.48744,-0.05276000000000002,13.9406,40.6998,1.38674,1.7622,9.6534,2.3192000000000004,49.7208,10.5978,13.7504,2.2596,17.6632,6.9138,3.8194,17.560399999999998,2.2042,23.129,28.2478,18.32,1705.0868241693859,1731.30371094,0.5736,1.7167999999999999,0.7038800000000001,1.66424,44.384600000000006,8.593599999999999,2.3978,30.222920000000002,0.7038800000000001,0.09040999999999999,4.4428,1.7216,0.20260000000000003,18.645799999999998,23.409,0.68786,0.5624,6.4288,1.5104000000000002,34.487,5.231,16.8098,1.5026,18.0674,4.699000000000001,0.9494,11.967,1.0244,15.7286,15.346,13.030000000000001,1705.108855982722,1,83.45410156000003
2022-04-09_Betis_Cadiz,2022-04-09,14:00,La Liga,Matchweek 31,Sat,2022,1.0,2.0,Cadiz,Betis,Away Win,1615.34594727,1,14.0,1.202,0.5182,1.0246,0.91898,48.945800000000006,11.5708,4.6404,37.77036,1.0246,0.08894999999999999,2.4008000000000003,0.9540000000000001,0.4358,10.2544,24.695,0.78928,0.8250799999999999,7.8018,2.751,30.3488,6.7097999999999995,13.9672,0.989,20.9418,4.963400000000001,2.024,14.2626,2.2638,20.4722,19.3426,18.578400000000002,1707.136432445526,1757.64599609,1.8832,1.1734,1.3465800000000003,1.3052000000000001,52.827600000000004,11.599400000000001,4.9066,37.147800000000004,1.20418,0.101982,4.0165999999999995,1.25366,0.08026,17.7238,31.7452,0.9172399999999999,0.9913,8.9178,0.9279999999999999,39.6772,7.432600000000001,17.023,1.1076,12.6234,4.283,2.617,16.256,1.367,21.385599999999997,19.780199999999997,14.476999999999999,1695.0423242191678,2,-142.30004882000003
2022-04-10_Alaves_Osasuna,2022-04-10,14:00,La Liga,Matchweek 31,Sun,2022,1.0,0.0,Osasuna,Alaves,Home Win,1682.66809082,1,14.0,1.2728000000000002,0.8376,1.27982,0.83512,43.6648,14.2958,4.494999999999999,30.96114,1.27982,0.083752,2.86,0.8427800000000001,0.005179999999999935,12.0788,30.1454,0.88726,0.87268,9.6054,3.8566000000000003,34.941,8.2266,14.1092,0.6398,23.531000000000002,4.5542,1.897,15.7772,2.6862,23.1906,21.9616,12.9866,1686.931361744972,1594.6060791,0.8,2.6068000000000002,0.7467199999999999,2.09412,43.198,8.1586,2.3932,29.172980000000003,0.7467199999999999,0.100664,5.7108,2.2789599999999997,-0.32784,13.8826,18.5854,0.62916,0.52946,5.9234,1.2938,24.363000000000003,4.3664000000000005,13.684800000000001,0.41759999999999997,18.8114,2.224,1.6,8.0128,1.5699999999999998,12.681799999999999,13.362400000000001,8.2312,1701.6000321053202,0,88.0620117200001
2022-04-10_Barcelona_Levante,2022-04-10,21:00,La Liga,Matchweek 31,Sun,2022,2.0,3.0,Levante,Barcelona,Away Win,1614.69152832,1,21.0,1.6576,1.2522,1.60836,1.00338,49.1198,12.9666,4.421,33.891059999999996,1.60836,0.13037200000000002,3.5799999999999996,1.12094,-0.13125999999999996,12.14,31.314400000000003,1.02196,0.97036,9.6436,2.7003999999999997,43.3176,8.188,11.2936,1.7713999999999999,20.059800000000003,4.7676,2.3848000000000003,13.3316,3.5254,21.151799999999998,23.432000000000002,18.3744,1693.060272486188,1921.59204102,2.7237999999999998,0.7736,2.63436,0.8873,65.4448,13.6944,6.5202,50.95302,2.45852,0.18673599999999999,3.6575999999999995,0.9323400000000001,0.15874,12.156,47.1306,2.1778,1.71344,11.348799999999999,2.9054,51.614,11.0818,15.4744,1.653,18.9398,5.136799999999999,4.8102,19.6436,2.4495999999999998,25.4608,26.2594,22.3168,1718.443528513544,2,-306.9005126999998
2022-04-10_Celta Vigo_Espanyol,2022-04-10,16:15,La Liga,Matchweek 31,Sun,2022,1.0,0.0,Espanyol,Celta Vigo,Home Win,1661.03076172,1,16.0,1.3978,1.1946,1.05622,0.9604,43.614999999999995,9.6878,3.0964000000000005,31.25458,1.05622,0.09775400000000001,4.0254,1.10478,-0.08982,20.4396,23.897399999999998,0.90118,0.79106,7.6655999999999995,0.716,24.863,4.3584000000000005,14.693999999999999,0.9623999999999999,14.3612,3.7736,1.892,11.077,1.464,15.2892,11.3034,13.6874,1725.789296118358,1716.9284668,0.356,1.2,0.75768,1.05594,52.5938,9.145,1.3958,16.64696,0.59944,0.073376,3.6396,0.79046,-0.40954,15.333,25.2174,0.41809999999999997,0.47331999999999996,5.8934,1.5057999999999998,32.6472,6.282,11.673000000000002,0.5646,18.8764,4.6776,0.356,12.8266,0.5956,15.524000000000001,15.5002,15.767199999999999,1710.9517902090658,0,-55.89770507999992
2022-04-10_Elche_Real Sociedad,2022-04-10,18:30,La Liga,Matchweek 31,Sun,2022,1.0,2.0,Elche,Real Sociedad,Away Win,1621.83374023,1,18.0,1.3096,1.0596,1.07504,1.51574,47.82340000000001,9.8842,3.1691999999999996,33.67886,1.07504,0.11486400000000001,3.8834000000000004,1.2057599999999997,0.14616,15.157799999999998,21.2716,0.8409000000000001,0.79328,7.1826,3.1392,28.015,7.5124,14.43,1.8600000000000003,20.5698,4.1979999999999995,1.8216,12.4602,1.2376,17.313200000000002,16.4036,10.448799999999999,1722.976789452832,1754.25354004,0.6154,1.5912,0.89622,1.2863799999999999,46.0432,8.6296,1.7582,,0.72038,,3.8608,1.35922,-0.23197999999999996,17.5808,20.324600000000004,0.57572,0.48378,6.5728,1.0708,26.050600000000003,4.5548,13.5854,0.358,14.145199999999999,3.8974000000000006,1.033,10.330400000000001,1.3944,15.547,16.2316,13.241600000000002,1774.244675560896,2,-132.41979980999986
2022-04-11_Rayo Vallecano_Valencia,2022-04-11,21:00,La Liga,Matchweek 31,Mon,2022,1.0,1.0,Rayo Vallecano,Valencia,Draw,1620.94189453,1,21.0,0.2198,1.356,1.08842,1.17208,50.1066,16.045,3.1758,21.4722,1.08842,0.07033600000000001,3.7296000000000005,1.36758,0.01158000000000001,14.043,31.3528,0.84036,0.99896,10.560000000000002,4.2954,42.7706,8.2346,15.2376,0.38,28.482,4.9744,0.4396,17.9666,2.7644,26.328599999999998,21.3228,20.447400000000002,1747.6997300775242,1716.40856934,0.9404,0.8366,0.70816,1.42128,43.872,7.4002,2.5384,32.59508,0.58356,0.07817800000000001,4.2518,1.08834,0.25174,20.976799999999997,21.008599999999998,0.47052,0.47659999999999997,4.162599999999999,1.3736,25.349999999999998,5.0016,17.731,0.442,16.9238,3.5883999999999996,1.7027999999999999,9.0378,1.2198,12.84,13.416800000000002,10.599,1617.854303565582,1,-95.46667481000009
2022-04-15_Betis_Real Sociedad,2022-04-15,21:00,La Liga,Matchweek 32,Fri,2022,0.0,0.0,Real Sociedad,Betis,Draw,1764.33544922,1,21.0,1.0178,0.0,1.8629600000000002,0.6143000000000001,62.2282,13.8478,5.0356,36.63096,1.543,0.11030799999999999,2.2418,0.37142,0.37142,13.237400000000001,32.6082,1.3109600000000001,1.4607999999999999,10.8112,2.9406000000000003,48.791799999999995,11.756,12.747200000000001,1.211,20.786,6.160200000000001,1.8576,19.514,2.178,25.815799999999996,27.141800000000003,24.26,1646.839010156214,1771.44836426,2.039,1.156,1.3419,1.31908,55.8958,11.339199999999998,3.939,28.125959999999996,1.01838,0.086248,3.3382,1.28268,0.12668000000000001,17.8632,32.867799999999995,0.7834,0.8312200000000001,7.9932,0.8351999999999999,41.138999999999996,6.2684,15.711400000000001,1.241,13.149400000000002,4.2546,2.7994000000000003,14.665,1.7186,21.190800000000003,18.092599999999997,16.6152,1681.271427075964,1,-7.112915039999962
2022-04-16_Elche_Mallorca,2022-04-16,14:00,La Liga,Matchweek 32,Sat,2022,3.0,0.0,Elche,Mallorca,Home Win,1618.73498535,1,14.0,1.2786,1.442,1.08516,1.69272,48.33,10.6166,2.8080000000000003,26.9847,1.08516,0.11225600000000001,4.3834,1.27724,-0.16476,14.941799999999999,22.9982,0.85002,0.91928,7.5968,3.8019999999999996,29.711599999999997,8.2262,13.9104,1.6740000000000002,24.841,5.2992,1.9836,13.5234,1.8464,18.9236,18.337600000000002,12.645999999999999,1719.243403344872,1607.99389648,0.7714000000000001,2.0918,0.7677200000000001,1.8063200000000004,45.0012,9.1448,2.0174000000000003,21.669020000000003,0.62926,0.07224000000000001,4.8256,1.67056,-0.26104000000000005,14.203000000000001,21.1068,0.48684,0.7862,6.2044,2.1734,30.3246,8.154,14.615400000000001,0.9581999999999999,18.2632,4.759200000000001,0.9494,10.3536,1.0376,14.551599999999999,15.0886,13.772400000000001,1706.967521897098,0,10.741088869999885
2022-04-16_Getafe_Villarreal,2022-04-16,21:00,La Liga,Matchweek 32,Sat,2022,1.0,2.0,Getafe,Villarreal,Away Win,1670.59020996,1,21.0,1.8146,0.716,1.1171200000000001,0.54058,51.7436,13.9678,4.4654,31.93382,0.92176,0.067536,1.8344,0.4651,-0.2865,13.2552,25.2986,0.67888,0.61932,8.620999999999999,1.1978,23.7808,4.063,18.4304,0.4044,18.334400000000002,4.5036000000000005,3.291,14.663,3.2051999999999996,24.1422,17.4802,14.0788,1626.784028956228,1835.57006836,1.0324,1.084,1.45228,1.52582,58.4196,9.5678,2.2766,25.24568,1.2564799999999998,0.11209999999999999,4.3014,1.1338,0.04980000000000001,13.2784,33.191199999999995,0.9254199999999999,0.9482,8.3654,1.4586,49.50020000000001,10.595600000000001,16.3668,2.0886,15.578799999999998,5.5126,1.5308,13.232000000000001,1.1184,17.247,25.046,22.4828,1645.023069360516,2,-164.9798584
2022-04-16_Alaves_Rayo Vallecano,2022-04-16,16:15,La Liga,Matchweek 32,Sat,2022,1.0,0.0,Alaves,Rayo Vallecano,Home Win,1593.77355957,1,16.0,0.884,1.1084,1.2658,1.4091,39.1912,10.092,2.968,32.5002,0.9122,0.095482,3.4354,1.10892,0.0005200000000000204,17.1896,20.439600000000002,0.8086599999999999,0.8599400000000001,7.7232,4.163,26.8476,8.7594,13.563400000000001,0.5736,25.8458,4.8526,1.5702,12.2634,3.0836,18.6826,19.8232,11.0558,1741.110171995986,1625.09191895,0.6862,2.0,0.73402,1.6460400000000002,48.3156,10.8496,2.0318,17.51784,0.73402,0.061072,6.0604,1.6895600000000002,-0.31043999999999994,17.157,24.0508,0.53712,0.47152,7.9026000000000005,2.704,31.4872,4.3873999999999995,17.7364,0.5736,18.0166,3.5654,1.3724,13.3932,2.6992,19.5696,13.8538,16.021,1627.866806223798,0,-31.318359379999947
2022-04-16_Osasuna_Valencia,2022-04-16,18:30,La Liga,Matchweek 32,Sat,2022,1.0,2.0,Valencia,Osasuna,Away Win,1719.24182129,1,18.0,1.0173999999999999,1.1712,0.8346600000000001,0.7233200000000001,43.4112,9.9086,2.747,26.897640000000003,0.6588200000000001,0.058808,2.7560000000000002,0.83518,0.04397999999999999,14.012,26.656000000000002,0.55286,0.66528,7.319599999999999,1.8596,36.4356,7.869199999999999,16.5972,0.8444,23.183600000000002,5.461399999999999,2.0347999999999997,11.423,3.1162,18.2658,18.1892,14.745999999999999,1721.557309033418,1690.48376465,1.0986,2.0538,0.8419800000000001,2.3359,40.9142,10.196200000000001,3.6012,40.05034,0.8419800000000001,0.07043800000000001,5.7752,1.97482,-0.07898,14.9158,20.731,0.71954,0.71708,7.6358,2.617,26.1584,5.2888,11.6764,0.38,17.8364,4.2888,2.1972,13.393199999999998,2.123,18.8104,14.476199999999999,8.6904,1738.8381776145861,2,28.75805663999995
2022-04-17_Athletic Club_Celta Vigo,2022-04-17,18:30,La Liga,Matchweek 32,Sun,2022,0.0,2.0,Athletic Club,Celta Vigo,Away Win,1743.19799805,1,18.0,2.334,0.822,2.14332,0.47624,51.711200000000005,16.055,7.1544,45.29216,1.84268,0.11933999999999999,2.1602,0.5931,-0.2289,10.8154,30.3916,1.7101000000000002,1.38534,13.1514,4.2914,49.5744,10.7908,13.2102,1.495,25.019199999999998,6.128,4.2922,20.608600000000003,3.5546,30.0184,24.053800000000003,19.4194,1650.364917969942,1712.71923828,0.3204,1.18,0.81958,1.0227,51.76899999999999,10.095600000000001,2.4772,27.19218,0.67718,0.073598,3.3314,0.74256,-0.43744,14.1788,26.0512,0.4163,0.49158,6.336600000000001,2.1878,34.68,6.986400000000001,11.7058,1.1966,19.133000000000003,4.3656,0.3204,13.5648,0.7802,16.725,17.4038,19.0976,1695.080508056546,2,30.478759770000124
2022-04-17_Real Madrid_Sevilla,2022-04-17,21:00,La Liga,Matchweek 32,Sun,2022,2.0,3.0,Sevilla,Real Madrid,Away Win,1832.84802246,1,21.0,2.0488,1.0066,1.36966,0.76556,60.4282,13.3362,4.058,27.45116,1.21142,0.082532,2.875,0.52296,-0.48363999999999996,12.2784,31.357,1.01028,1.07802,9.0872,3.2864,53.7452,10.4818,12.675,1.5108000000000001,27.64,7.76,3.8998,18.4058,1.3579999999999999,24.448,26.358999999999998,18.1784,1693.4617213862102,1967.55432129,1.3456,0.4044,1.93394,1.09184,59.334,12.236,4.3294,35.87714,1.1940000000000002,0.096288,3.7060000000000004,1.0360399999999998,0.63164,17.454,40.882999999999996,1.11842,1.11174,10.897799999999998,1.464,52.0528,9.688,15.150400000000001,1.7724,13.490000000000002,5.8073999999999995,2.4714,18.5808,1.9118,24.805600000000002,23.0026,23.437799999999996,1673.068380417752,2,-134.70629882999992
2022-04-17_Granada_Levante,2022-04-17,14:00,La Liga,Matchweek 32,Sun,2022,1.0,4.0,Granada,Levante,Away Win,1634.2956543,1,14.0,0.6664,1.7406,1.38164,1.8062,50.9848,12.734199999999998,3.885,29.52898,1.0438800000000001,0.078716,4.575,1.7888799999999998,0.04828000000000001,13.5876,32.428,0.85508,0.55942,10.0242,2.9202000000000004,30.9328,5.2258,15.0512,1.0394,23.4194,4.1232,1.0886,15.0868,2.6192,22.1218,20.3792,13.9668,1646.778137815346,1615.3972168,0.8398,2.0704000000000002,0.87726,1.83996,49.5772,10.0312,3.2201999999999997,34.92318,0.87726,0.0877,5.7186,2.3188400000000002,0.24843999999999997,16.5098,24.6092,0.54642,0.6009,7.995799999999999,1.0596,33.398799999999994,6.4752,12.661,0.534,13.4208,3.7082000000000006,1.6796,11.585,2.6861999999999995,17.1792,18.1366,13.4432,1680.170013866882,2,18.8984375
2022-04-18_Barcelona_Cadiz,2022-04-18,21:00,La Liga,Matchweek 32,Mon,2022,0.0,1.0,Barcelona,Cadiz,Away Win,1902.8873291,1,21.0,3.1072,0.6764,2.47898,0.6894800000000001,64.8028,17.7036,6.4416,37.31368,2.32512,0.132584,3.1780000000000004,0.5181199999999999,-0.15828000000000003,7.2661999999999995,51.423,1.8251600000000001,1.85036,13.1096,2.8496,59.119,12.0852,11.9422,4.304,19.893,5.6208,5.500400000000001,24.6144,2.0244,31.207600000000003,33.4864,24.1128,1695.166025949668,1610.37365723,0.7182,0.7956,0.59326,0.7239399999999999,51.397,9.8452,3.1738,39.472480000000004,0.59326,0.056818,3.7126,1.00418,0.20858,12.478200000000001,31.305,0.49152,0.6483,7.6502,2.9295999999999998,35.60719999999999,6.117,17.1306,0.9316,20.263399999999997,3.4354,1.4364,14.338600000000001,1.5932,17.6476,15.3206,16.1652,1633.63406340159,2,292.51367187000005
2022-04-19_Alaves_Mallorca,2022-04-19,19:00,La Liga,Matchweek 33,Tue,2022,2.0,1.0,Mallorca,Alaves,Home Win,1591.19262695,1,19.0,0.7248,1.5534,1.3000200000000002,1.19734,45.831599999999995,14.343399999999999,2.5204,18.23936,0.9765,0.066716,2.9690000000000003,1.2412800000000002,-0.31212,11.334800000000001,24.5806,0.6954,0.75044,9.567200000000001,1.6152,35.3302,7.5200000000000005,14.01,1.1912,19.114200000000004,4.5106,0.9690000000000001,16.6698,3.3672,24.078200000000002,19.5234,14.9526,1737.85695012233,1594.26171875,0.5758,2.1578,0.66436,2.26776,41.513000000000005,8.431000000000001,2.3538,27.5583,0.66436,0.08362,5.5398000000000005,2.47416,0.3163600000000001,14.9386,19.4036,0.54856,0.49768,6.3194,0.976,23.349800000000002,4.0854,13.0396,0.3758,16.588,2.3016,1.1516,8.744,1.6572,13.145999999999999,13.0702,8.108,1709.27690268581,0,-3.069091800000024
2022-04-19_Betis_Elche,2022-04-19,21:00,La Liga,Matchweek 33,Tue,2022,0.0,1.0,Betis,Elche,Away Win,1766.84204102,1,21.0,1.7504,1.336,1.78926,0.9768,56.6556,14.935400000000001,5.432,39.273160000000004,1.66466,0.102384,3.0176000000000003,1.0145000000000002,-0.3215,13.6556,33.666399999999996,1.3114,1.2118,12.1144,1.4176,42.7026,8.0464,13.003599999999999,2.8122,18.492800000000003,7.436400000000001,2.683,18.72,2.4796,26.494,23.9476,17.6586,1682.661273214856,1622.56713867,0.7844,1.7582,0.65406,1.87416,46.685399999999994,7.631600000000001,2.0198,32.16502,0.65406,0.093926,5.4852,1.90446,0.14626000000000003,19.9132,18.6496,0.63208,0.55358,6.372,1.0173999999999999,27.047800000000002,4.0440000000000005,15.568,0.38,18.4884,3.4222,1.5688,10.0984,1.2156,13.6874,11.855400000000001,11.6726,1730.030916504254,2,144.27490234999982
2022-04-19_Valencia_Villarreal,2022-04-19,21:30,La Liga,Matchweek 33,Tue,2022,2.0,0.0,Villarreal,Valencia,Home Win,1834.90258789,1,21.0,1.9336,0.442,1.8491,1.32782,55.522000000000006,12.006599999999999,5.2132000000000005,40.39842,1.7209400000000001,0.12829200000000002,3.291,0.8105600000000001,0.36856,15.0678,36.3018,1.3624599999999998,1.5549999999999997,9.2438,1.899,47.1858,9.0286,14.0638,2.3778,16.8202,6.9224,3.349,16.671599999999998,1.7954,21.995,26.989800000000002,20.262200000000004,1727.38720061075,1701.97253418,0.8022,0.5646,0.6585199999999999,1.06518,45.2826,7.1160000000000005,2.3404000000000003,31.281859999999998,0.54638,0.075478,3.9381999999999997,0.94208,0.37748,19.4696,22.561200000000003,0.44464,0.47336,4.4906,1.3362,28.433600000000002,5.0014,17.657999999999998,0.3978,16.4314,3.6296,1.4442,9.9108,0.9536,12.756,12.2542,11.8484,1621.932387891606,0,132.93005371000004
2022-04-20_Celta Vigo_Getafe,2022-04-20,20:00,La Liga,Matchweek 33,Wed,2022,0.0,2.0,Celta Vigo,Getafe,Away Win,1706.23474121,1,20.0,1.5338,1.2598,1.44834,1.54554,55.8972,11.138,4.4576,40.26832,1.2901,0.124394,2.8124000000000002,1.15862,0.09661999999999998,9.0454,32.643,1.0745,1.10958,7.5954,2.1656,44.970800000000004,9.6446,12.5198,1.2786,25.822599999999998,4.906,2.672,15.187800000000001,0.8088,20.1158,20.1338,24.213600000000003,1721.238731030282,1658.28869629,0.8784000000000001,1.9225999999999999,0.76134,1.3396000000000001,38.8044,8.2572,1.3534000000000002,14.445,0.37864,0.045688,6.0466,1.8661400000000001,0.14134,16.5778,14.1306,0.21180000000000002,0.42042,5.4552,1.1932,21.389,3.6608,17.534200000000002,0.1978,14.1026,2.9137999999999997,1.0982,8.389600000000002,2.4134,14.6992,12.0612,7.195600000000001,1717.530260278154,2,47.94604492000008
2022-04-20_Osasuna_Real Madrid,2022-04-20,21:30,La Liga,Matchweek 33,Wed,2022,1.0,3.0,Osasuna,Real Madrid,Away Win,1694.78393555,1,21.0,1.1014,0.7538,1.34748,0.84486,46.663799999999995,14.1222,4.0572,28.28934,1.15212,0.075728,2.9182,0.76852,0.014720000000000014,10.129000000000001,27.414399999999997,0.8853200000000001,0.79008,10.1334,3.3384,36.4146,7.338799999999999,11.6564,0.82,23.1568,5.0872,1.7631999999999999,16.5322,2.6176,23.1276,21.200400000000002,12.455400000000001,1680.913759083412,1961.06970215,1.9436,0.7081999999999999,1.9326400000000001,1.0726600000000002,57.5258,12.6566,4.784800000000001,37.93282,1.26666,0.098982,3.3912,1.0413000000000001,0.33310000000000006,17.141199999999998,45.346199999999996,1.16422,1.3059,10.7638,1.4176,50.3286,10.74,13.5818,0.8742,13.452599999999999,4.6613999999999995,3.6894,18.4344,1.6764000000000001,24.292600000000004,27.197400000000002,23.605400000000003,1718.0977862778361,2,-266.2857666
2022-04-21_Espanyol_Rayo Vallecano,2022-04-21,19:00,La Liga,Matchweek 33,Thu,2022,0.0,1.0,Espanyol,Rayo Vallecano,Away Win,1665.73876953,1,19.0,1.3579999999999999,0.4984,1.0662,0.7136800000000001,45.251000000000005,9.675,2.6984,27.77164,1.0662,0.09998,3.6904000000000003,0.6506000000000001,0.1522,19.6956,25.2168,0.78014,0.5456799999999999,7.4108,1.0886,28.7396,6.287800000000001,17.4548,0.822,13.760199999999998,3.0196,1.9028,10.404399999999999,1.4176,15.3722,13.406,14.430599999999998,1722.288842481902,1611.63464355,0.6175999999999999,1.7558,0.89038,1.3584,51.414,13.9274,2.5612,19.42912,0.89038,0.065732,5.954400000000001,1.53732,-0.21848,15.5646,25.4222,0.70318,0.8006599999999999,10.3426,2.7778,34.845,6.0022,15.853200000000001,0.7604,22.787,5.8508,1.2351999999999999,18.2702,3.7502000000000004,25.594,18.2848,16.9396,1624.310327781788,2,54.104125979999935
2022-04-21_Athletic Club_Cadiz,2022-04-21,20:00,La Liga,Matchweek 33,Thu,2022,2.0,3.0,Cadiz,Athletic Club,Away Win,1610.37365723,1,20.0,1.0376,0.6664,1.10984,0.8994,47.1414,11.4138,4.332199999999999,35.55148,1.10984,0.098824,1.6398,0.87324,0.20684000000000002,10.961400000000001,21.3624,0.69712,0.75372,7.4776,2.5876,29.1368,6.8388,14.158800000000001,0.8899999999999999,21.491799999999998,5.9879999999999995,1.389,14.036600000000002,2.4816000000000003,20.0252,18.9082,18.1322,1727.1430006582982,1736.71337891,0.7604,1.7892000000000001,0.9576800000000001,1.7431,41.351,9.2228,3.3348000000000004,36.52582,0.9576800000000001,0.10646,5.075200000000001,1.838,0.22680000000000003,16.151,23.5684,0.93326,0.77152,7.2186,1.9478,33.197,6.0405999999999995,17.2172,1.0198,19.0378,3.9966,1.3428,13.0472,1.022,17.2212,16.444399999999998,12.2062,1747.097807764956,2,-126.33972168000014
2022-04-21_Barcelona_Real Sociedad,2022-04-21,21:30,La Liga,Matchweek 33,Thu,2022,0.0,1.0,Real Sociedad,Barcelona,Away Win,1755.97277832,1,21.0,0.916,0.0,1.78108,0.6317,59.831199999999995,13.363,4.5878000000000005,33.58696,1.4931,0.110718,2.2176,0.33986000000000005,0.33986000000000005,12.413,31.959600000000002,1.3419400000000001,1.4335400000000003,11.1068,3.4350000000000005,47.2482,12.4574,12.0398,1.5782,22.5728,6.4884,1.6718,19.5394,1.916,25.3668,26.583799999999997,23.7782,1676.30659914628,1902.8873291,3.0398,1.1846,2.4476400000000003,1.5423200000000001,63.470000000000006,14.3018,7.0008,52.29918,2.2893999999999997,0.168408,4.2244,1.69936,0.51476,11.595799999999999,43.0342,2.0023400000000002,1.58,11.3582,3.4474,48.269000000000005,11.117799999999999,12.8964,1.976,17.3038,3.9137999999999997,5.506,22.5864,1.1954,27.0126,27.2988,24.427000000000003,1711.053999558102,2,-146.9145507799999
2022-04-21_Levante_Sevilla,2022-04-21,19:00,La Liga,Matchweek 33,Thu,2022,2.0,3.0,Levante,Sevilla,Away Win,1608.91259766,1,19.0,1.9802,1.5712000000000002,2.1336,1.09516,43.726200000000006,11.4606,3.3138,28.92162,1.54752,0.138986,4.643,1.25652,-0.31468000000000007,13.479399999999998,28.599400000000003,1.03416,0.8367800000000001,8.8024,1.9536,38.016000000000005,8.269,9.8108,1.6942,16.037399999999998,4.114,3.1229999999999998,12.333200000000001,3.2285999999999997,19.683,24.465400000000002,15.9742,1767.143230836782,1826.36352539,0.3978,0.642,0.74708,1.1599000000000002,57.995400000000004,7.712,2.8000000000000003,41.0087,0.6189199999999999,0.08116999999999999,3.4930000000000003,0.86294,0.22094,18.376399999999997,29.9852,0.4619,0.63548,5.4235999999999995,1.454,37.2932,5.4058,14.663800000000002,0.8351999999999999,19.3608,4.2024,0.7956,10.359000000000002,1.033,14.038400000000001,16.2156,15.093200000000001,1693.59859086824,2,-217.45092772999988
2022-04-24_Barcelona_Rayo Vallecano,2022-04-24,21:00,La Liga,Matchweek 21,Sun,2022,0.0,1.0,Barcelona,Rayo Vallecano,Away Win,1887.07568359,1,21.0,2.3638000000000003,0.5646,2.13474,0.84824,66.0106,17.589,6.2532000000000005,36.40746,1.99628,0.11623,3.4044,0.634,0.0694,6.5512,56.441,1.6316799999999998,1.77648,13.5312,3.053,66.1886,13.7302,11.283000000000001,2.8200000000000003,24.3878,6.291399999999999,4.2292000000000005,24.0644,1.7777999999999998,30.6542,34.358599999999996,27.1994,1690.241230907486,1611.63464355,0.8,1.2918,0.8325,1.2192600000000002,49.852,14.123199999999999,2.7933999999999997,21.24596,0.8325,0.061273999999999995,5.414600000000001,1.33144,0.03964000000000004,13.1216,25.392000000000003,0.65844,0.7662,10.2526,2.3116000000000003,32.4424,5.0812,15.379199999999997,0.7844,24.938799999999997,7.4193999999999996,1.6,18.5202,3.1868000000000003,25.711599999999997,18.4566,16.9574,1621.180804442096,2,275.44104003999996
2022-04-29_Cadiz_Sevilla,2022-04-29,21:00,La Liga,Matchweek 34,Fri,2022,1.0,1.0,Sevilla,Cadiz,Draw,1824.68603516,1,21.0,2.044,1.3502,1.2939,0.8811,54.781000000000006,11.405,3.564,28.0863,1.1515,0.09349199999999999,3.476,0.84814,-0.50206,12.6272,28.9472,1.02256,1.0158399999999999,8.246,3.402,46.501400000000004,9.401200000000001,11.7864,1.3598,23.0482,5.9748,3.91,16.367800000000003,0.9338,21.0964,24.5026,16.7514,1757.853021997382,1618.69067383,0.6022,0.716,0.84812,0.8004,47.70299999999999,9.172,3.5447999999999995,48.20942,0.84812,0.13583800000000001,3.6530000000000005,1.03258,0.31658,14.375399999999999,29.373599999999996,0.57562,0.61904,7.1408,2.3482,33.201,5.461,16.5848,0.9384,18.503999999999998,3.0476,0.9601999999999999,13.26,1.5338,16.8822,14.8324,15.16,1705.254040110366,1,205.99536133000015
2022-04-30_Alaves_Villarreal,2022-04-30,14:00,La Liga,Matchweek 34,Sat,2022,2.0,1.0,Alaves,Villarreal,Home Win,1586.16296387,1,14.0,1.0398,0.9976,1.1892,1.3970399999999998,38.4956,10.0386,3.748,39.164300000000004,0.87096,0.090932,3.536,1.10686,0.10926000000000005,19.2682,19.0864,0.75336,0.75068,7.6508,3.5582000000000003,25.6304,7.606599999999999,12.430200000000001,0.7604,22.1102,3.8463999999999996,1.9016,12.081199999999999,2.3426,18.17,17.022199999999998,9.9294,1716.6210382084919,1835.66235352,1.1292,1.2198,1.8366400000000003,1.5065,61.2168,9.999600000000001,3.0816,31.22826,1.66042,0.143638,4.6596,1.1881000000000002,-0.031700000000000006,17.1018,34.934200000000004,1.3380400000000001,1.17434,8.5732,0.9802,49.7682,10.136,16.0978,2.7124,14.9324,5.5614,1.5336,13.5974,0.9623999999999999,17.711,26.295199999999998,22.855000000000004,1635.416414623402,0,-249.49938964999978
2022-04-30_Espanyol_Real Madrid,2022-04-30,16:15,La Liga,Matchweek 34,Sat,2022,4.0,0.0,Real Madrid,Espanyol,Home Win,1968.09338379,1,16.0,1.9738,1.077,1.81478,1.2061600000000001,60.912000000000006,20.549799999999998,7.2256,34.95456,1.51414,0.073904,3.2324,0.9510000000000001,-0.126,6.3020000000000005,59.2684,1.1748,1.3979,16.0212,1.6576,68.0026,12.114199999999999,10.703599999999998,1.6520000000000001,19.0286,7.3936,3.7874,27.2898,3.2632000000000003,37.0394,31.0856,25.463,1711.469683106894,1650.50048828,0.7802,2.1164,0.6299,1.90554,42.659600000000005,7.998799999999999,2.6950000000000003,31.87274,0.6299,0.081248,5.243599999999999,2.2854399999999995,0.08991999999999997,16.3388,25.401600000000002,0.54128,0.45116,6.6486,1.0564,29.084000000000003,4.1172,18.7682,0.358,11.0044,2.1428000000000003,1.1382,11.8452,1.0882,15.2194,12.0442,11.337399999999999,1687.329485594652,0,317.59289551000006
2022-04-30_Levante_Valencia,2022-04-30,18:30,La Liga,Matchweek 34,Sat,2022,1.0,1.0,Valencia,Levante,Draw,1695.50830078,1,18.0,1.0156,1.3981999999999999,0.9965200000000001,0.7898000000000001,46.7656,9.9176,2.9164,28.649220000000003,0.64292,0.057926000000000005,2.7804,1.11348,-0.08692,13.955,24.0928,0.52314,0.62432,7.243399999999999,1.7736,32.5968,6.8612,19.268,1.0042,23.842000000000002,6.5362,2.0312,10.704,3.3928000000000003,18.339000000000002,18.258399999999998,16.6694,1696.172764380638,1620.21118164,1.7326000000000001,1.675,1.6698,1.7847799999999998,47.3454,11.3492,4.3192,39.5021,1.47444,0.125442,4.97,2.1348399999999996,0.45984,21.0752,24.7928,1.2255399999999999,0.78176,8.928999999999998,1.442,29.763600000000004,5.7951999999999995,11.473799999999999,1.2132,11.1602,2.6721999999999997,3.221,13.3804,1.8965999999999998,19.9036,19.367400000000004,13.1108,1672.217030347168,1,75.29711913999995
2022-05-01_Celta Vigo_Granada,2022-05-01,16:15,La Liga,Matchweek 34,Sun,2022,1.0,1.0,Granada,Celta Vigo,Draw,1615.70336914,1,16.0,0.844,2.255,1.38676,2.27516,51.142599999999995,14.5028,4.1850000000000005,27.88002,1.0827600000000002,0.07063599999999999,5.0618,2.2596,0.0045999999999999895,11.586799999999998,31.5294,0.88842,0.76326,10.742799999999999,2.6282,30.5956,5.88,13.004000000000001,1.2796,26.308200000000003,6.3088,1.4682,16.1316,3.0900000000000003,25.1052,21.7836,15.323999999999998,1638.7255628896,1703.46643066,0.4884,0.7736,0.73436,0.88392,53.7546,9.6858,2.6296,31.14488,0.6062000000000001,0.063588,2.9098,0.68504,-0.08856,12.1866,25.4786,0.42908,0.5845199999999999,6.447,1.969,35.2094,7.4644,12.367799999999999,1.077,19.628600000000002,4.9056,0.9768,13.196200000000001,1.0464,16.4404,17.439999999999998,18.832,1685.5261129408523,1,-87.76306152000006
2022-05-01_Rayo Vallecano_Real Sociedad,2022-05-01,18:30,La Liga,Matchweek 34,Sun,2022,1.0,1.0,Rayo Vallecano,Real Sociedad,Draw,1636.59997559,1,18.0,0.442,1.3204,0.8377399999999999,1.11928,48.8664,12.9452,3.4024,26.72828,0.8377399999999999,0.067862,3.4124000000000003,1.35406,0.033659999999999975,12.4292,29.532000000000004,0.63774,0.8292999999999999,7.841200000000001,3.4890000000000003,39.510600000000004,7.446000000000001,14.3488,0.6862,24.4618,4.4002,0.6398,14.1538,1.767,20.3936,19.6162,18.761,1745.070526563672,1747.9284668,1.0422,1.6762,1.16404,1.14562,44.9972,10.764600000000002,2.7592,,1.0058,,3.2862,1.3709200000000001,-0.30528,16.8462,22.145799999999998,0.8167599999999999,0.7440199999999999,7.880799999999999,1.308,28.676000000000002,5.231999999999999,12.906000000000002,0.178,12.8776,4.4078,1.9064,12.3396,1.9992,18.9114,19.7274,15.1594,1746.8570322489381,1,-111.32849121000004
2022-05-01_Elche_Osasuna,2022-05-01,14:00,La Liga,Matchweek 34,Sun,2022,1.0,1.0,Elche,Osasuna,Draw,1634.11608887,1,14.0,1.4508,1.1536,1.2375800000000001,1.75992,47.9322,9.0014,2.4388,28.29378,1.2375800000000001,0.154428,4.1450000000000005,1.10738,-0.04622000000000001,14.415,24.031200000000002,0.90828,0.8641,6.4719999999999995,3.1892,31.5382,8.3476,14.3078,1.074,21.9826,4.2484,1.897,11.585,1.6176,16.2126,17.3828,13.037600000000001,1710.6913614250238,1688.2890625,1.1888,2.0926,0.72362,2.3188400000000002,42.300000000000004,8.8232,2.7201999999999997,35.834140000000005,0.52826,0.054418,5.886,2.0515,-0.04110000000000001,15.124399999999998,21.835,0.43248000000000003,0.54118,6.7072,2.5552,26.354599999999998,4.9274000000000004,11.5646,0.1978,16.3994,4.6484,2.1334,11.3238,2.455,16.8994,12.3544,6.7794,1744.395373512754,1,-54.17297362999989
2022-05-01_Barcelona_Mallorca,2022-05-01,21:00,La Liga,Matchweek 34,Sun,2022,2.0,1.0,Barcelona,Mallorca,Home Win,1876.42407227,1,21.0,1.5506,0.46399999999999997,2.19214,0.64926,68.4284,18.927599999999998,6.0278,31.785700000000002,2.06754,0.113164,2.7314000000000003,0.44202,-0.021979999999999972,4.8542,56.2412,1.63614,1.81972,13.6104,3.8244000000000002,70.8074,14.910600000000002,11.754999999999999,4.247199999999999,29.698400000000003,7.4274,2.941,25.099400000000003,1.3116,32.507000000000005,37.306200000000004,30.163400000000003,1684.8024967269962,1596.06921387,0.6942,2.1826,0.8842000000000001,1.74242,45.63340000000001,10.2512,2.0156,19.65742,0.7596,0.07125000000000001,3.9662,1.3604599999999998,-0.57794,12.7292,23.8146,0.6114200000000001,0.76432,6.7164,1.9118,33.4546,7.938400000000001,15.5306,0.9623999999999999,17.9922,3.6622000000000003,0.8544,12.46,1.178,17.3708,17.3658,14.927599999999998,1673.426860056218,0,280.3548583999998
2022-05-02_Betis_Getafe,2022-05-02,21:00,La Liga,Matchweek 34,Mon,2022,0.0,0.0,Getafe,Betis,Draw,1673.16186523,1,21.0,1.3006,0.8444,1.09542,1.04492,49.3716,13.770999999999999,4.663,34.1214,0.9195800000000001,0.07022400000000001,2.5394,0.8648799999999999,-0.01156,12.641,26.313200000000002,0.71982,0.71506,8.6588,2.1548,23.870600000000003,5.5778,16.9544,0.7081999999999999,21.9638,4.9416,2.441,14.896799999999999,3.2288,23.5838,18.0764,14.6478,1670.4350564464999,1752.07092285,1.2584,0.8962,0.98378,1.20508,51.866800000000005,10.3844,3.0242,23.52514,0.80794,0.07253000000000001,2.916,1.14232,0.24611999999999998,19.5306,27.8646,0.5720400000000001,0.69716,6.7846,0.9958,36.0204,5.5206,17.0612,1.0286,10.8926,3.3524000000000003,1.7986,13.1008,1.2584,19.085800000000003,14.543800000000001,15.733,1705.4877093523041,1,-78.90905761999988
2022-05-06_Levante_Real Sociedad,2022-05-06,21:00,La Liga,Matchweek 35,Fri,2022,2.0,1.0,Levante,Real Sociedad,Home Win,1628.1854248,1,21.0,1.9822,1.5699999999999998,2.33448,1.1079999999999999,44.28580000000001,11.7586,3.6266000000000003,30.629420000000003,1.44066,0.126878,4.058,1.29326,-0.27674,12.3548,27.7068,1.1272600000000002,0.80426,9.4988,1.9582,36.2164,7.942,10.218,1.4806,15.901,5.4236,2.9666,12.355800000000002,2.8614,20.447200000000002,24.8514,15.288200000000002,1785.1254475112519,1750.79772949,1.1822,1.176,1.1609,0.9692,46.4306,10.344199999999999,2.9276000000000004,,1.0185,,3.5134,1.16754,-0.008459999999999981,17.8382,25.8268,0.85278,0.7240599999999999,8.2254,1.5213999999999999,30.738999999999997,6.6182,13.548,0.4044,14.6434,4.6114,2.2042,11.5732,2.0436,18.4206,20.520200000000003,14.211,1724.5138669418861,0,-122.61230468999997
2022-05-07_Granada_Mallorca,2022-05-07,14:00,La Liga,Matchweek 35,Sat,2022,2.0,6.0,Mallorca,Granada,Away Win,1598.64208984,1,14.0,0.7081999999999999,1.3538,1.09142,0.99338,44.77140000000001,11.966999999999999,2.4242000000000004,27.21768,0.91558,0.08758,3.3604000000000003,1.10058,-0.009020000000000028,15.2086,22.989600000000003,0.6770200000000001,0.73538,8.100999999999999,1.3094000000000001,32.8432,7.267799999999999,14.8416,1.072,15.307200000000002,3.1944,1.4163999999999999,14.937199999999999,2.6980000000000004,20.651400000000002,17.1966,15.0454,1704.5043854978298,1620.56433105,1.211,2.1292,0.92548,1.99168,40.428399999999996,11.029000000000002,2.5012,21.37912,0.92548,0.077172,5.183000000000001,2.1273600000000004,-0.001839999999999925,23.249800000000004,20.4604,0.80548,0.68628,8.449,1.971,25.696199999999997,5.006399999999999,11.106800000000002,1.2176,14.2198,3.1682000000000006,1.8462,13.947,1.413,17.8604,12.5834,8.297600000000001,1687.9291665030983,2,-21.92224121000004
2022-05-07_Barcelona_Betis,2022-05-07,21:00,La Liga,Matchweek 35,Sat,2022,1.0,2.0,Betis,Barcelona,Away Win,1755.84716797,1,21.0,1.5754000000000001,1.1582000000000001,1.81692,0.89582,57.9668,16.5398,5.1888,34.62154,1.70478,0.09914799999999999,2.5274,0.9697600000000001,-0.18844,12.269,36.7744,1.30356,1.25948,13.5566,2.841,45.5952,8.7744,14.224200000000002,1.81,20.297,6.316,2.4148,21.567,2.3316,29.7404,25.0626,19.2464,1651.802492282298,1882.25280762,2.6916,0.7778,2.2550999999999997,1.42488,58.8832,13.582999999999998,5.968,44.70922,2.1127,0.16356400000000001,4.4462,1.4653,0.6875,15.1874,37.3048,1.8932,1.59758,11.078000000000001,2.1934,43.14880000000001,10.184999999999999,12.23,2.611,12.524600000000001,3.5340000000000003,4.867000000000001,22.0834,0.9316,25.8784,25.1268,21.754,1732.868810838198,2,-126.40563965000001
2022-05-07_Alaves_Celta Vigo,2022-05-07,18:30,La Liga,Matchweek 35,Sat,2022,4.0,0.0,Celta Vigo,Alaves,Home Win,1707.00695801,1,18.0,1.092,1.6221999999999999,1.30022,1.54428,60.1472,10.3474,4.0676000000000005,38.33148,1.1578199999999998,0.11307,3.2638000000000003,1.50678,0.06258000000000002,8.4082,34.765,0.9437800000000001,1.09748,7.1474,2.6816,47.3926,9.5242,12.3796,0.9623999999999999,27.206,3.8946,1.828,14.536200000000001,0.6838,18.4506,19.9646,24.236399999999996,1716.4742015388179,1603.13464355,0.7624,1.9978,0.65792,1.8181600000000002,47.2988,9.5088,2.8068,28.810380000000002,0.65792,0.075932,4.5648,2.27136,0.27355999999999997,12.302999999999999,26.045,0.5581200000000001,0.65326,6.82,1.8552,28.919600000000003,4.8094,15.966000000000001,0.8266,22.6782,3.3924000000000003,1.0364,10.4232,1.8356000000000001,14.929,15.204799999999999,10.5832,1648.2353314933441,0,103.8723144600001
2022-05-07_Athletic Club_Valencia,2022-05-07,16:15,La Liga,Matchweek 35,Sat,2022,0.0,0.0,Athletic Club,Valencia,Draw,1745.42626953,1,16.0,1.5426,0.9756,1.6558000000000002,0.50906,50.743,14.284,5.4384,35.05626,1.33228,0.08698600000000001,2.6838,0.8372999999999999,-0.1383,10.171199999999999,32.975,1.2149,0.97818,11.5278,3.1332000000000004,49.881,9.1034,14.8244,0.9514,21.831599999999998,5.7694,2.1924,16.807,3.9628,26.3038,21.0046,17.069,1638.26054294524,1695.93554688,0.5778,0.7081999999999999,0.4929,1.2852,42.5032,6.4718,1.918,27.63084,0.4929,0.07393,4.0443999999999996,1.17002,0.46182,16.8806,24.137999999999998,0.39133999999999997,0.42718,4.4416,1.5468,29.3026,4.5688,18.0246,0.358,15.634799999999998,2.4574000000000003,1.1556,9.4756,0.714,12.192,10.687,11.963600000000001,1679.712878686758,1,49.49072264999995
2022-05-07_Cadiz_Elche,2022-05-07,18:30,La Liga,Matchweek 35,Sat,2022,3.0,0.0,Cadiz,Elche,Home Win,1627.77050781,1,18.0,1.4222,1.3324,1.6549200000000002,1.056,50.101800000000004,15.712,5.564,35.61879999999999,1.6549200000000002,0.105268,3.041,1.03246,-0.29994,10.2768,24.844800000000003,1.0681,1.42768,11.280999999999999,5.3591999999999995,37.1818,10.750399999999999,14.2546,1.0452000000000001,28.7128,5.9334,1.9826000000000001,20.9028,2.9217999999999997,28.3576,26.6198,21.093400000000003,1730.080679296862,1638.01135254,0.6617999999999999,1.294,0.64864,1.4895399999999999,45.7608,8.633399999999998,1.7736,22.041939999999997,0.64864,0.071348,4.5158,1.3414599999999999,0.04745999999999992,19.6338,19.2608,0.60444,0.61146,7.0114,1.0156,29.461199999999998,4.3278,15.599399999999997,0.1978,17.8276,3.3800000000000003,1.3235999999999999,11.0976,1.8266,15.016000000000002,12.490400000000001,11.6052,1707.848555396754,0,-10.240844729999935
2022-05-08_Espanyol_Osasuna,2022-05-08,18:30,La Liga,Matchweek 35,Sun,2022,1.0,1.0,Espanyol,Osasuna,Draw,1652.06628418,1,18.0,0.9338,0.4044,0.89866,0.57256,49.4538,8.730799999999999,2.3402,27.3585,0.89866,0.088774,3.233,0.54462,0.14022,18.4724,27.3814,0.6556200000000001,0.55112,6.8372,0.9798,33.526799999999994,5.771,18.0422,0.8398,14.505200000000002,3.0176000000000003,1.1358000000000001,10.420000000000002,1.1316,14.458400000000001,13.9986,16.1296,1677.2678968505961,1692.79541016,0.8815999999999999,2.1274,0.6892,2.10358,42.082,8.1642,2.2156000000000002,32.34182,0.318,0.04,5.8414,1.96392,-0.16348000000000001,14.247,22.4284,0.26064,0.55266,6.204000000000001,3.2882,28.305400000000002,6.2558,11.9524,0.4222,18.169,4.4394,1.5433999999999999,9.838000000000001,2.3654,15.1678,13.996,7.534,1732.3820657246583,1,-40.72912598000016
2022-05-08_Getafe_Rayo Vallecano,2022-05-08,14:00,La Liga,Matchweek 35,Sun,2022,0.0,0.0,Getafe,Rayo Vallecano,Draw,1677.78723145,1,14.0,0.738,0.76,1.0414400000000001,0.9172199999999999,47.312799999999996,13.5496,3.5315999999999996,26.23708,0.8832,0.069202,2.9739999999999998,0.84728,0.08728000000000001,10.791,25.217000000000002,0.70784,0.64472,8.160400000000001,2.0394,23.1628,4.931800000000001,17.635399999999997,0.6374,21.988400000000002,4.6474,1.476,13.3978,3.25,22.4042,18.257199999999997,14.883,1703.66285642109,1642.13220215,0.82,0.8742,0.72156,1.15198,44.1176,11.5688,2.4698,25.032059999999998,0.72156,0.074798,5.128799999999999,0.84338,-0.030820000000000007,17.4048,22.422600000000003,0.59374,0.71514,8.661999999999999,1.892,26.160800000000002,4.0962000000000005,15.053,1.3944,20.970200000000002,6.489,1.64,14.905000000000001,2.7238000000000007,21.1446,16.5456,14.708199999999998,1686.30802336216,1,35.655029300000024
2022-05-08_Sevilla_Villarreal,2022-05-08,16:15,La Liga,Matchweek 35,Sun,2022,1.0,1.0,Villarreal,Sevilla,Draw,1825.10009766,1,16.0,1.7959999999999998,0.3978,1.9762400000000002,1.0952799999999998,56.0582,11.9058,4.9475999999999996,38.68642,1.8053000000000003,0.13767000000000001,2.9178,0.6286,0.2308,15.882,34.9944,1.4870999999999999,1.3929199999999997,9.6076,1.809,47.1318,9.113800000000001,13.569,2.44,13.7752,5.5207999999999995,3.1698,15.727400000000001,1.5715999999999999,21.2626,25.8136,22.522,1738.7230858152338,1820.78552246,1.0906,1.0662,0.92448,1.64558,55.100199999999994,8.9618,3.5526,42.78192,0.92448,0.09858800000000001,4.1764,1.31948,0.25328,18.4712,27.100599999999996,0.75874,0.83728,6.7021999999999995,1.7086000000000001,36.387,6.2978000000000005,14.641399999999999,0.7516,16.9942,4.6146,1.937,12.188400000000001,1.418,16.044,17.6268,12.765400000000001,1677.2177270505258,1,4.314575200000036
2022-05-10_Barcelona_Celta Vigo,2022-05-10,21:30,La Liga,Matchweek 36,Tue,2022,3.0,1.0,Barcelona,Celta Vigo,Home Win,1888.65734863,1,21.0,1.3072,0.6617999999999999,1.8189799999999998,0.7852399999999999,68.4416,18.7348,5.6366000000000005,29.84554,1.7068399999999997,0.091546,2.514,0.49106,-0.17074,4.092,54.9726,1.34624,1.67238,13.9376,3.5978,66.4076,14.7636,12.0238,4.7552,27.8634,7.1846000000000005,2.3702,24.945200000000003,1.3804,32.6004,36.21039999999999,30.2352,1656.3648013424981,1715.18518066,0.6838,0.9404,0.7853400000000001,0.8654999999999999,54.367599999999996,11.1706,3.5876,37.43226,0.7853400000000001,0.073438,3.7956000000000003,1.01842,0.07802,13.344800000000001,26.119,0.61594,0.5949,8.2,1.872,35.965,7.5062,12.231,0.9692000000000001,18.9654,4.9592,1.3676,15.594999999999999,0.7976,19.058999999999997,19.1376,19.4136,1684.400087452098,0,173.47216796999987
2022-05-10_Betis_Valencia,2022-05-10,19:00,La Liga,Matchweek 36,Tue,2022,0.0,3.0,Valencia,Betis,Away Win,1699.11022949,1,19.0,1.1582000000000001,1.5026,0.8603599999999999,0.97062,44.1352,8.372399999999999,2.4364,26.77664,0.54212,0.06013400000000001,3.6792000000000007,1.62266,0.29806,14.5036,20.7084,0.44873999999999997,0.6563,6.5424,2.1846,28.573600000000003,6.5308,19.874000000000002,0.8595999999999999,20.339,4.8292,2.3164000000000002,9.2802,2.821,15.8308,16.6232,16.2906,1671.5624894292382,1749.44262695,0.5558000000000001,0.5182,0.61702,1.01038,53.9452,8.8042,2.1126,23.66702,0.45877999999999997,0.053858,2.536,0.8762200000000001,0.35802,17.624,25.8036,0.3474,0.53768,5.6528,0.8962,32.778800000000004,4.4476,16.511,0.6374,10.859,2.9846,0.7536,11.3048,1.2884000000000002,16.4262,11.582400000000002,15.183,1717.1137057617461,2,-50.33239746000004
2022-05-10_Athletic Club_Granada,2022-05-10,20:00,La Liga,Matchweek 36,Tue,2022,1.0,0.0,Granada,Athletic Club,Home Win,1639.0020752,1,20.0,0.8595999999999999,1.6969999999999998,1.0873599999999999,1.60982,50.904599999999995,13.9758,4.799,32.58094,0.9291200000000001,0.064246,4.7674,1.86208,0.16507999999999998,12.1048,29.8988,0.82072,0.91788,10.5242,2.8094,29.0028,6.3244,13.1918,1.1516,25.544799999999995,5.6014,1.5213999999999999,15.385599999999998,2.6926,23.541,20.5956,14.2146,1630.161290623356,1742.25158691,1.2728000000000002,2.0986000000000002,1.19498,2.0374,42.7136,8.9564,4.034,46.38668,0.9752,0.110584,6.0886,2.1337,0.19530000000000006,20.178199999999997,20.693,0.9532200000000001,0.81206,7.341000000000001,2.0972,30.7796,5.6924,16.2512,0.7736,16.0596,2.8318000000000003,2.1412,13.2868,0.7756000000000001,16.955000000000002,16.4884,11.652999999999999,1726.8230531756878,0,-103.24951170999998
2022-05-11_Alaves_Espanyol,2022-05-11,19:00,La Liga,Matchweek 36,Wed,2022,2.0,1.0,Alaves,Espanyol,Home Win,1594.95654297,1,19.0,1.4242,0.9978,1.5697999999999999,1.3584800000000001,39.0992,10.855599999999999,4.0616,39.33518,1.2833999999999999,0.121142,4.0708,0.87756,-0.12024000000000001,17.2998,18.8218,1.15314,0.95536,8.2182,3.3022,24.5342,7.3898,12.187000000000001,0.7844,23.152,4.538399999999999,2.6882,12.3612,3.185,19.0178,18.8616,10.080400000000001,1728.772449000708,1651.38903809,0.558,2.5932,0.79786,2.0391600000000003,40.5754,11.073599999999999,3.4581999999999997,29.82622,0.79786,0.078682,5.3633999999999995,2.38344,-0.28096,14.3396,26.506,0.7181,0.6514,9.6142,1.0066,30.6322,4.8498,16.505200000000002,0.6664,13.5136,3.4496,0.736,15.4238,1.8119999999999998,20.9584,14.1492,14.0456,1750.991769115584,0,-56.432495119999885
2022-05-11_Getafe_Osasuna,2022-05-11,19:00,La Liga,Matchweek 36,Wed,2022,1.0,1.0,Osasuna,Getafe,Draw,1693.47253418,1,19.0,1.2354,1.411,1.4236600000000001,1.6718199999999999,46.651399999999995,14.3424,3.9514,26.76344,1.24782,0.084364,4.735799999999999,1.8717199999999998,0.46072,8.085799999999999,29.747999999999998,0.82678,0.7755,10.2084,3.0604,39.3134,6.9608,11.678799999999999,0.738,22.8738,5.166799999999999,2.0752,17.244,2.3116000000000003,23.7798,21.256999999999998,11.721400000000001,1726.71628967398,1674.98730469,0.8464,1.1536,0.6510400000000001,0.94286,34.7958,7.743,1.6622,21.605,0.52288,0.07742399999999999,4.921000000000001,1.0262800000000003,0.05068,19.1504,13.208,0.35272000000000003,0.48162,5.553800000000001,1.418,18.8872,4.427199999999999,16.9364,0.6664,11.761800000000001,2.2898,1.5326,8.1064,2.0278,13.4082,12.543399999999998,7.4642,1732.4733220457902,1,18.485229489999938
2022-05-11_Mallorca_Sevilla,2022-05-11,20:30,La Liga,Matchweek 36,Wed,2022,0.0,0.0,Sevilla,Mallorca,Draw,1822.73498535,1,20.0,1.7954,1.4594,1.2200599999999997,0.9694999999999999,55.2464,10.931799999999999,3.8076,32.40082,1.0918999999999999,0.094026,3.7168,0.87102,-0.58838,13.2086,29.264,1.04794,0.93538,8.998000000000001,3.4618,49.480399999999996,9.1166,11.8078,0.7912,23.0428,5.877000000000001,3.4306,15.065600000000002,1.4288,20.0214,21.044800000000002,16.676000000000002,1743.102177466784,1580.2043457,0.7248,2.1644,0.9823200000000001,1.64492,41.907000000000004,9.2494,2.1582,24.380959999999998,0.87018,0.09742999999999999,4.0696,1.20462,-0.73998,13.4888,20.4586,0.73682,0.82556,6.5006,1.4322000000000001,29.646199999999997,7.011799999999999,16.5986,0.822,13.8974,2.775,0.9690000000000001,10.660599999999999,1.4044,16.113,14.7432,11.7722,1712.127915843792,1,242.53063965
2022-05-12_Rayo Vallecano_Villarreal,2022-05-12,20:00,La Liga,Matchweek 36,Thu,2022,1.0,5.0,Rayo Vallecano,Villarreal,Away Win,1644.93212891,1,20.0,0.642,1.0,0.9660599999999999,0.9475800000000001,47.038,13.3832,4.339,32.86794,0.9660599999999999,0.077402,3.0828,1.0147,0.014700000000000019,12.342,27.548599999999997,0.59512,0.67102,8.7338,2.275,37.650000000000006,6.1364,12.027800000000001,0.6175999999999999,25.059800000000003,5.337,0.82,14.282600000000002,2.3228,21.8076,20.7758,20.194200000000002,1757.039431397942,1823.15063477,0.6838,1.442,1.26398,1.6102599999999998,62.66040000000001,11.032399999999999,3.5178000000000003,31.71212,1.26398,0.107,4.5935999999999995,1.37022,-0.07178000000000001,16.0828,37.315000000000005,1.0736,1.1181,8.816,1.2264,55.204600000000006,11.0432,15.888000000000002,2.497,16.0484,6.6704,1.1478,14.3262,1.3104,19.0728,28.507599999999996,24.0786,1622.19536479559,2,-178.21850585999982
2022-05-12_Levante_Real Madrid,2022-05-12,21:30,La Liga,Matchweek 36,Thu,2022,6.0,0.0,Real Madrid,Levante,Home Win,1980.49719238,1,21.0,2.609,0.9692000000000001,1.77006,1.3164200000000001,59.4678,17.7206,6.138,35.96598,1.4995,0.09505000000000001,3.9416,1.2177,0.2485,8.7256,52.3046,1.31386,1.4513800000000001,14.41,1.4918,59.8562,12.3912,9.9006,2.2752,16.151400000000002,6.8218000000000005,4.4854,25.1516,2.7927999999999997,32.152,29.135199999999998,26.4818,1705.04349472763,1637.71704102,1.6594,1.7516,1.7338200000000001,1.54088,52.583,14.921600000000002,4.631600000000001,32.6451,1.5579800000000001,0.115016,4.5728,2.00126,0.24966,17.0284,31.051,1.24072,0.8756999999999999,11.4224,2.1304,39.1108,7.280799999999999,11.4264,1.8804,14.418800000000001,3.6818,3.0989999999999998,16.6054,2.3954,25.118399999999998,23.703200000000002,17.1952,1689.065021655678,0,342.78015136
2022-05-12_Cadiz_Real Sociedad,2022-05-12,19:00,La Liga,Matchweek 36,Thu,2022,3.0,0.0,Real Sociedad,Cadiz,Home Win,1741.26611328,1,19.0,0.536,0.2442,1.38014,0.66412,59.203599999999994,11.528799999999999,4.3406,39.5497,1.2219000000000002,0.10532,1.9516,0.43472,0.19052,11.006400000000001,31.919400000000003,1.0414400000000001,1.14388,9.7308,2.4706,46.7788,11.5348,12.956600000000002,1.5204,23.7926,6.1954,1.072,17.6316,1.536,22.211000000000002,25.7484,21.658199999999997,1735.263850512378,1639.47583008,0.642,0.6002,0.86776,0.5597,45.546,8.9664,3.2020000000000004,44.70172,0.86776,0.134146,4.032,0.84748,0.24728,16.392,26.549599999999998,0.54924,0.7104,5.9174,2.3692,31.471,4.649800000000001,16.182000000000002,0.7004,18.5092,3.6312000000000006,1.0642,11.1478,1.5804,15.052000000000001,13.074799999999998,14.0788,1749.4602879881281,0,101.79028319999998
2022-05-14_Espanyol_Valencia,2022-05-14,18:30,La Liga,Matchweek 37,Sat,2022,1.0,1.0,Espanyol,Valencia,Draw,1643.34277344,1,18.0,0.9404,0.46399999999999997,0.739,0.58972,50.7622,9.2018,2.262,25.4793,0.739,0.071918,3.598,0.69668,0.23268,18.0368,27.511000000000003,0.5247,0.47392,7.8302,1.5702,34.707,5.4054,17.3054,0.7558,16.363999999999997,3.7484,1.2222,12.7758,1.1184,16.4218,14.975399999999999,18.346799999999998,1658.044107886802,1684.60766602,0.3758,0.6374,0.3815,1.21464,43.5062,5.6478,1.3936,23.76274,0.3815,0.062326,4.4284,1.36608,0.72868,15.6506,25.2338,0.2901,0.3712,4.0089999999999995,0.8154,29.216799999999996,3.8352,17.722,0.4222,16.736600000000003,2.5558,0.7516,7.8744000000000005,0.7426,10.619200000000001,9.1648,12.1556,1705.254421557478,1,-41.26489257999992
2022-05-15_Celta Vigo_Elche,2022-05-15,19:30,La Liga,Matchweek 37,Sun,2022,1.0,0.0,Celta Vigo,Elche,Home Win,1711.03723145,1,19.0,1.8154,1.3158,1.4611200000000002,1.2668000000000001,61.309799999999996,11.822,5.0376,40.30406000000001,1.3329600000000001,0.110436,2.7490000000000006,1.34724,0.19163999999999998,8.2232,37.8514,1.0859,1.4740199999999999,8.3978,2.3692,50.88399999999999,10.404399999999999,10.1556,2.043,25.8644,4.926,3.0662000000000003,16.7246,0.6154,20.9358,24.8962,24.2686,1708.884550536128,1620.44885254,0.5956,1.6088,0.56492,1.66476,45.7286,7.7374,1.9404,29.985219999999998,0.56492,0.060885999999999996,4.9084,1.5659,-0.04290000000000002,20.9354,20.144,0.50072,0.52706,6.3218,1.4024,27.0056,4.3392,17.0046,0.178,15.214400000000001,2.7094000000000005,1.1912,10.0992,1.8439999999999999,13.637400000000001,10.676,11.633,1670.012985351578,0,90.58837891000007
2022-05-15_Cadiz_Real Madrid,2022-05-15,19:30,La Liga,Matchweek 37,Sun,2022,1.0,1.0,Cadiz,Real Madrid,Draw,1632.04211426,1,19.0,1.8684000000000003,1.055,1.8569,0.84506,49.53880000000001,16.9946,6.428599999999999,38.91628,1.8569,0.11295,3.0812,0.8827200000000001,-0.17228,10.4374,28.7356,1.19666,1.54592,12.995000000000001,6.288600000000001,38.6532,11.3524,14.806000000000001,0.46399999999999997,31.160800000000002,6.2842,2.4728,22.5548,3.3622,30.541,29.2772,23.6588,1717.484781103688,1983.22546387,2.0894000000000004,1.0376,2.2996399999999997,1.49054,58.261,14.4498,5.805000000000001,39.44482,1.4086200000000002,0.096388,2.914,1.4789400000000001,0.44133999999999995,15.2724,37.524,1.08196,1.3776199999999998,11.928400000000002,1.3381999999999998,42.138400000000004,10.031400000000001,13.7074,0.8196,12.254199999999999,4.433,3.5789999999999997,21.8572,1.2442,27.643800000000002,27.435799999999997,23.2954,1685.6092434564239,1,-351.18334961000005
2022-05-15_Barcelona_Getafe,2022-05-15,19:30,La Liga,Matchweek 37,Sun,2022,0.0,0.0,Getafe,Barcelona,Draw,1677.2298584,1,19.0,0.3758,0.3956,0.92518,0.8522000000000001,46.36019999999999,13.3946,4.211,32.21808,0.78278,0.06151399999999999,2.4882,0.5850799999999999,0.18947999999999998,9.026,26.448600000000003,0.62938,0.6113999999999999,8.6328,2.0354,25.765,5.9594000000000005,16.6628,1.062,22.0776,4.2942,0.7516,15.0114,3.0808,23.2846,18.6198,16.5924,1705.0149395999379,1892.80517578,2.334,0.8,2.0342000000000002,1.33792,57.685199999999995,13.9012,5.7268,38.99126,1.90604,0.13369599999999998,4.5016,1.33546,0.53546,12.7388,37.6506,1.6496600000000001,1.35922,11.691,2.3182,47.0058,10.354800000000001,11.698,2.2616,15.346600000000002,4.7016,4.3476,22.828200000000002,0.9384,26.5436,27.3324,24.1528,1744.02428669307,1,-215.5753173799999
2022-05-15_Athletic Club_Osasuna,2022-05-15,19:30,La Liga,Matchweek 37,Sun,2022,2.0,0.0,Athletic Club,Osasuna,Home Win,1733.09863281,1,19.0,0.9558,0.7338,1.3607,0.41048,52.866400000000006,12.990400000000001,5.1062,37.445,1.18486,0.08840400000000001,2.3712,0.7203,-0.013500000000000009,11.1308,33.1892,1.0548,0.88384,10.3098,2.8756,49.7042,8.172,16.9838,0.9561999999999999,23.2576,5.5924,1.2522,14.395800000000001,3.7224,23.354599999999998,20.0832,16.397,1658.2270687028458,1691.23010254,1.0376,2.0146,0.70912,1.89546,43.783,8.692,2.8266,35.926860000000005,0.37504,0.042442,5.2688,1.6388600000000002,-0.37573999999999996,16.22,23.8064,0.27458,0.49532,6.6278,2.3386000000000005,31.8494,6.9188,10.8804,0.6242,17.9756,4.7396,1.8774,10.3542,2.7172,15.5068,16.3386,9.246,1714.6068595231818,0,41.868530270000065
2022-05-15_Betis_Granada,2022-05-15,19:30,La Liga,Matchweek 37,Sun,2022,2.0,0.0,Betis,Granada,Home Win,1763.94519043,1,19.0,1.3736,1.3866,1.58982,1.0415999999999999,54.74,16.43,5.314,35.434999999999995,1.58982,0.092788,3.3514,1.1081599999999998,-0.27844,13.3186,33.467,1.20432,1.1258400000000002,13.012599999999999,2.4128,41.008,8.941199999999998,15.578800000000001,1.0522,18.4464,6.0842,2.229,20.5778,2.7868,28.878,24.2678,18.201,1713.325865208526,1648.15515137,2.555,2.1162,1.05058,1.7162000000000002,40.053,11.181799999999999,3.672,29.53302,1.05058,0.08721999999999999,5.4646,1.8594400000000002,-0.25676000000000004,24.045600000000004,19.2376,0.7128,0.79972,7.3388,1.4854,23.4848,4.9056,11.296199999999999,0.9516,14.1536,3.3514,3.8592,12.842799999999999,2.1042,17.9416,13.99,7.7912,1658.73191293781,0,115.7900390599998
2022-05-15_Real Sociedad_Villarreal,2022-05-15,19:30,La Liga,Matchweek 37,Sun,2022,1.0,2.0,Villarreal,Real Sociedad,Away Win,1833.38317871,1,19.0,1.8606,0.6022,2.2581800000000003,0.93596,57.05,12.836200000000002,5.873799999999999,43.8262,2.1043200000000004,0.155764,2.3934,0.65572,0.05352000000000001,14.4726,35.9392,1.72468,1.71434,10.1236,1.8721999999999999,47.262600000000006,9.2466,14.9772,3.0286,14.13,5.5127999999999995,3.3412,16.8198,1.9028,23.366600000000002,27.786,21.9816,1729.79509555574,1748.6998291,1.0198,1.5468,1.3269000000000002,1.31302,50.495,12.5632,3.4232000000000005,,1.19874,,4.727399999999999,1.50036,-0.04644000000000001,17.0984,29.2072,1.0396,1.0691,10.068,1.6134,32.742000000000004,7.389,13.393200000000002,0.46399999999999997,14.723199999999999,5.038600000000001,2.0396,14.7902,2.1392,23.1738,25.9962,16.4992,1718.04849582286,2,84.68334961000005
2022-05-15_Alaves_Levante,2022-05-15,19:30,La Liga,Matchweek 37,Sun,2022,3.0,1.0,Levante,Alaves,Home Win,1634.98876953,1,19.0,1.8397999999999999,1.6572,2.31102,1.4235,42.44799999999999,12.659600000000001,4.1524,32.08598,1.31124,0.10876999999999999,4.4406,1.29838,-0.35882000000000003,10.000599999999999,26.735800000000005,1.0192,0.70734,10.0374,2.2066,36.0272,7.7036,11.073,0.7558,15.9436,6.158200000000001,2.6816,12.132,3.652,21.6678,24.122,14.0266,1799.22921206108,1603.00292969,0.3978,2.4864,0.57004,1.9416400000000003,43.66219999999999,8.2812,2.3378,27.87576,0.57004,0.090666,5.6292,2.60812,0.12172,12.960799999999999,25.1526,0.48022,0.55026,5.517,1.4814,26.830399999999997,4.4844,14.981200000000001,0.5998,19.980800000000002,3.1532,0.356,9.06,1.6520000000000001,12.826800000000002,13.995999999999999,11.146,1660.4894946039942,0,31.985839839999926
2022-05-15_Mallorca_Rayo Vallecano,2022-05-15,19:30,La Liga,Matchweek 37,Sun,2022,2.0,1.0,Mallorca,Rayo Vallecano,Home Win,1587.2331543,1,19.0,1.1258,2.5394,1.0646,1.19822,45.0414,11.8494,3.7028,33.46438,0.9063599999999999,0.086824,4.157,1.8863600000000003,-0.43324,15.420599999999999,22.4372,0.64166,0.7874399999999999,8.690999999999999,2.1109999999999998,31.3316,7.5527999999999995,14.0366,0.9206,15.6674,2.0774,2.2516,16.1996,2.1956,20.5888,18.377200000000002,15.2086,1686.6055562972178,1634.69958496,0.738,0.4984,0.66172,1.0247199999999999,45.4938,11.3232,2.0344,21.470319999999997,0.66172,0.070436,5.0718000000000005,0.68928,0.19088,16.7324,20.9822,0.5799400000000001,0.74244,8.551400000000001,1.9028,25.2906,4.9632000000000005,14.871200000000002,2.2318,18.0096,6.195600000000001,1.476,14.425600000000001,2.3188,19.9202,16.1464,15.293,1699.253927709578,0,-47.466430660000015
2022-05-20_Levante_Rayo Vallecano,2022-05-20,21:00,La Liga,Matchweek 38,Fri,2022,2.0,4.0,Rayo Vallecano,Levante,Away Win,1626.84216309,1,21.0,0.822,1.9768000000000001,1.17924,1.1360999999999999,51.105999999999995,13.456600000000002,3.9168,30.087079999999997,1.17924,0.08687199999999999,3.863,1.8891,-0.0877,11.242799999999999,31.389,0.63002,0.84602,8.8164,2.6034,39.7264,6.967,11.824800000000002,0.5558000000000001,26.9634,6.2802,1.2264,15.386999999999999,2.2464,22.671200000000002,25.105600000000003,21.64,1747.2929208027558,1642.91540527,1.3492,2.8974,1.5594599999999998,2.0684199999999997,53.0784,15.4622,3.98,27.587500000000002,1.4012200000000001,0.099418,7.4458,2.75254,-0.14486,14.2948,29.281,1.17218,0.78486,12.057,2.0174000000000003,38.3122,7.5412,9.5978,2.9134,14.565600000000002,4.058,2.5006,18.5868,1.6792,26.904400000000003,22.512,19.6062,1755.853032470966,2,-16.07324218000008
2022-05-20_Betis_Real Madrid,2022-05-20,21:00,La Liga,Matchweek 38,Fri,2022,0.0,0.0,Real Madrid,Betis,Draw,1976.36096191,1,21.0,3.3808,0.8722,2.02962,1.34242,56.7584,19.3694,8.422,42.26524,1.90146,0.102874,3.5032,1.08148,0.20928,8.7534,47.4808,1.76764,1.9646599999999999,16.910800000000002,2.031,54.268,13.0082,9.322,3.3246,13.5058,6.595400000000001,5.8580000000000005,28.334200000000003,2.5692,35.046,32.0756,28.7756,1705.1629838150097,1769.37463379,1.0886,0.178,0.84508,1.0005000000000002,54.1952,8.6796,2.834,31.99446,0.70268,0.079892,3.0708,0.7532399999999999,0.57524,18.8706,22.628,0.55802,0.57392,5.787599999999999,0.5182,29.217200000000002,4.502800000000001,17.392400000000002,0.5736,9.608,2.842,1.9992,11.3302,1.0154,15.850999999999999,11.1474,15.552999999999999,1695.1984983394238,1,206.98632812000005
2022-05-21_Celta Vigo_Valencia,2022-05-21,17:30,La Liga,Matchweek 38,Sat,2022,2.0,0.0,Valencia,Celta Vigo,Home Win,1685.13793945,1,17.0,0.8982,1.5082,0.9520000000000001,0.9759200000000001,45.5188,10.588799999999999,2.6928,23.96058,0.6656,0.061121999999999996,3.6672000000000002,1.45418,0.10617999999999997,13.753200000000001,23.134999999999998,0.5715600000000001,0.9193,8.153400000000001,1.5335999999999999,30.769400000000005,6.2894000000000005,18.5096,1.0178,20.8048,4.902000000000001,1.7964,11.3616,3.1390000000000002,19.2782,18.9262,20.1008,1666.0165957270701,1715.50024414,0.8595999999999999,1.2906,0.7624000000000001,0.9610400000000001,50.935599999999994,10.921199999999999,4.1613999999999995,41.28692,0.7624000000000001,0.07353599999999999,3.5278,0.92452,-0.36608000000000007,12.522,23.788599999999995,0.62878,0.7175,8.4802,1.9848,31.2522,7.123,14.2056,1.6048,16.206,5.1192,1.4749999999999999,13.9056,1.062,17.079,19.0356,17.8186,1747.196513696706,0,-30.362304689999974
2022-05-22_Mallorca_Osasuna,2022-05-22,20:00,La Liga,Matchweek 38,Sun,2022,0.0,2.0,Osasuna,Mallorca,Away Win,1683.30200195,1,20.0,1.356,1.0816,1.34124,1.4193599999999997,49.407,13.8196,3.2236000000000002,21.98978,1.183,0.082368,3.6856,1.56928,0.73188,7.8772,27.766599999999997,0.76964,0.70026,9.699,2.4776000000000002,38.5844,5.367,11.6784,0.62,22.0446,5.7826,2.356,15.554200000000002,3.6014,23.4574,19.2892,10.8282,1733.1138842059981,1595.09057617,0.2198,1.3712,0.8143199999999999,1.4574,38.641400000000004,9.1802,2.1424,24.20286,0.8143199999999999,0.092246,3.2418,1.1764999999999999,0.003100000000000047,19.6892,18.558799999999998,0.69872,0.74416,6.6506,1.3448,25.7624,6.1338,16.0504,0.5956,12.0098,2.5092,0.4396,11.0828,1.464,15.568999999999999,13.7918,11.694799999999999,1739.3590908930078,2,88.2114257799999
2022-05-22_Athletic Club_Sevilla,2022-05-22,22:00,La Liga,Matchweek 38,Sun,2022,1.0,0.0,Sevilla,Athletic Club,Home Win,1818.62133789,1,22.0,1.3274,1.1692,1.26244,0.91812,60.67079999999999,12.648,3.871,30.61432,1.26244,0.09550399999999999,3.5449999999999995,0.88272,-0.28648000000000007,12.443600000000002,33.9424,1.17404,1.2336799999999999,10.4634,4.8808,53.181200000000004,10.1258,12.7156,0.9561999999999999,29.7644,6.1776,2.6548,16.5682,2.4628,23.049599999999998,24.1586,22.601599999999998,1700.804968383668,1741.0267334,0.8572,1.7004,0.91804,1.7795200000000002,44.9192,9.0048,3.5864000000000003,40.6771,0.72022,0.07612999999999999,5.2472,1.72638,0.025979999999999996,19.3168,19.6024,0.67602,0.71316,7.2068,1.8874,29.0034,4.7904,16.6376,0.6962,18.595200000000002,3.3928000000000003,1.4946,11.737,1.7748,16.4592,15.895,12.2202,1722.660082986172,0,77.59460448999994
2022-05-22_Espanyol_Granada,2022-05-22,20:00,La Liga,Matchweek 38,Sun,2022,0.0,0.0,Granada,Espanyol,Draw,1642.72570801,1,20.0,1.0178,1.5272,1.1695200000000001,1.4211,50.490199999999994,14.643199999999998,4.6632,30.99248,1.02712,0.070588,3.958,1.6769599999999998,0.14976,11.7294,28.32,0.90514,0.95818,10.46,3.0168000000000004,29.067,6.6686000000000005,12.4518,1.0364,25.7874,5.529400000000001,1.8576,15.6236,2.5232,23.407400000000003,23.5194,14.1694,1664.945553879184,1642.81237793,0.6022,2.1014,0.77926,1.83574,44.6576,9.933800000000002,3.3124,34.92924,0.60832,0.05751200000000001,5.4388,2.1191,-0.04638000000000003,18.9334,25.5996,0.55096,0.61186,8.5204,0.8617999999999999,31.655199999999997,4.765,15.910200000000001,0.5998,13.9952,3.4048000000000003,1.0066,13.9048,1.6308,19.718600000000002,13.0136,13.9296,1703.3464051021901,1,-0.0866699199998493
2022-05-22_Elche_Getafe,2022-05-22,17:30,La Liga,Matchweek 38,Sun,2022,3.0,1.0,Elche,Getafe,Home Win,1615.98583984,1,17.0,0.9912000000000001,1.2244,0.7001200000000001,1.4492399999999999,54.558400000000006,8.864,1.7732,20.372459999999997,0.7001200000000001,0.091394,3.8246,1.28376,0.059359999999999996,12.9752,31.9592,0.47162,0.66962,6.284000000000001,1.5882,38.4172,6.2794,16.0394,0.9690000000000001,23.089199999999998,5.4642,1.5868,11.022400000000001,2.0154,15.4224,15.657399999999999,16.2924,1665.4222611071918,1681.45617676,0.8617999999999999,1.1382,0.52944,0.92294,34.1836,7.7128000000000005,1.496,19.445,0.52944,0.077568,4.3844,0.8859,-0.09210000000000002,20.000400000000003,12.443,0.35187999999999997,0.47787999999999997,5.01,1.5204,17.045,4.040400000000001,15.3892,0.5998,11.097199999999999,2.2608,1.2351999999999999,8.084,1.6366,12.923,12.389199999999999,6.6294,1745.48129448186,0,-65.47033692000014
2022-05-22_Alaves_Cadiz,2022-05-22,20:00,La Liga,Matchweek 38,Sun,2022,0.0,1.0,Alaves,Cadiz,Away Win,1595.07629395,1,20.0,1.4818,0.998,1.78822,1.26936,40.510000000000005,15.209800000000001,5.2764,36.32334,1.64582,0.114706,3.8196000000000003,0.9053800000000001,-0.09261999999999998,14.883600000000001,19.928,1.4641600000000001,0.9931,10.6826,3.2278000000000002,28.420199999999998,7.0624,12.0358,0.41759999999999997,27.5206,6.2940000000000005,2.7194,15.8322,4.1434,24.820999999999998,21.906,11.67,1713.2935618672918,1638.90661621,0.5778,1.2728000000000002,0.85098,1.2074799999999999,43.629000000000005,9.758399999999998,2.5492,37.16194,0.85098,0.124284,5.194,1.41766,0.14486000000000002,16.3734,19.715600000000002,0.57874,0.84148,6.3258,3.0208000000000004,26.943000000000005,4.8408,15.819600000000001,1.1746,19.0262,5.6218,0.9578,10.3798,2.255,15.947199999999999,13.023400000000002,12.529200000000001,1763.770069653508,2,-43.83032226
2022-05-22_Barcelona_Villarreal,2022-05-22,22:00,La Liga,Matchweek 38,Sun,2022,0.0,2.0,Barcelona,Villarreal,Away Win,1888.57885742,1,22.0,1.3324,0.8398,1.38662,0.8487999999999999,64.4018,15.986799999999999,4.8962,31.611,1.38662,0.090508,3.051,0.80382,-0.03598000000000001,5.792199999999999,50.65860000000001,1.07534,1.5097999999999998,11.802,3.0496,61.4936,12.789399999999999,11.9096,3.2262000000000004,25.3994,6.2334000000000005,2.4450000000000003,21.5996,1.0982,28.1124,33.6032,28.790399999999998,1667.581823387432,1821.55004883,1.8364,1.3978,1.65152,1.77344,56.7572,11.173399999999999,4.9754,44.8518,1.65152,0.14525200000000002,4.4342,1.46414,0.06634000000000001,19.3374,31.979,1.5190200000000003,1.46698,9.0786,0.8154,46.339999999999996,8.7528,16.1874,2.3472,13.524999999999999,5.5824,3.475,13.4168,2.012,19.2098,28.012600000000003,22.561600000000002,1621.174438112184,2,67.02880859000015
2022-10-22_Real Sociedad_Valladolid,2022-10-22,16:15,La Liga,Matchweek 11,Sat,2023,1.0,0.0,Valladolid,Real Sociedad,Home Win,1639.53552246,1,16.0,1.1548,0.9226,1.1686800000000002,1.1334600000000001,50.5508,12.566,5.3406,46.04294,0.9733200000000001,0.07744999999999999,2.2794,0.90854,-0.014060000000000017,12.6584,27.9974,0.7239,0.67438,9.772599999999999,3.156,38.785999999999994,6.9392,15.4614,0.8962,22.818599999999996,3.9712,1.9536,17.4372,1.4002,22.215600000000002,17.5772,20.860000000000003,1711.706833813586,1790.14758301,2.1234,1.2992,1.48704,0.71612,56.7422,10.7698,5.5844000000000005,53.8356,1.34464,0.124944,4.1346,1.10896,-0.19024000000000002,14.2638,28.044200000000004,0.98448,1.04184,7.0296,2.1534,38.688,9.0842,12.2182,1.5138,14.3706,5.3186,4.2468,13.897000000000002,1.1184,18.107,19.021399999999996,15.0506,1649.201669823382,0,-150.61206055000002
2022-10-22_Mallorca_Valencia,2022-10-22,18:30,La Liga,Matchweek 11,Sat,2023,1.0,2.0,Valencia,Mallorca,Away Win,1704.13977051,1,18.0,2.297,0.8642000000000001,1.83326,0.84762,62.2384,17.1634,5.3002,30.106080000000006,1.50974,0.087904,4.1022,1.26222,0.39802,9.887799999999999,36.129999999999995,1.0652599999999999,0.99106,12.303799999999999,1.6796,46.5988,8.8454,19.7824,1.1336,21.675,6.0532,3.181,21.5096,1.7160000000000002,30.009999999999998,28.1262,21.6024,1635.992093307934,1609.71105957,0.7736,1.2552,1.0307,1.2388,43.041,8.4608,2.6002,32.13441999999999,0.65704,0.080334,4.4948,1.6073399999999998,0.35214,16.9026,20.214199999999998,0.6729,0.501,6.3006,1.2906,25.194999999999997,3.8362,12.6364,0.6242,16.0858,4.6958,1.1912,9.7238,1.5236,14.3996,14.543,12.551,1752.388355324698,2,94.42871093999997
2022-10-23_Elche_Espanyol,2022-10-23,14:00,La Liga,Matchweek 11,Sun,2023,2.0,2.0,Espanyol,Elche,Draw,1628.50695801,1,14.0,1.2573999999999999,1.8874,1.3473600000000001,1.4064,46.8494,14.174000000000001,3.495,26.2513,1.18912,0.086576,4.520600000000001,1.63148,-0.30932,9.8366,33.5418,0.83562,0.8258,10.0656,2.1736,36.2438,8.8358,15.1438,0.356,23.5734,7.252,1.9411999999999998,15.700199999999999,2.1404,22.9324,24.2056,14.874600000000001,1741.39875261298,1584.8762207,0.7081999999999999,2.714,0.8278000000000001,2.7304000000000004,34.121,5.1128,2.0186,48.540220000000005,0.63244,0.112906,7.870000000000001,2.9411199999999997,0.22712,19.89,14.969,0.41093999999999997,0.503,3.4732000000000003,0.7802,17.594,3.2464,13.994,0.4396,10.333,2.2564,1.4163999999999999,6.385999999999999,1.2066,9.3782,9.9272,9.468599999999999,1768.222910082986,1,43.630737310000086
2022-10-28_Espanyol_Mallorca,2022-10-28,21:00,La Liga,Matchweek 12,Fri,2023,1.0,1.0,Mallorca,Espanyol,Draw,1621.70605469,1,21.0,0.536,0.9623999999999999,0.7740999999999999,0.83184,42.589800000000004,9.9068,3.8651999999999997,39.57062,0.7740999999999999,0.083524,2.4918000000000005,0.92312,-0.039279999999999995,10.4486,26.095399999999998,0.59654,0.53602,7.949,2.222,26.735,5.5714,14.488199999999999,0.4806,18.0164,4.2012,0.8742,10.9582,2.5824000000000003,16.747799999999998,12.920399999999999,11.015600000000001,1740.579914991492,1625.61657715,1.1358000000000001,1.3998,0.9712,1.18344,38.8784,9.0122,3.3588,40.69956,0.8590599999999999,0.117674,3.9038000000000004,1.2331599999999998,-0.16664,17.675,16.717,0.7800400000000001,0.76352,7.0818,1.6862,24.026,4.2244,17.203,0.6175999999999999,11.8142,2.38,1.7554,9.622,2.0288,15.5944,14.1772,10.6902,1697.848080027376,1,-3.9105224600000383
2022-10-29_Barcelona_Valencia,2022-10-29,21:00,La Liga,Matchweek 12,Sat,2023,0.0,1.0,Valencia,Barcelona,Away Win,1692.14477539,1,21.0,2.1672000000000002,1.2662,1.71226,1.11476,65.7422,16.0702,5.1142,30.264159999999997,1.34106,0.07922799999999999,4.768800000000001,1.48348,0.21728000000000003,8.3012,44.773399999999995,0.94546,0.96638,11.5408,2.0,53.042199999999994,9.1934,20.757400000000004,0.976,25.9356,6.0920000000000005,3.207,20.6586,2.0886,28.443799999999996,26.8694,24.749200000000002,1633.339394309456,1895.54150391,2.4300000000000006,0.8928,2.3632,0.9176600000000001,62.03060000000001,15.585199999999999,5.4742,35.10904000000001,2.3632,0.153354,3.1491999999999996,0.8558399999999999,-0.03696000000000005,9.9292,48.279,1.67184,1.69706,11.573799999999999,1.0046,47.2998,8.1138,14.9476,4.1358,10.534400000000002,4.6916,4.042199999999999,21.2594,1.2662,27.2362,28.811799999999998,23.6578,1767.593757616892,2,-203.39672852000012
2022-10-29_Rayo Vallecano_Sevilla,2022-10-29,18:30,La Liga,Matchweek 12,Sat,2023,0.0,1.0,Sevilla,Rayo Vallecano,Away Win,1748.21948242,1,18.0,0.6242,1.5538,1.08572,2.04048,55.348,13.8484,3.5061999999999998,27.297099999999997,1.08572,0.081746,4.6576,1.80448,0.25068,11.7494,33.578,0.91944,0.98338,11.6882,3.2012000000000005,41.074,9.5194,17.2298,0.8373999999999999,26.121,7.4086,1.0042,19.162,3.2085999999999997,25.7928,20.8056,13.5704,1718.110506639882,1629.20715332,1.3579999999999999,1.853,1.01374,1.46356,54.438,10.159600000000001,3.0220000000000002,33.24782,0.8428,0.08134200000000001,4.2908,1.75938,-0.09362,14.719400000000002,34.431599999999996,0.79118,0.7870199999999999,8.8656,2.5326000000000004,40.455799999999996,7.3634,16.609,0.5646,22.2728,4.0006,2.2520000000000002,14.296800000000001,2.1432,18.524,14.301,17.9862,1658.251057273968,2,119.01232909999999
2022-10-29_Almeria_Celta Vigo,2022-10-29,14:00,La Liga,Matchweek 12,Sat,2023,3.0,1.0,Almeria,Celta Vigo,Home Win,1611.45739746,1,14.0,1.9082,1.4044,1.2644199999999999,1.76962,39.906,10.3172,4.8354,45.29804,1.2644199999999999,0.115092,6.1844,1.56048,0.15608,22.0094,18.1868,0.7613399999999999,0.4022,7.128,1.2573999999999999,22.904999999999998,5.3566,12.9934,0.4044,14.1226,4.714799999999999,2.1346,12.3216,0.916,16.5216,16.1018,14.9494,1721.691357641764,1670.02661133,0.5824,2.5020000000000002,1.5263200000000001,1.42696,48.6562,13.6464,3.527,28.47036,1.35538,0.09775799999999998,5.3856,1.54362,-0.78038,13.131799999999998,28.842599999999997,1.12744,0.81694,10.1008,2.431,34.39320000000001,6.867,14.3984,0.3978,19.278000000000002,5.046799999999999,1.1648,15.8644,2.5458,23.6984,20.1306,17.985,1694.4082627685639,0,-58.569213869999885
2022-10-30_Girona_Real Madrid,2022-10-30,16:15,La Liga,Matchweek 12,Sun,2023,1.0,1.0,Real Madrid,Girona,Draw,1980.71447754,1,16.0,2.6222,1.0,2.34286,0.8297,55.9594,17.5284,4.8026,29.89552,2.03076,0.108734,2.9798,0.54226,-0.45774,5.974,45.3554,1.7867799999999998,1.5134400000000001,15.014399999999998,1.5536,49.4764,9.0348,12.8826,2.3294,13.433200000000001,5.5482000000000005,5.0246,27.0568,2.2764,34.5638,25.7718,26.0752,1753.193599048524,1581.87243652,1.084,1.9060000000000001,1.34636,1.5545799999999999,56.41159999999999,9.3336,2.8994000000000004,30.654619999999998,0.81324,0.08338,4.873799999999999,2.10876,0.20276,10.9586,33.0108,0.7198599999999999,0.84938,6.5268,2.1866,41.230599999999995,5.8246,14.394,0.7536,21.456,3.8464,2.168,13.1038,1.3104,18.5624,15.536000000000001,15.756,1665.463102513024,1,398.8420410199999
2022-10-30_Athletic Club_Villarreal,2022-10-30,18:30,La Liga,Matchweek 12,Sun,2023,1.0,0.0,Athletic Club,Villarreal,Home Win,1731.6583252,1,18.0,1.6328,0.8178,1.5042399999999998,0.58452,52.950199999999995,14.408999999999999,3.453,24.439,1.3283999999999998,0.09657400000000001,1.4354,0.51402,-0.30378,12.593399999999999,39.922,1.13262,1.0133,10.8646,2.7326,53.61579999999999,10.2378,14.688599999999997,0.3382,24.192999999999998,5.9517999999999995,3.0458,18.1082,2.442,25.262800000000002,27.7258,22.8296,1636.3106462648261,1817.43798828,0.0,1.1304,0.9369400000000001,1.2123,47.917,9.3434,2.968000000000001,29.041919999999998,0.9369400000000001,0.089444,3.926,1.1209000000000002,-0.00949999999999998,13.944200000000002,29.2496,0.7231,0.6441,6.7608,1.4388,36.28059999999999,6.305600000000001,19.2874,0.4222,13.4204,3.7131999999999996,0.0,12.9412,0.8642000000000001,16.535000000000004,17.893,17.486800000000002,1752.417821314182,0,-85.77966307999986
2022-10-30_Betis_Real Sociedad,2022-10-30,21:00,La Liga,Matchweek 12,Sun,2023,0.0,2.0,Real Sociedad,Betis,Away Win,1775.28967285,1,21.0,1.1978,1.0166,1.30998,0.9542,54.2462,13.662600000000001,5.6861999999999995,42.59034,1.30998,0.103032,4.111,0.8953000000000001,-0.12130000000000002,10.6458,33.3746,1.0545200000000001,0.70968,9.1836,1.3758,35.5902,7.666599999999999,11.552200000000001,0.9756,13.8452,6.938,1.8774,15.2972,1.8394,21.490000000000002,21.7658,18.546799999999998,1709.568265551954,1777.4901123,0.4984,0.714,0.93312,1.1420000000000001,51.729000000000006,7.975,2.6158,31.957660000000004,0.69282,0.094768,4.0165999999999995,0.9223000000000001,0.20830000000000004,12.8574,27.2216,0.53016,0.60686,6.5706,0.9404,31.008399999999998,4.8176,18.3698,1.1226,14.825199999999999,3.6874000000000002,0.8366,10.5198,1.8244000000000002,14.815199999999999,17.0106,11.657399999999999,1702.726677125474,2,-2.200439449999976
2022-10-30_Osasuna_Valladolid,2022-10-30,14:00,La Liga,Matchweek 12,Sun,2023,2.0,0.0,Osasuna,Valladolid,Home Win,1664.08984375,1,14.0,1.1404,1.0131999999999999,1.55452,1.05982,53.355999999999995,13.279800000000002,3.502,26.152639999999998,1.13838,0.086606,3.9168,1.04706,0.033859999999999946,9.5762,33.1376,0.88718,1.0410000000000001,8.7472,2.4674,36.1836,7.5116000000000005,16.7712,0.4222,22.3452,6.3511999999999995,2.061,14.965200000000001,3.9036,24.383599999999998,22.016,11.9496,1652.786470262722,1642.23632812,1.0173999999999999,1.9516,0.84402,2.09192,47.763799999999996,11.430600000000002,3.435,31.7639,0.66818,0.063926,4.9628,2.0721399999999996,0.12054,18.3596,22.6452,0.5422199999999999,0.57278,8.8672,1.6642000000000001,25.2812,4.840800000000001,16.328,0.9798,12.8302,4.8224,2.0347999999999997,17.4444,1.7458,21.0322,13.3332,10.8798,1709.240686132344,0,21.853515629999947
2022-10-31_Elche_Getafe,2022-10-31,21:00,La Liga,Matchweek 12,Mon,2023,0.0,1.0,Elche,Getafe,Away Win,1580.03430176,1,21.0,0.5778,2.0818,0.76808,1.83844,44.4686,9.9794,2.9384,29.12666,0.76808,0.080396,5.9382,2.41184,0.52784,11.8938,27.822400000000002,0.62408,0.7232999999999999,8.4732,2.6816,33.69199999999999,6.6484,18.0918,0.5824,17.6252,5.714799999999999,0.9358,14.322,1.9004,18.358600000000003,15.634199999999998,16.2196,1762.248860060774,1643.29699707,0.978,1.6148,0.42672,1.2071399999999999,34.6406,6.640999999999999,2.8874000000000004,42.04338,0.42672,0.068956,5.2348,1.40678,-0.04782000000000003,21.0122,16.9416,0.38848,0.29912,4.5624,0.9714,17.240000000000002,2.723,15.3374,0.1978,8.9446,0.916,1.4378,6.5733999999999995,1.178,10.1338,9.453199999999999,6.944599999999999,1656.5649877701862,2,-63.262695310000026
2022-11-04_Athletic Club_Girona,2022-11-04,21:00,La Liga,Matchweek 13,Fri,2023,2.0,1.0,Girona,Athletic Club,Home Win,1590.56103516,1,21.0,1.4134,1.7912,1.29942,1.05288,51.1074,13.964,4.296200000000001,29.099580000000003,1.14556,0.083222,3.5902,1.2828400000000002,-0.5083599999999999,14.1308,30.099999999999998,1.0237,1.1864000000000001,11.3664,3.0218,37.207,8.2148,14.265799999999999,1.3428,23.3352,3.3014,2.629,17.4126,3.5842,25.2774,25.7852,17.0622,1676.234402881452,1740.36730957,1.9902,1.7922,1.5432400000000002,0.9398,51.7606,14.165799999999999,4.282,29.13644,1.27268,0.093188,4.0186,1.24618,-0.54602,13.5442,35.573800000000006,1.0111,0.92218,10.918,2.3092,39.289199999999994,7.421,16.17,0.736,20.4024,4.603400000000001,2.6098,17.8902,2.4676,24.3258,21.5106,19.9058,1722.7981725576742,0,-149.80627441000001
2022-11-05_Almeria_Barcelona,2022-11-05,21:00,La Liga,Matchweek 13,Sat,2023,2.0,0.0,Barcelona,Almeria,Home Win,1879.72167969,1,21.0,3.0088,0.0,2.30978,0.63488,66.57520000000001,16.825000000000003,6.841200000000001,44.00454,2.30978,0.153348,1.5558,0.30872,0.30872,6.639799999999999,56.5788,1.6549000000000003,2.0439599999999998,13.6416,3.1536,66.4828,16.0554,11.926200000000001,4.534199999999999,19.222999999999995,6.5002,5.6376,25.5252,1.6258,32.354,35.687000000000005,29.3316,1716.110759767472,1615.08288574,0.46399999999999997,2.2772,0.7098,1.5081200000000001,47.9578,11.407399999999999,2.8274,24.5824,0.7098,0.065412,4.6482,1.8487,-0.4285,14.0514,26.352800000000002,0.54274,0.77156,7.875,1.642,31.3078,6.1002,13.1756,1.9876,17.104799999999997,3.6693999999999996,0.9279999999999999,13.6308,2.0034,18.7488,15.6308,14.907799999999998,1741.855144018044,0,264.63879395000004
2022-11-05_Cadiz_Getafe,2022-11-05,14:00,La Liga,Matchweek 13,Sat,2023,0.0,0.0,Getafe,Cadiz,Draw,1651.53027344,1,14.0,1.24,1.4796,1.059,1.25822,38.2276,9.7634,3.0818,30.47954,0.79594,0.075064,5.2698,1.16886,-0.31074,12.9382,22.81,0.7439,0.6755,6.6606000000000005,1.1978,27.224599999999995,4.5358,12.811600000000002,0.6664,16.8984,4.074,2.302,9.5482,2.2508,16.0798,13.8246,8.16,1802.5154225602,1607.38830566,0.6617999999999999,2.2952000000000004,0.5635600000000001,2.26292,40.163000000000004,6.7832,0.9578,11.26454,0.5635600000000001,0.078566,6.5624,1.9623000000000002,-0.3329,22.988000000000003,15.122,0.3657,0.53476,4.8432,1.5294,19.686200000000003,3.5028000000000006,15.1226,0.6022,10.625599999999999,1.7558,0.8351999999999999,7.6486,1.1822,11.107000000000001,9.61,10.215399999999999,1644.0551405514,1,44.14196777999996
2022-11-05_Celta Vigo_Osasuna,2022-11-05,18:30,La Liga,Matchweek 13,Sat,2023,1.0,2.0,Celta Vigo,Osasuna,Away Win,1650.93676758,1,18.0,1.356,1.3246,0.8077399999999999,1.04884,56.580600000000004,12.370000000000001,3.7218,32.007619999999996,0.67958,0.05723,3.4756,1.18608,-0.13852,8.0564,35.428200000000004,0.47894,0.61516,9.5746,1.6784,40.759600000000006,5.864,13.6062,0.62,20.577199999999998,4.3272,1.9341999999999997,17.4606,1.4044,21.2208,19.7748,21.9364,1757.409534667402,1672.48217773,0.62,1.0418,0.91958,1.03758,42.7134,11.4498,2.5757999999999996,22.4979,0.91958,0.077456,3.5298,0.9346,-0.10720000000000002,14.5876,24.3992,0.6407599999999999,0.8018,7.5204,3.0932,32.358399999999996,8.2368,12.9966,0.8962,19.502399999999998,4.9166,1.24,13.7852,1.6408,17.8624,17.7446,12.3482,1767.7303095685302,2,-21.54541015000018
2022-11-05_Elche_Valladolid,2022-11-05,16:15,La Liga,Matchweek 13,Sat,2023,2.0,1.0,Valladolid,Elche,Home Win,1633.84399414,1,16.0,1.2836,0.3978,1.10298,1.02366,44.4902,11.776599999999998,4.4298,39.651219999999995,0.92714,0.078706,1.9632,0.54376,0.14596,16.4884,23.301399999999997,0.6970799999999999,0.67252,8.818399999999999,2.4078,31.4802,5.4358,15.9918,0.7624,19.5618,3.974,2.2468,15.007000000000001,2.0928,20.196,17.3192,18.4874,1712.3042339121262,1571.80102539,1.1258,2.4983999999999997,0.80946,2.5476,40.9352,6.2226,2.6494,50.922940000000004,0.63362,0.096522,7.150399999999999,2.80282,0.30442,20.810000000000002,17.0142,0.46312,0.49272,4.8911999999999995,1.0464,21.3418,3.9543999999999997,13.8506,0.3956,11.276599999999998,2.1866,2.2516,8.8778,1.286,11.971,11.244,9.377600000000001,1732.559079200274,0,62.04296875
2022-11-06_Betis_Sevilla,2022-11-06,21:00,La Liga,Matchweek 13,Sun,2023,1.0,1.0,Betis,Sevilla,Draw,1782.16894531,1,21.0,1.6374,0.9059999999999999,1.5371599999999999,1.1392,51.1804,13.219999999999999,3.7413999999999996,26.78846,1.37892,0.10416,3.1014000000000004,1.1487800000000001,0.24278,12.4368,28.0322,1.06084,0.82548,9.971200000000001,1.8994,40.0416,7.225,14.802800000000001,1.7975999999999999,16.0104,6.005599999999999,2.8792,19.652,1.2004,24.5976,22.586,20.6706,1671.724425315038,1721.32910156,1.356,1.6068,0.80094,1.99662,51.9442,9.491200000000001,2.953,30.046480000000003,0.80094,0.07997,5.2222,1.5934000000000001,-0.052960000000000035,14.165199999999999,29.281000000000002,0.54232,0.56156,7.2126,1.265,30.7076,5.4028,15.015,1.681,12.882399999999999,3.0376,2.2898,12.032800000000002,1.7558,16.9956,14.799399999999999,13.975800000000001,1766.773128322088,1,60.83984375
2022-11-06_Real Sociedad_Valencia,2022-11-06,16:15,La Liga,Matchweek 13,Sun,2023,1.0,1.0,Real Sociedad,Valencia,Draw,1744.38354492,1,16.0,0.9338,0.8266,1.2833800000000002,0.8734600000000001,56.928200000000004,14.273,6.106,43.33186,1.2833800000000002,0.094402,3.6673999999999998,0.7739400000000001,-0.052659999999999985,10.4254,33.934200000000004,1.0334599999999998,0.77638,9.841999999999999,1.5823999999999998,38.1498,8.2766,13.3946,0.978,14.925799999999999,7.0326,1.6896,15.5442,2.3438,22.306,21.9776,19.8134,1703.208071214762,1669.89001465,1.2573999999999999,1.3758,1.53346,1.24134,52.908,13.0092,4.2164,31.55312,1.13784,0.08791399999999999,4.038,1.04576,-0.15204,17.8792,29.2212,0.9807199999999999,0.95022,9.532,2.6388,29.6166,5.5527999999999995,14.748,1.435,18.8754,5.082,1.7016,14.6692,2.7438,23.1586,20.369600000000002,15.2832,1689.39762531834,1,74.49353027000006
2022-11-07_Rayo Vallecano_Real Madrid,2022-11-07,21:00,La Liga,Matchweek 13,Mon,2023,3.0,2.0,Rayo Vallecano,Real Madrid,Home Win,1624.47290039,1,21.0,1.9726000000000001,0.9404,1.84798,0.7851,61.8744,17.9722,5.1364,27.3311,1.52318,0.081532,2.4078,0.8065200000000001,0.11031999999999999,8.1464,42.7582,1.1148600000000002,0.9962599999999999,12.3732,3.3778,51.9144,10.3102,14.4328,0.7802,33.8616,8.260000000000002,3.3449999999999998,23.516199999999998,2.7384,32.0622,24.849,30.6154,1636.2391924550761,1964.26782227,2.5228,0.536,1.81858,0.9147799999999999,57.768,13.4298,4.8068,40.52372,1.5782800000000001,0.127494,2.9958,0.7928999999999999,0.2569,14.4688,45.827200000000005,1.40858,1.1976200000000001,11.568,0.558,44.8044,7.518999999999999,13.049,1.8808,8.9996,3.1317999999999997,4.2236,18.1768,2.1892,25.3186,21.394,21.232,1633.824744700884,0,-339.79492187999995
2022-11-08_Athletic Club_Valladolid,2022-11-08,20:00,La Liga,Matchweek 14,Tue,2023,3.0,0.0,Athletic Club,Valladolid,Home Win,1720.09326172,1,20.0,1.5694000000000001,0.736,1.62472,0.49837999999999993,52.6762,15.877400000000002,4.528600000000001,28.572939999999996,1.46648,0.095916,2.0244,0.58472,-0.15127999999999997,9.7268,40.7396,1.13818,0.96756,11.843200000000001,2.6594,55.229200000000006,9.825800000000001,13.643,0.8928,25.916,5.956600000000001,2.9410000000000003,18.285800000000002,2.3978,25.857400000000002,29.595399999999998,24.2562,1670.912635985642,1624.02526855,0.7714000000000001,2.1006,0.8096000000000001,2.2048,50.0616,11.1316,3.1471999999999998,28.361420000000003,0.65136,0.063092,6.62,2.2235,0.12289999999999998,16.8936,23.5454,0.46474,0.61874,8.092,1.842,30.3574,5.1892,15.43,1.0818,16.1982,6.0052,1.5428000000000002,16.5996,2.3038,20.417,13.288,11.3242,1682.869615917322,0,96.06799317000014
2022-11-08_Barcelona_Osasuna,2022-11-08,21:30,La Liga,Matchweek 14,Tue,2023,1.0,2.0,Osasuna,Barcelona,Away Win,1662.66357422,1,21.0,1.2264,0.9117999999999999,1.62026,0.93172,51.811400000000006,14.573,5.2054,34.0883,1.2666600000000001,0.08694600000000001,3.725,0.9479,0.03609999999999997,12.0046,32.8802,0.9473199999999999,1.1646,10.0936,3.065,38.363600000000005,8.8374,17.903399999999998,0.38,22.5548,5.6718,2.255,18.932000000000002,3.3248000000000006,26.8434,25.733400000000003,14.1528,1651.509789207314,1874.6595459,1.8544,0.6594,2.21478,0.7593799999999999,63.824799999999996,15.038400000000001,4.4058,28.624620000000004,2.21478,0.14713400000000001,2.6018,0.68052,0.02112000000000004,10.124400000000001,50.446,1.6402600000000003,1.86714,11.4724,1.4926,52.9512,9.4234,13.9878,4.1662,13.4554,5.7992,2.9728,21.333599999999997,0.9954000000000001,26.9686,31.749199999999995,23.8804,1749.807775658626,2,-211.9959716799999
2022-11-08_Elche_Girona,2022-11-08,19:00,La Liga,Matchweek 14,Tue,2023,1.0,2.0,Elche,Girona,Away Win,1561.98242188,1,19.0,0.3758,1.9736,0.8645400000000001,1.6512799999999999,46.6428,9.793199999999999,3.1887999999999996,31.771900000000002,0.66918,0.07303,5.0676,2.25176,0.4561600000000001,12.0924,30.8266,0.5151600000000001,0.69214,7.949199999999999,2.6134,34.167,6.2952,16.3732,0.8684000000000001,21.337400000000002,5.7434,0.5538,14.0574,1.8662,18.2904,15.5384,15.6888,1752.4851606219581,1591.19787598,1.2198,1.8154,1.5392,1.8765800000000001,53.240199999999994,9.3886,2.7094000000000005,28.196640000000002,0.864,0.092692,5.5632,2.53068,0.7152799999999999,12.0278,31.732799999999997,0.76996,0.7511800000000001,7.050800000000001,1.8796,39.9514,5.8422,14.366399999999999,0.534,19.1128,3.1292,2.1954000000000002,12.7376,1.2794,18.4388,15.1824,16.8336,1737.686277904536,2,-29.215454099999988
2022-11-09_Real Sociedad_Sevilla,2022-11-09,19:00,La Liga,Matchweek 14,Wed,2023,1.0,2.0,Sevilla,Real Sociedad,Away Win,1721.32910156,1,19.0,0.41759999999999997,1.4984,0.98182,1.9352399999999998,56.157799999999995,12.3102,3.8440000000000003,32.73452,0.98182,0.09434000000000001,4.9802,1.69964,0.20124,12.051000000000002,34.941,0.75774,0.89294,9.8218,2.3602000000000003,41.29,9.0348,17.928,0.7536,24.8232,6.4028,0.6154,15.8948,2.8994000000000004,22.6626,22.202,14.101600000000001,1707.8833842281758,1744.38354492,1.7668,1.4134,1.3129600000000001,0.8109999999999999,60.630599999999994,12.4138,4.505000000000001,44.1605,1.1848,0.106354,4.0652,1.13012,-0.28328,12.339799999999999,33.300200000000004,0.88392,0.98438,8.7918,2.9706,41.7168,8.3664,14.2502,1.074,18.0964,6.3636,3.5336,16.749200000000002,1.2066,21.438399999999998,15.535400000000001,15.634,1646.63631362211,2,-23.05444336000005
2022-11-09_Espanyol_Villarreal,2022-11-09,20:00,La Liga,Matchweek 14,Wed,2023,0.0,1.0,Espanyol,Villarreal,Away Win,1609.70288086,1,20.0,1.6199999999999999,1.8986,1.63448,1.1859600000000001,44.39,14.056599999999998,4.2222,31.91664,1.49208,0.10933799999999999,4.6126000000000005,1.49942,-0.44723999999999997,10.718,34.3644,1.17394,0.9741600000000001,10.3032,2.1562,36.0988,9.1406,13.620000000000001,0.3204,22.518199999999997,6.449999999999999,2.7237999999999998,16.407,1.738,23.3276,22.919800000000002,12.757,1720.08166313425,1774.29150391,0.0,1.2615999999999998,0.75788,1.46296,47.815799999999996,8.288,2.5386,30.489060000000002,0.75788,0.07829,4.9544,1.32186,0.060259999999999994,16.7684,25.063799999999997,0.56544,0.55202,5.7196,1.2066,32.2036,6.086600000000001,18.470200000000002,0.38,12.789800000000001,3.2533999999999996,0.0,10.8608,0.7778,14.051000000000002,17.3152,17.6822,1761.7457703146401,2,-164.58862305000002
2022-11-09_Almeria_Getafe,2022-11-09,19:00,La Liga,Matchweek 14,Wed,2023,1.0,0.0,Almeria,Getafe,Home Win,1605.26416016,1,19.0,2.3058,1.2198,1.5987199999999997,1.36314,46.0524,12.4834,4.7078,38.5396,1.5987199999999997,0.12279399999999999,4.1358,1.1084200000000002,-0.11137999999999999,19.7106,25.1938,1.1015,0.7927,8.9688,3.5736,31.3052,7.807,13.1266,0.2198,19.415,5.42,3.098,15.5642,1.7570000000000001,20.9652,19.5546,15.3988,1671.39388225104,1641.71154785,0.9802,1.0208,0.3952,1.24526,36.2856,6.920999999999999,2.8986000000000005,40.809920000000005,0.3952,0.05985,5.067200000000001,1.37286,0.35205999999999993,23.340999999999998,16.5592,0.35078,0.31362,5.1386,1.6068,18.437,4.0158000000000005,13.8942,0.178,10.1828,1.0244,1.7824,7.048399999999999,1.4044,10.6528,10.928799999999999,6.9176,1645.229615089848,0,-36.447387689999914
2022-11-10_Celta Vigo_Rayo Vallecano,2022-11-10,19:00,La Liga,Matchweek 14,Thu,2023,0.0,0.0,Rayo Vallecano,Celta Vigo,Draw,1638.7421875,1,19.0,2.508,1.0464,1.92858,1.1772999999999998,57.547,17.431,6.088,35.073859999999996,1.46532,0.07838,2.0786000000000002,0.93354,0.10694000000000002,10.718,38.7306,1.08782,0.98666,12.480200000000002,2.9515999999999996,48.3716,10.856,12.447399999999998,0.558,28.482,7.4014,3.9874,24.3858,2.2762000000000002,31.267999999999997,24.1644,25.913999999999998,1719.4053581062421,1631.93505859,0.6242,2.9844000000000004,1.3027799999999998,1.7016999999999998,46.537600000000005,12.6494,3.0418000000000003,26.9223,1.14892,0.08233,5.6354,1.66344,-1.16076,16.0048,25.7518,0.93378,0.69756,9.5026,1.9996,32.9218,6.8246,13.1932,0.6022,18.8946,4.9422,1.0042,14.9458,2.1470000000000002,21.1312,18.9292,16.477600000000002,1685.200502929512,1,6.807128910000074
2022-11-10_Betis_Valencia,2022-11-10,20:00,La Liga,Matchweek 14,Thu,2023,3.0,0.0,Valencia,Betis,Home Win,1673.58605957,1,20.0,1.9504,1.2396,1.51772,1.17772,57.277,13.465200000000001,4.8026,41.116780000000006,1.18364,0.07774400000000001,3.7710000000000004,1.37862,0.13902,10.268799999999999,40.3334,0.84204,0.88088,9.965599999999998,1.7558,46.3006,7.6088000000000005,18.095399999999998,0.8784000000000001,22.4794,5.3502,2.8862,17.017800000000005,2.224,23.5036,23.3516,21.299799999999998,1700.753805639064,1778.81689453,0.6486000000000001,0.4984,0.8544800000000001,1.16106,49.314400000000006,8.7544,3.1868,36.1212,0.8544800000000001,0.10405800000000001,4.3149999999999995,0.80472,0.30632000000000004,12.6832,23.5134,0.73692,0.70386,7.5346,0.8022,28.842600000000004,4.4916,18.9328,0.5778,13.0336,3.7630000000000003,0.8088,11.4448,1.5978,15.7108,15.832799999999999,13.045200000000001,1732.407559058586,0,-105.23083495999981
2022-11-10_Cadiz_Real Madrid,2022-11-10,21:30,La Liga,Matchweek 14,Thu,2023,2.0,1.0,Real Madrid,Cadiz,Home Win,1949.99853516,1,21.0,2.3158000000000003,1.0,2.39862,1.01648,57.461200000000005,17.2432,5.2108,31.998039999999996,2.11776,0.115748,2.5934,0.68896,-0.31104,7.2418,47.4736,1.83258,1.6109400000000003,14.436399999999999,1.3539999999999999,51.8498,9.6314,11.6732,2.0522,13.6896,5.404999999999999,4.1895999999999995,25.6536,1.9604,33.065799999999996,24.941000000000003,26.2118,1705.273916332954,1600.52001953,0.5956,1.7774,0.70488,1.7938599999999998,41.1352,8.469999999999999,1.5504,13.4567,0.70488,0.07682599999999999,5.7178,1.4733200000000002,-0.30408,23.0212,15.321600000000002,0.4568,0.6722,5.8355999999999995,1.7206,18.9406,3.2082,15.9754,0.3978,12.1722,2.5128000000000004,0.7516,9.593,1.264,13.794,11.9908,11.1262,1640.648181714426,0,349.4785156300002
2022-12-29_Girona_Rayo Vallecano,2022-12-29,17:00,La Liga,Matchweek 15,Thu,2023,2.0,2.0,Girona,Rayo Vallecano,Draw,1599.95825195,1,17.0,1.7604,1.7119999999999997,1.26944,0.9743,48.610400000000006,15.6208,5.8758,35.09726,1.13098,0.076574,4.0754,1.57638,-0.13562000000000002,15.383199999999999,30.9782,1.06898,1.0933,12.494600000000002,3.3078000000000003,37.1976,8.481399999999999,13.995,0.9202,23.778,4.392200000000001,3.3427999999999995,20.477800000000002,2.9932000000000003,28.9444,27.5364,16.6792,1688.4153821299938,1636.86975098,1.178,1.6676,0.88146,1.49486,51.64,11.653,3.5082000000000004,32.647580000000005,0.7276,0.060906,4.6942,1.70108,0.03348000000000001,14.970999999999998,33.3644,0.69556,0.63738,10.2884,2.2352000000000003,36.868,6.638599999999999,16.003600000000002,0.46399999999999997,21.8218,4.777200000000001,1.9384,14.7998,2.5172,20.0252,16.2568,18.220000000000002,1681.2891912089742,1,-36.91149902999996
2022-12-29_Athletic Club_Betis,2022-12-29,19:15,La Liga,Matchweek 15,Thu,2023,0.0,0.0,Betis,Athletic Club,Draw,1762.7286377,1,19.0,1.5735999999999999,1.0596,1.5554999999999999,1.20412,47.167,13.086400000000001,4.1998,32.889540000000004,1.4131,0.11051,3.7237999999999998,1.1082999999999998,0.04870000000000001,13.825800000000001,26.7522,1.11684,0.83618,9.862400000000001,2.1978,37.6842,7.3908000000000005,15.666999999999998,1.5735999999999999,15.3092,5.3608,2.3028,19.6634,1.5688,24.5146,21.782999999999998,19.471000000000004,1681.3320366923358,1727.83410645,1.4586,2.1014,1.2137799999999999,1.03234,51.8074,12.6954,4.553800000000001,36.447540000000004,1.08562,0.08554400000000001,5.6262,1.42018,-0.6812199999999999,15.6314,38.47,0.8402000000000001,0.82784,9.6166,2.6224,44.8998,7.4788,15.520199999999999,0.7624,20.9942,3.5220000000000002,2.1162,16.8796,2.0324,21.962200000000003,22.203599999999998,20.6152,1703.070584375088,1,34.89453125
2022-12-30_Getafe_Mallorca,2022-12-30,17:00,La Liga,Matchweek 15,Fri,2023,2.0,0.0,Getafe,Mallorca,Home Win,1631.2064209,1,17.0,1.116,1.3316,1.05632,1.31564,42.1562,10.808,2.7294,25.70694,0.81958,0.07399800000000001,4.8544,1.0687,-0.2629,13.033,25.8476,0.75274,0.8132799999999999,7.5154,2.399,32.639399999999995,6.380000000000001,13.086399999999998,1.0882,21.0926,4.7434,2.0718,12.556,2.3258,18.357799999999997,16.0724,9.8416,1746.006175342746,1632.96496582,1.2662,1.2364,1.0949,1.08068,39.4778,8.4642,3.37,42.4996,0.61646,0.074342,4.0098,1.44286,0.20646000000000003,14.6276,18.3064,0.6257,0.59614,6.488600000000001,1.7482000000000002,23.7406,4.564,14.486,1.084,13.9764,4.259,2.5324,9.5972,2.0178000000000003,15.6868,14.5092,13.977,1765.229646364964,0,-1.7585449200000767
2022-12-30_Real Madrid_Valladolid,2022-12-30,21:30,La Liga,Matchweek 15,Fri,2023,0.0,2.0,Valladolid,Real Madrid,Away Win,1621.3729248,1,21.0,1.4994,0.6022,1.28362,0.898,45.1408,12.4874,5.8078,46.30018,1.12538,0.08860399999999999,2.2552,0.6847,0.08250000000000002,15.1188,26.4218,0.9515799999999999,0.85622,9.525,2.567,33.5734,5.9364,13.8066,1.1304,21.0706,5.2418000000000005,2.9988,18.180799999999998,2.0836,22.9626,19.1526,18.206000000000003,1688.158030859846,1951.12414551,2.1822,1.0708,1.68932,0.9877400000000001,58.1122,13.731000000000002,3.8494,32.96004,1.49396,0.119978,4.1172,1.1511,0.08030000000000002,13.9452,41.038000000000004,1.2924,1.1823000000000001,11.2228,0.8464,43.6802,7.3672,15.674399999999999,1.116,12.462599999999998,3.7512,3.7687999999999997,18.6034,2.4586,25.586800000000004,21.1552,20.4324,1621.2600137929699,2,-329.7512207100001
2022-12-30_Almeria_Cadiz,2022-12-30,19:15,La Liga,Matchweek 15,Fri,2023,1.0,1.0,Cadiz,Almeria,Draw,1599.39440918,1,19.0,1.1282,1.5248,0.9122600000000001,1.6019,41.6312,9.623000000000001,3.3182,33.14888,0.9122600000000001,0.09757,6.1494,1.3952,-0.1296,14.1646,25.054000000000002,0.5710200000000001,0.48206,6.5976,2.3053999999999997,26.967,4.7768,10.691600000000001,0.1978,18.1384,5.5516000000000005,2.2564,12.9924,1.3824,17.411,16.243,17.745200000000004,1745.637587597068,1610.36376953,0.41759999999999997,2.3936,0.68882,2.16102,43.4224,9.513200000000001,2.7888,28.22836,0.68882,0.080964,6.2486,2.37986,-0.013739999999999974,15.1672,24.541,0.46962,0.69556,6.2782,1.3336000000000001,27.8584,6.1344,14.290600000000001,2.033,12.2782,2.3932,0.8351999999999999,12.290999999999999,0.938,15.6996,14.1584,12.763399999999999,1790.141652417098,1,-10.969360349999988
2022-12-30_Celta Vigo_Sevilla,2022-12-30,19:15,La Liga,Matchweek 15,Fri,2023,1.0,1.0,Celta Vigo,Sevilla,Draw,1633.80761719,1,19.0,1.3204,1.1038,0.69604,0.50814,58.464999999999996,12.289,4.4264,37.18414,0.69604,0.06039,3.0953999999999997,0.66724,-0.43656000000000006,9.704,35.2862,0.5054799999999999,0.60924,9.229,1.4222,40.519800000000004,5.3568,15.876000000000001,0.558,19.354599999999998,4.0946,2.085,17.3266,0.9756,21.2108,19.0764,21.178,1703.841511521724,1715.29797363,1.3204,1.402,0.94296,1.70956,52.473,12.04,3.1578,27.034019999999998,0.94296,0.077532,4.9558,1.1912999999999998,-0.0021000000000000463,13.1158,31.6858,0.63136,0.64984,8.8566,1.6386,36.0116,6.206799999999999,12.582999999999998,1.0804,15.0152,3.4222,2.2608,15.8042,1.7802,21.2592,17.773400000000002,16.3878,1790.287319165666,1,-81.49035643999991
2022-12-31_Valencia_Villarreal,2022-12-31,16:15,La Liga,Matchweek 15,Sat,2023,2.0,1.0,Villarreal,Valencia,Home Win,1761.05371094,1,16.0,1.654,0.8862,1.4502800000000002,0.6193,56.918800000000005,12.701,5.8398,44.99272,1.3118200000000002,0.10274799999999999,2.8716,0.69884,-0.18735999999999997,13.1644,40.739000000000004,1.02,0.7865599999999999,9.388,1.7570000000000001,44.687599999999996,9.7242,15.5222,2.25,20.6568,7.0306,2.8096,17.482,0.5998,22.897800000000004,22.932600000000004,27.2472,1652.70023867409,1689.67431641,1.3758,1.3381999999999998,1.4989400000000002,1.24162,56.014599999999994,13.685000000000002,4.5272,33.62252,1.1428800000000001,0.08368,4.078399999999999,0.89468,-0.03912,15.2496,33.3618,1.0159,1.06288,10.844000000000001,2.6308,38.0808,7.2628,14.1406,1.3914,20.5206,6.827399999999999,2.0198,16.2674,3.4462,25.084600000000002,22.242,19.706000000000003,1696.311484789902,0,71.3793945299999
2022-12-31_Osasuna_Real Sociedad,2022-12-31,16:15,La Liga,Matchweek 15,Sat,2023,2.0,0.0,Real Sociedad,Osasuna,Home Win,1750.07043457,1,16.0,0.9404,0.844,1.22178,0.8473,50.5304,13.312999999999999,5.507,41.117639999999994,1.22178,0.096962,3.024,0.5823999999999999,-0.2616,13.657399999999999,30.277400000000004,0.98686,0.79434,9.269400000000001,1.1358000000000001,31.176599999999997,7.128,13.7436,1.2244,13.368,5.564,1.2322,14.612800000000002,2.3536,20.9984,20.6146,17.866799999999998,1708.531723657016,1667.33300781,1.0464,1.0376,0.73786,1.0326,41.4772,10.527999999999999,3.0065999999999997,30.04982,0.73786,0.06461800000000001,4.2534,1.05644,0.018839999999999996,15.0054,21.785,0.5446,0.76722,6.9358,2.7398000000000002,30.493,7.236599999999999,13.041,0.5182,17.8548,4.5808,2.0928,13.6508,1.4884,16.611,16.849600000000002,10.715800000000002,1735.920452733544,0,82.73742676000006
2022-12-31_Barcelona_Espanyol,2022-12-31,14:00,La Liga,Matchweek 15,Sat,2023,1.0,1.0,Barcelona,Espanyol,Draw,1881.62841797,1,14.0,2.6196,0.0,2.68068,0.5781200000000001,67.35040000000001,18.031,7.7898,45.47938,2.48532,0.152454,1.356,0.32343999999999995,0.32343999999999995,5.4548000000000005,60.550799999999995,1.9913000000000003,2.59124,14.666,3.6266000000000003,67.6902,16.217399999999998,12.466199999999999,6.3344000000000005,19.3238,6.0292,4.7972,26.272799999999997,2.1516,34.107200000000006,39.904799999999994,28.145400000000002,1701.7582497564922,1610.01782227,0.9802,1.3381999999999998,0.79424,1.50528,40.0054,7.8376,3.2302,42.74046,0.79424,0.11812199999999999,5.2926,1.47778,0.13958,21.297,18.3304,0.77602,0.74038,6.513,1.336,23.514400000000002,3.9888,17.197,0.356,13.3978,2.6176,1.9604,8.862,2.063,13.462,11.4772,10.2476,1650.0305959457119,1,271.6105957000002
2023-01-06_Celta Vigo_Elche,2023-01-06,18:30,La Liga,Matchweek 16,Fri,2023,0.0,1.0,Elche,Celta Vigo,Away Win,1545.17199707,1,18.0,0.5824,2.1204,0.82368,1.78822,46.479,9.7698,2.6374,27.026400000000002,0.64784,0.069284,4.5724,1.98794,0.027740000000000015,12.3714,27.602199999999996,0.5524800000000001,0.74618,8.1544,2.9404000000000003,33.6946,6.698200000000001,14.4938,1.1258,21.725,5.0806000000000004,0.9868,15.128599999999999,1.6354,18.5616,16.694,15.675999999999998,1713.164035841664,1634.3338623,0.41759999999999997,2.1092000000000004,1.1471,1.52826,44.109,12.0516,3.0376,27.81122,1.00864,0.07877,5.2276,1.5670599999999997,-0.54214,18.6674,23.5138,0.8438599999999999,0.65012,9.6522,1.6112,28.524600000000003,5.7328,15.66,0.3978,15.4978,4.1712,0.6154,14.8626,2.2764,20.5408,16.894,14.167000000000002,1684.71413574239,2,-89.16186522999988
2023-01-06_Cadiz_Valencia,2023-01-06,21:00,La Liga,Matchweek 16,Fri,2023,0.0,1.0,Valencia,Cadiz,Away Win,1684.91992188,1,21.0,1.767,0.9714,1.5226600000000001,1.07992,56.7394,12.0766,4.4898,42.0749,1.02666,0.077528,3.0612000000000004,1.21304,0.24164000000000002,9.4654,41.12,0.78132,0.75184,8.571200000000001,1.7802,48.0112,6.2383999999999995,15.267,0.8464,20.965799999999998,4.7384,3.0534,16.018,1.8132,22.2226,20.220599999999997,21.8136,1726.066578979382,1597.90270996,0.7802,1.6554,0.81092,2.00184,39.2684,9.0558,2.6164,24.32112,0.81092,0.087794,5.6458,1.2417200000000002,-0.41368,22.6512,14.4364,0.48996,0.69382,5.9521999999999995,1.116,17.861,3.5316,15.589400000000001,0.6022,11.4226,2.2174,0.9206,9.7782,1.2376,14.4476,11.1594,12.2348,1706.4791921639642,2,87.01721191999991
2023-01-07_Real Madrid_Villarreal,2023-01-07,16:15,La Liga,Matchweek 16,Sat,2023,2.0,1.0,Villarreal,Real Madrid,Home Win,1765.80810547,1,16.0,1.4002,1.0418,1.4255,0.81272,56.283,12.2542,5.7674,46.41894,1.3009,0.101824,3.5612,0.9219999999999999,-0.11980000000000002,12.8152,39.6658,1.1868599999999998,1.0221,9.7934,1.4372,41.94460000000001,9.4518,18.1444,2.8134,18.87,6.6832,2.396,17.0012,1.1282,21.510399999999997,21.8298,26.4224,1666.6754975858719,1954.59033203,2.0198,0.8196,1.7792599999999998,0.84806,57.9682,14.013799999999998,4.064400000000001,33.23832,1.40806,0.114096,4.1056,1.05836,0.23876,12.2414,40.6124,1.19224,1.16522,11.5564,0.8617999999999999,45.800599999999996,7.8864,14.7746,0.9601999999999999,13.505199999999999,4.5646,3.2594000000000003,18.8548,2.4686,25.3632,24.3934,23.6194,1619.02575773692,0,-188.7822265599998
2023-01-07_Mallorca_Valladolid,2023-01-07,18:30,La Liga,Matchweek 16,Sat,2023,1.0,0.0,Mallorca,Valladolid,Home Win,1623.5065918,1,18.0,0.6242,0.5956,1.07336,0.61164,41.379000000000005,9.9504,3.4772000000000003,35.896280000000004,1.07336,0.111876,2.7128,0.64698,0.05138000000000001,15.7992,26.4936,0.9235199999999999,0.81192,7.9702,1.7913999999999999,30.073999999999998,6.8717999999999995,15.0644,0.2198,16.5764,3.2563999999999997,1.0882,13.7452,1.514,17.253,16.5958,8.8194,1696.3039192879241,1617.90673828,0.6942,2.0464,0.73536,2.12224,54.2158,10.818200000000001,2.544,21.92014,0.59296,0.057016,6.1256,2.1858400000000002,0.13944,14.530000000000001,23.7558,0.42941999999999997,0.6357,8.271,1.5136,31.0194,4.726,18.3056,0.9736,16.067,5.3164,1.3884,15.695,2.6618,20.263199999999998,13.103200000000001,12.501,1663.4502981203361,0,5.599853520000124
2023-01-07_Espanyol_Girona,2023-01-07,21:00,La Liga,Matchweek 16,Sat,2023,2.0,2.0,Espanyol,Girona,Draw,1617.48156738,1,21.0,1.3138,1.5204,1.5522200000000002,0.9355,45.5044,13.9068,4.688400000000001,35.35092,1.42406,0.104964,4.0188,1.04342,-0.23278,9.481,34.2164,1.1465800000000002,0.84466,10.6172,2.529,37.2544,8.6382,11.3718,0.2442,22.2108,5.7724,2.3072,17.4874,1.1316,23.783400000000004,22.5394,14.0582,1694.3279831543882,1599.20227051,1.442,1.7338,1.7738800000000001,1.7345,54.2808,12.280000000000001,2.7384,24.066899999999997,1.2815599999999998,0.106958,4.9184,2.3775800000000005,0.64378,12.181000000000001,33.4452,1.20134,0.9846600000000001,10.264399999999998,2.18,44.1278,7.123200000000001,14.197399999999998,0.4806,19.0776,3.6046000000000005,2.6642,14.6172,2.6166,22.6902,19.2596,18.0594,1710.3794250245662,1,18.279296869999826
2023-01-08_Getafe_Sevilla,2023-01-08,18:30,La Liga,Matchweek 16,Sun,2023,2.0,1.0,Sevilla,Getafe,Home Win,1714.77172852,1,18.0,0.62,1.4044,0.88596,1.5800800000000002,51.7232,11.2464,3.6154,35.26912,0.88596,0.093466,5.959,1.77202,0.36762000000000006,11.7898,33.735400000000006,0.6987,0.8448,9.051,2.4242000000000004,38.696,8.3988,17.735,0.7782,23.5966,5.674,1.0422,15.549199999999999,2.4652000000000003,21.163399999999996,19.64,12.2822,1691.176742259438,1640.66479492,0.738,0.442,0.42452,0.9112,39.420199999999994,7.905799999999999,2.5204,32.93994,0.42452,0.059306,3.9954000000000005,0.9395399999999999,0.49754,21.1416,19.522,0.36012,0.33668000000000003,5.6132,1.6461999999999999,22.8774,3.8701999999999996,15.6582,0.1602,12.8628,2.2430000000000003,1.3158,7.9204,2.1966,13.029599999999999,12.1572,7.314399999999999,1628.621520729856,0,74.10693359999982
2023-01-08_Almeria_Real Sociedad,2023-01-08,14:00,La Liga,Matchweek 16,Sun,2023,0.0,2.0,Almeria,Real Sociedad,Away Win,1611.85559082,1,14.0,2.031,0.9536,1.22932,1.18026,49.8758,11.602599999999999,4.2486,37.2816,1.22932,0.097328,3.4896,0.97104,0.01744000000000001,20.2718,24.175,0.92602,0.75346,9.0162,3.8048,31.196399999999997,8.059,12.7254,0.442,18.385399999999997,5.8664000000000005,2.8882000000000003,15.596400000000001,1.6814,20.2248,18.811,16.48,1644.1206275882419,1756.58984375,1.9341999999999997,1.5162,1.33724,0.77548,63.242599999999996,14.1704,5.6754,45.45142,1.33724,0.10283199999999999,3.6702,0.93732,-0.57888,12.5498,42.105999999999995,1.02204,0.9271,10.999,2.9178,45.0526,8.5182,13.0044,0.7782,17.243,5.1064,3.8683999999999994,20.7144,0.7976,24.358000000000004,17.047,16.6916,1668.138495701356,2,-144.7342529299999
2023-01-08_Betis_Rayo Vallecano,2023-01-08,16:15,La Liga,Matchweek 16,Sun,2023,1.0,2.0,Rayo Vallecano,Betis,Away Win,1637.62573242,1,16.0,1.9688,0.7976,1.5882200000000002,1.03428,59.5662,16.110799999999998,5.3466000000000005,32.70702,1.1713,0.063006,2.0266,0.7272,0.12739999999999996,8.0838,41.9406,0.87924,0.9335600000000001,12.2762,2.8564,49.0756,10.370199999999999,13.1352,0.6022,28.766000000000002,6.8728,3.3002000000000002,23.8794,1.9602000000000002,30.1406,22.1382,25.2542,1699.314353686484,1759.97729492,0.4396,0.8928,0.74578,1.1152199999999999,46.3082,7.946400000000001,2.5356,30.183880000000002,0.74578,0.095768,5.0161999999999995,1.31826,0.42546,12.915,19.3452,0.6544,0.61022,6.9928,0.5778,23.985599999999998,3.6656,19.749,0.62,13.206600000000002,4.3192,0.4396,10.1794,1.538,13.9304,13.983999999999998,12.6406,1680.369652441526,2,-122.3515625
2023-01-09_Athletic Club_Osasuna,2023-01-09,21:00,La Liga,Matchweek 16,Mon,2023,0.0,0.0,Athletic Club,Osasuna,Draw,1730.58557129,1,21.0,2.145,0.5182,1.8020200000000002,0.48412,48.391799999999996,16.4782,5.2526,31.730940000000004,1.6596199999999999,0.103092,1.5335999999999999,0.38206,-0.13614,9.5542,36.769800000000004,1.28088,1.0496400000000001,12.158999999999999,2.5934,51.333800000000004,9.799000000000001,11.725,1.6362,22.5172,7.226000000000001,3.8678000000000003,18.324800000000003,2.6022000000000003,26.4718,29.791800000000002,23.0772,1664.70346789316,1660.81359863,0.7976,1.4222,0.47337999999999997,1.24236,43.671200000000006,9.9984,2.8618,29.86202,0.47337999999999997,0.046738,4.0280000000000005,1.19054,-0.23166,13.495600000000001,24.060000000000002,0.36154,0.54306,6.798,2.4774000000000003,30.932000000000002,6.5802000000000005,14.046000000000001,0.4222,17.060000000000002,3.1691999999999996,1.5952,13.209,1.4396,16.517400000000002,14.0136,10.8442,1753.07478857362,1,69.77197266000007
2023-01-13_Celta Vigo_Villarreal,2023-01-13,21:00,La Liga,Matchweek 17,Fri,2023,1.0,1.0,Celta Vigo,Villarreal,Draw,1641.77636719,1,21.0,1.0,1.2376,1.0139,0.585,54.9996,13.913599999999999,4.4838000000000005,32.62838,1.0139,0.07212,4.0068,0.74702,-0.49058,12.5642,35.822199999999995,0.7202999999999999,0.74042,9.838600000000001,2.1126,44.1514,6.7864,14.0024,0.8464,21.116600000000002,4.6175999999999995,1.644,18.558999999999997,1.2222,23.4758,20.6664,19.583199999999998,1718.3578715560639,1776.99487305,0.2442,0.9912000000000001,0.60792,1.3834000000000002,49.0676,7.8826,2.729,32.70458,0.60792,0.070252,5.2032,1.25082,0.25961999999999996,16.6918,30.3416,0.47798,0.37822,5.9036,0.7976,35.093199999999996,6.433999999999999,17.3902,0.442,10.2482,3.484,0.0,11.4308,0.8,14.0694,17.5072,17.4816,1719.106383522226,1,-135.21850586000005
2023-01-14_Girona_Sevilla,2023-01-14,16:15,La Liga,Matchweek 17,Sat,2023,2.0,1.0,Girona,Sevilla,Home Win,1601.50976562,1,16.0,1.7844,1.885,1.4301799999999998,1.0489600000000001,51.6676,15.4588,5.788399999999999,35.15856,0.9637,0.06338200000000001,4.068,1.62528,-0.25971999999999995,11.9496,32.8544,0.83464,0.90976,12.056799999999999,3.177,41.14960000000001,8.3332,13.851400000000002,0.6398,25.3858,4.008800000000001,3.1644,20.186,2.2612,28.1176,26.6178,17.7204,1682.744940138492,1719.6036377,1.0,1.2176,0.7312599999999999,1.6665,54.8446,10.9596,3.0538,32.59616,0.7312599999999999,0.064362,4.9602,1.0868200000000001,0.056979999999999975,13.1394,34.8688,0.42964,0.62046,7.7943999999999996,2.2074000000000003,39.971599999999995,6.763000000000001,12.4804,0.6398,17.5886,4.1126000000000005,1.8022,13.814999999999998,1.8022,19.1804,16.1314,15.028400000000001,1771.8937422125477,0,-118.09387207999998
2023-01-14_Mallorca_Osasuna,2023-01-14,18:30,La Liga,Matchweek 17,Sat,2023,1.0,0.0,Osasuna,Mallorca,Home Win,1664.49694824,1,18.0,1.0596,1.1648,1.3564,1.00502,51.33,14.9042,4.6966,30.012499999999996,1.03816,0.069392,3.6524,1.06842,-0.09638000000000002,11.848400000000002,34.934000000000005,0.74958,1.03282,10.084399999999999,3.2028000000000003,41.7346,9.2864,15.471,0.1978,23.0762,5.2602,1.9411999999999998,19.0276,3.2922,27.4802,25.3928,14.7586,1709.8219748282502,1629.83984375,0.9954000000000001,1.0244,1.0598,0.9339999999999999,41.9042,7.6292,2.7446,32.48248,0.62922,0.098886,4.0646,1.06132,0.03692000000000001,16.839199999999998,17.098799999999997,0.62754,0.51768,5.8954,1.8175999999999999,24.82,4.2076,14.713999999999999,0.9756,13.046,3.8888,1.9908000000000001,9.569799999999999,1.6718,14.4294,12.9254,11.5932,1697.725584694572,0,34.65710448999994
2023-01-14_Athletic Club_Real Sociedad,2023-01-14,21:00,La Liga,Matchweek 17,Sat,2023,3.0,1.0,Real Sociedad,Athletic Club,Home Win,1765.13366699,1,21.0,1.0464,0.6154,1.1675200000000001,0.74488,48.9908,12.160599999999999,4.579400000000001,36.24046,1.1675200000000001,0.10371,2.8774,0.5253,-0.09009999999999999,14.180399999999999,28.596,0.91168,0.82934,8.4656,0.7338,33.3562,5.561599999999999,14.446,1.202,12.8426,5.1632,1.6532,14.939800000000002,1.8297999999999999,20.0216,19.5762,19.044800000000002,1708.227354442154,1726.90222168,0.736,1.7469999999999999,0.80078,0.92142,50.4618,11.705,3.0892,26.069879999999998,0.80078,0.068012,5.9962,1.4214,-0.3256000000000001,13.326400000000001,39.6886,0.61316,0.71296,8.2898,2.3160000000000003,48.894400000000005,7.8751999999999995,14.103,0.642,21.327399999999997,3.9140000000000006,1.472,15.9708,1.6408,20.6568,20.686,21.009999999999998,1729.636554493772,0,38.231445310000026
2023-01-14_Rayo Vallecano_Valladolid,2023-01-14,14:00,La Liga,Matchweek 17,Sat,2023,0.0,1.0,Valladolid,Rayo Vallecano,Away Win,1611.57348633,1,14.0,1.3494,0.8862,1.0855000000000001,1.32654,41.932,12.0622,5.3388,43.85252,0.9430999999999999,0.077976,3.5947999999999998,1.16904,0.28284,14.950600000000001,25.282600000000002,0.8055199999999999,0.7773599999999999,9.4844,2.222,28.6798,5.6546,11.884,1.0173999999999999,16.6476,4.7852,2.6988,15.6888,2.3194,21.180799999999998,18.3168,17.509,1763.0397896977279,1630.99035645,1.4044,1.7008,1.00864,1.5609799999999998,48.8452,12.697000000000001,3.7016,28.86342,0.87018,0.072466,5.2132000000000005,1.6168,-0.08400000000000002,15.562600000000002,31.8504,0.79692,0.6913,10.6804,2.3558000000000003,34.126599999999996,6.1861999999999995,15.903000000000002,0.6617999999999999,20.1064,5.2762,1.9445999999999999,14.263800000000002,2.5096,20.3876,16.363599999999998,17.6536,1660.884932370832,2,-19.416870120000112
2023-01-15_Espanyol_Getafe,2023-01-15,14:00,La Liga,Matchweek 17,Sun,2023,1.0,2.0,Getafe,Espanyol,Away Win,1635.83276367,1,14.0,1.2044,1.0542,1.0851199999999999,1.15756,46.468999999999994,12.136600000000001,3.6332000000000004,29.487859999999998,0.9729800000000001,0.08136600000000001,3.5038,0.83204,-0.22216000000000002,10.655199999999999,29.114399999999996,0.8539800000000001,0.8208,9.0174,2.5034,34.605999999999995,7.163,15.3758,1.0794,22.037,4.8132,1.9203999999999999,16.0078,1.949,20.4642,16.9304,12.820400000000001,1713.90220629893,1615.1739502,0.9822,1.1602000000000001,0.8192400000000001,1.6180400000000001,36.1416,5.767799999999999,2.3304,34.34176,0.6238800000000001,0.104982,5.3634,1.21374,0.05354,22.221,17.5086,0.59748,0.59982,4.664000000000001,0.914,21.1648,3.6456,15.0354,0.5646,11.271799999999999,2.5558,1.9644,7.7106,1.1358000000000001,10.364600000000001,9.110800000000001,9.4902,1690.3976168941138,2,20.65881347000004
2023-01-16_Cadiz_Elche,2023-01-16,21:00,La Liga,Matchweek 17,Mon,2023,1.0,1.0,Cadiz,Elche,Draw,1609.86242676,1,21.0,1.2596,1.0398,1.0808,1.51314,45.1074,10.725800000000001,4.4516,42.04418,1.0808,0.10458,6.823,1.2382600000000001,0.19846000000000003,13.447999999999999,27.323,0.7437,0.57594,7.603,2.419,29.477,5.620000000000001,12.0994,0.178,18.3128,5.008,2.2750000000000004,14.679200000000002,1.4442,19.456,17.0836,17.0266,1689.28847307104,1537.72961426,1.1316,2.0,0.71936,1.8927,43.646,6.0876,2.6854,42.70018,0.57696,0.098634,6.5908,2.0526,0.05259999999999998,20.133200000000002,20.303600000000003,0.46482,0.53366,4.5606,1.0376,25.227,3.9316,13.1998,0.5402,11.953,3.3522000000000003,2.2632,8.258799999999999,1.3758,11.562199999999999,10.320800000000002,8.520999999999999,1638.154942162526,1,72.1328125
2023-01-20_Celta Vigo_Mallorca,2023-01-20,21:00,La Liga,Matchweek 18,Fri,2023,1.0,0.0,Mallorca,Celta Vigo,Home Win,1624.14990234,1,21.0,0.6617999999999999,0.536,1.1725400000000001,0.63934,41.1524,11.4088,3.8178,34.05982,1.1725400000000001,0.107806,2.3974,0.57786,0.04185999999999998,14.342600000000001,26.720599999999997,1.0565200000000001,0.86842,9.182400000000001,1.8564,32.6408,6.4845999999999995,15.258199999999999,0.1978,21.546599999999998,3.675,1.0794,13.3588,2.2952000000000004,19.6462,18.0338,11.0792,1686.3116165043339,1643.79748535,0.62,1.4656,1.44866,1.37446,45.151199999999996,13.399799999999999,4.1548,32.438320000000004,1.32406,0.09354600000000002,4.9164,1.33288,-0.13272,20.354200000000002,22.4738,0.93598,0.58186,10.3078,1.6942,28.6926,6.336200000000001,15.2618,0.358,14.9034,4.154,1.0422,17.339,1.7162,23.393600000000003,17.0928,14.326799999999999,1648.1937795650401,0,-19.647583010000062
2023-01-21_Rayo Vallecano_Real Sociedad,2023-01-21,14:00,La Liga,Matchweek 18,Sat,2023,0.0,2.0,Rayo Vallecano,Real Sociedad,Away Win,1640.26135254,1,14.0,1.7276,1.062,1.6902599999999999,0.992,58.6564,15.999400000000001,4.679199999999999,28.552120000000002,1.3150600000000001,0.07491400000000001,2.024,0.6223799999999999,-0.01741999999999999,9.3404,40.449200000000005,0.93454,0.90576,12.004199999999999,2.8266,48.5912,9.212,12.7452,0.642,26.615199999999998,5.532,2.6374,23.302599999999998,1.8199999999999998,29.5376,20.3704,23.1984,1728.3778563222081,1773.0378418,2.085,1.0762,1.44564,0.68584,61.0766,13.0766,5.708,50.53266000000001,1.44564,0.129412,3.1148000000000007,0.6517200000000001,-0.42448,12.639000000000001,40.2634,1.12754,0.9155600000000002,10.0224,2.1492,45.0242,7.5896,14.1688,1.433,13.478800000000001,4.0746,4.17,18.057000000000002,1.062,22.024400000000004,17.631,18.276,1656.834248191736,2,-132.77648926000006
2023-01-21_Cadiz_Sevilla,2023-01-21,21:00,La Liga,Matchweek 18,Sat,2023,1.0,0.0,Sevilla,Cadiz,Home Win,1710.07067871,1,21.0,1.0464,1.2198,1.0182799999999999,1.2757999999999998,52.061800000000005,10.789,4.0422,39.7675,1.0182799999999999,0.105212,4.986400000000001,1.50064,0.28084,12.155000000000001,34.364200000000004,0.82534,0.8891600000000001,8.613199999999999,2.726,40.181999999999995,7.7822,18.3822,1.9214000000000002,24.1366,5.118,1.9148,14.384800000000002,2.5186,19.793200000000002,19.0872,11.2004,1690.568590281932,1606.07348633,0.8022,1.4897999999999998,0.78424,1.68302,35.7342,8.606,2.6990000000000003,27.95956,0.78424,0.09034,4.704400000000001,1.07982,-0.40998,25.2398,13.6602,0.5098,0.5967600000000001,5.6128,1.2044,16.5776,3.046,16.063,0.3978,9.1942,2.1956,1.0286,8.823599999999999,1.3579999999999999,13.8586,11.587599999999998,10.513799999999998,1710.03540473879,0,103.99719238000012
2023-01-21_Betis_Espanyol,2023-01-21,16:15,La Liga,Matchweek 18,Sat,2023,1.0,0.0,Espanyol,Betis,Home Win,1625.59350586,1,16.0,1.3824,1.4242,1.4028000000000003,0.8466199999999999,43.33539999999999,12.851,5.108,40.82472,1.4028000000000003,0.10935,3.8286,0.9937600000000002,-0.21064,10.3096,31.1434,1.1907400000000001,0.9046000000000001,9.490400000000001,2.3878,36.608000000000004,8.8302,13.344,0.46399999999999997,20.6154,5.1184,2.5206,16.5736,1.6068,22.5516,21.764599999999998,13.520000000000001,1658.069992969952,1766.61254883,0.884,0.9036,0.7611800000000001,1.26466,43.17,9.2726,2.1936,24.25506,0.7611800000000001,0.088864,4.6704,1.1067200000000001,0.20312000000000002,14.2888,17.657,0.6589400000000001,0.57034,7.3376,0.3758,22.133,3.599,16.5228,0.8022,12.4648,5.164,0.884,10.6496,1.44,15.502199999999998,13.064400000000001,12.776399999999999,1667.3621678701581,0,-141.01904296999987
2023-01-22_Barcelona_Getafe,2023-01-22,18:30,La Liga,Matchweek 18,Sun,2023,1.0,0.0,Barcelona,Getafe,Home Win,1881.83105469,1,18.0,2.1692,0.2442,2.38756,0.74008,68.4598,17.7516,7.1784,42.72398,2.21172,0.140998,1.3204,0.51088,0.26668000000000003,6.3302,52.973400000000005,1.8912799999999999,2.39356,14.567200000000001,3.6639999999999997,63.373000000000005,14.2098,13.3964,4.7476,21.3012,7.0032000000000005,3.9405999999999994,25.3042,2.825,33.888,36.3874,25.880000000000003,1692.703748072386,1625.41320801,0.62,0.8862,0.43766,1.041,39.245999999999995,8.3596,2.18,28.322300000000002,0.43766,0.057492,4.24,1.3207,0.4345,21.915599999999998,18.7932,0.32086,0.35302,5.5078000000000005,1.6816,22.99,3.9832,16.081,0.0,14.3862,2.8514,1.24,7.8402,2.3212,14.0596,14.0952,8.3598,1639.5779140408342,0,256.4178466799999
2023-01-22_Athletic Club_Real Madrid,2023-01-22,21:00,La Liga,Matchweek 18,Sun,2023,0.0,2.0,Athletic Club,Real Madrid,Away Win,1718.99804688,1,21.0,1.498,0.178,1.59206,0.43245999999999996,52.336200000000005,16.963,4.4506000000000006,25.6462,1.4639,0.08724799999999999,1.336,0.33058,0.15258,6.7036,36.9572,1.10304,1.01468,12.1432,2.534,55.5488,10.1516,11.663999999999998,1.7167999999999999,26.104599999999998,9.6338,2.6159999999999997,19.557599999999997,2.8862,27.401600000000002,29.989199999999997,25.0996,1668.11693136891,1943.40368652,1.7736,1.0818,2.0087800000000002,1.3516400000000002,57.992200000000004,14.677600000000002,3.7138,26.782960000000003,1.4793399999999999,0.11035999999999999,4.3392,1.29552,0.21372000000000002,11.352000000000002,40.471799999999995,1.31394,1.27962,12.366,1.264,46.3742,8.5188,14.0202,0.5758,15.485,5.1850000000000005,2.745,20.988,2.4218,27.3456,26.217,25.332,1656.1926063706321,2,-224.40563964000012
2023-01-22_Elche_Osasuna,2023-01-22,16:15,La Liga,Matchweek 18,Sun,2023,1.0,1.0,Elche,Osasuna,Draw,1541.51855469,1,16.0,0.38,1.5757999999999999,0.85572,1.70852,48.973,10.669599999999999,3.3062,30.523699999999998,0.69748,0.067472,4.670999999999999,1.7684600000000001,0.19266000000000005,12.2344,30.339199999999998,0.60166,0.71714,8.383199999999999,2.5580000000000003,33.56,5.707400000000001,14.9328,1.0131999999999999,24.338399999999996,5.805000000000001,0.5998,14.3832,2.9370000000000003,19.6264,15.315199999999999,16.384999999999998,1688.8220050294303,1670.18688965,0.5736,1.1358000000000001,0.45162,1.00188,44.125,8.5776,2.5314000000000005,31.40228,0.45162,0.06127400000000001,3.781,0.97614,-0.15966,14.302000000000001,24.486800000000002,0.35538,0.51432,5.7414000000000005,2.0854,30.871,5.445200000000001,14.1856,0.8684000000000001,16.1538,2.8080000000000003,1.1472,10.8462,1.3956,14.023799999999998,12.591000000000001,9.883000000000001,1710.395602489564,1,-128.66833496000004
2023-01-22_Girona_Villarreal,2023-01-22,14:00,La Liga,Matchweek 18,Sun,2023,1.0,0.0,Villarreal,Girona,Home Win,1774.97375488,1,14.0,1.6044,1.0376,1.7993000000000001,1.1821800000000002,55.98680000000001,12.4848,5.3024,42.792280000000005,1.4918,0.11285399999999998,3.7934,1.15282,0.11521999999999999,12.689599999999999,39.342600000000004,1.36916,0.99108,10.0142,1.6376,43.771,10.3392,15.9766,1.9554,16.8848,6.614800000000001,2.7448,17.157,1.2596,21.7712,23.368000000000002,24.526200000000003,1720.605909401236,1611.04284668,1.642,1.7604,1.70206,1.69658,54.452799999999996,12.829,3.253,26.436100000000003,1.25902,0.09761199999999999,5.459,2.4274400000000003,0.66704,14.1166,32.2356,1.2012399999999999,0.9673800000000001,10.6708,2.0178000000000003,41.729200000000006,6.922599999999999,14.021799999999999,0.0,17.992800000000003,3.1557999999999997,3.0862,15.3324,2.6992,23.4866,20.555,20.4956,1674.132300292554,0,163.93090819999998
2023-01-23_Almeria_Valencia,2023-01-23,21:00,La Liga,Matchweek 18,Mon,2023,2.0,2.0,Valencia,Almeria,Draw,1672.96008301,1,21.0,1.1578,1.1184,1.2229800000000002,0.99746,59.5196,11.5366,3.52,35.10204,0.7765799999999999,0.06080000000000001,2.9549999999999996,1.12286,0.004459999999999992,7.909400000000001,44.7034,0.63228,0.7122400000000001,8.1258,2.0464,52.3266,5.682,15.552,1.1059999999999999,27.2182,6.7181999999999995,2.3156,15.039800000000001,2.2202,21.5682,20.2988,24.0302,1696.165195434152,1606.48620605,0.62,2.2542,1.1239,2.17588,43.459,11.9036,4.6634,35.04878,1.1239,0.096404,6.8006,2.64142,0.3872199999999999,15.915600000000001,21.8912,0.84336,0.9446000000000001,8.203800000000001,1.156,29.560799999999997,6.8976,12.364199999999999,2.418,11.673200000000001,2.3538,0.9958,16.6572,0.5558000000000001,20.901600000000002,17.9936,15.4406,1766.402680932068,1,66.4738769600001
2023-01-27_Almeria_Espanyol,2023-01-27,21:00,La Liga,Matchweek 19,Fri,2023,3.0,1.0,Almeria,Espanyol,Home Win,1610.17041016,1,21.0,1.4566000000000001,1.1822,1.2704199999999999,1.5408199999999999,50.2484,11.784600000000001,3.5572000000000004,29.6142,1.2704199999999999,0.106476,4.5146,1.28298,0.10077999999999998,13.002600000000001,23.417,1.0028,0.9021399999999999,8.9214,3.9499999999999997,31.177999999999997,7.1171999999999995,15.435199999999998,1.5790000000000002,18.3994,4.7052,2.395,15.9654,1.7715999999999998,20.4598,17.9588,16.9386,1656.7777279049883,1635.59960938,1.084,1.0,0.74524,1.3908800000000001,35.1736,6.3352,2.209,31.05754,0.5694,0.09383200000000001,4.8828,1.0470000000000002,0.047,21.1778,16.7484,0.4968,0.48332,4.365,0.6784,21.4156,3.1926,16.308600000000002,0.7081999999999999,12.2212,2.1118,1.6796,6.9186,1.7106,10.5398,8.7672,7.455,1687.8805042232502,0,-25.429199219999873
2023-01-28_Barcelona_Girona,2023-01-28,16:15,La Liga,Matchweek 19,Sat,2023,0.0,1.0,Girona,Barcelona,Away Win,1608.06445312,1,16.0,1.6618,1.2198,1.68024,0.9098999999999999,51.822,16.2456,5.7654,33.41964,1.26038,0.076254,3.4286,1.11344,-0.10635999999999998,14.1404,37.462,1.13422,0.95322,13.516399999999999,3.2152000000000003,43.3418,8.2558,11.2918,0.5758,26.5008,4.5404,2.8596,20.856,2.6234,29.1828,25.258599999999998,20.267000000000003,1679.694670095424,1883.70214844,1.2198,0.7538,1.1314000000000002,1.06254,60.4078,11.957799999999999,2.914,24.57132,1.1314000000000002,0.09318599999999999,2.9802000000000004,0.59158,-0.16221999999999998,13.729,44.129000000000005,0.9654200000000001,1.27902,9.7752,1.1692,45.4878,8.0564,13.2438,2.803,12.5546,5.6086,2.0174000000000003,16.367800000000003,1.5799999999999998,21.1738,24.292799999999996,20.7146,1708.787814843146,2,-275.6376953199999
2023-01-28_Elche_Sevilla,2023-01-28,18:30,La Liga,Matchweek 19,Sat,2023,3.0,0.0,Sevilla,Elche,Home Win,1714.20092773,1,18.0,1.0418,0.9536,1.1874,0.9275,58.681799999999996,12.1754,4.9148,42.16042,0.9920399999999999,0.094922,4.154999999999999,1.3128400000000002,0.35924,9.0768,44.449600000000004,0.74956,0.83258,8.7962,2.5534000000000003,49.4646,9.125,16.5346,1.2968,27.330199999999998,5.8388,1.6792,15.123199999999999,2.3226,22.055999999999997,22.4972,15.8202,1660.374737401162,1543.22521973,1.1184,1.7558,0.63534,1.96434,47.1646,7.5440000000000005,3.3494,43.81062,0.50718,0.073586,5.799,1.8495800000000002,0.09377999999999996,16.636,22.6034,0.43392,0.54472,5.2812,1.178,29.7322,4.4268,13.5566,0.442,15.320599999999999,4.0496,2.2368,8.7212,1.5823999999999998,13.5036,11.5654,10.666599999999999,1633.2182294924883,0,170.97570800000017
2023-01-28_Betis_Getafe,2023-01-28,21:00,La Liga,Matchweek 19,Sat,2023,0.0,1.0,Getafe,Betis,Away Win,1623.54211426,1,21.0,1.0398,1.0046,0.695,1.00644,50.6178,11.4904,3.0374,25.872120000000002,0.695,0.060927999999999996,3.1208,0.5092800000000001,-0.49532000000000004,11.2662,28.238,0.54906,0.80664,8.5832,3.1856,37.7316,8.023399999999999,14.6058,0.9714,23.498200000000004,4.976,1.1516,14.9422,1.954,19.352800000000002,18.27,12.406,1702.0011909190703,1756.60644531,0.7956,1.0574000000000001,0.8327399999999999,1.6133199999999999,49.6464,10.9432,2.5626,23.86516,0.8327399999999999,0.078326,4.259,1.30902,0.25162,14.1158,22.243000000000002,0.6674599999999999,0.62656,8.613199999999999,0.5824,30.046,3.9392,17.147,0.822,14.8488,5.4802,0.7956,12.8708,1.5402,18.9476,15.1676,15.285,1662.2326968739499,2,-133.06433104999996
2023-01-28_Cadiz_Mallorca,2023-01-28,14:00,La Liga,Matchweek 19,Sat,2023,2.0,0.0,Cadiz,Mallorca,Home Win,1601.94335938,1,14.0,1.3778,1.18,1.2625,1.27766,47.0388,12.1184,4.4506000000000006,39.546260000000004,1.2625,0.10844799999999999,6.496600000000001,1.1356000000000002,-0.04440000000000001,14.3914,28.0558,0.9435200000000001,0.63602,8.563600000000001,2.433,30.871000000000002,6.0464,14.620000000000001,0.4044,17.9492,4.3746,2.5358,15.099599999999999,2.3766,21.7524,17.1194,13.5166,1628.1998327883962,1631.05480957,0.7516,1.022,0.7442799999999999,1.15922,38.8748,7.0336,2.67,34.162980000000005,0.6018800000000001,0.098442,4.3466000000000005,1.06402,0.042019999999999995,17.720200000000002,15.214599999999997,0.5038600000000001,0.47706,5.029,1.98,20.157,4.142600000000001,14.442400000000001,0.7338,10.5346,2.7348000000000003,1.5032,8.2476,1.8046000000000002,12.5444,11.679200000000002,10.8128,1705.58892697893,0,-29.11145019000014
2023-01-29_Valencia_Valladolid,2023-01-29,14:00,La Liga,Matchweek 19,Sun,2023,1.0,0.0,Valladolid,Valencia,Home Win,1597.39001465,1,14.0,1.2144,1.0418,1.03692,1.3904400000000001,40.364599999999996,11.3234,4.860600000000001,41.282759999999996,0.90876,0.07761799999999999,4.5564,1.4929000000000001,0.45110000000000006,15.032,21.3384,0.70168,0.6375,8.215,1.7114,23.854,3.9356,12.783999999999999,0.7714000000000001,15.5734,4.8508000000000004,2.4288,14.7988,2.3316,20.0858,19.0176,16.6606,1726.894407179926,1669.27587891,1.3381999999999998,1.4044,1.4457600000000002,1.48282,54.348600000000005,13.0398,4.4744,34.392160000000004,1.12534,0.086312,4.7589999999999995,1.1017400000000002,-0.08285999999999999,12.305599999999998,33.4028,0.89338,0.9501,10.4272,2.0352,36.3854,6.2158,12.973200000000002,1.2522,19.3038,5.6238,1.7736,15.508199999999999,3.2574,23.190199999999997,20.6204,20.1126,1722.3400482430802,0,-71.88586426000006
2023-01-29_Athletic Club_Celta Vigo,2023-01-29,18:30,La Liga,Matchweek 19,Sun,2023,1.0,0.0,Celta Vigo,Athletic Club,Home Win,1636.89257812,1,18.0,1.0,1.3579999999999999,1.2955800000000002,0.42116000000000003,55.3198,16.0642,5.4121999999999995,33.42064,1.2955800000000002,0.077794,3.2736,0.6834800000000001,-0.67452,10.6104,38.102199999999996,1.1178400000000002,1.19478,12.8734,2.5898,47.40780000000001,8.7056,14.8554,1.3502,25.533,6.6094,1.6796,22.9752,1.9325999999999999,28.488799999999998,22.064999999999998,20.5454,1719.85049101481,1712.89538574,0.7624,2.1606,0.54884,1.17346,47.9854,8.9718,2.6918,28.85366,0.54884,0.061884,6.1848,1.68344,-0.47716000000000003,12.116800000000001,36.866,0.43766,0.5519,6.7632,2.3844,44.0978,7.155200000000001,15.669600000000003,0.5778,18.432000000000002,3.0018,1.5248,13.5554,0.7558,16.0426,18.343,19.644000000000002,1733.185251001508,0,-76.00280761999988
2023-01-29_Real Madrid_Real Sociedad,2023-01-29,21:00,La Liga,Matchweek 19,Sun,2023,0.0,0.0,Real Madrid,Real Sociedad,Draw,1949.50634766,1,21.0,1.9958,1.0,2.3155200000000002,1.0625,58.02719999999999,16.7424,4.901400000000001,31.001179999999998,2.06276,0.115174,3.2666,0.821,-0.179,7.029399999999999,44.8876,1.82492,1.63872,14.1604,1.4627999999999999,54.587199999999996,9.868599999999999,12.394199999999998,1.4144,15.9512,5.997199999999999,3.5938,25.700200000000002,1.9644,31.861999999999995,24.9708,23.439799999999998,1690.035199046912,1782.10461426,1.644,0.536,1.389,0.69284,57.693799999999996,13.1128,6.1256,53.15614,1.389,0.12326599999999999,2.1382000000000003,0.4291,-0.1069,13.019400000000001,36.3614,1.19364,0.73424,10.1082,1.8900000000000001,38.6838,6.3212,15.5054,1.1014,13.418800000000001,4.3554,3.0438,16.718,1.6884000000000001,21.953799999999998,16.647000000000002,16.0948,1658.4438786126798,1,167.4017334
2023-01-30_Rayo Vallecano_Villarreal,2023-01-30,21:00,La Liga,Matchweek 19,Mon,2023,0.0,1.0,Villarreal,Rayo Vallecano,Away Win,1777.95202637,1,21.0,1.3998,0.9338,2.0136000000000003,1.1384,58.6298,13.8016,5.327999999999999,38.091120000000004,1.44704,0.103684,3.2256,1.0431000000000001,0.10930000000000001,11.4556,43.6242,1.2922399999999998,1.1573200000000001,10.7896,2.3064,49.099,11.6264,15.069400000000002,1.5714,18.3056,5.532399999999999,2.382,19.7276,1.3778,25.157199999999996,25.0968,24.8618,1701.0353713148318,1631.19458008,1.2198,1.0982,1.0754400000000002,1.2774599999999998,48.5958,12.771400000000002,4.264,33.53568,0.7799,0.064894,4.171,1.10026,0.0020599999999999716,15.494600000000002,32.4214,0.68954,0.61008,9.979600000000001,2.1759999999999997,33.0044,6.5118,16.301199999999998,0.5956,17.0444,5.6928,1.6618,14.0488,1.9702,20.936999999999998,17.2598,17.543999999999997,1634.6777948476379,2,146.7574462900002
2023-02-01_Barcelona_Betis,2023-02-01,21:00,La Liga,Matchweek 17,Wed,2023,1.0,2.0,Betis,Barcelona,Away Win,1763.13916016,1,21.0,1.272,0.9536,1.32014,0.93628,48.614999999999995,11.668199999999999,4.2798,38.66494,1.19198,0.09869,3.0629999999999997,0.8820800000000001,-0.07152,14.1878,25.1674,0.86652,0.69602,8.3666,1.9338,37.0268,6.9632,16.1448,1.7604,13.191999999999998,4.0152,1.784,17.831400000000002,0.8351999999999999,21.5882,18.7298,19.523600000000002,1665.1523694333441,1887.03527832,1.1978,0.6784,1.18592,1.0519,58.5368,11.1294,2.9226,27.335,1.18592,0.10796,2.738,0.5091600000000001,-0.16924000000000006,14.000399999999999,42.8652,1.0121200000000001,1.139,8.965,1.5406,48.669,8.050600000000001,14.2402,1.3692,13.5316,4.815,2.0156,15.4982,1.1336,19.3468,23.1864,19.110400000000002,1695.1732204818143,2,-123.89611816000001
2023-02-02_Real Madrid_Valencia,2023-02-02,21:00,La Liga,Matchweek 17,Thu,2023,2.0,0.0,Real Madrid,Valencia,Home Win,1943.61523438,1,21.0,1.6520000000000001,0.7558,2.0409,0.98182,57.8922,16.924,5.543800000000001,33.7079,1.92876,0.10677,3.3842000000000003,0.71564,-0.040159999999999994,6.5822,45.9432,1.6658800000000002,1.4074,13.4676,1.084,50.9894,10.225999999999999,14.0644,0.9404,15.503,6.3976,2.946,24.088400000000004,1.4354,31.5108,27.4394,24.784399999999998,1713.487296362624,1661.12011719,0.916,1.2198,1.4356,1.5855000000000001,51.695,13.6684,3.7944,28.188019999999998,1.14724,0.08424,5.0274,1.1216000000000002,0.09959999999999998,12.230599999999999,30.732,0.9673,0.9695,11.4054,2.6642,33.8718,7.6034,13.0318,0.8386,20.438399999999998,6.193800000000001,1.452,17.255000000000003,3.8642000000000003,25.7456,20.5024,19.8012,1704.151989747594,0,282.49511719
2023-02-03_Athletic Club_Cadiz,2023-02-03,21:00,La Liga,Matchweek 20,Fri,2023,4.0,1.0,Athletic Club,Cadiz,Home Win,1704.54370117,1,21.0,0.7714000000000001,0.6486000000000001,1.39864,0.5569,51.193799999999996,17.354999999999997,4.3054,24.448120000000003,1.39864,0.08408,1.8908,0.47846,-0.17013999999999999,6.6332,36.140600000000006,1.0927200000000001,1.0032,12.761400000000002,2.969,53.7406,11.013200000000001,11.6978,2.0334000000000003,29.5574,10.014800000000001,1.345,20.1786,3.7744,29.015,30.711000000000002,25.6222,1742.26117179875,1612.14990234,0.5778,1.4408,0.5716,1.5982,33.2184,7.4242,2.3848000000000003,28.06694,0.5716,0.068886,5.3224,1.1807,-0.2601,23.141999999999996,14.3148,0.36788,0.4173,4.918799999999999,0.7956,15.142800000000001,2.1646,16.601,0.358,7.6652,1.9317999999999997,0.6374,7.62,0.9338,11.6746,9.8194,8.8528,1726.4956623064938,0,92.39379883000015
2023-02-04_Espanyol_Osasuna,2023-02-04,14:00,La Liga,Matchweek 20,Sat,2023,1.0,1.0,Espanyol,Osasuna,Draw,1625.73132324,1,14.0,1.2,0.9934,1.7088,0.82314,41.0924,12.077399999999999,4.3646,35.63762,1.7088,0.157696,3.4574000000000003,0.71372,-0.08187999999999994,10.3346,30.040399999999998,1.5612,1.12276,9.241200000000001,2.149,35.0026,7.958799999999999,11.9006,0.6617999999999999,21.8632,5.450799999999999,2.1802,16.4486,1.8904,21.9404,19.9346,13.212,1677.366637941128,1661.51818848,0.7604,0.978,0.45646,0.97844,47.331199999999995,7.6546,2.8224,37.385720000000006,0.45646,0.065474,3.082,0.74782,-0.23018,16.314,26.48,0.39868,0.6782400000000001,5.723000000000001,2.4652000000000003,31.4488,6.5216,15.888200000000001,0.6374,18.1918,2.4388,1.5208,11.3056,1.356,13.832799999999999,14.7178,11.0156,1651.397050806302,1,-35.78686524
2023-02-04_Betis_Celta Vigo,2023-02-04,21:00,La Liga,Matchweek 20,Sat,2023,3.0,4.0,Betis,Celta Vigo,Away Win,1763.13916016,1,21.0,1.1006,1.2024,1.10392,1.1191600000000002,46.444199999999995,10.5686,3.8076,36.0777,1.10392,0.10370399999999999,3.0566,1.04596,-0.15644,12.848,23.9854,0.7954199999999999,0.72966,7.6414,1.6962,35.447,7.543600000000001,16.462799999999998,1.5402,11.907599999999999,3.5694000000000004,1.3172000000000001,16.0828,0.7516,19.5638,18.5566,19.2712,1725.7713248047019,1645.2442627,0.558,1.419,1.2096400000000003,1.07072,48.5992,12.4832,4.0394,33.43474,1.0975000000000001,0.080542,4.4364,1.18308,-0.23591999999999988,19.230199999999996,26.0334,0.78146,0.46716,9.5886,1.4806,31.4096,6.302600000000001,15.0914,0.178,16.19,4.7712,0.938,16.861,1.5004,21.989400000000003,15.630200000000002,15.8034,1607.603816820338,2,117.89489746000004
2023-02-04_Elche_Villarreal,2023-02-04,16:15,La Liga,Matchweek 20,Sat,2023,3.0,1.0,Elche,Villarreal,Home Win,1538.09741211,1,16.0,0.442,1.5182,0.99108,1.32814,48.763999999999996,11.7678,3.6639999999999997,30.86882,0.84868,0.071168,4.604,1.4509400000000001,-0.06725999999999996,12.4344,29.2054,0.7036,0.70542,8.389,2.1138000000000003,31.627200000000002,5.1482,12.8536,0.9117999999999999,26.478999999999996,6.213000000000001,0.884,14.5772,2.6992,21.4056,17.1254,17.544,1693.9284062746901,1764.66455078,0.46399999999999997,1.1362,0.34086,1.6569,47.4752,5.808399999999999,1.8352,31.379859999999997,0.34086,0.058134000000000005,6.347999999999999,1.5375800000000002,0.40138,19.364600000000003,27.0012,0.32484,0.31714,4.6482,0.5736,33.0426,5.0256,16.4184,0.3978,8.4374,3.1474,0.4884,8.669400000000001,0.5758,10.179,15.8474,15.68,1714.7271847679622,0,-226.56713866999985
2023-02-05_Girona_Valencia,2023-02-05,16:15,La Liga,Matchweek 20,Sun,2023,1.0,0.0,Girona,Valencia,Home Win,1604.73132324,1,16.0,1.3514,1.1978,1.4492,0.92892,47.279199999999996,13.402399999999998,4.9562,32.90876,1.1722800000000002,0.090282,3.5298000000000003,1.07322,-0.12458000000000002,15.335799999999999,31.602,1.0731600000000001,0.7893199999999999,11.3788,3.0054,36.372600000000006,7.4652,12.527600000000001,1.0066,22.2462,4.1979999999999995,2.2851999999999997,17.6192,1.7402,23.8714,22.0698,18.1102,1739.462874514084,1661.12011719,0.536,1.442,1.0380800000000001,1.7578799999999997,45.776,11.259600000000002,2.4056,18.15944,0.8938999999999999,0.075048,5.945600000000001,1.34688,0.08288,11.9636,26.5628,0.77522,0.8060200000000001,9.6996,2.3536,30.685999999999996,6.8546,13.805399999999999,0.6664,19.4618,6.3186,0.8742,13.866600000000002,3.2894000000000005,20.5988,17.4774,17.0904,1765.59643842981,0,-56.388793950000036
2023-02-05_Mallorca_Real Madrid,2023-02-05,14:00,La Liga,Matchweek 20,Sun,2023,1.0,0.0,Mallorca,Real Madrid,Home Win,1620.8482666,1,14.0,0.8398,0.3382,1.00434,0.5965600000000001,43.1114,10.347,3.736,36.47996,1.00434,0.10114,2.4576,0.42912,0.09092,15.5172,28.1576,0.9287599999999999,0.79272,8.531600000000001,1.8266,34.3626,5.9033999999999995,14.544,0.178,20.4156,3.5633999999999997,1.4598,12.69,1.7774,17.828000000000003,17.241799999999998,10.6714,1644.78361557595,1943.61523438,1.9404,0.9736,1.87462,1.4418600000000001,54.7858,12.911999999999999,3.7424,30.83,1.3981400000000002,0.11464999999999999,4.349399999999999,1.2592,0.2856,15.6124,35.4966,1.2581200000000001,1.27608,10.7758,0.9934,42.3618,7.8784,15.9158,0.7624,14.0594,4.578,3.303,18.703000000000003,2.2354,24.4922,25.339000000000002,23.289199999999997,1672.0905045650861,0,-322.76696777999996
2023-02-05_Barcelona_Sevilla,2023-02-05,21:00,La Liga,Matchweek 20,Sun,2023,3.0,0.0,Barcelona,Sevilla,Home Win,1887.03527832,1,21.0,2.0522,0.2198,2.03132,0.7184200000000001,69.75580000000001,16.055400000000002,6.7162,45.1089,1.8730800000000003,0.125804,1.4884,0.48538,0.26558,5.6322,58.2716,1.71886,2.25856,13.2778,3.3534,65.0776,14.076999999999998,12.6242,4.3726,20.438799999999997,6.414599999999999,3.7464,22.964399999999998,2.11,30.313,33.883,28.266399999999997,1675.244052418784,1719.32873535,1.0,1.44,0.84022,1.82078,54.7602,10.575000000000001,3.0925999999999996,33.02438,0.84022,0.077578,5.308400000000001,1.32792,0.08571999999999999,14.3586,37.921400000000006,0.49992,0.68166,7.5264,2.2308,42.525400000000005,6.3424000000000005,11.8558,0.5758,18.6508,3.3688000000000002,1.822,12.868,1.822,18.341,14.941,15.946200000000001,1717.584854369602,0,167.7065429700001
2023-02-05_Real Sociedad_Valladolid,2023-02-05,18:30,La Liga,Matchweek 20,Sun,2023,0.0,1.0,Real Sociedad,Valladolid,Away Win,1787.99572754,1,18.0,1.5302,0.7979999999999999,1.36614,0.7147800000000001,49.3596,10.9352,4.3772,38.1443,1.17078,0.111108,2.9338,0.59042,-0.20758,13.7064,25.608800000000002,0.96936,0.83082,8.907399999999999,0.5162,34.3094,5.217,15.089799999999999,0.7934,11.448999999999998,4.326,2.4206000000000003,13.780800000000001,1.5584,18.766000000000002,17.7208,18.4962,1693.256275243042,1605.54577637,0.0,2.062,0.55402,2.13826,54.3918,8.7588,1.1404,13.3135,0.55402,0.064818,6.2802,2.1882,0.1262,14.5546,28.062,0.41842,0.48224,5.9102,1.7890000000000001,35.5632,4.2178,16.309600000000003,1.284,15.0254,3.1442,0.0,10.602,2.0476,14.6892,10.7736,13.1402,1647.080051392576,2,182.44995116999985
2023-02-06_Almeria_Rayo Vallecano,2023-02-06,21:00,La Liga,Matchweek 20,Mon,2023,2.0,0.0,Rayo Vallecano,Almeria,Home Win,1644.48205566,1,21.0,1.5548,1.4442,1.51032,1.2258,56.605,15.511200000000002,4.4112,27.38566,1.27358,0.074866,3.0984,1.01084,-0.05336,10.2714,36.7766,0.93552,1.0117,11.9038,2.844,45.137,8.5582,12.4824,0.5778,25.112,5.1346,2.3736000000000006,22.928200000000004,1.738,28.4072,22.575400000000002,22.5256,1751.08722194848,1620.03869629,1.0464,1.9404,1.2524799999999998,2.11942,43.5576,12.734399999999999,4.6414,33.58044,1.08154,0.085996,7.0088,2.57726,0.63686,15.8798,23.0438,0.8046399999999999,0.89574,8.572,0.8962,29.6818,6.852,11.030000000000001,2.032,12.0384,2.3184,1.873,17.557,1.3328,22.509600000000002,19.680600000000002,14.5644,1744.89671835946,0,24.443359370000053
2023-02-10_Cadiz_Girona,2023-02-10,21:00,La Liga,Matchweek 21,Fri,2023,2.0,0.0,Cadiz,Girona,Home Win,1604.56018066,1,21.0,1.44,0.7736,1.4127800000000001,1.06008,45.049,12.195,4.3054,37.50886,1.2174200000000002,0.101394,5.470000000000001,0.87898,0.10538000000000003,15.5618,25.2756,0.9868399999999999,0.7401,8.3072,2.1014,29.3304,6.0418,14.9906,0.2198,17.201,4.2488,2.438,14.8896,1.8506,21.4214,16.6308,12.243599999999999,1628.70530617642,1612.40185547,1.3336000000000001,1.5402,1.5629799999999998,1.86344,48.8912,11.913400000000001,2.5952,21.597100000000005,1.1642599999999999,0.09484999999999999,6.1015999999999995,2.6756599999999997,1.13546,15.026,26.1188,1.0778400000000001,0.83296,9.770999999999999,1.916,35.174600000000005,6.8186,16.2614,0.2442,15.4192,2.896,2.4892,14.7108,2.7734,22.061,19.943600000000004,18.404400000000003,1708.020054613558,0,-7.841674810000086
2023-02-11_Almeria_Betis,2023-02-11,16:15,La Liga,Matchweek 21,Sat,2023,2.0,3.0,Almeria,Betis,Away Win,1611.9263916,1,16.0,1.6110000000000002,1.0198,1.39668,1.1784000000000001,53.851600000000005,13.3716,3.9015999999999997,27.8818,1.39668,0.10250400000000001,4.0748,1.13052,0.11071999999999999,9.850999999999999,25.5058,1.18232,1.07172,9.8062,4.1434,34.4002,7.638199999999999,14.270600000000002,1.277,17.6154,4.1462,2.7998000000000003,16.946,1.5944,22.367800000000003,19.5726,15.4796,1660.4762610358498,1743.94372559,0.9601999999999999,0.9516,1.03484,1.39546,51.0712,11.049000000000001,2.118,19.900779999999997,0.83948,0.07849400000000001,3.6446,1.1448200000000002,0.19322,16.4344,21.0776,0.6363,0.6194999999999999,8.019400000000001,0.6242,30.410200000000003,4.9222,18.3534,0.5956,11.1804,3.8786000000000005,0.9601999999999999,12.8398,1.442,18.864800000000002,15.363,15.8452,1659.996530957026,2,-132.01733399
2023-02-11_Athletic Club_Valencia,2023-02-11,21:00,La Liga,Matchweek 21,Sat,2023,1.0,2.0,Valencia,Athletic Club,Away Win,1651.20935059,1,21.0,1.242,1.2066,1.17534,0.99446,58.835800000000006,11.5506,3.768,36.19142,0.8889400000000001,0.069604,2.527,0.84988,-0.35672000000000004,8.2066,40.7382,0.58696,0.7622,7.4924,2.7744,49.699400000000004,6.7024,13.9436,1.2396,27.3856,6.6466,2.2398000000000002,13.6058,1.854,20.1256,20.560200000000002,27.202199999999998,1690.655028343746,1712.13342285,0.3978,1.9004,0.44744,1.11172,47.1332,7.2768,1.8458,21.84414,0.44744,0.062696,5.7219999999999995,1.56628,-0.33412,9.886399999999998,35.9136,0.31296,0.4702,4.7008,1.5692,40.67979999999999,6.3628,16.6356,0.3758,16.214199999999998,3.3458,0.7956,10.060199999999998,0.7802,12.1102,16.8874,18.4024,1722.0465004637101,2,-60.92407226
2023-02-11_Mallorca_Sevilla,2023-02-11,18:30,La Liga,Matchweek 21,Sat,2023,2.0,0.0,Sevilla,Mallorca,Home Win,1714.35107422,1,18.0,1.526,0.714,1.6915,0.67286,63.1218,13.735,5.656,42.82402,1.51566,0.113406,3.2626,0.86988,0.15588,7.271199999999999,53.028999999999996,1.21416,1.38098,9.761,3.0864000000000003,58.631,11.743,12.841400000000002,1.6554,26.232400000000002,4.890000000000001,2.588,18.308999999999997,2.0020000000000002,24.860400000000002,26.011,17.924799999999998,1625.8933043461998,1634.99328613,0.6764,1.264,0.63776,1.33426,41.8412,6.7978,2.4588,32.56266,0.5096,0.08927,3.8794,1.1388200000000002,-0.12517999999999999,18.901600000000002,19.8448,0.43579999999999997,0.4016799999999999,5.0378,2.3262,22.9392,4.3284,13.5772,0.7604,11.037199999999999,1.9404,1.3528,7.6578,1.8241999999999998,11.925,10.3138,14.5946,1668.53070656945,0,79.35778809000021
2023-02-12_Barcelona_Villarreal,2023-02-12,21:00,La Liga,Matchweek 21,Sun,2023,0.0,1.0,Villarreal,Barcelona,Away Win,1747.35083008,1,21.0,0.9714,0.9404,1.8633600000000001,1.12452,60.4092,13.765600000000001,4.8068,33.82600000000001,1.35344,0.097428,3.0588,0.9654999999999999,0.02510000000000001,11.177399999999999,42.2296,1.1896999999999998,1.09716,10.222199999999999,2.0758,48.2452,11.8964,16.8602,1.5141999999999998,15.468399999999999,4.7581999999999995,1.5670000000000002,19.7992,0.9516,24.985799999999998,24.0104,22.157200000000003,1696.5483439468098,1898.61437988,1.4222,0.4222,1.2429400000000002,0.9346,59.9926,10.595600000000001,2.642,26.233999999999998,1.2429400000000002,0.11405000000000001,2.1316,0.25638,0.07838,13.588400000000002,42.4262,1.08094,1.16628,8.4918,1.0982,50.6682,9.655000000000001,15.581399999999999,1.4764,14.299599999999998,5.366,2.4024,14.5392,1.7086000000000001,18.903,25.377399999999998,20.920199999999998,1669.476463817804,2,-151.26354979999996
2023-02-12_Osasuna_Valladolid,2023-02-12,18:30,La Liga,Matchweek 21,Sun,2023,0.0,0.0,Valladolid,Osasuna,Draw,1619.53942871,1,18.0,0.7604,0.7934,1.08322,1.16954,43.5468,12.211799999999998,4.9744,37.621520000000004,1.08322,0.08374,3.8682,1.19616,0.40276,14.996400000000001,23.502000000000002,0.8768400000000001,0.7114,7.9932,1.5959999999999999,26.1428,3.8418,13.3384,0.6942,16.4486,4.9098,1.5208,15.0512,2.2984,20.6536,18.0714,17.748,1718.623431277032,1662.38635254,0.7844,0.9802,0.54408,1.16478,49.7962,7.7892,2.9844000000000004,38.578,0.54408,0.077136,3.6064,0.98166,0.001460000000000003,17.2036,28.974,0.5065,0.58834,6.095,3.063,31.7274,5.9046,14.7228,0.8178,17.8404,2.2066,1.3246,11.4752,1.3204,13.9496,12.904399999999999,11.2142,1654.1318009770077,1,-42.84692382999992
2023-02-12_Getafe_Rayo Vallecano,2023-02-12,14:00,La Liga,Matchweek 21,Sun,2023,1.0,1.0,Getafe,Rayo Vallecano,Draw,1623.01306152,1,14.0,0.9358,1.0042,0.65548,1.11906,50.0326,10.5086,2.6894000000000005,24.16164,0.65548,0.060275999999999996,2.7204,0.61162,-0.39258000000000004,10.0628,27.946399999999997,0.51414,0.80482,7.5922,3.2112000000000003,38.312,7.8652,15.7984,1.1184,25.2786,5.3668000000000005,1.0364,13.615,2.5912,18.084600000000002,18.0756,13.5746,1673.059163598518,1652.59436035,1.1978,0.5558000000000001,1.09674,1.172,43.932,12.45,3.9934,32.04708,0.8307399999999999,0.07028799999999999,3.9096,0.99252,0.43672,14.412199999999999,26.121599999999997,0.6029,0.49698,9.0048,1.8142,28.9882,5.051400000000001,14.8294,0.536,15.0658,5.2352,1.8397999999999999,13.599799999999998,1.5406,20.0108,14.2594,15.5478,1673.95354978002,1,-29.581298829999923
2023-02-13_Espanyol_Real Sociedad,2023-02-13,21:00,La Liga,Matchweek 21,Mon,2023,2.0,3.0,Espanyol,Real Sociedad,Away Win,1624.86315918,1,21.0,1.18,1.1382,1.69236,0.85966,39.9294,10.904399999999999,4.472200000000001,40.03138,1.69236,0.172908,3.5558,0.9309400000000001,-0.029260000000000008,12.2548,25.6082,1.66604,1.06166,9.216999999999999,2.3782,31.639000000000003,7.430200000000001,13.619800000000001,0.8398,22.986199999999997,5.017399999999999,1.918,15.2384,1.9014,20.2926,18.6758,13.534799999999999,1680.087447218648,1774.0020752,1.1912,0.3382,1.2324,0.8689200000000001,54.6702,12.6014,5.3804,46.1833,1.2324,0.10872799999999999,3.2012,0.44177999999999995,0.10357999999999998,13.906000000000002,32.8264,1.03658,0.69638,9.353000000000002,1.5568,37.6146,5.989,14.5782,0.9912000000000001,11.8118,3.7874000000000003,2.1626000000000003,16.0458,1.3754,20.769800000000004,17.1588,14.863999999999999,1724.474102026832,2,-149.13891602000012
2023-02-15_Elche_Real Madrid,2023-02-15,21:00,La Liga,Matchweek 21,Wed,2023,4.0,0.0,Real Madrid,Elche,Home Win,1931.71044922,1,21.0,1.5426,0.536,2.2398,0.64408,62.851800000000004,18.861800000000002,6.2661999999999995,33.137859999999996,2.2398,0.11818400000000001,2.3247999999999998,0.49985999999999997,-0.036140000000000005,7.6448,55.425799999999995,1.9688,1.5952400000000002,15.4068,0.9756,57.3362,10.435799999999999,14.3582,2.0232,16.362000000000002,6.9346000000000005,2.9072,27.3748,1.2918,34.9876,29.47,25.227,1676.043198755916,1555.41113281,0.7182,2.0244,0.42438,2.16002,41.5642,7.2456000000000005,2.5378000000000003,33.21268,0.42438,0.064576,6.1632,1.93226,-0.09214,16.384,21.787,0.33402,0.41931999999999997,4.6206000000000005,1.1602000000000001,28.835600000000003,4.14,11.8032,0.3978,14.4886,3.9888,1.4364,8.1608,1.8684000000000003,12.288400000000001,11.8092,10.100000000000001,1642.5962784659541,0,376.2993164100001
2023-02-17_Almeria_Girona,2023-02-17,21:00,La Liga,Matchweek 22,Fri,2023,6.0,2.0,Girona,Almeria,Home Win,1603.09020996,1,21.0,1.3162,0.9338,1.8081999999999998,0.9937,47.7952,15.9364,6.2698,37.32316,1.559,0.101906,3.8651999999999997,1.10916,0.17536000000000002,14.8698,32.7508,1.37212,1.08784,13.671,3.9258,39.2536,9.4606,11.6982,1.1059999999999999,22.2656,5.2992,2.2566,21.096600000000002,2.5987999999999998,28.832800000000002,25.958000000000002,17.066399999999998,1729.9905230495237,1605.50439453,0.7976,1.8022,1.3049,1.81558,45.022999999999996,13.1494,4.6772,32.926939999999995,1.15104,0.089278,8.1288,2.53742,0.97942,14.4708,22.074399999999997,0.9062600000000001,0.8573200000000001,9.3916,1.2508,30.257800000000003,6.2342,13.945599999999999,1.4962000000000002,16.9746,3.3634,1.3974,17.6896,1.688,23.4238,20.2568,14.5078,1713.556833251398,0,-2.414184569999861
2023-02-18_Betis_Valladolid,2023-02-18,16:15,La Liga,Matchweek 22,Sat,2023,2.0,1.0,Betis,Valladolid,Home Win,1753.69116211,1,16.0,1.2906,1.9148,1.46334,1.3558800000000002,47.443999999999996,10.6234,4.026800000000001,37.53776,1.26798,0.11666200000000002,3.4952000000000005,1.27236,-0.64244,12.074399999999999,24.287,1.00358,0.9532400000000001,7.3006,1.8266,34.4372,7.600999999999999,17.525599999999997,1.9304000000000001,13.0054,3.1357999999999997,1.2972000000000001,15.177,0.9206,18.9982,19.6572,17.8348,1722.600171998228,1622.14672852,0.2442,1.7116,0.5686199999999999,2.03004,52.587199999999996,7.573599999999999,1.2264,16.904560000000004,0.5686199999999999,0.075546,6.1964,1.9773,0.2657,13.566200000000002,26.3792,0.46099999999999997,0.52286,5.442399999999999,2.3986,34.939800000000005,4.3962,17.299400000000002,1.1556,15.943999999999999,3.2298,0.4884,9.4884,1.6544,13.1784,11.4848,14.2914,1684.368400757356,0,131.54443359000015
2023-02-18_Osasuna_Real Madrid,2023-02-18,21:00,La Liga,Matchweek 22,Sat,2023,0.0,2.0,Osasuna,Real Madrid,Away Win,1666.42993164,1,21.0,0.9338,0.6398,1.37446,0.9080600000000001,54.199600000000004,15.7882,4.8524,29.955859999999998,1.2320600000000002,0.078308,3.0906000000000002,0.85788,0.21808,9.9778,40.7344,1.00528,1.1612399999999998,11.818,3.9318,47.631600000000006,10.0192,15.987,0.38,22.167199999999998,4.0936,1.8676,22.331200000000003,2.1448,29.424999999999997,22.2274,19.186999999999998,1676.309599803446,1936.88342285,1.3138,1.1204,1.88596,1.2311200000000002,58.1934,14.8184,2.503,19.095999999999997,1.2618000000000003,0.093766,3.726,1.0134800000000002,0.13727999999999999,14.1306,37.5262,1.1502,1.1431200000000001,12.695799999999998,2.115,44.702,8.134599999999999,19.287399999999998,0.642,19.6022,6.7620000000000005,2.2518000000000002,21.506999999999998,3.0886,28.8266,23.807000000000002,23.5158,1671.7686999267878,2,-270.45349121000004
2023-02-18_Mallorca_Villarreal,2023-02-18,18:30,La Liga,Matchweek 22,Sat,2023,4.0,2.0,Mallorca,Villarreal,Home Win,1631.78564453,1,18.0,1.0,0.1602,0.85178,0.9231800000000001,39.04900000000001,8.991200000000001,3.0298,32.53484,0.85178,0.09414,2.3118,0.5583,0.3981,18.828400000000002,26.6652,0.77376,0.6657400000000001,7.0132,1.5997999999999999,30.64,5.4688,14.4452,0.1602,18.997,3.3070000000000004,1.3138,10.711599999999999,1.4112,15.103,14.5196,10.3158,1702.93770327192,1744.81091309,0.6617999999999999,1.6110000000000002,0.6197999999999999,2.05078,54.541599999999995,7.9252,1.9958,28.849400000000003,0.6197999999999999,0.07341400000000001,6.701600000000001,2.0799200000000004,0.46892,17.6514,32.6172,0.64422,0.5740400000000001,6.681,1.0046,38.887,5.7554,15.9116,0.8464,11.079799999999999,4.8420000000000005,0.9279999999999999,11.3884,0.7624,13.8238,16.839199999999998,17.277,1664.104742091604,0,-113.02526856000009
2023-02-18_Celta Vigo_Real Sociedad,2023-02-18,14:00,La Liga,Matchweek 22,Sat,2023,1.0,1.0,Real Sociedad,Celta Vigo,Draw,1783.24975586,1,14.0,1.233,0.9623999999999999,1.34954,0.68446,50.501,11.486,3.907,33.640699999999995,1.1737,0.106554,2.6962,0.7367400000000001,-0.22565999999999997,13.9796,25.459799999999998,1.0401,0.84656,9.361,0.5646,37.35339999999999,4.6628,17.022800000000004,1.4466,10.338999999999999,2.4516,1.8902,14.547,1.991,20.6548,16.7836,15.828000000000001,1683.4401944577962,1654.60656738,1.3348,1.433,1.17774,1.5776400000000002,45.7886,10.404600000000002,4.5238000000000005,43.63904000000001,1.17774,0.11079,4.6928,1.4369,0.003899999999999987,18.7068,22.8234,0.89774,0.61254,7.8878,1.0,27.497000000000003,5.107200000000001,14.8262,0.8928,13.3644,4.505800000000001,2.5094000000000003,14.3562,1.0178,18.7508,14.4696,15.3024,1643.033336913942,1,128.64318848000016
2023-02-19_Rayo Vallecano_Sevilla,2023-02-19,16:15,La Liga,Matchweek 22,Sun,2023,1.0,1.0,Rayo Vallecano,Sevilla,Draw,1657.01660156,1,16.0,1.1668,1.1556,1.09442,1.36742,53.9698,13.73,5.2143999999999995,37.21158,0.98228,0.06717000000000001,4.0096,1.1784000000000001,0.22060000000000002,14.384,34.7568,0.75896,0.79752,10.3158,2.3712,40.851,6.6164,11.645600000000002,0.8642000000000001,22.1262,3.9118,1.0828,19.596,1.3758,23.873599999999996,16.8926,18.357,1738.6108217535082,1736.82568359,0.7558,2.0286,0.75176,2.1971,49.755799999999994,9.673,2.8832,34.247820000000004,0.75176,0.07382,5.9102,1.98216,0.13155999999999998,16.3206,31.4798,0.45992,0.59464,6.829400000000001,1.8633999999999997,36.123200000000004,5.331200000000001,10.5168,0.5182,16.276,3.3318000000000008,1.3514,11.248199999999999,1.5956,15.9854,14.2464,13.841999999999999,1773.2411085193821,1,-79.8090820299999
2023-02-19_Barcelona_Cadiz,2023-02-19,21:00,La Liga,Matchweek 22,Sun,2023,2.0,0.0,Barcelona,Cadiz,Home Win,1905.80603027,1,21.0,2.1470000000000002,0.1978,2.18464,0.61332,68.7032,16.049400000000002,7.0328,46.78064,2.0422400000000005,0.130224,1.4396,0.43682,0.23902,6.0016,56.535399999999996,1.91228,2.40916,13.8822,3.4179999999999997,61.0858,14.0808,13.0942,3.7026,21.5714,6.5729999999999995,4.1160000000000005,22.8232,2.3872,29.7924,33.449600000000004,28.660600000000002,1662.834922608698,1617.1973877,0.62,1.5526,0.8763000000000001,1.3200399999999999,38.580600000000004,9.911999999999999,2.8788,30.14308,0.8763000000000001,0.07488,5.401999999999999,1.2662,-0.2864,20.0414,19.744,0.64412,0.5765,6.8246,1.6928,22.486600000000003,4.0016,16.0526,0.178,11.1616,2.327,1.062,11.4534,0.9404,16.2792,13.244399999999999,10.7092,1737.075156617604,0,288.60864257000003
2023-02-19_Elche_Espanyol,2023-02-19,14:00,La Liga,Matchweek 22,Sun,2023,0.0,1.0,Elche,Espanyol,Away Win,1556.88903809,1,14.0,1.1304,1.178,1.50922,1.32086,45.245200000000004,13.0562,4.086,31.099480000000003,0.99034,0.07449399999999999,3.7668000000000004,1.3449,0.16690000000000005,13.644599999999999,25.6776,0.7665,0.72488,9.226799999999999,1.714,30.254800000000003,6.4102,10.482000000000001,0.6764,23.921599999999998,5.9034,1.7724,15.5962,2.5292000000000003,23.506999999999998,19.1666,15.003400000000001,1667.79880046354,1622.26623535,1.2198,1.4884,0.72188,1.6203600000000002,37.2102,6.446000000000001,2.2882000000000002,31.51112,0.5636399999999999,0.085474,5.3828000000000005,1.24206,-0.24634000000000003,18.373600000000003,16.4738,0.48388,0.44732,4.6728,0.4222,22.3396,2.8850000000000002,15.9896,0.8815999999999999,12.5318,2.1006,2.0,7.4152,1.6396,10.8744,8.5464,11.2608,1671.297513916722,2,-65.37719726
2023-02-20_Getafe_Valencia,2023-02-20,21:00,La Liga,Matchweek 22,Mon,2023,1.0,0.0,Getafe,Valencia,Home Win,1625.24157715,1,21.0,0.7979999999999999,0.8595999999999999,0.8164399999999999,1.40022,49.617,10.8018,2.5762,22.6014,0.62108,0.054922000000000006,2.8484,0.69492,0.07951999999999998,10.612400000000001,25.5978,0.44504000000000005,0.7599,7.1444,2.99,35.3384,6.6575999999999995,17.8604,0.7182,24.618199999999995,5.0418,0.356,12.953000000000001,2.7322,18.7526,17.091,14.1938,1657.31841730886,1646.10339355,0.3382,1.3978,0.9188999999999999,1.9851199999999998,47.9724,10.356599999999998,2.565,23.75142,0.9188999999999999,0.08531,6.5836,1.46428,0.22668000000000002,11.414,27.2272,0.7632599999999999,0.84424,9.141,2.074,32.6916,6.813199999999999,13.769,1.0882,20.769000000000002,5.7984,0.4984,13.8238,2.8720000000000003,19.3174,17.2294,19.2556,1727.9635669932059,0,-20.861816399999952
2023-02-24_Betis_Elche,2023-02-24,21:00,La Liga,Matchweek 23,Fri,2023,2.0,3.0,Elche,Betis,Away Win,1548.68859863,1,21.0,1.0173999999999999,1.1602000000000001,1.6104399999999999,1.44854,43.445800000000006,14.804200000000002,4.3216,29.16308,1.2587599999999999,0.084254,3.69,1.34482,0.18461999999999995,13.1358,23.6468,0.97404,0.8200800000000001,10.4252,2.231,32.1504,7.590399999999999,11.266200000000001,1.5414,23.664,6.8898,1.5952,18.0788,2.8204000000000002,26.531000000000002,21.592200000000002,13.6494,1660.2149769280797,1757.25183105,1.3084,1.3448,1.3544200000000002,1.6877399999999998,51.629200000000004,11.4324,3.0388,26.37978,1.1785800000000002,0.103182,4.4686,1.5842999999999998,0.23950000000000002,17.1678,23.720799999999997,0.8980400000000001,0.73082,8.3616,0.41759999999999997,31.3666,6.1952,16.4764,1.0244,10.2736,3.5463999999999998,1.7968000000000002,13.688399999999998,1.3978,19.999200000000002,17.3686,16.3932,1631.6352441160502,2,-208.56323242000008
2023-02-25_Real Sociedad_Valencia,2023-02-25,21:00,La Liga,Matchweek 23,Sat,2023,1.0,0.0,Valencia,Real Sociedad,Home Win,1639.14343262,1,21.0,1.2178,1.286,1.2755,1.04506,55.2564,13.0608,5.0564,41.00648,1.1331,0.080296,2.286,0.7784,-0.5076,9.0628,35.294200000000004,0.80246,0.89252,8.3758,3.9179999999999997,44.336200000000005,8.0534,14.3492,0.9714,27.3144,6.9702,2.2158,15.742999999999999,2.3128,23.099199999999996,20.937,25.0402,1707.56896213257,1778.15808105,1.8046000000000002,0.6486000000000001,1.32122,0.9597199999999999,52.207800000000006,11.1436,5.5306,49.0103,1.32122,0.12382800000000002,4.058,0.75066,0.10205999999999998,14.048,30.9694,1.12498,0.79,8.0642,1.2686000000000002,37.0116,6.346,12.045799999999998,0.892,9.4796,2.6994,2.923,15.043800000000001,1.1936,18.7302,18.696399999999997,14.445,1712.403991455708,0,-139.01464842999985
2023-02-25_Cadiz_Rayo Vallecano,2023-02-25,16:15,La Liga,Matchweek 23,Sat,2023,1.0,0.0,Cadiz,Rayo Vallecano,Home Win,1615.00561523,1,16.0,1.7844,0.6962,1.3126599999999997,0.8731,45.1322,12.031200000000002,4.174799999999999,36.531639999999996,1.13682,0.09581200000000001,4.7344,0.70012,0.0039199999999999825,13.808,25.6362,0.95814,0.68726,8.7648,1.7469999999999999,27.4996,5.5492,15.023799999999998,0.442,17.846,4.4681999999999995,3.171,15.389,1.9096,21.7674,16.0352,11.742600000000001,1600.96105146489,1657.38415527,1.178,0.6002,1.26476,1.2380399999999998,46.5364,13.725999999999999,3.8939999999999997,29.589,0.93094,0.07126,3.6744,0.87232,0.27212000000000003,15.3918,27.6418,0.60378,0.58612,9.648600000000002,1.8885999999999998,27.0826,4.6136,16.1116,0.5824,15.1828,5.6000000000000005,1.5116,14.8284,2.075,22.075,15.065800000000001,16.1372,1670.760210546168,0,-42.37854003999996
2023-02-25_Espanyol_Mallorca,2023-02-25,14:00,La Liga,Matchweek 23,Sat,2023,2.0,1.0,Espanyol,Mallorca,Home Win,1630.4666748,1,14.0,1.262,1.4686,1.49892,1.04346,40.7692,10.3814,4.7692000000000005,45.1287,1.49892,0.160406,3.6002,0.99552,-0.06867999999999999,12.2736,21.7634,1.32872,0.89012,8.6628,2.3404000000000003,27.547,6.6104,15.2114,1.0,19.8688,4.7714,1.8820000000000001,13.705200000000001,2.2996000000000003,18.954,16.122,13.5256,1716.74846982748,1645.14916992,0.3204,1.4818,0.43096,1.54062,41.68979999999999,6.2856000000000005,1.6362,22.904580000000003,0.43096,0.084898,4.2798,1.18498,-0.29682,19.023200000000003,19.705000000000002,0.36896,0.37268,4.6458,2.3378,24.4874,4.8282,12.3544,0.5402,12.2988,1.8022,0.6408,6.9596,1.8418,10.8676,11.071,13.4588,1674.585420924702,0,-14.682495120000112
2023-02-26_Osasuna_Sevilla,2023-02-26,21:00,La Liga,Matchweek 23,Sun,2023,2.0,3.0,Sevilla,Osasuna,Away Win,1733.98754883,1,21.0,1.8618,0.4984,1.86216,0.5779,63.4982,14.5826,5.7346,40.90522,1.70392,0.114626,2.2154,0.65312,0.15472000000000002,8.1766,52.947,1.27488,1.4205999999999999,10.606,3.7104,59.6216,12.201400000000001,12.5246,1.9781999999999997,26.9974,5.4894,3.306,21.2414,1.3692,26.7166,24.6008,19.1974,1627.636176757618,1662.07446289,0.41759999999999997,0.738,0.60294,1.33808,51.15860000000001,9.5198,3.0860000000000003,34.03034,0.60294,0.074422,3.5016,0.837,0.09899999999999999,18.7366,30.707,0.52028,0.56508,7.0624,3.5894,31.410800000000002,6.4468,14.938600000000001,0.9802,20.098399999999998,2.5302,0.6154,13.3814,1.2442,16.641000000000002,12.9698,12.213799999999999,1646.1451587645502,2,71.91308593999997
2023-02-26_Almeria_Barcelona,2023-02-26,18:30,La Liga,Matchweek 23,Sun,2023,1.0,0.0,Almeria,Barcelona,Home Win,1596.56762695,1,18.0,1.5057999999999998,1.5062,1.48706,1.62774,52.369,13.4464,4.9884,34.21984,1.48706,0.10913799999999999,4.944000000000001,1.7511999999999999,0.245,8.112400000000001,24.2812,1.06876,0.9936400000000001,9.737400000000001,2.7756000000000003,31.821,6.8094,14.5758,1.6376,17.4888,4.82,1.899,14.433000000000002,2.1792,22.1664,18.8064,15.9758,1679.4806389661899,1899.12573242,1.3800000000000001,0.38,1.3031,1.08088,55.5654,9.1268,3.0662000000000003,37.677679999999995,1.3031,0.15371800000000002,2.1184000000000003,0.344,0.18379999999999996,14.8386,36.47880000000001,1.17172,0.99108,7.3776,0.8,43.499199999999995,7.8919999999999995,18.598,2.8498,12.2836,3.876,2.3622,12.111,1.782,16.194399999999998,21.023799999999998,20.151799999999998,1685.229360791064,0,-302.5581054700001
2023-02-26_Celta Vigo_Valladolid,2023-02-26,16:15,La Liga,Matchweek 23,Sun,2023,3.0,0.0,Celta Vigo,Valladolid,Home Win,1660.3026123,1,16.0,0.7558,0.9404,1.2571600000000003,0.51616,49.9396,14.659399999999998,4.665399999999999,31.482300000000002,1.2571600000000003,0.08543,2.217,0.5743,-0.36610000000000004,12.795200000000001,31.697400000000002,1.03736,1.0349,10.8968,2.0434,42.997,8.766,15.348400000000002,1.4378,19.5352,5.9308,1.2918,18.3106,2.0752,24.9926,21.5916,19.8114,1694.36561979813,1619.19030762,0.46399999999999997,1.7404000000000002,0.68386,2.0526,52.7724,9.9582,1.548,15.388540000000003,0.68386,0.07255,6.5768,2.1260600000000003,0.26356,10.646599999999998,27.9942,0.58142,0.57942,7.251799999999999,3.0914,38.864200000000004,5.5776,17.658,1.7284000000000002,18.5034,3.2186000000000003,0.9279999999999999,11.881599999999999,2.0332,17.700400000000002,14.0226,15.9158,1704.225561450816,0,41.11230467999985
2023-02-26_Athletic Club_Girona,2023-02-26,14:00,La Liga,Matchweek 23,Sun,2023,2.0,3.0,Athletic Club,Girona,Away Win,1719.72119141,1,14.0,1.671,0.6838,1.50086,0.8486800000000001,47.679,17.8962,5.64,31.59028,1.50086,0.088114,2.2902,0.65716,-0.026639999999999983,8.9118,31.578000000000003,1.19112,0.86194,13.217799999999999,2.928,47.1082,9.0142,11.4956,1.83,24.6298,8.148,3.1639999999999997,20.9374,3.2086,30.0786,28.842200000000002,24.094800000000003,1729.586129781894,1619.88635254,0.9117999999999999,1.442,1.05176,1.58852,48.548199999999994,10.700800000000001,2.1472,19.324080000000002,0.9236,0.07826999999999999,5.2148,2.1897599999999997,0.74776,15.155800000000001,25.253000000000004,0.84582,0.62544,8.860999999999999,1.2918,34.8032,5.2272,17.4006,0.2198,13.4146,3.3506,1.6634,12.597599999999998,2.5518,19.135800000000003,17.0184,19.528799999999997,1697.254011864108,2,99.83483887000011
2023-02-27_Getafe_Villarreal,2023-02-27,21:00,La Liga,Matchweek 23,Mon,2023,2.0,1.0,Villarreal,Getafe,Home Win,1732.05175781,1,21.0,0.8742,0.8022,1.8734600000000001,1.3695,57.3172,13.7772,4.526000000000001,31.686220000000002,1.4145800000000002,0.10345199999999999,3.0088,0.9701200000000001,0.16792,11.148,36.5042,1.1351200000000001,1.04742,10.388200000000001,1.6356,46.999199999999995,10.9298,17.9954,1.9512,15.389000000000003,5.0266,1.4102000000000001,19.4632,1.589,24.531000000000002,23.985599999999998,18.746,1759.4453799318062,1632.8059082,0.6022,1.0376,0.80856,0.85942,39.5968,8.9076,1.8916,22.27648,0.6132,0.074156,4.18,1.0846200000000001,0.04702000000000002,21.1874,18.8838,0.29536,0.44284,5.4698,2.38,23.6036,5.1424,14.668,0.0,13.9748,2.6192,0.9601999999999999,9.030999999999999,1.8257999999999999,14.8926,14.533800000000001,8.3194,1684.793773317252,0,99.24584961000005
2023-03-03_Cadiz_Real Sociedad,2023-03-03,21:00,La Liga,Matchweek 24,Fri,2023,0.0,0.0,Real Sociedad,Cadiz,Draw,1768.85864258,1,21.0,1.3538,0.822,1.42666,0.7704599999999999,50.2742,10.5166,3.2396000000000003,31.198779999999996,1.2684199999999999,0.126316,2.8266,0.51564,-0.06216000000000001,15.479399999999998,26.2464,1.17702,0.86632,8.6924,0.7081999999999999,35.032,4.9966,16.5322,1.402,9.1958,2.218,2.1894,14.292399999999999,1.7036,19.7128,15.496000000000002,13.714800000000002,1662.8368005857358,1623.01281738,0.558,1.8858,0.83104,1.63876,36.7374,10.177,2.9909999999999997,30.262520000000002,0.83104,0.07151,5.6944,1.3938000000000001,-0.492,18.959799999999998,18.0608,0.69858,0.58446,7.775,2.4562,23.503800000000002,4.5342,15.947199999999999,0.1602,13.843800000000002,2.8386,0.9558,10.7876,2.5116,16.9078,12.3552,11.626999999999999,1790.61402978521,1,145.84582520000004
2023-03-04_Elche_Mallorca,2023-03-04,18:30,La Liga,Matchweek 24,Sat,2023,0.0,1.0,Mallorca,Elche,Away Win,1639.05310059,1,18.0,1.7326000000000001,0.4884,1.10196,1.08066,38.634600000000006,9.392,3.2268,33.131260000000005,1.10196,0.110378,2.769,0.59692,0.10852000000000006,17.0366,22.4822,0.99732,0.77684,7.4117999999999995,2.1282,25.294000000000004,5.822,13.6564,0.0,17.3992,3.3762,2.8476,10.2312,1.7583999999999997,15.0158,13.958200000000001,10.5842,1724.318998048034,1544.60351562,0.358,2.5103999999999997,0.45636,2.62804,35.7374,6.932600000000001,1.7072,23.48892,0.45636,0.070444,8.000599999999999,2.47866,-0.03174000000000002,14.448,20.2428,0.35062,0.39296,4.3260000000000005,0.7558,26.4654,3.3492,10.069199999999999,0.6022,13.218399999999999,4.134,0.716,7.2796,2.1258,11.6386,11.6842,10.0898,1715.2320987541138,2,94.44958496999993
2023-03-04_Getafe_Girona,2023-03-04,14:00,La Liga,Matchweek 24,Sat,2023,3.0,2.0,Getafe,Girona,Home Win,1628.65979004,1,14.0,0.9623999999999999,0.7736,1.08786,1.30254,48.2458,11.5102,3.6396000000000006,28.99884,0.91202,0.073966,2.7194,0.78312,0.22932,11.6282,24.8728,0.70916,0.8471599999999999,8.2068,2.5584,34.1948,6.2592,16.5536,0.6022,22.4702,4.7934,0.8088,12.725200000000001,3.2474,19.666,18.2586,14.707,1661.777394652122,1632.32299805,1.409,1.642,1.01332,1.4022000000000001,47.4052,10.5748,2.765,27.539100000000005,1.01332,0.09653600000000001,4.5606,1.8855999999999997,0.24360000000000004,22.266,21.9092,0.8356399999999999,0.64172,8.5748,1.1184,33.2906,5.3044,18.337400000000002,0.1978,13.417400000000002,3.604,1.8412,11.405,2.6408,18.2778,17.493000000000002,18.099,1661.8693543454701,0,-3.663208010000062
2023-03-04_Almeria_Villarreal,2023-03-04,16:15,La Liga,Matchweek 24,Sat,2023,0.0,2.0,Almeria,Villarreal,Away Win,1610.27844238,1,16.0,1.4552,1.3556,1.5104399999999998,1.74916,46.1828,12.4132,5.0338,41.679140000000004,1.5104399999999998,0.127202,4.4054,1.5140000000000002,0.15839999999999999,13.797,22.864600000000003,1.10954,0.95868,8.831,2.5538,29.2292,5.995799999999999,15.295,2.5506,16.939999999999998,4.3056,2.0532,12.8242,2.3056,20.4728,17.2046,14.8132,1738.5670777109399,1736.19775391,1.084,1.9941999999999998,0.7931999999999999,2.0801600000000002,58.0482,8.3654,2.6288,35.28988,0.7931999999999999,0.091168,6.5314,2.25292,0.25872000000000006,17.0416,34.5184,0.7174999999999999,0.63992,7.1456,1.0042,39.296,5.524,17.2534,0.8617999999999999,12.137199999999998,5.3346,1.3235999999999999,12.358999999999998,0.642,14.4626,15.378400000000001,17.093600000000002,1625.238007496306,2,-125.91931153000019
2023-03-05_Betis_Real Madrid,2023-03-05,21:00,La Liga,Matchweek 24,Sun,2023,0.0,0.0,Betis,Real Madrid,Draw,1762.54541016,1,21.0,1.5057999999999998,1.6792,1.70128,1.34914,46.246399999999994,10.773,5.2452,45.0471,1.33008,0.118882,3.4458,1.2019,-0.4773,15.3298,24.7144,1.0865399999999998,1.03122,7.5266,1.3556,31.654199999999996,8.029399999999999,17.273,3.5468,11.1074,2.7898,1.8559999999999999,14.5946,0.7844,19.4664,21.3572,16.6978,1714.319891115752,1951.17126465,1.3824,0.5758,1.66876,1.01376,57.5304,13.86,3.5736,29.52816,1.2223600000000001,0.09783,3.3208,0.67374,0.31774,15.6824,40.7582,1.0286600000000001,1.02112,11.0612,1.6152,43.976600000000005,8.1654,18.093799999999998,0.5778,16.668,6.586,2.1824000000000003,19.7472,2.4914,25.814,24.058999999999997,22.8202,1677.280237304652,1,-188.62585448999994
2023-03-05_Espanyol_Valladolid,2023-03-05,14:00,La Liga,Matchweek 24,Sun,2023,2.0,1.0,Valladolid,Espanyol,Home Win,1610.00305176,1,14.0,0.5402,0.714,1.25028,1.0937199999999998,47.897000000000006,14.0884,5.165399999999999,36.07972,1.25028,0.084368,4.1696,1.29624,0.58224,15.264599999999998,26.735599999999998,1.0201200000000001,0.7935400000000001,9.5032,2.6574,34.4404,6.3438,13.7488,0.7248,19.8552,6.284,1.0804,18.109,2.2244,24.728,20.694399999999998,19.2266,1694.5741001487538,1637.77124023,1.1978,1.1954,0.92388,1.69602,39.754999999999995,7.478199999999999,2.5036,30.90332,0.78148,0.100464,5.3446,1.0525200000000001,-0.14288,19.457,17.138199999999998,0.6752800000000001,0.54028,5.9266000000000005,1.1126,23.805999999999997,3.9292,16.279,0.7934,12.1578,2.5348,2.0,8.8948,1.5756000000000001,12.7964,11.3338,11.6352,1650.5043408459942,0,-27.76818847000004
2023-03-05_Barcelona_Valencia,2023-03-05,16:15,La Liga,Matchweek 24,Sun,2023,1.0,0.0,Barcelona,Valencia,Home Win,1885.41503906,1,16.0,1.8439999999999999,0.178,2.3015600000000003,0.72406,68.08840000000001,16.9096,6.297,38.114279999999994,2.1734000000000004,0.129762,2.1282,0.43312,0.25512,9.376,57.976600000000005,1.91992,2.31944,14.2266,3.7645999999999997,65.3816,15.526399999999999,15.871,2.7556,23.044400000000003,6.9924,3.2836000000000003,23.605999999999998,2.3926000000000003,31.255000000000003,36.7002,29.427000000000003,1639.6542413102559,1649.65136719,0.1602,1.3579999999999999,0.9414399999999999,2.06754,46.1246,9.2558,2.6086,27.449060000000003,0.9414399999999999,0.09987400000000002,6.957800000000001,1.87066,0.51266,13.070400000000001,23.7886,0.77694,0.7144799999999999,7.4292,1.534,26.7556,5.3342,13.691999999999998,1.5678,19.5946,4.853400000000001,0.1602,12.1996,2.008,16.522799999999997,14.011199999999999,14.2372,1700.5072584488341,0,235.76367187000005
2023-03-05_Athletic Club_Rayo Vallecano,2023-03-05,18:30,La Liga,Matchweek 24,Sun,2023,0.0,0.0,Rayo Vallecano,Athletic Club,Draw,1650.58557129,1,18.0,0.8617999999999999,0.9958,1.08614,1.00672,56.1028,14.7338,5.0489999999999995,34.09464,1.08614,0.070336,3.8085999999999998,0.86868,0.05088000000000001,13.0366,38.8648,0.8751599999999999,0.80776,11.2168,3.0666,40.8656,5.978000000000001,11.869200000000001,1.022,24.7436,4.6532,0.8862,19.4038,1.8266,25.163,17.003,20.307,1705.6361773671379,1707.2845459,0.6175999999999999,1.1958,0.72166,1.21928,46.9816,8.0304,1.5038,18.03294,0.72166,0.084346,5.2638,1.75076,0.55496,12.6242,35.0624,0.61968,0.64714,5.9278,1.4024,40.284400000000005,6.0452,14.814400000000001,0.6242,15.8428,3.747,1.2351999999999999,11.0252,0.822,14.159400000000002,16.5798,16.7644,1676.42303164028,1,-56.69897461000005
2023-03-06_Celta Vigo_Osasuna,2023-03-06,21:00,La Liga,Matchweek 24,Mon,2023,0.0,0.0,Osasuna,Celta Vigo,Draw,1674.13146973,1,21.0,0.6962,1.0642,1.2149,0.99054,51.028400000000005,14.444199999999999,4.623,31.6099,1.08674,0.074034,3.8142000000000005,1.0630600000000001,-0.0011399999999999778,10.0242,38.0422,0.86264,1.1206800000000001,10.903599999999999,4.327,43.3286,9.428799999999999,14.578800000000003,0.1978,22.0064,3.6076,1.3924,20.6328,1.5978,25.7754,20.2628,18.736,1745.991358567882,1669.48999023,1.3014,1.1014,1.35858,1.43018,46.818799999999996,12.606,4.6156,39.28936,1.35858,0.114922,4.2352,1.3011599999999999,0.19976,14.7964,25.326999999999998,0.9500799999999999,0.79108,9.5084,1.4884,28.8564,6.8058,15.664399999999999,1.1478,14.893,5.187800000000001,2.1144,16.706599999999998,1.6486,22.371000000000002,18.274,17.27,1681.8315423829922,1,4.641479499999832
2023-03-10_Cadiz_Getafe,2023-03-10,21:00,La Liga,Matchweek 25,Fri,2023,2.0,2.0,Cadiz,Getafe,Draw,1628.58850098,1,21.0,1.4176,0.3382,1.2181000000000002,0.74486,44.963,10.607,3.4806000000000004,37.437400000000004,1.05986,0.106998,3.3516000000000004,0.44266,0.10446,14.9038,23.875,0.80138,0.61968,7.4232000000000005,2.4048,26.0402,5.25,16.674799999999998,0.642,18.638,4.277200000000001,2.233,12.864,1.6743999999999999,18.660200000000003,15.199,8.229000000000001,1613.4579270991721,1635.07751465,0.642,1.4222,0.81654,0.95232,38.5162,8.8168,2.0024,23.798360000000002,0.6407,0.076622,4.2620000000000005,1.22382,-0.19838,17.617600000000003,19.328,0.32024,0.45296000000000003,5.2786,2.442,24.42,5.0840000000000005,13.8126,0.0,14.7656,3.2898,1.0642,10.293,1.3548,15.7242,14.2918,9.5642,1711.4323546882142,1,-6.489013670000077
2023-03-11_Espanyol_Real Madrid,2023-03-11,14:00,La Liga,Matchweek 25,Sat,2023,3.0,1.0,Real Madrid,Espanyol,Home Win,1947.94628906,1,14.0,1.8394,0.4044,2.29864,0.46008,66.2432,19.8726,7.5588,37.528819999999996,1.9469599999999998,0.095996,1.5792,0.34231999999999996,-0.06208,7.5126,59.49700000000001,1.62622,1.67314,16.1034,1.664,59.8064,11.1356,13.6792,2.2684,20.285800000000002,7.1164000000000005,3.459,28.408,1.6705999999999999,37.9824,34.1918,28.4722,1637.193798583508,1630.85205078,1.178,1.42,1.0236,1.59434,44.452,8.7956,2.4532000000000003,27.088679999999997,0.89544,0.097534,5.021800000000001,0.9018999999999999,-0.5181,16.7046,21.4526,0.70218,0.52184,6.566599999999999,1.3456,28.097800000000003,4.9574,13.6648,0.714,15.7492,3.4581999999999997,2.0,10.459,1.3738,15.003,16.3172,15.811399999999999,1646.4737674336761,0,317.0942382800001
2023-03-11_Elche_Valladolid,2023-03-11,16:15,La Liga,Matchweek 25,Sat,2023,1.0,1.0,Elche,Valladolid,Draw,1556.99621582,1,16.0,1.2598,1.4884,1.60704,1.97328,41.1596,12.4702,3.8452,31.75384,1.0952,0.085712,5.0862,2.2827200000000003,0.7943200000000001,13.5104,24.047400000000003,0.8389599999999999,0.7204,8.4292,2.3080000000000003,29.538,6.943,10.8514,1.099,22.6094,6.645,1.6356,13.7756,2.8826,22.315,18.691,12.7636,1693.859214914784,1616.92211914,0.41759999999999997,1.8664,0.66548,1.9840799999999998,50.9976,9.2742,2.1258,26.05918,0.66548,0.07862,6.0308,2.04254,0.06624000000000002,9.8052,28.604000000000003,0.56328,0.54706,6.25,3.0264,38.5988,5.9524,13.8968,2.044,18.5858,3.5852,0.8351999999999999,11.8378,1.6416,16.3098,14.353,14.647400000000001,1691.21297353439,1,-59.92590331999986
2023-03-11_Celta Vigo_Rayo Vallecano,2023-03-11,18:30,La Liga,Matchweek 25,Sat,2023,3.0,0.0,Celta Vigo,Rayo Vallecano,Home Win,1671.63122559,1,18.0,1.2686000000000002,0.558,1.47004,0.52898,48.848,15.7144,4.4546,28.20338,1.47004,0.092654,2.1512000000000002,0.50922,-0.048780000000000004,12.083200000000001,30.4628,1.1157000000000001,1.1234799999999998,11.928,2.039,41.6882,8.933399999999999,13.5158,1.5382,17.8162,6.2702,2.0952,20.333000000000002,2.6002,26.846799999999995,24.3628,19.3978,1679.15924987774,1650.13293457,0.916,0.7844,1.18388,1.1365800000000001,50.5668,12.876800000000001,3.0278,24.05008,0.88344,0.071576,3.4628,0.91836,0.13396,15.4204,30.0964,0.49132,0.6552,8.2746,1.7998,27.9836,4.6964,17.8982,0.38,17.795,5.64,1.072,14.1132,1.6792,20.846799999999998,16.092,15.635200000000001,1645.9749455063782,0,21.498291019999897
2023-03-11_Osasuna_Valencia,2023-03-11,21:00,La Liga,Matchweek 25,Sat,2023,1.0,0.0,Valencia,Osasuna,Home Win,1647.64709473,1,21.0,1.3402,1.0131999999999999,1.2412,0.8807999999999999,54.2508,13.2756,4.995,36.4463,1.11304,0.079708,2.5016,0.65964,-0.3535600000000001,11.122,32.0106,0.76664,0.8921,8.3266,3.8703999999999996,42.501599999999996,8.669,14.402600000000001,1.3626,26.1266,7.549799999999999,1.9942000000000002,15.689599999999999,2.2816,23.7312,21.208000000000002,24.168,1697.7092501681161,1671.99023438,1.1084,0.8642000000000001,0.70474,1.41754,47.0352,9.668,3.3216,35.57894,0.70474,0.087072,4.8166,1.10748,0.24328,20.7932,26.7848,0.64476,0.5973999999999999,7.7888,4.018800000000001,29.7602,7.034599999999999,14.7446,0.9822,18.8676,2.4772,1.5306,13.299199999999999,1.7082000000000002,17.2214,13.705400000000001,11.9482,1652.6142928470938,0,-24.343139650000012
2023-03-12_Athletic Club_Barcelona,2023-03-12,21:00,La Liga,Matchweek 25,Sun,2023,0.0,1.0,Athletic Club,Barcelona,Away Win,1707.73706055,1,21.0,1.8481999999999998,1.3479999999999999,1.49638,0.98918,51.362,17.5182,4.7993999999999994,27.42372,1.49638,0.088304,2.6054,0.91008,0.05048,9.6976,35.394800000000004,1.1131799999999998,0.87016,12.851799999999999,3.5678,52.1368,9.501,10.8576,1.2144,31.7038,9.1538,3.0478,22.4972,3.0876000000000006,30.9358,28.669600000000003,24.3852,1690.125713596106,1887.41931152,0.9536,0.442,1.3993,1.0728,59.94819999999999,10.0908,2.5712,30.98918,1.3993,0.152232,2.4508,0.5793999999999999,0.3352,13.0572,43.5,1.3098999999999998,1.23058,8.4166,2.2852,51.98360000000001,10.9772,17.805799999999998,3.0092000000000003,21.0904,4.3326,1.5492,14.2534,1.4154,18.3284,23.895599999999998,23.943800000000003,1666.8329280264443,2,-179.68225097000004
2023-03-12_Betis_Villarreal,2023-03-12,18:30,La Liga,Matchweek 25,Sun,2023,1.0,1.0,Villarreal,Betis,Draw,1745.58081055,1,18.0,0.9868,0.822,1.69192,1.17722,59.715399999999995,13.066799999999999,4.1408000000000005,31.39506,1.27896,0.103784,2.8638000000000003,0.87104,0.04904,11.9216,39.028,0.91976,1.0150000000000001,9.572600000000001,1.9604,49.5618,11.2692,15.809800000000001,1.7678000000000003,15.826799999999999,5.2682,1.5692,18.484,1.2418,23.545,26.7172,24.876199999999997,1738.587929320134,1765.77038574,1.9102000000000001,1.2662,2.19136,1.4747999999999999,56.858799999999995,13.963600000000001,4.056,28.990599999999997,1.47146,0.11007600000000001,3.501,1.25756,-0.008640000000000009,15.9742,32.6162,1.14572,0.9463600000000001,9.7348,0.8642000000000001,42.1272,7.9734,15.3076,1.022,12.8322,3.2034000000000002,2.8382,18.0476,1.8464,25.392400000000002,22.0922,19.805,1605.331093236518,1,-20.189575189999914
2023-03-12_Almeria_Sevilla,2023-03-12,16:15,La Liga,Matchweek 25,Sun,2023,2.0,1.0,Sevilla,Almeria,Home Win,1712.11633301,1,16.0,2.0198,0.8928,2.0045200000000003,0.49478,68.8942,17.6312,6.682,38.49364,1.86212,0.11560599999999999,1.673,0.52156,-0.12704,9.6244,51.3602,1.42714,1.4950200000000002,12.4872,2.9067999999999996,64.60499999999999,11.681,12.872399999999999,1.6362,30.093,7.093999999999999,3.4196,26.0778,1.7206,32.3262,27.8798,21.0518,1619.21563730463,1600.89538574,1.062,2.7988,1.4697399999999998,2.2224000000000004,45.320800000000006,13.5786,4.6094,31.88884,1.33128,0.097118,8.5486,3.2007000000000003,0.6216999999999999,13.6468,19.7484,1.1054,0.79832,10.184999999999999,1.8142,29.211000000000002,5.534,14.328000000000001,1.1582000000000001,19.4314,4.159800000000001,1.9460000000000002,17.332,1.9634,24.4138,20.4194,16.1662,1669.666907446056,0,111.22094727000012
2023-03-12_Mallorca_Real Sociedad,2023-03-12,14:00,La Liga,Matchweek 25,Sun,2023,1.0,1.0,Mallorca,Real Sociedad,Draw,1626.66052246,1,14.0,1.4152,0.6838,1.02414,1.00492,43.1112,10.574000000000002,3.2042,30.24234,1.02414,0.092366,3.2363999999999997,0.72492,0.04111999999999999,15.3908,25.4642,0.91996,0.75152,8.835999999999999,2.9922,27.5182,5.8957999999999995,13.0698,0.2442,21.343200000000003,4.2154,2.2746,12.562,1.9268,17.6566,16.3164,12.712,1696.933322436706,1763.28295898,1.3357999999999999,0.6838,1.11492,0.89932,52.322599999999994,10.2642,4.4124,43.14762,1.11492,0.111678,3.9522,0.7012,0.2616,13.2104,27.8362,0.9571400000000001,0.8054399999999999,7.0485999999999995,1.2418,36.5578,5.434799999999999,12.962,0.6586000000000001,13.7832,4.2387999999999995,2.0540000000000003,12.777000000000001,2.051,17.5598,17.3176,13.6798,1693.2218906022001,1,-136.62243652000006
2023-03-17_Athletic Club_Valladolid,2023-03-17,21:00,La Liga,Matchweek 26,Fri,2023,1.0,3.0,Valladolid,Athletic Club,Away Win,1614.38623047,1,21.0,0.6862,0.7426,1.19318,1.24852,46.7422,14.0356,4.2838,30.6831,1.19318,0.083048,3.9526,1.2466,0.504,16.936,25.352800000000002,0.87836,0.62002,8.8764,2.3034,32.110800000000005,5.877200000000001,13.3738,0.46399999999999997,19.249000000000002,6.7,1.3724,16.168200000000002,2.202,23.9906,19.1276,17.5946,1698.405397559658,1699.41943359,0.5558000000000001,1.0762,0.90926,1.2938600000000002,46.4948,9.6926,2.0860000000000003,20.82056,0.90926,0.08967800000000001,4.5048,1.50474,0.42854000000000003,15.2362,30.3838,0.80748,0.7201,7.788600000000001,2.0947999999999998,34.77440000000001,5.9524,14.0884,0.41759999999999997,16.5028,4.705,1.1116000000000001,12.3996,1.8166000000000002,16.8414,17.654600000000002,15.001999999999999,1657.669945092016,2,-85.03320311999983
2023-03-18_Girona_Rayo Vallecano,2023-03-18,16:15,La Liga,Matchweek 26,Sat,2023,2.0,2.0,Rayo Vallecano,Girona,Draw,1630.59851074,1,16.0,0.7756000000000001,0.8962,1.18846,1.0937000000000001,55.416,16.214,4.599800000000001,29.0692,1.18846,0.072186,3.7276000000000002,0.9150200000000001,0.17902000000000004,15.263,35.76,0.96416,0.8114,11.972,2.96,36.971999999999994,5.4918000000000005,12.915000000000001,1.264,23.992800000000003,5.176399999999999,0.7976,19.9402,2.3324,27.5772,17.9236,19.7762,1716.6659239746082,1611.3248291,1.4682,2.0662000000000003,0.77574,1.54174,49.63,8.6872,3.7654,41.72264,0.77574,0.09156,5.2812,2.11446,0.04825999999999997,20.319,21.5532,0.63024,0.60548,6.687200000000001,0.7182,30.810399999999994,3.8206,20.401400000000002,0.9106000000000001,14.840800000000002,3.2552,2.0572,11.532,1.5116,15.799000000000001,13.860199999999999,18.4332,1668.1613177971499,1,19.27368163999995
2023-03-18_Celta Vigo_Espanyol,2023-03-18,18:30,La Liga,Matchweek 26,Sat,2023,1.0,3.0,Espanyol,Celta Vigo,Away Win,1619.50634766,1,18.0,1.6242,1.4218,1.53226,1.0091199999999998,40.1158,9.522400000000001,4.1598,42.56218,1.53226,0.171896,3.7843999999999998,1.05806,-0.14394,14.187999999999999,19.656799999999997,1.38348,0.93876,8.0198,1.918,24.0528,5.184200000000001,16.8322,1.0,16.507,3.7174,2.6706,11.648600000000002,3.2906000000000004,17.849400000000003,14.511999999999999,10.7544,1690.96861853221,1672.02893066,1.1712,0.9912000000000001,1.36156,1.4247999999999998,45.015600000000006,11.224599999999999,3.7214,31.42282,1.36156,0.134406,4.6,1.46078,0.46958,16.882,22.6082,0.96948,0.71872,8.1926,1.1954,25.5402,5.5044,14.1004,1.2772,14.692,5.2132,1.9028,14.049999999999999,1.6838,19.548000000000002,16.037399999999998,15.0894,1686.165363672876,2,-52.52258299999994
2023-03-18_Almeria_Cadiz,2023-03-18,14:00,La Liga,Matchweek 26,Sat,2023,1.0,1.0,Almeria,Cadiz,Draw,1587.6751709,1,14.0,1.3096,1.42,1.3705,1.84192,42.3008,11.771399999999998,4.386,35.102959999999996,1.3705,0.11715600000000001,4.564800000000001,1.60022,0.08254000000000003,15.46,21.5008,1.02414,0.83952,8.591800000000001,2.2542,29.726599999999998,5.840199999999999,14.1122,2.5398000000000005,15.036399999999999,3.7866,1.8477999999999999,12.6298,2.0308,19.669,16.139400000000002,12.9224,1735.3951294207423,1617.17028809,0.358,1.4088,0.76468,1.47954,35.2424,9.182599999999999,2.4594,28.1588,0.76468,0.076802,5.1364,1.2166800000000002,-0.19212,19.7848,17.3218,0.6543,0.48834,6.965,2.2106000000000003,21.5998,4.0924,16.340799999999998,0.0,13.1154,2.4106,0.716,9.2436,2.1164,14.6194,12.6522,9.5226,1762.326942358364,1,-29.495117189999974
2023-03-19_Betis_Mallorca,2023-03-19,14:00,La Liga,Matchweek 26,Sun,2023,1.0,0.0,Betis,Mallorca,Home Win,1746.35559082,1,14.0,1.211,1.367,1.5090400000000002,1.3642,45.32159999999999,10.3516,5.1208,46.350739999999995,1.1749600000000002,0.10578200000000001,3.6012000000000004,1.04398,-0.32302000000000003,14.288,26.2966,0.94578,0.9536600000000001,7.6182,1.6642000000000001,32.9982,8.0706,15.792200000000001,3.2922000000000002,12.850000000000001,3.5876,1.6703999999999999,12.825800000000001,0.9059999999999999,18.098999999999997,20.333000000000002,17.3048,1771.144492312536,1618.68212891,0.2442,1.822,0.50112,1.6563199999999998,47.9904,8.3106,1.7284000000000002,16.8387,0.50112,0.07996600000000001,4.295999999999999,1.40392,-0.41808,15.746400000000001,23.0854,0.37206,0.33216,6.0022,2.2598,28.478199999999998,5.2896,12.3306,0.1978,15.920200000000001,2.3104,0.4884,9.605599999999999,1.8576,14.2554,11.752400000000002,14.145199999999999,1649.4384499999799,0,127.67346191000001
2023-03-19_Elche_Real Sociedad,2023-03-19,16:15,La Liga,Matchweek 26,Sun,2023,2.0,0.0,Real Sociedad,Elche,Home Win,1738.36682129,1,16.0,1.0742,0.5956,1.4184,0.71018,58.4026,11.83,3.2156,28.16104,1.2759999999999998,0.115918,2.5997999999999997,0.49406,0.11825999999999999,11.9362,33.5802,1.0616400000000001,0.8896999999999999,9.255600000000001,1.6141999999999999,46.0706,5.6296,17.9882,0.9734,13.716000000000001,2.5846,1.9704,14.7956,2.3658,21.6832,19.3094,17.6388,1652.094551390508,1547.10253906,0.4222,1.971,0.60166,2.3110600000000003,35.8428,9.3254,2.7131999999999996,23.69786,0.60166,0.0694,6.3472,1.86714,-0.10386000000000005,16.080000000000002,20.041800000000002,0.48207999999999995,0.45692,6.6354,0.7802,27.895599999999998,3.3142,12.0158,0.3978,14.029,4.8532,0.8444,9.1052,3.4783999999999997,15.6702,13.7134,10.9134,1708.3701819095702,0,191.26428222999994
2023-03-19_Barcelona_Real Madrid,2023-03-19,21:00,La Liga,Matchweek 26,Sun,2023,2.0,1.0,Barcelona,Real Madrid,Home Win,1883.30737305,1,21.0,1.6154,0.1602,1.93422,0.82376,64.1282,14.4002,4.9138,35.772220000000004,1.7632800000000002,0.12001800000000001,2.0154,0.37656,0.21636,12.0574,47.8688,1.5151400000000002,1.70168,11.7296,2.9114000000000004,57.80859999999999,12.7552,15.584200000000001,1.6266,19.677,6.2164,3.0109999999999997,19.6618,1.5766,25.992600000000003,27.509600000000002,24.7446,1645.636479689922,1945.61523438,0.9558,0.5182,1.5365400000000002,0.94796,58.3656,13.5414,3.5722,29.906299999999998,1.25014,0.09949000000000001,3.3888,0.5887,0.2683,17.0118,44.257000000000005,1.0558,0.97574,10.334,1.7978,47.977000000000004,7.528,17.1398,0.8642000000000001,16.2684,5.3622,1.5316,19.9282,2.1538,25.944,24.1442,24.282600000000002,1706.162786109958,0,-62.30786132999992
2023-03-19_Getafe_Sevilla,2023-03-19,18:30,La Liga,Matchweek 26,Sun,2023,2.0,0.0,Getafe,Sevilla,Home Win,1627.35913086,1,18.0,1.3104,1.1846,1.17236,1.28108,45.0144,10.5384,3.6316,33.49112,0.81876,0.07313,4.1568000000000005,1.11992,0.13312000000000002,12.486399999999998,22.123,0.6794399999999999,0.82246,7.7538,2.2584,31.8336,7.066,14.511999999999999,0.642,22.3672,4.4698,1.4163999999999999,10.4344,3.411,17.7578,19.254,12.8386,1658.73678059055,1713.88171387,0.8022,2.7946,0.80392,2.31324,47.6804,6.742799999999999,2.0386,31.36336,0.60856,0.081716,6.4842,2.28582,-0.5087799999999999,19.2066,30.1576,0.43528,0.5011399999999999,4.8048,0.8784000000000001,35.542,4.1446,12.8636,0.1602,15.187000000000001,3.1246000000000005,1.6044,8.3816,1.0939999999999999,12.018,9.8486,11.722199999999999,1677.399489573484,0,-86.52258301000006
2023-03-19_Osasuna_Villarreal,2023-03-19,16:15,La Liga,Matchweek 26,Sun,2023,0.0,3.0,Osasuna,Villarreal,Away Win,1655.45788574,1,16.0,0.3382,0.9578,0.92828,1.088,54.632400000000004,12.702,4.084,33.8244,0.92828,0.073188,3.1444,0.92792,-0.029880000000000004,8.38,40.367999999999995,0.7498400000000001,0.93442,9.3596,4.5944,44.4722,8.765,13.943999999999999,0.9106000000000001,24.0594,4.5678,0.6764,16.7414,1.538,22.157999999999998,16.764599999999998,18.718200000000003,1742.277988279594,1715.48925781,1.464,1.6506,1.18344,1.72466,61.361999999999995,10.815000000000001,3.3986,33.172200000000004,1.18344,0.10414599999999999,4.8688,1.82572,0.17512,14.1186,38.3944,1.09088,1.02106,9.6172,1.1038,42.8174,8.1136,16.1956,1.9966000000000002,14.6096,6.9546,2.168,15.3418,1.3104,19.5328,22.4222,21.0914,1606.2427432858399,2,-60.03137207000009
2023-03-31_Mallorca_Osasuna,2023-03-31,21:00,La Liga,Matchweek 27,Fri,2023,0.0,0.0,Mallorca,Osasuna,Draw,1615.046875,1,21.0,1.3736,0.8595999999999999,1.09056,0.9399799999999999,42.0238,9.5958,2.7954000000000003,28.881520000000002,1.09056,0.11022200000000001,3.257,0.7601,-0.09949999999999999,15.0398,22.531999999999996,1.01122,0.7563799999999999,8.4642,3.2814,23.339,6.8271999999999995,14.439799999999998,1.1966,17.9256,3.6614,2.3912,13.227,1.5015999999999998,16.7704,15.2642,12.4084,1724.521018798104,1640.68566895,0.9976,1.022,0.64984,1.54672,47.407799999999995,9.9778,2.8452,27.21938,0.64984,0.073272,4.8792,1.48072,0.45872,19.5488,25.2848,0.61028,0.5288200000000001,8.186599999999999,3.6167999999999996,29.1396,6.6752,14.426,0.5956,19.733999999999998,2.8178,1.3776,13.345799999999999,2.1258,17.8084,14.0116,12.43,1640.1622307627958,1,-25.638793950000036
2023-04-01_Espanyol_Girona,2023-04-01,14:00,La Liga,Matchweek 27,Sat,2023,2.0,1.0,Girona,Espanyol,Home Win,1613.80541992,1,14.0,1.837,1.022,1.76026,1.42944,48.394600000000004,12.966199999999999,5.795,47.09608,1.76026,0.129352,3.5016,1.1578600000000001,0.13586,16.0494,31.598399999999998,1.59918,1.3094999999999999,11.9928,3.4055999999999997,39.432,9.0586,11.1908,0.9714,18.6544,3.5594,3.5138,19.0408,1.8454000000000002,23.918,23.0628,19.505000000000003,1685.365854224438,1607.37097168,1.1602000000000001,1.8664,1.0845,1.5328000000000002,43.7716,9.9254,2.9404000000000003,31.7046,1.0845,0.112756,5.3637999999999995,0.9849600000000001,-0.88144,15.2248,20.119,0.90056,0.61174,7.475,1.4552,26.0994,4.6616,13.7864,0.4984,15.951200000000002,3.8007999999999997,2.0,10.257200000000001,2.4574,16.8888,15.729800000000001,16.6396,1686.190548047916,0,6.434448240000165
2023-04-01_Cadiz_Sevilla,2023-04-01,18:30,La Liga,Matchweek 27,Sat,2023,0.0,2.0,Cadiz,Sevilla,Away Win,1618.29516602,1,18.0,1.6199999999999999,0.6486000000000001,1.32396,0.9981,45.855199999999996,10.2578,3.0000000000000004,33.81076,1.01062,0.104858,4.0166,1.08124,0.43264,18.9974,26.097,0.67472,0.67654,6.504,2.8528,28.0456,5.0808,16.663400000000003,0.822,19.6952,3.9052,2.598,12.2448,1.7069999999999999,17.5288,15.7674,8.606,1619.1840937257543,1701.57324219,0.5778,2.8594,0.8668199999999999,2.20868,50.2224,7.7454,2.0906,26.8205,0.69098,0.08254600000000001,6.0916,2.33378,-0.52562,18.2648,28.8448,0.55828,0.52546,5.457,0.6022,34.623400000000004,3.8418,16.0518,0.0,13.4266,2.1912000000000003,1.1556,11.318200000000001,0.9404,13.97,8.6428,12.0386,1671.459574217002,2,-83.27807617000008
2023-04-01_Barcelona_Elche,2023-04-01,21:00,La Liga,Matchweek 27,Sat,2023,0.0,4.0,Elche,Barcelona,Away Win,1543.34057617,1,21.0,1.378,1.4396,1.7904799999999998,1.53646,42.49979999999999,15.209,5.1816,33.21018,1.32984,0.08514,3.8126,1.7761399999999998,0.33653999999999995,12.5268,23.156799999999997,0.99156,0.8304400000000001,10.928,3.254,29.463000000000005,8.113600000000002,10.1454,1.2332,25.7464,7.2688,1.9604,17.504599999999996,3.4386,26.9226,22.2726,13.431600000000001,1683.6548250717779,1891.30151367,0.9581999999999999,0.3978,1.37818,0.94018,60.730599999999995,10.081800000000001,2.514,29.88902,1.37818,0.14888800000000002,2.5058000000000002,0.64916,0.42935999999999996,12.919,43.559799999999996,1.30214,1.13868,8.275,3.0336,53.3044,11.6006,18.2458,3.1524,22.0798,4.0552,1.7384,14.560799999999999,1.3738,18.7724,22.9618,22.1402,1685.031644678048,2,-347.9609375
2023-04-01_Athletic Club_Getafe,2023-04-01,16:15,La Liga,Matchweek 27,Sat,2023,0.0,0.0,Athletic Club,Getafe,Draw,1703.74645996,1,16.0,1.2308,1.4574,1.2637200000000002,1.03792,49.30500000000001,16.689600000000002,4.1868,25.008220000000005,1.2637200000000002,0.078264,2.8332,1.1120999999999999,0.09430000000000002,11.2372,34.31139999999999,0.9032399999999999,0.68896,11.845600000000001,2.9226,50.747,8.9184,10.6158,0.7604,31.7432,8.0176,2.0220000000000002,20.594,2.5904000000000003,29.332800000000002,26.905,22.3932,1747.830261545414,1639.66760254,1.0662,1.6242,1.3365200000000002,1.20014,39.9974,9.767800000000001,3.4674,32.73816,0.78756,0.08516800000000001,4.38,1.4933400000000001,-0.13086,18.809,18.5302,0.31822,0.47208,4.9624,2.642,24.6458,5.7082,12.2336,0.2442,18.3758,3.561,1.6904,10.9964,1.7194,17.6172,17.149,9.1638,1706.508251831996,1,64.07885742000008
2023-04-02_Real Sociedad_Villarreal,2023-04-02,18:30,La Liga,Matchweek 27,Sun,2023,2.0,0.0,Villarreal,Real Sociedad,Home Win,1730.26147461,1,18.0,0.844,0.8398,1.5053200000000002,0.9864599999999999,60.59739999999999,13.116000000000001,4.1268,31.171239999999997,1.249,0.100082,2.8774,0.81184,-0.027959999999999992,12.273800000000001,40.090599999999995,0.83246,1.03794,9.082799999999999,1.9644,49.1734,10.3214,15.761,2.0794,16.1766,4.3646,1.4682,18.3914,1.4618,23.6464,25.825,25.9986,1714.079490452708,1742.12866211,1.1580000000000001,0.8595999999999999,0.8804000000000001,1.0647199999999999,54.156,9.8936,3.5944,35.32012,0.8804000000000001,0.084882,3.9010000000000002,0.9096599999999999,0.26986,12.845,28.8298,0.76724,0.90816,7.043800000000001,1.706,39.0,6.856400000000001,14.731200000000001,1.137,14.326200000000002,4.015000000000001,1.7602,13.475999999999999,1.8017999999999998,17.448,17.5858,14.1678,1688.6941575208002,0,-11.8671875
2023-04-02_Real Madrid_Valladolid,2023-04-02,16:15,La Liga,Matchweek 27,Sun,2023,6.0,0.0,Real Madrid,Valladolid,Home Win,1937.62109375,1,16.0,2.0996,0.46399999999999997,2.1954599999999997,0.57734,67.4396,20.662000000000003,7.7912,37.532419999999995,1.87898,0.09007,1.433,0.43254000000000004,-0.03145999999999999,8.0498,62.59819999999999,1.5559,1.64138,16.581400000000002,1.5976000000000001,61.270199999999996,10.4894,13.422799999999999,2.0414000000000003,19.425,7.104799999999999,4.0014,30.4206,1.2152,39.5374,35.8258,30.366999999999997,1640.9333796137041,1596.64489746,0.62,1.7798,0.56124,2.10102,48.279199999999996,8.2698,2.0132,26.73694,0.56124,0.070432,7.2928,2.04038,0.16168,12.834399999999999,24.504,0.45926,0.49792000000000003,5.7364,3.0677999999999996,36.185,7.0222,14.9836,1.7954,17.5826,3.6708000000000003,1.24,11.553799999999999,1.189,15.0016,14.205800000000002,14.4824,1668.195343992924,0,340.97619628999996
2023-04-02_Almeria_Celta Vigo,2023-04-02,14:00,La Liga,Matchweek 27,Sun,2023,2.0,2.0,Celta Vigo,Almeria,Draw,1684.16430664,1,14.0,1.7302,0.358,1.62076,0.6437600000000001,48.119,15.354800000000001,4.7534,30.911499999999997,1.62076,0.105158,1.9478,0.44504,0.08703999999999999,12.2424,28.174599999999998,1.10532,1.0579,11.8354,1.7468,37.6798,7.919200000000001,14.4408,1.8286000000000002,15.7486,5.6548,2.0858,18.935,2.5402,25.4974,21.929000000000002,19.5346,1666.8600544435183,1586.55029297,1.2,2.719,1.51928,2.15604,47.2072,14.8184,4.981,32.61614,1.39468,0.092082,7.1844,2.81114,0.28994,14.814799999999998,21.127,1.22464,0.84616,11.075800000000001,2.6096,29.9432,5.7248,13.185799999999999,1.3866,21.106799999999996,4.5764,2.2398,19.128999999999998,2.2554,26.5794,20.453999999999997,18.712600000000002,1649.746466406214,1,97.61401366999985
2023-04-03_Rayo Vallecano_Valencia,2023-04-03,21:00,La Liga,Matchweek 27,Mon,2023,1.0,1.0,Valencia,Rayo Vallecano,Draw,1639.87487793,1,21.0,1.0178,0.9117999999999999,1.2438,0.8371,53.316199999999995,11.6384,4.3628,37.09164,1.04844,0.088062,2.1071999999999997,0.5504,-0.36140000000000005,11.2984,28.513800000000003,0.7267,0.96054,7.6612,3.9274000000000004,37.290400000000005,9.667000000000002,16.4042,0.938,27.3112,9.0042,1.418,12.945800000000002,2.6418,20.494799999999998,21.863599999999998,21.808799999999998,1679.737711302608,1628.11804199,0.536,1.1502,1.18988,1.2773599999999998,53.517399999999995,12.789,2.8808000000000002,22.94818,0.9195,0.073418,3.5724,0.7391,-0.16690000000000002,13.9692,30.707800000000002,0.58544,0.7962,8.8796,3.0408,31.4364,5.4594,16.3874,0.442,20.3342,6.208600000000001,0.6764,15.210999999999999,1.8554,21.9712,16.5156,14.250599999999999,1658.8720962892141,1,11.756835939999974
2023-04-07_Celta Vigo_Sevilla,2023-04-07,21:00,La Liga,Matchweek 28,Fri,2023,2.0,2.0,Sevilla,Celta Vigo,Draw,1712.71374512,1,21.0,2.0178000000000003,0.9036,2.3635800000000002,0.613,67.316,20.631,6.2696,31.844099999999997,2.04006,0.11016000000000001,2.1942,0.78806,0.32404,9.818,48.3488,1.61418,1.6652600000000002,14.8246,3.2601999999999998,65.10919999999999,13.9988,11.8202,0.7516,30.7164,7.4172,3.4776,31.219,1.8486000000000002,38.3194,33.873400000000004,20.734800000000003,1611.6513537594499,1679.71960449,1.6423999999999999,1.1362,1.32772,1.4311,44.8138,9.7926,3.0724,31.545939999999998,1.13236,0.130082,4.151599999999999,1.4735200000000002,0.33731999999999995,16.129199999999997,23.4122,0.9381,0.83334,7.784800000000001,1.1758,26.262599999999996,5.0654,13.802,1.3936,12.8574,4.3592,2.8891999999999998,12.735399999999998,1.6154,17.751,16.0332,15.556799999999999,1690.2119337176819,1,32.994140630000174
2023-04-08_Real Madrid_Villarreal,2023-04-08,21:00,La Liga,Matchweek 28,Sat,2023,2.0,3.0,Real Madrid,Villarreal,Away Win,1940.36328125,1,21.0,3.3548,0.41759999999999997,2.8872999999999998,0.6573,66.5514,22.7936,10.154,43.04194,2.6025,0.111482,1.3456,0.38488,-0.03272000000000001,9.354199999999999,59.784800000000004,2.21848,1.89026,18.9094,1.3936,61.452600000000004,10.6404,12.5156,1.693,18.073,7.1502,6.2874,33.1974,2.1704,42.946600000000004,41.96,31.9514,1609.7661940175121,1739.77282715,1.9060000000000001,1.4854,1.4037199999999999,1.6132800000000003,58.1396,11.222,4.0914,37.739000000000004,1.4037199999999999,0.120266,4.005,1.7818800000000001,0.2964800000000001,17.4814,32.1292,1.24716,1.10548,9.3114,1.4818,34.8448,6.6932,16.5082,1.897,13.315999999999999,5.494,2.928,14.631,1.2794,19.5798,20.238799999999998,18.2964,1617.7631312002839,2,200.5904541
2023-04-08_Getafe_Real Sociedad,2023-04-08,18:30,La Liga,Matchweek 28,Sat,2023,2.0,0.0,Real Sociedad,Getafe,Home Win,1732.61730957,1,18.0,1.1668,0.536,1.56308,0.60588,59.8604,13.500599999999999,3.5824,27.882039999999996,1.43492,0.112,2.6398,0.5234800000000001,0.18528,9.6562,33.455200000000005,0.9922,0.8519,10.0068,1.4527999999999999,47.906200000000005,6.0992,18.1778,0.976,14.177399999999999,3.1146000000000003,1.9292000000000002,15.304399999999998,2.8618,23.901000000000003,21.4208,21.638399999999997,1624.2587204333358,1643.34997559,0.8154,1.1734,1.29732,1.12688,38.4886,9.647,3.0766,29.28266,0.8032400000000001,0.086094,3.9536000000000002,1.0856399999999997,-0.08776,20.9934,19.2098,0.37524,0.5969800000000001,5.5546,3.0662000000000003,24.8256,5.6373999999999995,11.4894,0.2198,16.8736,3.3608000000000002,1.233,10.4084,2.4802,17.5116,15.7252,8.470600000000001,1704.642257958972,0,89.2673339800001
2023-04-08_Athletic Club_Espanyol,2023-04-08,16:15,La Liga,Matchweek 28,Sat,2023,1.0,2.0,Espanyol,Athletic Club,Away Win,1601.35327148,1,16.0,1.4176,1.7238000000000002,1.4557799999999999,1.12588,43.678799999999995,9.526,3.6111999999999997,37.7622,1.4557799999999999,0.169148,3.6618,1.36646,-0.15954,12.015600000000003,21.9566,1.17978,0.80396,7.7736,1.3936,24.7152,3.6679999999999997,15.295399999999999,1.0,16.8678,3.6014,2.2152000000000003,10.4744,2.7732,16.8994,15.261,11.9556,1699.572430762154,1700.06408691,1.0886,0.7802,1.40998,1.1447,48.342999999999996,11.5212,2.81,22.0685,1.21462,0.102802,4.065799999999999,1.1502599999999998,0.37006,15.389199999999999,33.7962,1.0986,0.9567000000000001,9.319199999999999,2.4295999999999998,39.557,7.8107999999999995,11.416799999999999,0.8642000000000001,18.9388,6.144,1.933,15.5344,2.1234,20.5088,19.9312,16.8112,1631.6068863524779,2,-98.71081542999991
2023-04-08_Elche_Osasuna,2023-04-08,14:00,La Liga,Matchweek 28,Sat,2023,2.0,1.0,Osasuna,Elche,Home Win,1641.97436523,1,14.0,0.1602,1.3062,0.9110400000000001,1.30338,55.82299999999999,11.7108,3.7314000000000003,32.44206,0.9110400000000001,0.077754,3.8624,1.15486,-0.15134000000000003,7.4652,44.626999999999995,0.74486,1.06308,8.691,5.1676,48.099999999999994,8.788599999999999,13.838,1.308,28.005000000000003,5.3878,0.3204,16.523,0.9516,20.5886,18.5976,19.8556,1716.6467078834162,1538.63256836,0.38,1.9738,0.50824,2.32312,36.5476,8.6488,3.0304,36.75994,0.50824,0.056808000000000004,6.1122,2.1422,0.16839999999999997,15.1838,19.605400000000003,0.40062,0.34914,6.5162,0.558,25.3204,2.5502000000000002,13.3914,0.358,12.317,4.3796,0.76,8.3064,3.4747999999999997,14.659200000000002,12.9862,10.6222,1729.893102027308,0,103.34179687000005
2023-04-09_Mallorca_Valladolid,2023-04-09,14:00,La Liga,Matchweek 28,Sun,2023,3.0,3.0,Valladolid,Mallorca,Draw,1593.90270996,1,14.0,0.8617999999999999,1.1126,1.25594,1.42696,48.1654,14.2762,4.0112,28.37454,1.25594,0.08851,4.0132,1.29872,0.18612000000000004,18.64,24.1522,0.8405,0.55916,8.4562,2.0288,31.8876,5.645200000000001,14.4014,0.41759999999999997,20.2774,5.7974000000000006,1.4793999999999998,16.728,2.526,24.9124,19.5032,16.8024,1662.2161263669138,1613.75805664,0.2198,1.5956,0.41334,1.51298,46.4706,8.268,1.7998,20.038919999999997,0.41334,0.054342,3.7338,1.2702400000000003,-0.32536,14.7504,23.4418,0.3116,0.33336,6.0904,2.6222,30.1282,5.837400000000001,12.197599999999998,0.4222,18.4028,2.7678,0.4396,9.6336,1.916,14.4068,13.074800000000002,14.5514,1675.7335819576879,1,-19.85534667999991
2023-04-09_Almeria_Valencia,2023-04-09,18:30,La Liga,Matchweek 28,Sun,2023,2.0,1.0,Almeria,Valencia,Home Win,1590.99487305,1,18.0,1.2786,1.378,1.6176199999999998,1.6535399999999998,46.257000000000005,12.4826,4.4914,34.60982,1.4222599999999999,0.116438,4.22,1.4880999999999998,0.022180000000000012,14.8578,24.681,0.9884600000000001,0.87556,8.5884,2.1846,32.751999999999995,5.6678,14.201,1.5648,17.8304,4.1962,1.863,12.6344,2.9044,21.8114,17.358,15.6278,1724.621361111368,1637.57531738,0.0,1.6486,0.87184,1.9935200000000002,45.2846,8.7024,1.7694,20.72058,0.87184,0.097332,6.0766,1.88794,0.23934,11.864999999999998,24.9704,0.65772,0.58956,5.7438,2.4164000000000003,31.227800000000002,5.3634,12.4342,1.4896,19.9924,3.5902,0.0,12.9788,0.5162,14.994200000000001,15.0304,16.0976,1726.0232895747558,0,-46.580444329999864
2023-04-09_Betis_Cadiz,2023-04-09,16:15,La Liga,Matchweek 28,Sun,2023,0.0,2.0,Betis,Cadiz,Away Win,1745.17663574,1,16.0,1.334,1.2302,1.4813,1.21892,47.7986,10.4604,4.6202,41.0242,1.18066,0.107526,3.4852,1.08604,-0.14416,14.9476,28.208800000000004,0.9932399999999999,0.9615,8.333,1.3536000000000001,33.831,8.1076,16.113,2.9186000000000005,14.030199999999999,3.9171999999999993,1.7474,13.2754,1.3038,18.9096,20.275800000000004,19.528,1740.166773098612,1607.15478516,0.4222,1.512,0.9723799999999999,1.85994,36.126799999999996,9.8408,2.9018,30.30942,0.9723799999999999,0.09321600000000001,5.5552,1.45682,-0.05518000000000001,18.0882,17.666,0.7753599999999999,0.51832,7.4008,1.701,20.2624,4.4714,16.0626,0.9768,13.0358,2.3694,0.356,10.6282,1.7604,15.133600000000001,13.2752,9.8584,1730.835940697872,2,138.02185057999986
2023-04-10_Barcelona_Girona,2023-04-10,21:00,La Liga,Matchweek 28,Mon,2023,0.0,0.0,Barcelona,Girona,Draw,1896.00964355,1,21.0,1.798,0.2442,1.81426,0.73372,59.7988,14.083399999999997,5.2666,38.13178,1.6604,0.116572,2.4022,0.2824,0.2824,11.5516,50.111799999999995,1.41708,1.5561200000000002,11.3798,2.5318,57.739000000000004,12.679400000000001,15.869800000000001,1.9082,20.8534,6.1064,3.1540000000000004,19.086199999999998,1.2864,25.1514,26.5488,23.5604,1724.0259648465199,1619.82312012,1.5213999999999999,2.0596,0.9647000000000001,1.63526,49.5348,9.018600000000001,3.6448,39.670199999999994,0.9647000000000001,0.10949800000000001,4.6206000000000005,1.8156,-0.24400000000000002,17.8446,24.107599999999998,0.66282,0.63054,6.7744,1.3348,31.3294,3.9944,20.682199999999998,0.8196,16.222,3.8622000000000005,2.0074,11.735,1.5604,15.931000000000001,12.7766,15.971400000000003,1666.294937523654,1,276.18652342999985
2023-04-14_Osasuna_Rayo Vallecano,2023-04-14,21:00,La Liga,Matchweek 29,Fri,2023,2.0,1.0,Rayo Vallecano,Osasuna,Home Win,1627.26025391,1,21.0,1.1822,1.1059999999999999,1.2137599999999997,1.3980000000000001,51.837599999999995,15.907599999999999,4.439799999999999,28.47436,1.03792,0.062894,3.6064,0.95082,-0.15517999999999998,13.9056,38.969,1.07552,0.8539,12.4466,2.618,37.9102,6.6652000000000005,13.0382,1.3579999999999999,21.7366,5.7242,1.8838,20.3858,2.9018,28.828000000000003,18.8806,18.1126,1653.6821953845802,1647.97668457,0.7536,0.7756000000000001,0.63484,1.3411,48.7558,10.512400000000001,2.4722,21.73162,0.63484,0.06950200000000001,4.0586,1.18846,0.41286,17.6402,25.5122,0.52598,0.42941999999999997,8.0678,3.7992,31.467600000000004,5.9308,14.4068,0.536,19.528,2.9802000000000004,0.9514,13.1668,2.5016,18.9924,13.6778,10.877600000000001,1648.250191748656,0,-20.716430660000015
2023-04-15_Valladolid_Villarreal,2023-04-15,14:00,La Liga,Matchweek 29,Sat,2023,1.0,2.0,Villarreal,Valladolid,Away Win,1755.99084473,1,14.0,1.1038,0.7558,1.65366,1.04548,57.4306,13.016200000000001,3.4374000000000002,26.99716,1.4583,0.11460799999999999,3.1780000000000004,0.75064,-0.005159999999999998,12.1906,33.9,1.029,0.93764,9.374600000000001,1.1912,42.542,8.9358,16.3732,2.2156000000000002,13.9728,4.472200000000001,2.0098,17.299,1.4156,23.4612,23.7564,24.1892,1735.78389006233,1594.40393066,0.558,2.6344000000000003,0.62836,2.51398,45.5766,9.3636,2.156,26.07866,0.62836,0.070388,9.561399999999999,2.43054,-0.29286,13.372399999999999,22.879,0.47774,0.43486,6.439400000000001,2.3284,35.080200000000005,6.0432,15.2738,1.3274,16.6472,3.4036,1.116,13.2518,1.3142,17.2872,13.5966,14.489999999999998,1742.3966384514138,2,161.58691406999992
2023-04-15_Cadiz_Real Madrid,2023-04-15,21:00,La Liga,Matchweek 29,Sat,2023,0.0,2.0,Cadiz,Real Madrid,Away Win,1627.71704102,1,21.0,1.3138,0.9279999999999999,1.2295,1.08044,46.5142,10.343800000000002,3.0000000000000004,32.94388000000001,0.9474800000000001,0.099488,4.1152,1.19414,0.26614000000000004,17.1444,25.1108,0.63958,0.81542,6.8536,3.7002,27.4088,6.249599999999999,15.043600000000001,0.5956,23.7772,5.0356,2.0498000000000003,13.1088,1.7922,18.332,17.9886,8.7338,1651.047320142048,1933.89123535,0.9601999999999999,0.6664,1.1877600000000001,0.81134,56.407799999999995,13.143,3.6592000000000002,31.174100000000003,1.04536,0.084448,4.0384,0.72428,0.23587999999999998,18.9526,44.0078,0.84604,0.81282,9.912199999999999,1.3296,48.1564,7.7194,16.4812,1.022,14.532,4.349,1.2342,18.7144,1.65,23.895999999999997,24.8068,24.2988,1740.825460695346,2,-306.1741943300001
2023-04-15_Athletic Club_Real Sociedad,2023-04-15,16:15,La Liga,Matchweek 29,Sat,2023,2.0,0.0,Athletic Club,Real Sociedad,Home Win,1709.26696777,1,16.0,1.1076,1.3116,1.2129,1.07178,51.7396,16.476399999999998,4.068,24.55978,1.2129,0.076436,2.6498000000000004,0.98202,0.06602,11.790199999999999,36.566,0.86848,0.7389,11.6168,2.5860000000000003,52.493199999999995,9.415,9.7332,0.7844,35.0874,8.3718,1.8195999999999999,20.246000000000002,2.4872,28.911,27.547000000000004,24.7074,1733.9710669418,1740.78466797,0.7538,1.262,0.80584,1.4878200000000001,53.8286,11.081,2.9582,27.9726,0.80584,0.070858,4.1992,1.14172,0.07752000000000002,11.3512,30.1442,0.64516,0.97944,7.6278,1.8796,42.672,7.6476,14.6142,0.8792,16.091,4.013400000000001,1.1516,15.7144,2.1658,20.5776,21.2344,18.435000000000002,1705.8289651378782,0,-31.517700200000036
2023-04-15_Betis_Espanyol,2023-04-15,18:30,La Liga,Matchweek 29,Sat,2023,3.0,1.0,Betis,Espanyol,Home Win,1728.35864258,1,18.0,1.0564,1.3072,1.53966,1.53122,49.161,10.890999999999998,4.5022,39.45782,1.2691,0.11365800000000001,3.6807999999999996,1.30398,-0.0032200000000000145,15.962,27.587799999999998,1.1436799999999998,1.09628,8.632200000000001,1.5624,34.3688,7.7526,16.0018,2.9708,14.7482,4.6022,1.5726,13.091999999999999,1.6618,19.727800000000002,18.727,16.1008,1686.50545517936,1595.89477539,1.0,2.024,1.10488,1.6981199999999999,43.1936,8.7118,2.3138000000000005,27.650660000000002,1.10488,0.138784,5.5158,1.1274199999999999,-0.89658,14.869599999999998,20.595,0.96818,0.7515,6.8389999999999995,2.0422000000000002,25.0678,4.6394,13.387,2.1138,15.367399999999998,3.7647999999999997,2.0,9.931200000000002,1.635,14.9904,16.133,16.9404,1675.784030005632,0,132.46386718999997
2023-04-16_Elche_Girona,2023-04-16,14:00,La Liga,Matchweek 29,Sun,2023,2.0,0.0,Girona,Elche,Home Win,1629.24206543,1,14.0,1.8532,1.0198,1.65766,1.37208,52.062200000000004,12.104199999999999,4.938599999999999,42.721059999999994,1.48672,0.11620399999999999,3.1072,1.22858,0.20877999999999997,14.046600000000002,31.2178,1.33176,1.20082,10.883999999999999,2.5882000000000005,42.907599999999995,8.32,13.213799999999999,1.1184,18.312199999999997,3.7034000000000002,3.7064,18.803800000000003,1.4724000000000002,23.1164,25.309599999999996,22.0524,1661.3836722413357,1536.37463379,0.442,2.1206,0.54182,2.1531000000000002,35.207,7.7628,2.2506000000000004,30.5644,0.54182,0.06833600000000001,6.5334,2.13446,0.013860000000000011,19.2166,18.291400000000003,0.48822,0.38864,6.708600000000001,0.358,22.637,1.9184,14.1292,0.178,9.8224,3.5647999999999995,0.884,7.743,3.3272000000000004,14.016200000000001,11.433800000000002,10.5274,1725.727319188916,0,92.86743163999995
2023-04-16_Barcelona_Getafe,2023-04-16,16:15,La Liga,Matchweek 29,Sun,2023,0.0,0.0,Getafe,Barcelona,Draw,1638.92687988,1,16.0,1.5236,0.7778,1.39814,1.28178,40.6082,11.7054,3.9568000000000003,33.77836,1.0799,0.08791,4.1411999999999995,1.17444,0.57464,11.8492,24.276000000000003,0.94452,0.78254,8.611,2.0442,28.2782,6.3828000000000005,13.772200000000002,0.5778,20.977,4.2786,2.0074,12.012,3.5140000000000002,19.979599999999998,19.928800000000003,12.122,1678.483909423596,1890.33496094,1.6949999999999998,0.358,1.4968599999999999,0.8829,60.5576,10.8504,3.051,31.675420000000003,1.4968599999999999,0.147996,2.4552,0.65306,0.45526,15.325,36.0128,1.4428400000000001,1.37782,9.512599999999999,3.1744,47.1364,10.9962,17.7768,4.058,20.9388,4.0938,2.9856,16.258200000000002,1.7247999999999999,20.637,22.565400000000004,21.8024,1661.5287924321858,1,-251.4080810600001
2023-04-16_Sevilla_Valencia,2023-04-16,21:00,La Liga,Matchweek 29,Sun,2023,0.0,2.0,Valencia,Sevilla,Away Win,1632.04516602,1,21.0,1.1602000000000001,0.9206,1.6233999999999997,0.89104,52.355000000000004,13.0396,4.3706,35.05554,1.27662,0.095466,2.0964,0.57976,-0.34084000000000003,11.789200000000001,26.367400000000004,0.9526399999999999,1.35404,8.816,4.567200000000001,38.873400000000004,12.619,15.398800000000001,0.8,28.6922,9.404,1.5204,16.2698,2.6776,23.863799999999998,26.9056,19.0652,1678.928387278882,1711.7376709,0.8642000000000001,2.285,0.8901400000000002,1.9391800000000001,49.3796,8.2152,2.8142,32.36582,0.7319,0.08285,5.2056,1.9052600000000002,-0.37973999999999997,21.2246,26.830000000000002,0.6213,0.62618,5.9556,1.1304,32.0864,4.1018,15.4026,0.2442,13.451400000000001,2.8046,1.7284000000000002,12.219199999999999,1.5348000000000002,15.105799999999999,9.511,12.5348,1668.562828051974,2,-79.69250488000012
2023-04-17_Celta Vigo_Mallorca,2023-04-17,21:00,La Liga,Matchweek 29,Mon,2023,0.0,1.0,Celta Vigo,Mallorca,Away Win,1684.44006348,1,21.0,1.9014,0.6664,1.6442999999999999,0.80916,49.87220000000001,15.9194,4.3456,28.138979999999997,1.6442999999999999,0.10464399999999999,2.3414,0.58704,-0.07936000000000001,11.129800000000001,29.3012,1.10714,1.19214,11.9194,1.9722,40.6094,8.4274,14.341,2.4342,14.7438,4.1916,2.0772,19.8974,2.1978,26.115199999999998,26.243000000000002,20.2694,1631.370931469724,1617.00109863,0.9304,2.0244,0.73946,1.42398,45.479000000000006,9.7504,2.5524000000000004,22.635399999999997,0.5441,0.056908,4.2488,1.3697000000000001,-0.6547000000000001,13.7544,25.2394,0.3937,0.5109600000000001,7.0022,2.3158000000000003,29.3594,5.5094,12.1778,0.8684000000000001,18.395,2.8352,1.3724,10.6352,2.2686,16.652,14.4324,14.6846,1657.372126293744,2,67.43896485000005
2023-04-21_Cadiz_Espanyol,2023-04-21,21:00,La Liga,Matchweek 30,Fri,2023,0.0,0.0,Espanyol,Cadiz,Draw,1591.82263184,1,21.0,1.3758,2.0398,1.19834,1.44518,46.8066,9.6176,3.4499999999999997,35.8014,1.19834,0.134838,4.5724,1.76824,-0.09355999999999999,12.502200000000002,21.573,0.80342,0.5805400000000001,7.452,1.7426,27.8628,4.3338,17.3518,1.0,16.5048,4.1856,1.9494,10.2828,2.7958000000000003,16.953599999999998,14.991,11.1718,1690.025697972762,1624.55444336,0.8684000000000001,1.2166000000000001,1.5689000000000002,1.72186,41.8516,11.698599999999999,3.2,28.899420000000003,1.39796,0.120082,4.334600000000001,1.12488,-0.09172000000000008,16.1376,21.1066,1.19622,0.72068,8.67,2.5076,26.606,6.7104,15.479599999999998,1.3676,15.550600000000001,3.4534000000000002,1.053,13.14,2.3168,19.004,16.7432,12.2028,1737.324750829346,1,-32.731811520000065
2023-04-22_Rayo Vallecano_Real Sociedad,2023-04-22,18:30,La Liga,Matchweek 30,Sat,2023,2.0,1.0,Real Sociedad,Rayo Vallecano,Home Win,1741.42590332,1,18.0,1.1059999999999999,0.3382,1.63122,0.57526,60.30680000000001,13.1506,3.8684000000000003,31.53604,1.4602799999999998,0.120126,3.0641999999999996,0.5067200000000001,0.34652,10.9556,31.2998,1.01298,0.98322,9.5178,1.7957999999999998,46.627,6.2334000000000005,17.183200000000003,2.0994,14.147799999999998,2.959,1.7480000000000002,15.950800000000001,2.2872000000000003,23.411,20.1902,23.416800000000002,1614.119539770344,1645.34509277,0.5824,1.2794,1.10762,1.62478,49.7584,11.488999999999999,2.3602000000000003,21.62516,0.96522,0.089612,3.9036,1.1491600000000002,0.08956000000000003,18.656,25.432,0.70342,0.801,8.5474,2.6926,30.616200000000003,5.7136,16.4484,0.3978,20.4332,5.166799999999999,0.8088,13.724599999999999,2.4024,19.631999999999998,15.987199999999998,12.6718,1661.054338842716,0,96.08081055000002
2023-04-22_Girona_Valladolid,2023-04-22,18:30,La Liga,Matchweek 30,Sat,2023,1.0,0.0,Valladolid,Girona,Home Win,1618.8190918,1,18.0,1.5082,1.5897999999999999,1.33684,1.56524,52.0002,13.9926,4.7868,36.98758,1.33684,0.10031000000000001,4.212,1.42774,-0.16205999999999995,17.7758,25.102,0.9962,0.83068,9.2314,2.8026,32.230999999999995,7.7666,15.005600000000001,0.3758,19.361,4.884799999999999,2.7966,16.2108,2.6176,24.5092,18.9202,17.5664,1654.886026805566,1646.19372559,1.3692,1.7094,0.92824,1.4287200000000002,49.9788,8.1842,3.136,33.89904,0.92824,0.117758,3.5934000000000004,1.19378,-0.5156200000000001,21.5668,26.115800000000004,0.68538,0.63632,6.452800000000001,1.3014,29.263800000000003,3.895,19.104400000000002,1.326,15.211400000000001,3.6759999999999997,1.8066,11.029,1.3602,14.617,11.578,15.041599999999999,1706.720927098186,0,-27.37463378999996
2023-04-22_Almeria_Athletic Club,2023-04-22,16:15,La Liga,Matchweek 30,Sat,2023,1.0,2.0,Almeria,Athletic Club,Away Win,1609.12841797,1,16.0,1.2066,1.3402,1.3728799999999999,1.69026,43.3254,10.937000000000001,4.0098,35.61018,1.1970399999999999,0.11091000000000001,4.098,1.26394,-0.15537999999999996,20.808799999999998,22.96,0.81986,0.69826,7.7088,2.022,29.6588,5.412800000000001,13.636600000000001,1.4082,16.271,4.2208,1.9325999999999999,10.929400000000001,3.3466,19.988999999999997,15.336599999999999,14.432799999999999,1716.194002760054,1730.65612793,1.4682,0.8022,1.77298,1.14906,48.609,12.5784,4.2384,34.0983,1.59714,0.128826,3.7149999999999994,1.1640599999999999,0.36186,16.5594,34.016999999999996,1.52156,1.18966,11.029200000000001,2.675,40.855199999999996,8.0182,11.642800000000001,0.7778,18.300800000000002,6.518000000000001,2.7166,17.511400000000002,2.011,22.8208,22.4568,18.3838,1623.456573583582,2,-121.52770995999981
2023-04-22_Betis_Osasuna,2023-04-22,14:00,La Liga,Matchweek 30,Sat,2023,3.0,2.0,Osasuna,Betis,Home Win,1651.92224121,1,14.0,0.4884,1.4198,0.88228,1.27188,56.3408,13.749199999999998,4.2466,32.013580000000005,0.88228,0.066328,3.4320000000000004,1.04496,-0.37484000000000006,7.030200000000001,44.276399999999995,0.67388,0.96028,9.9988,5.295,51.3652,9.4982,11.635600000000002,1.2772,31.0118,6.614199999999999,0.9768,17.371000000000002,1.589,23.5278,22.8336,23.9656,1685.6879839336061,1744.35998535,1.5074,1.2156,1.8946399999999999,1.4196399999999998,51.8578,10.4028,3.7407999999999997,37.41566,1.31154,0.131762,4.7463999999999995,1.42824,0.21263999999999997,14.7378,33.826,0.89468,0.7423200000000001,7.1554,1.0442,37.9856,7.1596,16.4244,0.7979999999999999,12.829799999999999,2.233,2.2589999999999995,14.3702,1.3116,19.4852,18.712600000000002,18.0124,1630.150555321858,0,-92.43774413999995
2023-04-22_Celta Vigo_Real Madrid,2023-04-22,21:00,La Liga,Matchweek 30,Sat,2023,2.0,0.0,Real Madrid,Celta Vigo,Home Win,1955.31201172,1,21.0,3.2194,1.1084,2.8530599999999997,0.92902,61.768,22.1702,9.106200000000001,38.85292,2.59674,0.11721999999999999,3.1646,0.8103400000000001,-0.29806,10.151399999999999,50.1172,2.23112,1.798,18.2302,1.4984,56.823,11.108999999999998,13.4526,0.9028,16.444399999999998,7.035200000000001,5.5704,30.5358,2.686,42.2522,42.6182,31.688800000000004,1634.1089192373638,1683.7253418,1.9666,1.3668,1.26936,1.31356,48.818999999999996,9.568999999999999,3.3094,34.908840000000005,1.0935199999999998,0.12451399999999999,3.7922,1.4938400000000003,0.12704000000000001,17.669800000000002,31.653,0.88428,0.8532599999999999,7.8504000000000005,1.4024,30.8114,5.6472,13.1892,1.7426,14.015799999999999,3.7906,3.5772,13.8386,1.3096,17.7758,14.853,17.1222,1705.228746487278,0,271.5866699200001
2023-04-23_Sevilla_Villarreal,2023-04-23,21:00,La Liga,Matchweek 30,Sun,2023,2.0,1.0,Sevilla,Villarreal,Home Win,1762.79919434,1,21.0,2.1602,1.3016,1.97978,0.6838,57.3396,17.9702,5.1216,29.327640000000002,1.80394,0.10514199999999999,2.8074,0.9978800000000001,0.09189999999999998,12.5548,37.90460000000001,1.45392,1.49106,12.5328,3.2784,52.756,11.313,11.8822,0.6764,28.5028,7.4754000000000005,3.4739999999999998,27.0108,1.8638,32.6478,29.146800000000002,15.8006,1629.0761470936382,1753.6060791,2.3038,1.681,1.6152,1.73522,57.7134,13.8184,5.4916,40.665020000000005,1.6152,0.123006,3.4278,1.5695000000000001,0.13270000000000004,13.505799999999999,33.846,1.40104,1.18584,11.2662,1.3336000000000001,36.4574,7.832999999999999,15.3246,2.4398,14.493400000000001,6.2212,3.5678,17.2306,2.1282,24.6148,22.489,21.7176,1693.0804826160281,0,9.193115239999997
2023-04-23_Elche_Valencia,2023-04-23,14:00,La Liga,Matchweek 30,Sun,2023,0.0,2.0,Elche,Valencia,Away Win,1541.45324707,1,14.0,1.096,2.1282,1.63376,1.72576,41.9176,15.4768,4.575200000000001,28.695919999999997,1.2192,0.075858,4.0754,1.7616800000000001,-0.36651999999999985,10.8322,24.4506,0.93358,0.88066,11.756400000000001,3.2727999999999997,31.9354,9.0674,10.863399999999999,1.5981999999999998,26.848999999999997,8.2188,1.476,18.908,3.539,27.507599999999996,22.1898,14.809600000000001,1736.302374534132,1632.09985352,0.2442,1.6838,1.07326,1.6823000000000001,51.0816,9.9414,2.325,25.3145,1.07326,0.10725,5.4364,1.7026400000000002,0.018840000000000023,10.5574,29.3456,0.83172,0.72154,6.6903999999999995,3.0073999999999996,39.617000000000004,6.592199999999999,12.202399999999999,1.2964,26.330600000000004,4.0754,0.4884,15.355400000000001,0.8088,18.0018,18.334400000000002,21.104599999999998,1661.6734481197639,2,-90.64660644999981
2023-04-23_Getafe_Mallorca,2023-04-23,18:30,La Liga,Matchweek 30,Sun,2023,3.0,1.0,Mallorca,Getafe,Home Win,1639.74609375,1,18.0,1.092,0.7736,1.0314800000000002,0.8959600000000001,42.021,9.9244,2.3274,23.02792,1.0314800000000002,0.10131600000000002,2.987,0.81616,0.042560000000000014,16.1126,21.424999999999997,0.9112399999999999,0.72072,8.3176,2.5206,21.7188,6.156,15.317,1.5654,17.4886,3.2068,1.8636,13.2482,1.8397999999999999,17.613999999999997,16.5026,13.3326,1715.6911132087262,1654.7956543,0.7338,1.4002,1.0821999999999998,1.42604,39.6488,9.138,3.3129999999999997,36.45552000000001,0.63756,0.068066,4.4466,1.58426,0.18406,18.7292,19.233,0.3433,0.54404,5.255,3.3038,24.8312,5.573600000000001,11.5964,0.442,17.895,3.2246,1.1096,10.3674,2.088,16.9602,15.164,8.8118,1685.9276398188877,0,-15.049560550000024
2023-04-25_Cadiz_Osasuna,2023-04-25,19:30,La Liga,Matchweek 31,Tue,2023,0.0,1.0,Cadiz,Osasuna,Away Win,1634.65551758,1,19.0,0.894,1.3235999999999999,1.00352,1.76938,43.2324,10.798,3.0000000000000004,31.42772,0.8650599999999999,0.088328,6.1014,1.8128600000000001,0.48926,15.075999999999999,25.7204,0.58238,0.7218,7.7452000000000005,4.0186,28.1004,6.468999999999999,13.473799999999999,1.2686000000000002,21.402,4.1554,1.4122,15.5402,1.613,19.6644,16.2806,11.590800000000002,1723.001527587956,1651.92224121,0.7782,1.0422,0.5881000000000001,1.22486,48.559999999999995,10.116999999999999,2.7692,26.9669,0.5881000000000001,0.06622600000000001,3.8084000000000002,0.9509400000000001,0.15294000000000008,15.234,27.6384,0.49012,0.55858,7.816799999999999,2.6542000000000003,32.5656,5.7494,16.164,0.3382,18.7428,2.9822,1.2004,12.906,2.8398,18.837400000000002,15.852,10.6014,1646.3688526384979,2,-17.266723630000115
2023-04-25_Betis_Real Sociedad,2023-04-25,22:00,La Liga,Matchweek 31,Tue,2023,0.0,0.0,Betis,Real Sociedad,Draw,1744.35998535,1,22.0,1.2508,0.844,1.38388,1.29954,49.01240000000001,11.4462,5.1404000000000005,42.34142,1.2557200000000002,0.10908599999999999,3.4244,1.0862,0.2422,19.317,27.0404,1.1861,1.02576,9.5016,1.462,34.8202,7.5889999999999995,15.857399999999998,2.8296,13.075599999999998,4.3978,2.3038,14.515600000000001,2.084,20.8878,18.4894,17.6996,1670.321842043408,1741.42590332,0.6784,1.6242,1.0094599999999998,1.3469799999999998,54.78699999999999,11.994,3.2066,27.28928,1.0094599999999998,0.083424,3.991,1.21966,-0.22654000000000002,10.1626,30.9712,0.8204199999999999,1.10242,8.486,2.18,41.6928,9.3806,15.573599999999999,0.7912,17.0352,3.6677999999999997,1.0364,16.6082,2.1934,22.262,23.1532,18.6684,1671.5385260982962,1,2.9340820299998995
2023-04-25_Girona_Real Madrid,2023-04-25,19:30,La Liga,Matchweek 31,Tue,2023,4.0,2.0,Girona,Real Madrid,Home Win,1646.19372559,1,19.0,2.1562,0.7736,1.6507200000000002,1.24716,52.909600000000005,13.158999999999999,5.133,41.82656,1.49686,0.11025599999999999,3.5848000000000004,1.3278,0.5542,14.9744,29.6192,1.2353,1.0974599999999999,10.8398,2.7294,43.758799999999994,8.632200000000001,12.904200000000001,0.9623999999999999,18.237000000000002,3.4890000000000003,4.3124,19.4444,1.9136000000000002,24.746800000000004,24.523,21.203,1598.8036550292782,1955.31201172,1.0642,0.5998,1.76504,0.74256,60.55059999999999,18.9336,5.4026,29.95616,1.6368800000000001,0.08456,3.9346,0.6042,0.16460000000000002,15.9504,48.5438,1.3642400000000001,1.3299400000000001,14.849200000000002,1.1966,55.1196,10.3778,14.6354,1.5082,15.7322,5.8234,1.5108000000000001,26.5456,2.1734,34.8836,34.4264,32.6482,1716.3553642843622,0,-309.1182861300001
2023-04-26_Barcelona_Rayo Vallecano,2023-04-26,22:00,La Liga,Matchweek 31,Wed,2023,2.0,1.0,Rayo Vallecano,Barcelona,Home Win,1641.09301758,1,22.0,1.264,1.2396,1.15352,1.23168,50.821200000000005,15.084200000000001,3.1424,21.16328,0.99528,0.06604600000000001,3.5016,0.86806,-0.37154,12.2288,37.9282,1.0090999999999999,0.90176,11.8576,2.7003999999999997,37.5198,7.2314,14.876000000000001,0.9338,20.4746,5.2076,2.0396,19.558799999999998,2.7116000000000002,28.145000000000003,20.5786,18.9226,1657.13852792843,1901.70837402,1.2372,0.178,1.4395200000000001,0.83018,61.29,11.553799999999999,3.046,30.061600000000006,1.4395200000000001,0.139872,2.3096,0.58772,0.40972,14.736799999999999,33.748000000000005,1.2976400000000001,1.36122,9.8056,4.322,44.515,9.831199999999999,17.1666,3.7522,22.442,4.0402000000000005,2.2546,16.965,1.7082000000000002,21.3176,19.6576,19.9358,1641.357233861568,0,-260.61535644000014
2023-04-26_Celta Vigo_Elche,2023-04-26,22:00,La Liga,Matchweek 31,Wed,2023,1.0,0.0,Celta Vigo,Elche,Home Win,1681.35534668,1,22.0,1.5670000000000002,0.844,1.57426,0.91476,55.4018,15.96,4.211,26.62812,1.57426,0.099736,2.5955999999999997,0.57718,-0.26682,12.049199999999999,34.5204,1.08526,1.40598,12.2042,3.096,48.2958,10.9268,14.907,2.4350000000000005,20.863,5.1934000000000005,1.7251999999999998,21.9822,1.6896,27.101399999999998,29.814600000000002,24.6824,1616.1065944332202,1530.82458496,0.3978,1.9644,0.6009,1.79384,41.256,9.2958,3.1022,34.49984,0.6009,0.066062,5.703399999999999,1.9356600000000002,-0.028739999999999932,18.506800000000002,19.715600000000002,0.5426599999999999,0.47746,8.2912,0.6664,27.733800000000002,2.0266,13.616,0.1602,13.9356,3.8966,0.7956,10.7432,3.0502,17.0332,12.9114,12.905000000000001,1703.8273009767859,0,150.53076171999987
2023-04-26_Almeria_Getafe,2023-04-26,19:30,La Liga,Matchweek 31,Wed,2023,1.0,2.0,Getafe,Almeria,Away Win,1644.95178223,1,19.0,1.3712,0.5558000000000001,1.3371400000000002,1.27478,39.4704,10.8906,3.661,32.87534,1.05074,0.09777,4.1712,1.0693000000000001,0.6737000000000001,14.0944,21.994999999999997,0.89448,0.70544,8.294,1.7956,24.987399999999997,6.0002,13.895000000000001,0.3758,17.3722,3.2298,1.8066,11.410799999999998,3.0742,18.593200000000003,19.380000000000003,11.333,1718.9565077644338,1602.44836426,1.2376,2.712,0.99886,2.30488,43.66,10.1532,3.2077999999999998,32.63574,0.99886,0.092828,6.983600000000001,2.75152,0.19971999999999995,15.644,17.924999999999997,0.74918,0.48402,7.0042,3.1803999999999997,24.1848,4.0744,14.383000000000001,1.6862,17.956599999999998,3.8668,1.767,11.005600000000001,1.4698,16.7906,14.369799999999998,13.673200000000001,1650.758951903164,2,42.50341796999987
2023-04-27_Valencia_Valladolid,2023-04-27,19:30,La Liga,Matchweek 31,Thu,2023,2.0,1.0,Valencia,Valladolid,Home Win,1642.72851562,1,19.0,0.7558,1.0286,1.2848000000000002,0.6977599999999999,53.5526,12.8476,3.8010000000000006,31.36786,0.9727000000000001,0.075942,2.1868000000000003,0.86042,-0.16818000000000002,11.6542,27.808,0.8253,1.24658,9.5672,4.8548,40.1872,12.413200000000002,17.1566,0.5758,30.133000000000003,9.0636,0.9358,16.6876,3.1424,24.5106,26.0506,18.9056,1697.3822659910159,1625.80200195,0.8464,2.6152,1.00184,2.5779799999999997,41.8558,10.8368,3.3614,31.55618,1.00184,0.08556,9.738000000000001,2.3163600000000004,-0.37894,13.6674,21.558600000000002,0.8174399999999999,0.4758,7.9608,1.6188,33.0956,6.2829999999999995,13.4488,1.1946,14.729,3.7074,1.6928,14.9804,1.2828,19.889200000000002,15.2022,14.6412,1739.151121337934,0,16.926513670000077
2023-04-27_Espanyol_Villarreal,2023-04-27,19:30,La Liga,Matchweek 31,Thu,2023,4.0,2.0,Villarreal,Espanyol,Home Win,1747.45800781,1,19.0,1.2376,1.0244,1.86134,1.33398,59.841,15.3566,4.3704,28.45746,1.6855,0.11503000000000001,4.1370000000000005,1.2339600000000002,0.20955999999999997,10.3178,38.305,1.26472,1.10922,11.6792,1.5604,50.0574,10.7516,16.7362,2.5824000000000003,15.096400000000001,5.2576,2.2972,19.9112,1.7624,27.4666,28.7528,28.2094,1716.340177414698,1600.91552734,1.0,2.1216,1.0743800000000001,1.7139,44.251,10.149799999999999,2.6266000000000003,25.19742,1.0743800000000001,0.119372,5.908399999999999,1.28238,-0.83922,14.282599999999999,21.4006,0.92694,0.8440400000000001,8.2202,2.6706,26.4704,5.4521999999999995,12.1834,2.0026,19.5702,6.2744,2.0,11.791599999999999,3.0366,18.253999999999998,19.2266,16.613599999999998,1698.077554907818,0,146.5424804700001
2023-04-27_Athletic Club_Sevilla,2023-04-27,22:00,La Liga,Matchweek 31,Thu,2023,0.0,1.0,Athletic Club,Sevilla,Away Win,1737.33618164,1,22.0,1.4852,0.892,1.1283400000000001,1.14786,51.666,15.4078,4.4496,29.097319999999996,1.1283400000000001,0.07335000000000001,2.7848,1.03704,0.50104,11.4552,33.8232,0.8328,0.6329199999999999,11.122599999999998,1.9948,49.457600000000006,8.308399999999999,10.9368,0.41759999999999997,29.3738,7.0254,2.3702,19.2446,1.6176,26.5338,25.1062,22.8834,1705.4362798822099,1768.94726562,1.2662,1.6238000000000001,0.88436,1.45358,49.16199999999999,8.4262,3.1212000000000004,36.53794,0.74196,0.083448,4.4082,1.2976799999999997,-0.32611999999999997,21.2026,26.223200000000002,0.54474,0.6468200000000001,5.8042,1.0173999999999999,32.6748,4.1358,15.106200000000001,0.7081999999999999,13.583000000000002,2.58,2.2882000000000002,12.318,1.7256,15.992799999999999,10.092600000000001,13.002200000000002,1628.14684995248,2,-31.611083980000103
2023-04-28_Osasuna_Real Sociedad,2023-04-28,21:00,La Liga,Matchweek 32,Fri,2023,0.0,2.0,Osasuna,Real Sociedad,Away Win,1660.78222656,1,21.0,1.1722000000000001,1.6219999999999999,1.03058,1.40236,52.4878,12.797799999999999,4.4662,36.89782,1.03058,0.087672,3.833,1.04162,-0.58038,10.546,38.1318,0.73534,0.90982,8.489799999999999,4.332800000000001,46.577200000000005,8.0274,12.204600000000001,1.3936,28.600999999999996,6.452800000000001,2.3444000000000003,15.724799999999998,1.7302,21.677799999999998,24.003999999999998,22.8926,1710.945864744326,1745.67785645,0.178,1.1734,0.9264399999999999,1.2834,51.4894,11.650400000000001,3.0418000000000003,26.63794,0.9264399999999999,0.080758,2.971,0.86256,-0.15064,11.4674,26.7784,0.78514,0.96566,8.193200000000001,2.0178000000000003,37.4834,8.3216,16.281200000000002,0.712,16.1432,3.8451999999999997,0.356,14.4054,2.5624,20.5264,21.7168,16.3476,1696.0516585197781,2,-84.89562989000001
2023-04-29_Barcelona_Betis,2023-04-29,21:00,La Liga,Matchweek 32,Sat,2023,4.0,0.0,Barcelona,Betis,Home Win,1901.70837402,1,21.0,1.1382,0.1978,1.7146200000000003,0.8864400000000001,58.4766,15.1928,4.3736,29.273780000000002,1.5900200000000002,0.11512800000000001,2.1448,0.32333999999999996,0.32333999999999996,11.7972,43.6856,1.46162,1.45078,12.2346,3.9984,58.817400000000006,13.725200000000001,17.7894,2.5682,23.464,6.643599999999999,1.9184,20.5494,1.8526,27.8516,29.823600000000003,22.1278,1686.719723976802,1735.5,1.7008,1.8266,1.9483799999999998,1.6007,53.0162,12.7602,4.6876,39.46052,1.53898,0.131468,5.3486,1.68612,-0.14048,13.555,34.408,1.2215,1.05554,9.581800000000001,1.7724,40.6728,10.174,16.7382,0.7182,18.1072,5.04,2.6214,17.751800000000003,1.6246,23.543599999999998,24.2136,17.5226,1636.4189207998697,0,166.20837402000006
2023-04-29_Almeria_Real Madrid,2023-04-29,18:30,La Liga,Matchweek 32,Sat,2023,4.0,2.0,Real Madrid,Almeria,Home Win,1957.68212891,1,18.0,2.809,0.9976,2.34284,0.96938,61.3258,20.6436,7.8302000000000005,35.5423,2.34284,0.11305599999999999,3.3366000000000002,0.9490999999999999,-0.048500000000000015,11.5898,51.105000000000004,2.00262,1.77052,16.985999999999997,1.1602000000000001,56.3518,11.0098,13.2074,0.8684000000000001,16.544,7.42,4.9806,27.851399999999998,3.35,38.5312,41.102399999999996,30.6428,1657.5748241702202,1602.44836426,1.6021999999999998,2.3966000000000003,1.1899,2.30646,45.1266,12.7356,4.8522,35.897,1.1899,0.090102,6.896999999999999,2.5221999999999998,0.12559999999999996,18.8866,18.3324,0.9307800000000002,0.54004,8.869,2.6740000000000004,25.6548,4.8996,14.4564,1.3734,14.4332,3.936,2.567,14.9238,1.2786,21.5628,15.088799999999999,15.415199999999999,1650.243130664468,0,355.23376465
2023-04-29_Elche_Rayo Vallecano,2023-04-29,16:15,La Liga,Matchweek 32,Sat,2023,4.0,0.0,Elche,Rayo Vallecano,Home Win,1530.82458496,1,16.0,0.5538,2.2596,1.18432,1.59548,49.5608,13.3314,3.6408,24.804319999999997,1.04192,0.07727200000000001,4.111999999999999,1.5789399999999998,-0.43645999999999996,11.5374,29.322000000000003,0.85696,0.8826,10.703999999999999,3.5338000000000003,38.868,8.384,10.5212,1.4384000000000001,31.613,9.218,0.7516,16.2312,4.0176,23.894,20.3732,16.5706,1706.7719289301122,1641.09301758,0.6242,1.6398,0.9747600000000001,1.49346,49.0702,10.463200000000002,2.18,22.510540000000002,0.8466,0.084768,3.3248000000000006,1.021,-0.17679999999999998,18.6674,23.611400000000003,0.64866,0.78972,8.0484,2.9116000000000004,27.224,5.8306,17.6246,0.6022,18.036,4.8058,0.6838,12.9636,1.8738,18.291800000000002,15.965,13.3372,1663.8270521479042,0,-110.26843261999988
2023-04-30_Espanyol_Getafe,2023-04-30,18:30,La Liga,Matchweek 32,Sun,2023,1.0,0.0,Espanyol,Getafe,Home Win,1596.35351562,1,18.0,1.0939999999999999,1.6916000000000002,1.19408,1.51278,49.8888,10.7768,3.7492,34.53684,1.19408,0.119818,4.171,1.50164,-0.029760000000000023,12.075399999999998,25.8994,0.76098,0.67574,8.0952,2.8452,31.7722,5.089,18.4936,0.7558,19.1082,4.6556,1.6102,11.775599999999999,2.4720000000000004,18.6676,16.8012,11.3104,1678.149288548678,1633.86682129,0.7604,1.8486000000000002,0.82532,1.5488000000000002,42.6584,7.802999999999999,3.2258,40.94182000000001,0.54052,0.061374,4.402,1.70564,-0.14296000000000003,15.604600000000001,22.2842,0.30454,0.53404,4.885199999999999,2.9292000000000002,26.3014,5.0278,13.490400000000001,0.642,18.0702,3.3904,1.3428,9.398,2.1232,14.854399999999998,15.324,9.407399999999999,1685.6197752929259,0,-37.51330566999991
2023-04-30_Celta Vigo_Villarreal,2023-04-30,16:15,La Liga,Matchweek 32,Sun,2023,3.0,1.0,Villarreal,Celta Vigo,Home Win,1752.02001953,1,16.0,2.0906,1.2662,2.4201,1.1752600000000002,61.699200000000005,19.5608,6.5754,32.75534,2.0665,0.11352599999999999,4.1234,1.28946,0.02325999999999999,9.597399999999999,38.851800000000004,1.5301200000000001,1.40018,14.3418,1.6044,50.084999999999994,11.9418,13.9882,3.3568,13.2892,6.0646,3.5326000000000004,26.013599999999997,1.1536,34.6786,35.9806,33.1378,1661.869240256214,1684.54821777,1.1932,1.286,1.0882200000000002,1.05826,45.7516,10.244800000000001,2.6018,25.87932,0.92998,0.101316,3.6246,1.22934,-0.05665999999999999,16.8142,34.8284,0.73166,0.93678,8.498,2.0947999999999998,34.0382,6.8478,12.970199999999998,2.1126,14.935599999999999,3.4232,2.066,13.8992,1.767,18.431,14.5794,16.722,1757.95204250726,0,67.47180175999983
2023-04-30_Cadiz_Valencia,2023-04-30,14:00,La Liga,Matchweek 32,Sun,2023,2.0,1.0,Cadiz,Valencia,Home Win,1626.19689941,1,14.0,0.5162,1.4354,1.14408,1.8078,46.3832,12.8718,3.2442,29.56392,1.01948,0.087936,6.323799999999999,1.8613199999999999,0.42591999999999997,14.668,30.1438,0.7406600000000001,0.84612,9.6802,5.0818,32.0858,7.9314,14.691399999999998,0.9976,26.3778,5.705,0.6942,18.1284,3.5052,24.2936,20.792,14.662400000000002,1721.596631420548,1648.5982666,0.7081999999999999,1.3712,1.06594,1.3289199999999999,47.455,9.0146,2.2484,30.226219999999998,1.06594,0.128062,3.9834000000000005,1.2728000000000002,-0.09840000000000002,13.7438,28.034399999999998,0.85298,0.69056,5.9888,2.8066000000000004,35.9252,6.1888000000000005,13.403200000000002,1.1226,24.821199999999997,4.5564,0.9279999999999999,13.310400000000001,0.6838,15.992199999999999,18.001,19.284999999999997,1640.5207385253123,0,-22.401367189999974
2023-05-01_Girona_Sevilla,2023-05-01,21:00,La Liga,Matchweek 32,Mon,2023,0.0,2.0,Sevilla,Girona,Away Win,1778.19396973,1,21.0,2.0,1.4156,1.5401200000000002,1.09496,49.349000000000004,17.1518,4.4326,26.88496,1.3818800000000002,0.085208,3.6034,1.2111,0.15152000000000004,13.652800000000001,28.8162,1.0757,1.0803,11.7582,3.4506,44.202600000000004,10.2722,12.859,1.5414,27.663800000000002,7.2278,3.3824,23.313399999999998,2.1216,29.475,26.4128,14.611,1671.8652597149398,1658.95861816,1.2322,1.4942,1.05074,1.4535000000000002,51.901599999999995,9.2866,4.1432,40.655139999999996,1.05074,0.12119,4.2666,1.5594999999999999,0.06529999999999991,20.610599999999998,26.892400000000002,0.83218,0.81244,7.5284,1.4154,31.3698,4.8264000000000005,18.3612,1.1934,18.0762,4.1526,1.6258,13.411999999999999,1.4242,16.897,14.394599999999999,17.1026,1699.9917047852239,2,119.23535156999992
2023-05-01_Athletic Club_Mallorca,2023-05-01,19:00,La Liga,Matchweek 32,Mon,2023,1.0,1.0,Mallorca,Athletic Club,Draw,1645.73730469,1,19.0,1.5712000000000002,0.9404,1.26576,0.58566,45.8908,10.3086,2.9272,29.329900000000002,1.26576,0.12892800000000001,2.7882000000000002,0.59034,-0.35006000000000004,13.0504,21.6708,1.02544,0.7563,8.6624,2.3684000000000003,22.311799999999998,5.596,16.262,1.4088,18.1604,3.2302,2.654,12.9556,2.2442,18.305799999999998,18.5708,12.9992,1667.959312158892,1728.08947754,1.5213999999999999,0.822,1.7945200000000001,0.9988,47.871399999999994,13.153000000000002,4.114599999999999,31.97836,1.6362800000000002,0.125062,3.1668,0.93582,0.11382,17.0036,34.7598,1.5826799999999999,1.2339600000000002,11.658800000000001,2.7516,40.7932,8.693,10.413599999999999,1.5326,18.0704,6.6986,2.8449999999999998,19.0136,2.154,24.392,24.453000000000003,22.0526,1615.9554393548262,1,-82.35217284999999
2023-05-02_Almeria_Elche,2023-05-02,19:30,La Liga,Matchweek 33,Tue,2023,2.0,1.0,Almeria,Elche,Home Win,1611.83654785,1,19.0,1.0418,1.262,1.0993,1.5758800000000002,44.437,10.322400000000002,3.288,32.5542,0.94106,0.09428399999999999,3.4114,0.97916,-0.35403999999999997,20.837600000000002,23.863999999999997,0.71136,0.66076,6.6728,2.7524,31.2694,5.915800000000001,15.038,0.9790000000000001,17.8764,3.3778,2.0836,11.769,2.6351999999999998,18.6924,15.026200000000001,14.6452,1715.7247067144958,1546.87805176,0.358,1.4354,0.72292,1.34074,45.547,10.2874,3.0362,33.0757,0.72292,0.07234,5.4564,1.34302,-0.09238000000000002,20.830399999999997,20.9534,0.6605,0.50856,8.5506,1.5766,27.305,2.7566,14.5634,0.0,16.372799999999998,4.3954,0.716,11.690199999999999,2.8009999999999997,18.0954,14.2858,14.5682,1665.482511987402,0,64.95849608999993
2023-05-02_Barcelona_Osasuna,2023-05-02,19:30,La Liga,Matchweek 33,Tue,2023,1.0,0.0,Barcelona,Osasuna,Home Win,1895.02197266,1,19.0,1.7128,0.178,1.9585400000000002,0.70246,59.76180000000001,15.0292,4.8246,32.50936,1.8464,0.13227,1.5978,0.3066,0.3066,8.078000000000001,48.456599999999995,1.68084,1.7055,12.0668,3.7544,60.9566,15.0296,14.8476,4.9976,23.505399999999998,7.7,2.7592,20.9386,2.0114,27.577800000000003,29.376399999999997,21.65,1708.6502205823522,1658.82287598,0.9446,0.938,0.67256,1.21354,47.382999999999996,8.4076,2.8924,36.70938,0.67256,0.09390800000000002,3.8276000000000003,0.8469800000000001,0.12878,18.008399999999998,26.798199999999998,0.4667,0.47948,6.8142,2.3004000000000002,32.065,5.1419999999999995,15.7034,0.1602,16.293999999999997,2.5955999999999997,1.5688,10.5852,2.5116000000000005,15.7908,15.2786,10.2088,1647.37694126196,0,236.19909668000014
2023-05-02_Real Madrid_Real Sociedad,2023-05-02,22:00,La Liga,Matchweek 33,Tue,2023,2.0,0.0,Real Sociedad,Real Madrid,Home Win,1758.75622559,1,22.0,1.4838,0.4044,1.4415799999999999,0.5389,60.99680000000001,11.381800000000002,3.149,28.025019999999998,1.28772,0.116114,2.9578,0.42396,0.17976000000000003,9.1626,31.1134,0.87518,1.00374,8.300799999999999,2.2046,44.61,6.986800000000001,17.709,1.4569999999999999,15.341999999999999,3.3956000000000004,2.0616,14.4022,1.6258,19.818399999999997,20.114800000000002,23.739800000000002,1622.9827321030998,1939.63110352,1.4462,1.3724,1.7830199999999998,1.2010999999999998,61.3078,18.6966,5.594999999999999,31.0381,1.7830199999999998,0.09331400000000001,4.6178,0.92004,-0.45236,15.155,57.315799999999996,1.4888,1.6733000000000002,14.820599999999999,1.0886,59.0266,11.461200000000002,11.3324,1.2132,14.9174,5.4646,2.3366,26.2034,1.4793999999999998,33.8312,36.4588,31.351200000000002,1712.986069851772,0,-180.8748779299999
2023-05-03_Valencia_Villarreal,2023-05-03,19:30,La Liga,Matchweek 33,Wed,2023,1.0,1.0,Valencia,Villarreal,Draw,1641.69274902,1,19.0,1.0244,0.8815999999999999,1.14534,0.63148,53.0972,13.607199999999999,3.7326000000000006,29.54542,0.86448,0.067578,2.024,0.80116,-0.08043999999999998,10.612,28.6158,0.75066,1.14422,10.7874,4.5809999999999995,39.1802,11.0066,17.729400000000002,0.5182,31.1964,8.6128,1.5306,17.9516,3.0839999999999996,25.215600000000002,26.422,21.4574,1677.7777239494822,1758.60058594,2.1734,1.5688,1.7890200000000003,1.3489600000000002,56.700199999999995,14.569199999999999,5.875,41.71545999999999,1.7890200000000003,0.12903,3.0526,1.29864,-0.050359999999999974,16.1294,30.822,1.3865,1.2705,11.828,1.6444,34.5492,8.8264,14.5712,3.6167999999999996,14.2116,4.889799999999999,3.1668000000000003,17.996,2.5038,25.8744,23.705000000000002,21.601799999999997,1732.4586052732961,1,-116.90783691999991
2023-05-03_Celta Vigo_Getafe,2023-05-03,22:00,La Liga,Matchweek 33,Wed,2023,1.0,0.0,Getafe,Celta Vigo,Home Win,1626.60351562,1,22.0,1.334,0.8444,1.3922400000000001,1.29408,40.556,13.1992,5.06,36.45824,1.24984,0.10031799999999999,5.8634,1.4830800000000002,0.63868,12.6758,29.209400000000002,1.06478,1.02676,10.506400000000001,2.9370000000000003,32.3586,8.8746,11.775400000000001,1.315,19.888399999999997,3.1626000000000003,2.1142,16.830199999999998,3.411,23.517599999999998,22.2604,11.355599999999999,1700.07857527,1677.9675293,1.1738,1.7458,0.9973,1.33666,46.5084,10.043800000000001,2.9858000000000002,28.807119999999998,0.8549,0.0943,3.5622000000000003,1.4306,-0.3151999999999999,15.344000000000001,34.056799999999996,0.67966,0.90428,7.5832,1.9411999999999998,35.932,6.6306,13.2732,1.8572,19.3494,4.2694,2.3476,13.2442,1.402,18.023000000000003,17.1428,14.8078,1752.8636390642441,0,-51.36401367999997
2023-05-04_Espanyol_Sevilla,2023-05-04,19:30,La Liga,Matchweek 33,Thu,2023,3.0,2.0,Sevilla,Espanyol,Home Win,1778.19396973,1,19.0,1.5116,1.7624,1.62052,1.13758,50.57019999999999,18.8902,4.4894,24.694000000000003,1.47812,0.08092,3.9756000000000005,1.2609,-0.1811,11.289599999999998,32.3884,1.20022,1.1410999999999998,12.659199999999998,3.8498,46.4594,10.444999999999999,12.2406,1.3432,30.6836,6.8166,2.4674,25.0472,3.3746,33.090399999999995,29.389999999999997,14.6176,1674.032556125672,1603.61682129,1.2442,2.8862,0.9992599999999999,2.1865,40.831,10.967600000000001,2.9082,25.7253,0.9992599999999999,0.10722200000000001,7.7712,1.9367400000000001,-0.94946,11.8798,20.151400000000002,0.84656,0.74196,8.3984,2.2152000000000003,24.3494,4.5862,12.565,1.8022,18.2368,5.4146,2.2442,12.601199999999999,2.833,19.4058,17.5508,15.2314,1730.490115551094,0,174.57714843999997
2023-05-04_Rayo Vallecano_Valladolid,2023-05-04,22:00,La Liga,Matchweek 33,Thu,2023,2.0,1.0,Rayo Vallecano,Valladolid,Home Win,1634.81445312,1,22.0,1.4818,1.2156,1.02164,1.25614,47.1436,13.178,3.5724,31.32656,0.87924,0.068884,4.084,1.03542,-0.18018,13.327,33.706999999999994,0.8083999999999999,0.75506,9.974,2.1978,34.693000000000005,7.108200000000001,15.953599999999998,1.9172000000000002,18.352600000000002,4.41,2.0356,16.628200000000003,2.4962,23.5464,19.099600000000002,15.5674,1705.374868919468,1612.17224121,0.8617999999999999,2.5536,0.97728,2.1938400000000002,42.4818,9.4998,3.0812,31.2845,0.97728,0.092774,8.7872,1.92954,-0.6240600000000001,17.7842,19.3282,0.7668999999999999,0.41056000000000004,6.4114,0.9802,26.395000000000003,5.0896,13.659600000000001,0.4984,10.883999999999999,2.96,1.2351999999999999,12.4522,0.822,16.6052,11.8752,11.9026,1713.508348436228,0,22.642211910000015
2023-05-04_Girona_Mallorca,2023-05-04,19:30,La Liga,Matchweek 33,Thu,2023,2.0,1.0,Girona,Mallorca,Home Win,1658.95861816,1,19.0,2.7732,1.1846,1.7156799999999999,1.41778,47.346000000000004,12.134,4.687200000000001,41.27718,1.57722,0.125884,3.3822,1.41712,0.23252,15.7098,27.2708,1.3018,0.90912,9.9908,2.224,37.53340000000001,7.115600000000001,11.6368,0.5778,16.3156,2.7192,5.3022,18.0466,1.5897999999999999,22.4538,20.6868,21.7474,1676.876567236256,1645.73730469,1.2176,1.8244000000000002,0.94336,1.4392200000000002,38.2172,9.088,2.7358,29.0795,0.7851199999999999,0.096158,5.0586,1.2557999999999998,-0.5686,17.503800000000002,20.8098,0.67772,0.6152000000000001,6.840599999999999,1.7008,24.3002,3.8907999999999996,11.5944,0.7934,20.567,4.801,2.0396,9.4938,2.6572,16.1066,13.8872,12.0012,1650.692882396614,0,13.221313470000041
2023-05-04_Athletic Club_Betis,2023-05-04,22:00,La Liga,Matchweek 33,Thu,2023,0.0,1.0,Athletic Club,Betis,Away Win,1728.08947754,1,22.0,0.76,0.9028,0.8436400000000001,1.04658,53.629599999999996,12.880799999999999,2.707,18.56046,0.8436400000000001,0.064806,2.3180000000000005,0.97568,0.39328,11.5654,34.217400000000005,0.6064999999999999,0.65404,9.600999999999999,1.7069999999999999,51.1858,8.3658,10.9992,0.8642000000000001,29.345000000000002,8.2762,0.9798,16.834,1.5558,22.3406,22.409200000000002,24.9368,1734.39407519409,1727.56652832,1.0982,2.3324,1.44194,1.84158,48.852,10.731000000000002,3.4538,33.212680000000006,1.07348,0.102692,4.9812,1.6266000000000003,-0.4616,13.755399999999998,30.5808,0.84544,0.787,8.158800000000001,1.8394,36.619600000000005,8.3476,16.2202,0.358,16.308200000000003,4.2478,1.6384,14.7468,1.318,19.5828,19.497400000000003,16.2494,1704.732596214386,2,0.5229492199998731
2023-05-12_Cadiz_Mallorca,2023-05-12,21:00,La Liga,Matchweek 34,Fri,2023,1.0,0.0,Mallorca,Cadiz,Home Win,1640.5793457,1,21.0,1.0816,0.8022,1.04176,0.7692,42.139,9.600999999999999,2.402,26.26752,1.04176,0.118386,3.3978,0.7089799999999999,-0.09322,17.2408,21.0596,0.80546,0.6541600000000001,7.675200000000001,1.799,22.9574,5.2038,15.1914,1.512,17.456,3.5514,1.7235999999999998,11.0622,2.464,16.7658,17.3928,12.022400000000001,1671.561010449482,1628.54650879,0.8178,1.399,1.2266599999999999,1.87514,40.3762,8.4166,2.3096,32.89794,1.0882,0.10764800000000001,4.8187999999999995,1.2724,-0.1266,18.5634,20.5776,0.92122,0.56086,6.3069999999999995,1.6703999999999999,27.3488,5.1094,13.9308,1.1076,12.7132,2.9104,1.0818,9.663200000000002,1.6924000000000001,13.687,12.7228,12.852400000000001,1654.182831934022,0,12.032836910000015
2023-05-13_Girona_Real Sociedad,2023-05-13,14:00,La Liga,Matchweek 34,Sat,2023,2.0,2.0,Real Sociedad,Girona,Draw,1774.32678223,1,14.0,1.6796,0.2198,1.55948,0.47851999999999995,60.052800000000005,11.1434,3.3781999999999996,31.26262,1.42102,0.135154,3.062,0.49482,0.27502,7.6486,30.1696,0.9764999999999999,0.9201,8.4148,1.94,42.6602,6.843999999999999,16.4614,1.167,14.952,3.1118,1.8112000000000001,13.185,1.6632,18.3152,21.456799999999998,22.809399999999997,1695.7502973390879,1682.58374023,1.1648,1.0564,0.9824,1.6146600000000002,49.979,9.4022,3.8848,37.512820000000005,0.9824,0.107976,4.6284,1.39266,0.33626,20.8962,25.1586,0.83338,0.7812,7.863999999999999,1.3738,29.900599999999997,4.6996,17.6484,1.3182,16.0036,3.5490000000000004,1.9074,13.791799999999999,1.4818,17.3842,14.067,17.7136,1716.239944556024,1,91.74304199999983
2023-05-13_Getafe_Real Madrid,2023-05-13,21:00,La Liga,Matchweek 34,Sat,2023,1.0,0.0,Real Madrid,Getafe,Home Win,1924.06054688,1,21.0,3.3606,1.242,2.56152,1.14662,62.8588,19.4022,7.747,38.58844,2.36616,0.1254,3.5912,1.15838,-0.08362000000000004,10.698200000000002,51.162800000000004,2.11764,2.06534,15.910400000000001,1.0,57.0612,12.7624,14.151599999999998,1.37,15.8364,7.378,6.1476,26.345,3.0707999999999998,36.5124,43.787,30.9226,1650.9930761730382,1634.14111328,0.5402,1.6196,0.7783599999999999,1.7637,43.9464,7.5784,2.959,38.42414,0.5220400000000001,0.062236,5.1944,1.7006599999999998,0.08106000000000002,15.532200000000001,22.9328,0.31408,0.56946,4.8966,3.1803999999999997,26.7598,5.369199999999999,14.2624,0.5778,19.6284,3.063,0.9202,9.2698,1.9107999999999998,13.992,15.2916,8.2574,1657.124171483476,0,289.91943360000005
2023-05-13_Athletic Club_Villarreal,2023-05-13,18:30,La Liga,Matchweek 34,Sat,2023,5.0,1.0,Villarreal,Athletic Club,Home Win,1757.37512207,1,18.0,2.3258,1.2396,2.54788,1.19096,58.7548,17.9722,5.9296,32.076879999999996,2.03428,0.129384,4.4994000000000005,1.15724,-0.08235999999999999,12.4356,34.627,1.6236199999999998,1.2925000000000002,13.707600000000001,1.3998,46.2692,10.7708,14.5216,4.0538,11.4066,5.5698,3.9678,24.8124,1.1382,32.622400000000006,32.364200000000004,29.584799999999998,1671.5963228244418,1717.77392578,1.6134,0.8398,1.9148,0.9456600000000001,53.977399999999996,14.347,4.6356,33.30648,1.5770400000000002,0.112786,2.6176,0.69038,-0.14942,16.0708,42.598200000000006,1.4943799999999996,1.2638,12.069600000000001,4.3858,47.2072,10.3772,12.7582,1.2351999999999999,23.1356,7.0169999999999995,2.8046,20.7982,2.2828,26.7714,25.517,25.743000000000002,1624.107710718166,0,39.60119629000019
2023-05-13_Almeria_Osasuna,2023-05-13,16:15,La Liga,Matchweek 34,Sat,2023,3.0,1.0,Osasuna,Almeria,Home Win,1656.76599121,1,16.0,1.055,1.6598,1.1973,1.41656,52.9152,13.1062,3.6870000000000003,29.840280000000003,1.1973,0.098558,4.2940000000000005,1.1519,-0.26370000000000005,8.926599999999999,36.0082,0.91158,0.8355600000000001,8.829,4.3994,46.095,8.657,12.6726,1.4984,30.3822,6.0632,2.11,15.7962,1.413,22.3306,25.501,21.037799999999997,1686.8557636716541,1616.5057373,1.642,2.2686,1.12886,2.32698,41.5072,11.353200000000001,4.523,36.834199999999996,1.12886,0.10185999999999999,7.0074,2.30046,0.031859999999999944,18.4422,18.3994,0.90008,0.65374,7.817400000000001,2.3182,26.278200000000002,5.154,15.920200000000001,1.5802,10.618,2.5332,2.7104,14.643799999999999,0.7182,19.6214,13.282599999999999,13.5322,1732.118265626416,0,40.260253910000074
2023-05-14_Barcelona_Espanyol,2023-05-14,21:00,La Liga,Matchweek 34,Sun,2023,2.0,4.0,Espanyol,Barcelona,Away Win,1601.29101562,1,21.0,0.9404,1.0898,1.48772,1.2817,52.230199999999996,12.164399999999999,4.2186,33.12804,1.29236,0.114952,3.6654,1.25604,0.16624,13.4332,25.1536,0.89142,0.6826,8.574200000000001,2.7608,32.160000000000004,5.324400000000001,19.177,0.536,19.8626,5.0784,1.2608,14.0402,2.0364,21.4314,17.9746,11.6236,1653.514067479008,1897.74609375,1.2134,0.6486000000000001,1.2702200000000001,0.75948,63.1796,11.975200000000001,3.3856,29.6478,1.2702200000000001,0.10749,3.2554,0.86756,0.21896000000000004,14.374400000000001,35.9362,1.09368,1.2274200000000002,9.6692,3.7456,47.9916,9.347999999999999,14.243,2.7117999999999998,23.884,5.5456,1.9848000000000001,17.1452,1.8816,22.095200000000002,18.9476,20.819200000000002,1626.0111396723757,2,-296.45507812999995
2023-05-14_Celta Vigo_Valencia,2023-05-14,14:00,La Liga,Matchweek 34,Sun,2023,1.0,2.0,Celta Vigo,Valencia,Away Win,1671.09729004,1,14.0,1.6544,0.6154,1.60446,0.9621200000000001,55.0504,16.008,5.555,35.53108,1.60446,0.099202,2.2918000000000003,0.44852000000000003,-0.16688,13.753800000000002,32.4268,1.1688,1.5207199999999998,12.716199999999999,3.7632,48.455200000000005,11.9436,14.328000000000001,2.1472,23.107400000000002,6.1068,2.041,22.649,1.7206,27.811999999999998,31.9636,23.393600000000003,1596.1818027097559,1643.58544922,0.8815999999999999,1.5782,1.1326,1.37602,49.818599999999996,10.8666,2.3236,26.38824,1.1326,0.116048,3.4524000000000004,1.2733999999999999,-0.3048,13.137400000000001,29.7842,0.80884,0.74034,7.5992,3.3583999999999996,41.0484,7.535,13.851400000000002,0.5778,29.1784,4.845,1.0794,14.1558,1.5922,19.1114,22.9172,22.307199999999998,1639.22542895379,2,27.51184081999986
2023-05-14_Sevilla_Valladolid,2023-05-14,18:30,La Liga,Matchweek 34,Sun,2023,0.0,3.0,Valladolid,Sevilla,Away Win,1607.27978516,1,18.0,1.8,2.5086000000000004,1.33878,1.71928,50.288399999999996,14.743599999999999,5.0616,36.343419999999995,1.14342,0.081592,5.115,1.8880399999999997,-0.37636000000000003,14.328,29.3714,0.86592,0.76208,10.8804,3.4142,38.2918,7.4948,11.937600000000002,0.38,21.45,5.2924,3.422,18.508,2.6246,26.3956,22.067999999999998,18.2574,1639.029280296642,1766.19128418,1.2396,1.3172000000000001,0.968,1.194,49.422,7.3065999999999995,2.5206,28.75996,0.6689,0.08454400000000001,3.2464000000000004,1.09578,-0.22142,19.717000000000002,23.126,0.4814,0.62212,4.891,1.2598,31.6304,4.2222,13.3418,0.6374,15.2898,2.3778,2.0152,10.276399999999999,1.4088,13.3512,10.815999999999999,12.7018,1650.648734718182,2,-158.91149901999984
2023-05-15_Betis_Rayo Vallecano,2023-05-15,21:00,La Liga,Matchweek 34,Mon,2023,3.0,1.0,Betis,Rayo Vallecano,Home Win,1738.28015137,1,21.0,0.8373999999999999,0.6154,1.14366,1.2451400000000001,51.4972,10.825,3.5730000000000004,31.67872,1.14366,0.104294,3.382,0.97988,0.36447999999999997,16.0226,24.8944,1.061,1.0532000000000001,8.919,2.5368000000000004,34.9824,7.9744,17.7252,1.6374,15.6424,3.8695999999999997,1.4968,14.8644,1.7314,19.6458,16.7548,16.9972,1694.632149269024,1641.04125977,0.41759999999999997,2.3084,0.75542,1.82594,48.153800000000004,10.2402,2.0178000000000003,21.34324,0.75542,0.079406,4.7574,1.48726,-0.42333999999999994,16.5468,26.1714,0.5516800000000001,0.7718999999999999,7.6668,2.7762000000000002,28.0454,5.9916,16.5414,0.3978,18.9206,5.4136,0.6154,12.258,1.5979999999999999,16.732400000000002,16.4126,11.317599999999999,1637.234285766388,0,97.23889160000022
2023-05-19_Cadiz_Valladolid,2023-05-19,21:00,La Liga,Matchweek 35,Fri,2023,2.0,0.0,Cadiz,Valladolid,Home Win,1623.28662109,1,21.0,0.8088,1.536,1.35388,1.8579,45.2126,12.817200000000001,3.2198,27.1137,1.24174,0.111238,6.279599999999999,1.8949,0.3589,18.276,27.7646,0.9996400000000001,1.0357,9.112200000000001,4.241,29.956400000000002,7.0498,13.024799999999999,1.7304,24.5192,5.7788,1.4574,17.4038,3.2548000000000004,24.1294,20.6456,14.3288,1713.023346630658,1597.01672363,1.0198,2.354,0.95394,2.0567,43.0342,9.3938,3.3171999999999997,34.88998,0.95394,0.090054,8.7966,1.9665399999999997,-0.38746,17.7828,20.528,0.73018,0.45833999999999997,6.5584,0.9822,26.8994,4.8364,16.8008,0.1602,11.051400000000001,3.064,1.6,11.718200000000001,1.5724,16.7768,12.2316,12.832999999999998,1701.955754734638,0,26.26989746000004
2023-05-20_Almeria_Mallorca,2023-05-20,18:30,La Liga,Matchweek 35,Sat,2023,3.0,0.0,Almeria,Mallorca,Home Win,1609.7208252,1,18.0,1.2818,1.3800000000000001,1.26028,1.46062,47.1884,10.8668,3.3592,29.44934,1.11788,0.103298,3.1702000000000004,0.9156599999999999,-0.52842,20.700400000000002,25.952,0.8279000000000001,0.69352,6.9938,2.1888,31.2074,5.380000000000001,13.425,0.4044,17.7772,4.172599999999999,2.3194,11.5362,2.8158,19.1438,15.5002,14.2364,1648.0534263929721,1647.17370605,1.1958,1.842,1.08994,1.5086,35.0236,7.7256,2.1296,25.8134,0.75218,0.10131,5.5854,1.28026,-0.56174,19.916200000000003,18.9426,0.69878,0.66692,6.0356,1.5866,22.3958,3.8133999999999997,10.4698,0.9581999999999999,19.6896,4.9652,2.0356,8.2468,2.5913999999999997,14.4098,13.51,11.6686,1655.6272338123981,0,-37.45288084999993
2023-05-20_Barcelona_Real Sociedad,2023-05-20,21:00,La Liga,Matchweek 35,Sat,2023,1.0,2.0,Barcelona,Real Sociedad,Away Win,1902.23913574,1,21.0,1.6416,0.1602,2.1869199999999998,0.5856800000000001,64.7022,16.924,4.7422,29.096880000000002,2.1869199999999998,0.13781200000000002,1.7822,0.30594,0.30594,5.695599999999999,54.0812,2.0179,2.2354600000000002,13.857799999999997,4.699800000000001,68.6846,17.501199999999997,14.1742,5.0422,28.603599999999997,8.895199999999999,2.6834000000000002,24.784399999999998,2.2986,31.6038,37.8506,29.764400000000002,1704.99312712567,1770.5267334,0.6486000000000001,0.9117999999999999,1.0747200000000001,1.4248,49.366,11.829400000000001,4.0144,34.2745,1.0747200000000001,0.093334,2.4854000000000003,0.743,-0.1688,14.7396,23.949199999999998,0.91314,1.07118,8.9064,1.6718,34.9604,9.2544,15.5646,0.885,11.712399999999999,2.7956,0.8088,15.829799999999999,1.9736,20.9618,24.9518,16.3566,1695.6439089094602,2,131.71240233999993
2023-05-20_Elche_Getafe,2023-05-20,18:30,La Liga,Matchweek 35,Sat,2023,1.0,1.0,Getafe,Elche,Draw,1633.31152344,1,18.0,1.3006,0.76,1.65282,1.09374,38.41459999999999,12.8912,4.4216,32.68616,1.3293,0.10817,5.0888,1.2150400000000001,0.45504,12.9082,26.547,1.15716,1.04412,10.4118,3.4318,29.349,8.4432,11.7978,1.0394,17.6022,2.5138000000000003,1.8586,16.8918,3.3258,23.4222,20.6252,9.7666,1702.4551657498102,1556.7755127,0.4222,1.7802,0.76506,1.4920200000000001,47.834399999999995,10.5146,2.1116,25.733860000000004,0.76506,0.073548,5.455,1.39522,-0.38498,17.828599999999998,22.723399999999998,0.69888,0.59096,8.5072,2.0074,31.0048,4.002,12.953600000000002,0.0,20.587,6.1212,0.8444,11.921199999999999,3.4652000000000003,19.1302,16.711,15.732400000000002,1656.1942725088861,1,76.53601073999994
2023-05-20_Girona_Villarreal,2023-05-20,14:00,La Liga,Matchweek 35,Sat,2023,1.0,2.0,Girona,Villarreal,Away Win,1687.71826172,1,14.0,2.1192,1.022,1.5267,1.35836,50.2528,13.0532,4.530200000000001,37.53678,1.4021000000000001,0.107438,2.9556,1.2889000000000002,0.2669,15.5506,30.7624,1.07538,0.8673,10.780199999999999,2.79,40.854,8.525,13.2264,0.3758,17.749,4.5008,4.0186,18.2536,2.6518,23.9852,21.7622,23.637800000000002,1679.572568042718,1768.63037109,1.9118,1.0794,1.6080200000000002,1.18986,59.461,14.6448,5.6874,39.22244,1.6080200000000002,0.10915,2.2706,0.8139000000000001,-0.06770000000000001,16.3048,30.495800000000003,1.2301600000000001,1.17462,11.3452,1.3357999999999999,39.2228,10.0974,13.416599999999999,3.1109999999999998,14.334800000000001,5.2892,2.5616000000000003,17.2964,2.3534000000000006,25.8078,25.0648,22.795199999999998,1724.806599388862,2,-80.91210936999983
2023-05-20_Athletic Club_Celta Vigo,2023-05-20,16:15,La Liga,Matchweek 35,Sat,2023,2.0,1.0,Athletic Club,Celta Vigo,Home Win,1707.85314941,1,16.0,0.3956,0.6242,0.9192800000000001,1.07634,54.9992,14.2694,3.4688,21.149820000000002,0.9192800000000001,0.064884,1.9978,0.7451,0.12090000000000006,9.7996,33.454,0.7867799999999999,0.81516,10.717600000000001,1.7922,51.602399999999996,9.1176,10.6992,1.022,28.247799999999998,9.036999999999999,0.5934,16.918,2.0886,24.3274,21.947200000000002,25.143199999999997,1749.2389694811102,1660.18322754,1.0564,1.8154,0.81222,1.747,52.538999999999994,9.8836,2.9314,29.41796,0.68406,0.06868400000000001,3.4618,1.54524,-0.27016000000000007,12.114,36.4456,0.51634,0.815,7.3248,2.4796,41.4524,7.5326,15.1996,1.7713999999999999,20.6124,4.486800000000001,2.1128,13.740599999999999,0.9734,17.709,17.982400000000002,14.2708,1733.379258251806,0,47.66992187000005
2023-05-21_Espanyol_Rayo Vallecano,2023-05-21,14:00,La Liga,Matchweek 35,Sun,2023,1.0,2.0,Rayo Vallecano,Espanyol,Away Win,1635.41247559,1,14.0,1.822,1.3381999999999998,1.1027399999999998,1.08958,47.1966,13.1718,4.392,35.75144,0.97458,0.075322,4.2198,1.0218800000000001,-0.31632,12.0852,34.845200000000006,0.91524,0.87164,10.765,2.6664,36.6534,8.7508,15.914200000000001,1.4372,17.108,3.6922,2.8088,18.0862,2.1582,23.659000000000002,20.5546,15.510200000000001,1682.346435008024,1596.79797363,1.464,3.0418000000000003,0.9705,2.40092,37.8524,9.85,3.0616000000000003,31.2207,0.9705,0.11626600000000001,7.7384,2.3259,-0.7159000000000001,17.0758,18.9386,0.89074,0.74216,7.8702,2.9262,23.461,5.5602,15.3272,1.8659999999999999,15.7384,4.0078,2.2198,11.9086,2.8938,18.1444,14.9328,12.401200000000001,1759.5139372802,2,38.6145019600001
2023-05-21_Real Madrid_Valencia,2023-05-21,18:30,La Liga,Matchweek 35,Sun,2023,1.0,0.0,Valencia,Real Madrid,Home Win,1654.49951172,1,18.0,1.022,1.0376,1.25172,0.6383399999999999,50.36579999999999,13.046399999999998,3.1710000000000003,24.23648,0.99896,0.08879799999999999,2.3658,0.78102,-0.25658,8.7206,27.8864,0.9009400000000001,1.2362799999999998,10.2086,4.567,36.6402,10.1172,17.400599999999997,0.178,31.1856,8.207199999999998,1.8659999999999999,16.956200000000003,2.7314000000000003,23.705399999999997,25.767599999999998,19.5348,1683.041101441074,1925.82434082,1.0131999999999999,1.7235999999999998,1.6126,1.4728800000000002,59.012,17.6824,5.147,29.84364,1.6126,0.086216,4.556,1.1955,-0.5281,12.5648,51.5338,1.2978,1.5803800000000001,14.326600000000001,1.224,50.8632,10.2824,12.0434,1.0918,13.8374,5.662400000000001,1.6703999999999999,23.517400000000002,2.5524000000000004,32.0474,32.082,28.550199999999997,1730.872568998048,0,-271.3248291
2023-05-21_Betis_Sevilla,2023-05-21,21:00,La Liga,Matchweek 35,Sun,2023,0.0,0.0,Sevilla,Betis,Draw,1776.45446777,1,21.0,1.8046000000000002,1.642,1.8483,1.13822,51.2376,17.9806,4.1080000000000005,24.155319999999996,1.5492000000000001,0.08383,3.7338,1.08944,-0.16417999999999994,10.339400000000001,35.2692,1.2058200000000001,1.1814399999999998,12.8936,5.1742,43.8076,11.321600000000002,11.1514,1.2088,34.4788,6.8908,3.0090000000000003,25.0666,3.2372,32.4172,29.695800000000002,14.812,1658.559144871334,1743.90893555,0.8,1.8108,0.9996,1.9039599999999999,43.629000000000005,9.992600000000001,2.7316,29.16762,0.9996,0.10242200000000001,5.6598,1.6572000000000002,0.06619999999999998,19.096400000000003,23.499,0.73994,0.64292,7.566,1.367,30.3222,7.147399999999999,16.2862,0.4222,13.2582,3.8786,0.7536,12.309000000000001,1.242,17.217200000000002,17.128400000000003,14.049999999999999,1732.941663451492,1,32.54553222000004
2023-05-23_Barcelona_Valladolid,2023-05-23,22:00,La Liga,Matchweek 36,Tue,2023,3.0,1.0,Valladolid,Barcelona,Home Win,1589.84753418,1,22.0,1.3316,2.8462,1.4914399999999999,1.98482,52.2016,17.944000000000003,4.8112,31.3985,1.3156,0.07610600000000001,5.5360000000000005,2.21878,-0.4076199999999999,12.352999999999998,29.955800000000004,0.9670000000000001,0.7847,12.646,3.7611999999999997,37.1634,7.5893999999999995,12.9646,0.442,22.3824,5.4192,2.503,20.9436,3.7832000000000003,31.484599999999997,23.3706,19.929399999999998,1670.2634045406342,1889.53723145,2.0688,0.9279999999999999,1.6983199999999998,1.19868,63.3292,12.566,4.1238,33.70446,1.6983199999999998,0.13216,4.0626,1.1162200000000002,0.18822,13.692599999999999,37.8108,1.51502,1.4800200000000001,10.3906,2.3616,47.0304,7.483,14.3186,2.7406,16.672400000000003,4.7143999999999995,3.7398,18.8516,1.5492,22.974000000000004,20.397199999999998,19.3074,1624.221347777122,0,-299.6896972700001
2023-05-23_Almeria_Real Sociedad,2023-05-23,19:30,La Liga,Matchweek 36,Tue,2023,1.0,0.0,Real Sociedad,Almeria,Home Win,1784.38781738,1,19.0,2.0,0.6862,1.8898400000000002,0.6372,56.263600000000004,12.0176,3.8288,32.43184,1.5943,0.139408,3.9326,1.11026,0.42406,8.4604,25.759800000000002,1.25632,1.2311199999999998,9.7944,1.9018000000000002,38.7012,8.3248,14.717400000000001,2.0269999999999997,15.9128,4.0774,2.6068000000000002,15.5642,1.6528,21.181599999999996,23.4884,23.716800000000003,1703.0292476802,1622.45935059,1.5778,2.486,0.97946,2.1257,41.7562,10.2968,4.2264,37.86658,0.97946,0.09335,7.295,2.40694,-0.07906,16.7442,20.469,0.78798,0.65838,7.6914,1.998,26.883000000000003,4.994400000000001,15.1398,1.6221999999999999,11.8888,1.9472,2.6393999999999997,14.002600000000001,0.358,17.7614,12.4774,13.4464,1716.609818701902,0,161.9284667899999
2023-05-23_Celta Vigo_Girona,2023-05-23,19:30,La Liga,Matchweek 36,Tue,2023,1.0,1.0,Celta Vigo,Girona,Draw,1655.6862793,1,19.0,1.3006,1.0422,1.3554,1.08684,57.67519999999999,14.253599999999999,5.888,43.4294,1.3554,0.094398,2.851,0.7466999999999999,-0.2955,14.5996,33.693,0.99098,1.3421,10.890999999999998,3.3426,48.5858,10.6722,15.8486,1.7882,25.8034,5.9962,1.6044,18.9326,1.8486000000000002,24.811999999999998,28.304,23.053800000000003,1604.43887604952,1680.359375,1.2484,1.0066,1.0618400000000001,1.89626,48.1506,10.338799999999999,3.9522000000000004,33.82604,1.0618400000000001,0.10862,4.765600000000001,1.6055,0.5989,22.0044,24.609800000000003,0.9033,0.9496,8.510200000000001,1.7247999999999999,26.791600000000003,4.429600000000001,17.751199999999997,0.7538,15.082,3.7382,2.1168,13.379999999999999,2.7988,18.911,15.6138,18.674799999999998,1743.051649097708,1,-24.673095699999976
2023-05-24_Elche_Sevilla,2023-05-24,19:30,La Liga,Matchweek 36,Wed,2023,1.0,1.0,Elche,Sevilla,Draw,1561.5324707,1,19.0,1.2836,1.2678,1.5388,1.07458,52.082,15.5188,5.1108,29.38642,1.5388,0.094466,3.0599999999999996,0.6784600000000001,-0.39153999999999994,14.869,32.2808,1.1771600000000002,1.01508,12.279,3.327,44.513200000000005,8.5472,10.4648,0.5162,29.3196,7.1278,2.5672,20.935,3.3502,28.9402,22.596,19.967799999999997,1672.35113315453,1787.60522461,1.7040000000000002,0.3204,1.26542,1.1016,47.82639999999999,9.7178,3.3452,30.999760000000002,1.11156,0.0983,2.745,0.59924,0.27884,20.7542,18.897000000000002,0.7963,0.80084,6.222799999999999,1.6221999999999999,27.7954,5.1768,12.9634,0.5736,14.9168,2.44,2.9904,11.669599999999999,2.0004,17.0788,13.032200000000001,12.543199999999999,1645.942222414632,1,-226.07275391000007
2023-05-24_Cadiz_Villarreal,2023-05-24,19:30,La Liga,Matchweek 36,Wed,2023,2.0,0.0,Villarreal,Cadiz,Home Win,1777.14831543,1,19.0,3.17,1.2156,2.82936,1.68466,58.334599999999995,18.1628,7.4458,40.81864,2.36712,0.151868,4.5935999999999995,1.41008,0.19448000000000004,12.592600000000001,30.379800000000003,1.7766,1.3709,14.2132,1.2156,42.246,11.5702,14.902000000000001,5.0694,9.079600000000001,6.4336,4.747800000000001,26.184,0.736,33.1802,32.6036,26.5396,1669.298093576676,1631.61486816,0.736,1.5033999999999998,1.1883400000000002,1.8076599999999998,46.07560000000001,10.1282,2.5228,30.03304,1.0637400000000001,0.09322799999999999,4.637,1.36058,-0.14282,16.9976,23.9268,0.91788,0.6956800000000001,7.5412,3.4568000000000003,32.0742,6.3634,13.993599999999999,1.4852,17.8582,4.3286,0.9736,12.0268,2.0114,16.924799999999998,17.433999999999997,14.0204,1634.32544301693,0,145.5334472699999
2023-05-24_Betis_Getafe,2023-05-24,22:00,La Liga,Matchweek 36,Wed,2023,0.0,1.0,Betis,Getafe,Away Win,1744.48852539,1,22.0,1.4862000000000002,0.7979999999999999,1.32346,1.22176,52.9778,11.274999999999999,3.6155999999999997,30.1894,1.32346,0.119398,3.2996,1.19488,0.39688,16.4084,23.3514,1.2390599999999998,1.10996,8.9712,1.8506,33.2748,8.1212,17.108600000000003,1.8177999999999999,14.313199999999998,4.2268,2.3238,14.322000000000001,2.0024,20.201999999999998,18.4328,16.9976,1644.5621045675741,1629.71362305,0.1978,1.4134,0.48218,1.5619800000000001,38.590999999999994,6.9998,1.998,31.768860000000004,0.48218,0.062572,4.8308,1.5008,0.08739999999999998,13.337200000000001,21.906799999999997,0.41035999999999995,0.5381,5.3954,2.6740000000000004,24.2536,4.3114,13.447600000000001,0.3758,15.305399999999999,2.6242,0.3956,9.1546,1.4872,12.507000000000001,12.311399999999999,8.620000000000001,1726.4219296141741,2,114.77490233999993
2023-05-24_Rayo Vallecano_Real Madrid,2023-05-24,19:30,La Liga,Matchweek 36,Wed,2023,2.0,1.0,Real Madrid,Rayo Vallecano,Home Win,1917.70568848,1,19.0,2.8362000000000003,0.9736,2.2800200000000004,1.02986,64.6502,18.1968,6.6956,34.735600000000005,2.10418,0.113534,3.2878000000000003,0.9815999999999999,0.008000000000000021,10.139800000000001,54.3566,1.8605200000000002,1.8378800000000002,14.8984,1.0,56.9464,11.897800000000002,17.311,1.7214,14.1436,5.875,5.1562,23.747799999999998,3.0078,33.8866,37.447599999999994,26.490800000000004,1649.778358741156,1635.99194336,0.62,2.666,0.91082,1.8943,47.4296,11.5374,2.6486,24.00102,0.91082,0.08479,4.826,1.7216,-0.5864,14.2056,26.755200000000002,0.6386000000000001,0.76472,8.477,3.087,28.818,6.2808,15.0336,0.6022,18.696399999999997,5.2282,1.0422,13.2092,2.0266,18.713,16.3832,12.806799999999999,1665.1103510265161,0,281.7137451199999
2023-05-25_Mallorca_Valencia,2023-05-25,19:30,La Liga,Matchweek 36,Thu,2023,1.0,0.0,Mallorca,Valencia,Home Win,1635.59436035,1,19.0,1.2176,0.5778,1.1008399999999998,0.73348,40.3504,8.575800000000001,2.4618,29.71206,1.1008399999999998,0.139408,2.9256,0.57276,-0.005040000000000031,19.2148,19.7676,0.75608,0.6255000000000001,6.498400000000001,2.1192,21.087400000000002,5.2394,15.6604,1.2166000000000001,15.336,3.0638,1.7954,8.9816,2.4176,14.614799999999999,15.078999999999999,12.176,1679.363684132046,1655.07910156,1.2818,1.5204,1.16818,1.14984,46.85080000000001,10.836,3.168,32.821,1.16818,0.121208,3.9956000000000005,1.2361000000000002,-0.2843,15.165400000000002,26.2312,0.9244600000000001,0.90166,8.172,3.811,37.901799999999994,7.2374,14.154600000000002,0.8642000000000001,27.383799999999997,5.0488,1.7040000000000002,13.6078,1.6771999999999998,18.7122,20.1396,21.7764,1611.515578930094,0,-19.48474121000004
2023-05-25_Athletic Club_Osasuna,2023-05-25,21:30,La Liga,Matchweek 36,Thu,2023,2.0,0.0,Osasuna,Athletic Club,Home Win,1665.46496582,1,21.0,1.682,1.738,1.42618,1.23838,52.07039999999999,14.749,4.3065999999999995,29.14524,1.42618,0.10402799999999998,4.5972,1.23208,-0.28612000000000004,10.2988,37.296,1.14904,1.0662,10.8438,3.1944,48.094800000000006,9.0356,11.3402,1.1602000000000001,28.002200000000002,5.5684,3.1198,18.102600000000002,1.3716000000000002,25.216,28.3136,22.8872,1672.183075267842,1713.5090332,1.6962,1.9768000000000001,2.29286,1.4739200000000001,52.83579999999999,13.0472,4.4719999999999995,34.59032,1.7934999999999999,0.14857599999999999,4.7536000000000005,1.43276,-0.29984,12.5564,41.5596,1.51374,1.16856,10.941600000000001,3.859,48.117000000000004,9.407,13.3592,1.6,22.6784,6.2386,3.0124,18.6648,2.0662000000000003,24.6966,25.2652,24.9128,1652.835221899556,0,-48.04406737999989
2023-05-27_Real Madrid_Sevilla,2023-05-27,19:00,La Liga,Matchweek 37,Sat,2023,1.0,2.0,Sevilla,Real Madrid,Away Win,1780.3651123,1,19.0,1.3357999999999999,1.3336000000000001,1.49954,0.89018,51.2258,14.875399999999999,4.0972,29.2871,1.34568,0.08933200000000001,2.7836,0.74978,-0.36402,9.628800000000002,32.812000000000005,1.01664,1.05796,10.429800000000002,4.668399999999999,41.864000000000004,10.3802,11.624600000000001,1.0877999999999999,32.766,6.3134,2.1314,20.9438,2.725,26.7498,26.1984,15.8076,1687.7125167719978,1906.43554688,0.9117999999999999,1.7954,1.5768600000000002,1.4976800000000001,61.852199999999996,16.9252,5.1322,31.45962,1.5768600000000002,0.090036,4.9888,1.4334200000000001,-0.3619800000000001,11.6874,50.1256,1.24912,1.6932,13.504999999999999,1.3016,51.654799999999994,11.8632,12.5718,1.9152,15.6186,6.861199999999999,1.5032,21.022799999999997,2.9856,30.132199999999997,32.617,26.8526,1707.6599925325781,2,-126.07043457999998
2023-05-28_Betis_Girona,2023-05-28,19:00,La Liga,Matchweek 37,Sun,2023,1.0,2.0,Girona,Betis,Away Win,1681.82885742,1,19.0,2.1514,1.264,1.6093600000000001,1.4125400000000001,49.251400000000004,13.080400000000001,4.233,32.29752,1.49722,0.120786,3.3042,1.40768,0.14368000000000003,14.5628,27.3238,1.17876,1.01594,10.5464,2.8552,38.727399999999996,9.2494,12.9156,0.3382,19.3278,4.6392,4.105,17.4282,2.6308000000000002,23.663400000000003,24.693400000000004,26.448999999999998,1711.3688265870119,1734.7154541,0.5758,1.4854,0.7798599999999999,1.73702,44.2984,9.349,2.0258000000000003,19.04112,0.7798599999999999,0.072552,5.493799999999999,1.5726200000000004,0.28502,21.4058,20.9304,0.67592,0.67186,7.1091999999999995,1.4744,28.9688,6.8324,16.734199999999998,0.38,12.6112,3.6464000000000003,0.534,11.922,1.2178,16.1068,17.7362,15.366,1741.743326047924,2,-52.88659667999991
2023-05-28_Espanyol_Valencia,2023-05-28,19:00,La Liga,Matchweek 37,Sun,2023,2.0,2.0,Valencia,Espanyol,Draw,1667.85974121,1,19.0,1.0198,0.9338,1.12564,0.87312,43.9912,13.4182,3.886400000000001,28.9356,1.0135,0.084596,3.3502,1.2157,0.28190000000000004,11.5348,25.1994,0.86644,1.18824,10.52,4.166,36.6964,10.3496,14.241599999999998,0.1602,28.124599999999997,6.1446000000000005,1.6352,17.6694,2.2698,24.343600000000002,26.1232,19.813200000000002,1743.924164550564,1612.65258789,1.6618,2.5492,1.09114,2.4040600000000003,38.6762,9.864799999999999,3.7880000000000003,38.4249,1.09114,0.12885200000000002,7.176,2.22328,-0.32592,18.7666,19.3656,0.814,0.6402599999999999,8.0272,2.9778,25.8776,5.6926,14.0178,1.6794,17.073600000000003,4.0068,2.442,12.6384,2.1276,17.8854,16.0486,12.316799999999999,1702.041421680974,1,55.20715332000009
2023-05-28_Rayo Vallecano_Villarreal,2023-05-28,19:00,La Liga,Matchweek 37,Sun,2023,2.0,1.0,Rayo Vallecano,Villarreal,Home Win,1623.49780273,1,19.0,1.5956,1.4044,1.20692,1.1118,51.328599999999994,13.2548,4.497000000000001,36.07388,1.01156,0.078232,4.6862,1.1718,-0.23260000000000003,11.7882,35.7936,0.8184,0.8800800000000002,10.3562,2.844,40.5838,9.4526,14.1692,1.1492,21.192800000000002,3.8671999999999995,2.1954000000000002,18.1338,1.8981999999999999,23.461000000000002,23.774,19.3106,1671.690292551682,1781.60131836,1.9206,1.2156,1.60836,1.3062,56.464,13.1708,5.4744,42.41984,1.60836,0.12732800000000002,2.7760000000000002,1.0255,-0.012099999999999979,17.4278,29.5486,1.28272,1.15948,10.1012,1.1580000000000001,37.859,8.3458,14.395999999999999,2.3230000000000004,12.559399999999998,3.5626,2.7054,15.5688,1.9296,23.2522,20.853600000000004,20.9854,1732.25556374512,0,-158.10351562999995
2023-05-28_Almeria_Valladolid,2023-05-28,19:00,La Liga,Matchweek 37,Sun,2023,0.0,0.0,Almeria,Valladolid,Draw,1619.54882812,1,19.0,1.8862,0.9536,1.51614,1.2071,51.474199999999996,11.8452,3.7558000000000002,32.60874,1.38798,0.119506,2.7206,0.61338,-0.34021999999999997,20.7188,28.2754,0.9560600000000001,0.6930000000000001,7.2828,2.314,31.0306,4.897600000000001,14.070799999999998,0.46399999999999997,18.7528,4.4437999999999995,3.0641999999999996,12.6476,2.8783999999999996,20.7712,15.7268,15.610399999999998,1635.12648354447,1609.11999512,0.7736,2.4628,1.0006,2.09988,45.3288,9.1984,3.3295999999999997,36.648939999999996,1.0006,0.10458200000000001,7.4517999999999995,1.8999200000000003,-0.56288,15.0974,21.6848,0.8136399999999999,0.50576,6.790800000000001,0.5956,27.054,4.6644,17.021,0.0,13.6326,3.0576,1.1516,10.7136,2.1478,16.4872,14.206199999999999,11.6288,1703.64377963628,1,10.42883299999994
2023-05-28_Barcelona_Mallorca,2023-05-28,19:00,La Liga,Matchweek 37,Sun,2023,3.0,0.0,Barcelona,Mallorca,Home Win,1870.26477051,1,19.0,1.4332,0.4884,2.1038,0.9434,66.8066,15.955,4.2354,27.7673,2.1038,0.138912,2.6366,0.7937399999999999,0.30533999999999994,5.8260000000000005,53.9732,1.90726,2.15192,12.6512,4.674,63.665,16.2184,14.456799999999998,4.8378,25.5692,8.8058,2.4708,24.217799999999997,1.6362,30.1786,36.1332,30.5536,1686.303907545088,1635.59436035,1.0762,2.2462,1.14746,1.68192,36.9868,7.9414,2.505,30.823759999999996,0.84346,0.11227,5.3268,1.49526,-0.7509400000000002,19.224200000000003,21.0462,0.77098,0.69348,6.3204,0.9954000000000001,22.1356,2.7112,10.5228,0.7182,19.9206,5.357,1.832,8.3664,2.6763999999999997,14.701400000000001,12.870600000000001,13.799600000000002,1631.336080102758,0,234.67041016000007
2023-05-28_Getafe_Osasuna,2023-05-28,19:00,La Liga,Matchweek 37,Sun,2023,2.0,1.0,Getafe,Osasuna,Home Win,1642.7767334,1,19.0,0.9822,0.6398,1.63758,1.13758,38.473,12.502000000000002,4.4794,34.97786,1.46174,0.127332,4.5472,1.1414,0.5016,15.115199999999998,27.257,1.2824,1.04854,9.6822,3.1886,29.157799999999998,7.866200000000001,11.0854,1.0354,17.5976,3.0507999999999997,1.5844,16.6908,3.1932,23.0682,19.93,9.4456,1676.9896032014021,1660.61975098,0.3758,1.3084,0.66798,1.59664,44.1152,8.842,2.7516,35.37332,0.66798,0.086158,3.5856000000000003,0.96548,-0.16492,19.2688,28.805999999999997,0.45483999999999997,0.56492,7.1416,1.947,33.7496,5.2558,14.0416,0.4884,18.125799999999998,3.8522000000000003,0.7516,11.806000000000001,2.3602000000000003,16.6886,15.6234,11.677800000000001,1681.3704694836742,0,-17.843017579999923
2023-05-28_Athletic Club_Elche,2023-05-28,19:00,La Liga,Matchweek 37,Sun,2023,0.0,1.0,Athletic Club,Elche,Away Win,1713.5090332,1,19.0,0.8444,0.6617999999999999,0.9418,0.96102,55.9854,13.1218,3.422,23.477040000000002,0.9418,0.074164,2.2422,0.79058,0.12878,9.831199999999999,31.2436,0.8657999999999999,0.90576,10.646,2.1014,46.9354,7.785,12.0384,1.7524000000000002,25.9142,9.366,1.5108000000000001,15.017,2.7124,22.6858,21.176,23.0078,1707.568057055208,1565.48254395,0.6242,1.558,0.9427400000000001,1.4207400000000001,52.179,12.0608,2.4446,19.86754,0.9427400000000001,0.083844,5.5536,1.32036,-0.23763999999999993,18.5106,21.9628,0.85876,0.8349,9.5216,2.7834,31.413800000000002,5.067,13.6584,0.0,23.6238,6.5418,1.0042,13.815,3.563,21.824199999999998,19.2028,15.6916,1638.7578157711678,2,148.02648924999994
2023-05-28_Cadiz_Celta Vigo,2023-05-28,19:00,La Liga,Matchweek 37,Sun,2023,1.0,0.0,Cadiz,Celta Vigo,Home Win,1627.1619873,1,19.0,0.9279999999999999,1.0939999999999999,1.5106199999999999,1.4537,44.8146,12.291,3.1978000000000004,28.20864,1.14432,0.102792,4.698,1.25514,0.16113999999999995,15.974599999999999,23.7038,0.9885200000000001,0.94888,9.3332,4.2168,25.9206,7.0888,13.033999999999999,1.6574,22.8018,5.8892,1.8559999999999999,17.007,2.8850000000000007,23.56,19.8924,14.828000000000001,1695.9282755116021,1654.21679688,0.7624,1.978,0.62238,1.64346,53.5392,9.8392,2.9382,29.447580000000002,0.62238,0.059164,3.4156,1.42304,-0.5549600000000001,10.9934,34.2682,0.4226,0.6625399999999999,6.5596,2.5757999999999996,40.495400000000004,7.4234,15.8124,1.6942,21.004199999999997,5.114800000000001,1.5248,13.4664,0.7318,16.8052,16.807,15.7088,1743.557031736616,0,-27.054809579999983
2023-06-04_Athletic Club_Real Madrid,2023-06-04,18:30,La Liga,Matchweek 38,Sun,2023,1.0,1.0,Real Madrid,Athletic Club,Draw,1913.45373535,1,18.0,2.1758,1.1204,1.7206000000000001,0.98244,64.4294,15.126000000000001,4.3073999999999995,28.91688,1.56236,0.10597,4.1358,1.03992,-0.08048000000000001,9.4932,54.497800000000005,1.4151600000000002,1.7719600000000002,12.6342,1.2442,56.3076,11.419400000000001,17.1244,2.526,13.840599999999998,5.2106,4.0312,20.2894,2.4744,28.8608,32.2884,26.7648,1654.072453467914,1689.72180176,1.0939999999999999,2.1234,1.8840599999999998,1.3633199999999999,52.5076,12.021400000000002,4.5248,38.5396,1.5499800000000001,0.135954,4.578399999999999,1.33512,-0.56848,12.156200000000002,37.251400000000004,1.28818,1.00634,9.6822,3.6288,47.860600000000005,8.7894,15.121,1.3958,23.398799999999998,5.7822000000000005,1.9902,17.1004,1.8154,22.440600000000003,24.1176,25.697799999999997,1661.4660878416682,1,223.73193358999993
2023-06-04_Getafe_Valladolid,2023-06-04,21:00,La Liga,Matchweek 38,Sun,2023,0.0,0.0,Valladolid,Getafe,Draw,1611.7701416,1,21.0,1.7868,2.3732,1.7453400000000001,1.8266,47.6302,15.6962,4.63,35.85016,1.3917400000000002,0.110684,5.582400000000001,1.99714,-0.17826000000000003,11.508399999999998,27.9388,1.1645,0.85832,11.793000000000001,3.9734000000000003,35.4136,7.3304,11.9474,0.8862,20.2346,5.0772,3.0852,19.7166,2.8282,28.006000000000004,21.8124,18.6038,1719.6099648939198,1649.96984863,0.4222,1.272,0.44072,1.569,37.0102,7.0558000000000005,2.1424,32.57062,0.44072,0.059432,4.8918,1.57604,0.30404000000000003,9.5872,21.3274,0.30724,0.41336,4.435,2.3182,23.3512,3.8918,12.57,0.3382,16.1956,3.1502,0.8444,8.3066,1.1059999999999999,10.614600000000001,11.403400000000001,8.3138,1734.1114291747122,1,-38.1997070299999
2023-06-04_Real Sociedad_Sevilla,2023-06-04,18:30,La Liga,Matchweek 38,Sun,2023,2.0,1.0,Real Sociedad,Sevilla,Home Win,1782.50170898,1,18.0,1.7558,0.6175999999999999,1.8764800000000001,0.58348,59.5676,12.0278,3.3576,29.047699999999995,1.6104800000000001,0.137466,3.5951999999999997,1.09812,0.48052,7.8702,33.0656,1.40606,1.43224,10.1594,2.2,41.296800000000005,9.3134,13.7246,1.6802000000000001,18.163800000000002,5.3908000000000005,2.1578,17.4176,1.7875999999999999,21.62,26.182000000000002,24.2132,1705.8316043954658,1774.19970703,1.7777999999999998,0.2442,1.16566,1.11266,41.0414,9.358,3.1666000000000003,30.783079999999998,1.0272000000000001,0.09503,3.6032,0.43632,0.19212,21.3556,15.612,0.7723,0.73194,6.7892,1.56,23.632,4.5708,12.0696,0.5162,15.846,3.2728,3.1797999999999997,10.4496,1.9004,15.906400000000001,14.182599999999999,13.71,1628.006347999464,0,8.302001950000204
2023-06-04_Girona_Osasuna,2023-06-04,18:30,La Liga,Matchweek 38,Sun,2023,2.0,1.0,Osasuna,Girona,Home Win,1664.39221191,1,18.0,2.0022,1.1316,1.3491399999999998,1.0503200000000001,50.8986,14.030000000000001,4.3202,31.4786,1.3491399999999998,0.10262399999999999,4.4932,0.95698,0.02318000000000002,13.1876,29.988,1.1041400000000001,1.01194,10.4596,2.2540000000000004,39.9626,7.566999999999999,12.1828,1.0,22.753,4.7348,3.7846,16.4274,1.967,24.2504,25.5404,20.889400000000002,1676.026961815362,1673.21972656,1.0794,0.8617999999999999,0.9891599999999999,1.72572,50.345,10.0166,3.7128,32.9675,0.81822,0.085456,5.565799999999999,1.76474,0.90294,23.001400000000004,24.1398,0.7520399999999999,0.83256,8.5592,1.464,28.9332,4.4424,17.332,0.6784,14.8412,3.376,1.9609999999999999,14.2746,2.4748,19.508399999999998,15.164000000000001,19.183999999999997,1737.932926588918,0,-8.827514650000012
2023-06-04_Almeria_Espanyol,2023-06-04,21:00,La Liga,Matchweek 38,Sun,2023,3.0,3.0,Espanyol,Almeria,Draw,1616.29272461,1,21.0,1.5302,1.9322,2.1763600000000003,1.9596,46.941599999999994,16.5006,7.064,40.56094,1.8227600000000002,0.11734,4.6814,1.56138,-0.3708199999999999,10.3686,28.568800000000003,1.50202,1.31984,13.102599999999999,4.5262,40.702,9.611,17.0198,1.3568,26.457,8.3228,2.2628,22.804000000000002,2.5414000000000003,30.716,27.6486,19.6894,1694.951350243176,1617.22729492,1.1316,2.1932,0.7617,2.0887,38.2176,8.6016,3.8593999999999995,53.0923,0.7617,0.081362,6.3328,1.99994,-0.19326000000000004,17.8906,18.4128,0.6902999999999999,0.6125200000000001,6.9778,1.654,23.708199999999998,5.3274,17.0792,1.56,11.0558,2.0966,1.9428,13.001800000000001,0.178,15.3752,11.8852,12.557400000000001,1737.834614746154,1,-0.9345703100000264
2023-06-04_Cadiz_Elche,2023-06-04,21:00,La Liga,Matchweek 38,Sun,2023,1.0,1.0,Elche,Cadiz,Draw,1578.96142578,1,21.0,1.2552,1.241,1.46282,1.10922,56.1366,15.3904,4.8672,28.98172,1.46282,0.09057599999999999,3.3424,0.81598,-0.24702,15.403,37.5252,1.185,1.0968200000000001,12.706999999999999,3.8386,48.3018,9.181000000000001,11.495000000000001,0.8088,27.3134,7.1708,2.5104,20.1766,3.7152,28.9256,22.8482,21.7246,1708.488117822718,1634.17749023,0.5182,1.6972,1.28278,1.86688,45.3566,11.5808,3.6474,33.4716,1.17064,0.09058,5.1616,1.5066000000000002,-0.19060000000000005,13.690600000000002,23.2784,0.95052,0.70054,8.463999999999999,3.3554000000000004,35.1506,7.204,14.0944,1.0042,19.803,5.0726,0.8762000000000001,13.5896,2.2986,19.3188,18.268,15.3276,1675.930289208252,1,-55.216064450000204
2023-06-04_Betis_Valencia,2023-06-04,21:00,La Liga,Matchweek 38,Sun,2023,1.0,1.0,Betis,Valencia,Draw,1743.65319824,1,21.0,1.1934,0.9623999999999999,1.3687799999999999,1.19284,56.12200000000001,11.3916,3.7981999999999996,31.73342,1.3687799999999999,0.125226,3.3138,1.08656,0.12416000000000005,15.3466,26.07,1.33166,1.10778,9.2182,2.1538,34.1356,7.7648,15.8324,1.736,13.7492,3.7157999999999998,1.9472,14.6778,1.5138,20.0816,17.9894,14.435,1644.6664459250042,1657.56958008,1.1536,1.18,1.37114,0.88298,50.2284,12.1176,3.928,36.06962,1.37114,0.12497,3.4636,0.90854,-0.27146000000000003,15.181199999999999,27.973000000000003,1.0097,1.05244,9.2758,4.1742,39.2324,8.578800000000001,14.5716,1.2662,27.6218,5.2322,1.5335999999999999,15.4124,1.9978,21.3272,21.1904,22.8756,1617.6371304926301,1,86.08361816000001
2023-06-04_Mallorca_Rayo Vallecano,2023-06-04,18:30,La Liga,Matchweek 38,Sun,2023,3.0,0.0,Mallorca,Rayo Vallecano,Home Win,1639.1439209,1,18.0,1.1958,0.3758,0.91098,1.052,40.848,7.541399999999999,2.6598,41.45066,0.91098,0.1327,3.5656,0.98062,0.60482,20.8794,18.7466,0.6007,0.61854,5.6718,1.719,23.020599999999998,4.783,13.9968,0.7624,15.1582,2.8131999999999997,1.8157999999999999,7.8184000000000005,2.1316,12.7998,13.65,12.3586,1661.3324085215959,1633.77441406,0.8022,2.4552,0.83208,1.67626,43.9914,12.3164,3.4164000000000003,27.76406,0.83208,0.075544,4.2108,1.74712,-0.5300799999999999,14.1292,29.666,0.55266,0.66174,8.6294,2.5016,29.004,5.9644,15.2626,0.3978,17.4176,4.184400000000001,1.4264,14.121,2.024,19.2862,17.566,15.112400000000001,1725.856575538376,0,5.3695068399999855
2023-06-04_Barcelona_Celta Vigo,2023-06-04,21:00,La Liga,Matchweek 38,Sun,2023,2.0,1.0,Celta Vigo,Barcelona,Home Win,1647.52978516,1,21.0,0.9822,1.1822,1.16684,1.11258,55.4748,14.5724,6.1434,44.01472,1.16684,0.07898200000000001,3.1102,1.01952,-0.16268,14.207,34.965399999999995,0.9730400000000001,1.2246,11.146,2.9640000000000004,46.138,9.9604,14.7428,1.421,27.2088,7.1616,1.644,20.004199999999997,2.3522,26.4842,27.749599999999997,24.445800000000002,1616.392496508578,1874.0222168,1.962,1.5678,1.8138800000000002,1.51074,64.9058,13.7746,4.8882,36.60718,1.8138800000000002,0.13283,4.2006,1.31882,-0.004779999999999979,12.4582,41.3374,1.56566,1.53856,10.54,2.2812,49.2696,7.7348,14.142600000000002,2.7666,17.2932,5.2754,3.566,20.2202,1.7384,25.307000000000002,21.9114,19.7092,1603.78487687843,0,-226.49243163999995
2023-10-21_Mallorca_Real Sociedad,2023-10-21,14:00,La Liga,Matchweek 10,Sat,2024,1.0,0.0,Real Sociedad,Mallorca,Home Win,1810.15332031,1,14.0,2.939,1.591,1.5212199999999998,1.21168,55.0514,11.259799999999998,4.1832,40.765640000000005,1.3453799999999998,0.130248,4.4883999999999995,1.46064,0.06744000000000003,14.6768,29.425,1.10802,0.7448,8.3194,0.9206,33.8808,5.6896,15.509799999999998,1.8352,13.9222,4.2989999999999995,4.9046,13.4992,1.092,19.4134,15.6498,18.2882,1661.101600269152,1650.23510742,1.8618,2.2816,1.6393000000000002,1.91554,40.843599999999995,9.863599999999998,3.6597999999999997,38.71518,1.20892,0.128014,5.0228,2.12792,-0.15367999999999998,14.975200000000001,19.2494,1.0515400000000001,0.6848,8.2836,1.9736,24.497,4.7538,11.0906,2.1206,12.602,2.792,2.9678,13.1646,2.5025999999999997,18.491400000000002,15.3774,11.702,1638.8120135251181,0,159.91821288999995
2023-10-21_Real Madrid_Sevilla,2023-10-21,18:30,La Liga,Matchweek 10,Sat,2024,1.0,1.0,Sevilla,Real Madrid,Draw,1741.37109375,1,18.0,2.1234,1.3846,1.47876,1.31646,52.312,19.651400000000002,6.416200000000001,33.2172,1.47876,0.081686,2.6068000000000002,0.93036,-0.45424,9.965,30.178800000000003,1.0932600000000001,1.19244,15.270800000000001,4.7802,44.1222,10.3426,16.367800000000003,0.41759999999999997,38.0688,8.642800000000001,3.8291999999999997,25.268800000000002,3.4210000000000003,35.517,27.9926,19.2546,1625.085370141088,1945.73620605,2.0046,0.8373999999999999,1.55856,1.23128,56.8272,16.2878,6.0876,37.65158,1.4003199999999998,0.089826,3.9872,1.1316000000000002,0.29419999999999996,17.754199999999997,44.379,1.19568,1.27862,12.4814,1.2898,49.074600000000004,9.2286,14.2184,2.0804,18.8836,6.074599999999999,3.5869999999999997,19.891999999999996,2.3180000000000005,29.025399999999998,29.8242,26.7602,1649.5724597171659,1,-204.36511229999996
2023-10-28_Almeria_Las Palmas,2023-10-28,14:00,La Liga,Matchweek 11,Sat,2024,1.0,2.0,Almeria,Las Palmas,Away Win,1581.94274902,1,14.0,1.7458,2.62,2.32874,1.87314,55.101,17.656599999999997,6.633,37.628119999999996,2.32874,0.140136,5.7032,2.4536000000000002,-0.1664,12.3526,31.6578,1.85924,1.15562,14.0436,4.8532,39.6876,9.631,15.9386,0.7338,24.7618,4.9632000000000005,3.052,22.7682,1.758,31.7352,23.5802,18.762600000000003,1681.004848682872,1595.17260742,0.4884,1.2198,0.89618,1.37242,54.5426,10.8968,2.8621999999999996,30.710720000000002,0.70082,0.069818,6.444,1.7999399999999999,0.5801400000000001,15.482599999999998,34.8244,0.61904,0.82354,8.8724,1.4198,36.1498,7.6926000000000005,16.322200000000002,1.8862,10.93,3.0522,0.7326,17.020599999999998,0.178,20.2142,16.248,16.9084,1751.8992643090178,2,-13.229858400000012
2023-10-28_Barcelona_Real Madrid,2023-10-28,16:15,La Liga,Matchweek 11,Sat,2024,1.0,2.0,Barcelona,Real Madrid,Away Win,1900.97473145,1,16.0,2.2678000000000003,0.3956,2.13334,0.9547800000000001,65.9508,16.7246,6.9794,43.12496,2.13334,0.126144,3.2928,0.79098,0.39537999999999995,12.8718,44.2892,1.83634,1.4281599999999999,13.748,3.3748,51.3768,11.268600000000001,16.451,3.1644,19.438000000000002,7.4338,4.096,24.968600000000002,0.9976,30.7248,26.946600000000004,26.6272,1699.58709402066,1948.22131348,1.76,0.9978,1.66366,1.41676,55.81139999999999,16.058999999999997,5.3022,32.63792,1.5212599999999998,0.100056,4.909400000000001,1.2870200000000003,0.53342,17.4022,41.19840000000001,1.36592,1.28956,12.6216,1.2608,44.4266,7.9404,13.4756,1.884,19.604,6.211200000000001,3.14,21.1562,2.242,29.211199999999998,27.5322,24.963199999999997,1665.19705644587,2,-47.2465820299999
2023-10-29_Athletic Club_Valencia,2023-10-29,18:30,La Liga,Matchweek 11,Sun,2024,2.0,2.0,Athletic Club,Valencia,Draw,1731.06445312,1,18.0,2.4776000000000002,1.116,1.77174,0.6068600000000001,53.94820000000001,14.5884,5.5316,36.66848,1.48694,0.096202,4.128,1.18216,0.06616,10.450599999999998,34.6014,1.11284,1.07102,10.9006,3.6555999999999997,45.7506,8.8844,14.4026,1.2376,24.502599999999997,5.5646,4.777200000000001,17.179,3.3015999999999996,25.9936,27.738200000000003,21.687199999999997,1690.2285838115322,1681.09423828,0.9601999999999999,1.6374,0.75282,1.35602,47.9484,9.253,3.3538,38.37834,0.75282,0.081216,5.3962,1.8405399999999998,0.38114,13.967600000000001,22.2922,0.6284,0.47724,6.8962,1.1424,32.0652,3.847,17.3408,1.5136,13.4844,3.2342,1.9203999999999999,12.4344,1.1014,17.4862,13.1714,15.5962,1660.68276801736,1,49.97021484000015
2023-11-04_Girona_Osasuna,2023-11-04,14:00,La Liga,Matchweek 12,Sat,2024,2.0,4.0,Osasuna,Girona,Away Win,1670.35986328,1,14.0,0.6664,1.116,1.3602,1.23076,50.5664,13.55,3.7116000000000002,28.059700000000003,1.16484,0.08616599999999999,3.0178,1.13114,0.015139999999999987,10.5786,37.9198,0.9164599999999999,1.29046,9.4342,2.94,47.8554,12.416599999999999,12.0374,1.3568,28.3116,5.3924,1.3328,19.039199999999997,1.5382,23.8602,30.1542,18.8262,1683.70991828606,1741.66687012,1.9911999999999999,0.9536,1.73922,1.2726,56.306200000000004,13.577200000000001,4.2010000000000005,31.05582,1.73922,0.14653,3.1691999999999996,1.0709199999999999,0.11732000000000001,20.907399999999996,32.5404,1.4367599999999998,1.39374,11.0624,2.8514,34.2876,8.5396,14.705,0.714,19.5098,4.757,3.5867999999999998,19.2882,1.947,24.2882,21.769199999999998,22.5216,1693.636070946818,2,-71.30700684000021
2023-11-04_Betis_Mallorca,2023-11-04,16:15,La Liga,Matchweek 12,Sat,2024,2.0,0.0,Betis,Mallorca,Home Win,1747.59460449,1,16.0,1.5236,0.442,1.2909,0.6382,55.285199999999996,14.383400000000002,4.3016000000000005,28.627240000000004,1.2909,0.098418,2.1098000000000003,0.44026,-0.0017399999999999916,12.391200000000001,33.6376,1.2574999999999998,1.1812,11.343399999999999,2.1736,44.1718,10.0556,17.8256,0.8351999999999999,20.8298,5.4164,2.6296,18.482200000000002,2.653,25.5594,25.374799999999997,21.4526,1641.7605061283998,1647.87207031,1.5314,2.1534,1.7086400000000002,1.9116400000000002,42.8894,11.8308,4.4706,40.09138,1.42224,0.13154,5.6972000000000005,2.5134800000000004,0.36007999999999996,15.386600000000001,18.5802,1.06082,0.62306,8.9878,2.1204,23.0704,4.9226,11.8142,1.7202,13.774400000000002,2.8686000000000003,2.5268,13.392199999999999,2.7524,20.4516,16.028200000000002,11.576,1689.669605907798,0,99.72253417999991
2023-11-04_Barcelona_Real Sociedad,2023-11-04,21:00,La Liga,Matchweek 12,Sat,2024,0.0,1.0,Real Sociedad,Barcelona,Away Win,1822.55090332,1,21.0,2.745,1.2876,1.54232,1.43914,56.29939999999999,11.3896,4.9416,45.247,1.38408,0.131548,5.3604,1.5254600000000003,0.41586000000000006,15.918600000000001,28.4378,1.15046,0.8868199999999999,8.3432,1.517,33.16,6.5092,17.2562,1.7516,13.7742,3.7807999999999997,4.7582,14.926000000000002,1.5712000000000002,20.7488,16.8616,18.0032,1657.622748876312,1893.21923828,2.0356,1.6598,2.3219000000000003,0.96376,70.8852,15.133600000000001,6.3532,40.07608,2.16366,0.154362,3.5692,1.17222,-0.48758,11.3122,61.6196,1.36318,1.6899199999999999,10.4204,1.928,50.7672,11.481200000000001,16.7648,3.2084,18.3476,5.8236,3.471,21.660800000000002,1.5326,27.580399999999997,26.7408,30.5762,1656.2221160140198,2,-70.66833495999981
2023-11-05_Granada_Valencia,2023-11-05,16:15,La Liga,Matchweek 12,Sun,2024,1.0,0.0,Valencia,Granada,Home Win,1684.46398926,1,16.0,1.42,0.5758,1.25426,0.60286,48.207,11.4118,4.191400000000001,36.66217999999999,1.1261,0.09873599999999999,2.3062,0.7257799999999999,0.14997999999999997,13.046800000000001,27.739,0.61246,0.6232800000000001,8.0948,1.4024,31.3674,5.0594,14.149999999999999,0.7624,16.4508,3.995,2.0796,14.520000000000001,1.7756,19.7308,15.766200000000001,19.230399999999996,1648.7263883782862,1593.41418457,1.3536000000000001,2.7162,1.07052,2.0628,45.7622,9.8522,2.9008,38.397079999999995,0.7188399999999999,0.072198,5.186800000000001,2.2295000000000003,-0.3087,12.6216,19.2052,0.60062,0.93104,7.5662,1.7082000000000002,24.921200000000002,5.3246,18.871399999999998,1.2573999999999999,17.968600000000002,5.563600000000001,2.1732,10.3692,1.1126,17.8016,17.819,11.9054,1631.2117307615379,0,91.04980468999997
2023-11-05_Athletic Club_Villarreal,2023-11-05,18:30,La Liga,Matchweek 12,Sun,2024,2.0,3.0,Villarreal,Athletic Club,Away Win,1725.20568848,1,18.0,1.4984,1.8981999999999999,1.4067200000000002,1.8359200000000002,55.30319999999999,11.0984,3.4364,31.77092,1.0729,0.097522,6.8056,1.9769999999999999,0.0788,12.6156,38.510999999999996,0.84518,1.10268,8.6564,3.2098,47.1012,11.023600000000002,10.866800000000001,1.6218,21.3412,6.1138,2.7526,17.0998,2.022,21.557,25.9184,21.052400000000002,1654.4966353990858,1727.39282227,0.716,0.9036,1.17668,1.12222,48.980000000000004,11.8138,2.8398,25.261000000000003,1.17668,0.10611600000000002,5.0968,1.4347400000000001,0.5311400000000001,14.7052,27.7944,1.0755800000000002,1.05416,10.000599999999999,3.3036,36.1306,8.1674,16.0472,0.9059999999999999,20.3116,5.409800000000001,1.432,15.677999999999999,2.4272,21.475199999999997,21.6226,14.697199999999999,1729.989487427614,2,-2.1871337899999617
2023-11-05_Alaves_Almeria,2023-11-05,14:00,La Liga,Matchweek 12,Sun,2024,1.0,0.0,Alaves,Almeria,Home Win,1593.7923584,1,14.0,1.063,1.56,1.3845,1.03634,41.1488,13.6774,3.9908,26.597080000000002,1.2421,0.09443,2.7735999999999996,1.11564,-0.28416,11.7324,23.9892,1.0508400000000002,0.86504,10.512,3.2572,31.8042,7.4512,10.097800000000001,1.2244,20.746000000000002,3.5124,1.2816,17.137999999999998,2.8518,26.1992,19.0596,14.721,1701.8574263174542,1572.1673584,1.0244,3.3856,0.93728,1.7332800000000002,42.4494,8.6842,3.0072,32.81412,0.77904,0.08168600000000001,6.9046,2.87598,-0.50962,21.224800000000002,20.0148,0.48786,0.41488,5.0371999999999995,1.2332,23.450999999999997,2.8908,13.678799999999999,0.6942,15.0338,4.2446,1.8046000000000002,7.613199999999999,2.4524,14.118200000000002,11.7398,14.1336,1714.383528856892,0,21.625
2023-11-06_Cadiz_Getafe,2023-11-06,21:00,La Liga,Matchweek 12,Mon,2024,1.0,0.0,Getafe,Cadiz,Home Win,1666.74084473,1,21.0,1.0156,0.6398,1.15074,0.8570599999999999,46.2906,13.479,4.752,35.62814,1.02614,0.08340800000000001,1.9846000000000004,0.7184,0.07859999999999999,11.4538,28.7494,0.7219,0.91398,10.535599999999999,3.2748,33.8618,6.5729999999999995,14.237,0.8464,23.08,4.675000000000001,1.8334,15.9756,3.589,23.1284,19.063000000000002,12.885800000000001,1712.7638005375638,1632.4888916,0.6374,2.2,0.59154,2.37668,34.0514,6.4604,2.926,50.324,0.59154,0.09374,7.3656,2.4918,0.2918,19.133,19.3462,0.36991999999999997,0.32132,4.2696000000000005,1.8606,18.0394,3.3667999999999996,11.7362,0.4884,17.907600000000002,4.4952,0.6154,5.887200000000001,1.1602000000000001,9.9038,10.412,11.431000000000001,1699.93995029228,0,34.25195312999995
2023-11-10_Athletic Club_Celta Vigo,2023-11-10,21:00,La Liga,Matchweek 13,Fri,2024,4.0,3.0,Athletic Club,Celta Vigo,Home Win,1736.43518066,1,21.0,2.7182,1.2044,2.0008399999999997,0.88036,55.8394,15.050600000000001,6.5436,45.1757,1.74452,0.114558,3.5384,1.4381,0.2337,10.593599999999999,34.509,1.39784,1.28254,11.919999999999998,5.0994,46.008199999999995,10.4494,14.494399999999999,1.6021999999999998,24.808400000000002,6.440799999999999,5.2762,19.2358,3.1713999999999998,27.568800000000003,28.1622,24.9698,1656.8198803686778,1628.04663086,1.3096,1.7933999999999999,1.1024399999999999,1.4828,33.7398,11.181400000000002,4.7396,43.40724,1.1024399999999999,0.097512,3.9846,1.4623199999999996,-0.33108,18.7724,22.891000000000002,0.93704,0.8939,9.3274,1.7704,24.069000000000003,7.1114,12.478,1.6594,14.6374,3.9480000000000004,2.1029999999999998,16.3628,1.3357999999999999,20.8114,19.925200000000004,15.102,1712.0249609854577,0,108.38854979999996
2023-11-11_Real Madrid_Valencia,2023-11-11,21:00,La Liga,Matchweek 13,Sat,2024,5.0,1.0,Real Madrid,Valencia,Home Win,1950.80725098,1,21.0,1.9512,0.3382,2.38142,0.62166,61.0368,20.6738,8.106,39.57312,2.24954,0.11397600000000001,1.8257999999999999,0.506,0.1678,7.2494,51.98539999999999,1.77542,1.98576,16.962200000000003,2.6288,58.968399999999995,13.452399999999999,12.2128,4.4114,21.620199999999997,7.644,3.582,29.0652,1.8154,37.2428,43.473,29.799400000000006,1662.5847683106622,1687.6895752,1.0642,1.8177999999999999,0.9829000000000001,1.5834000000000001,47.1654,9.572,3.5625999999999998,39.10266,0.9829000000000001,0.098746,6.1332,1.9518199999999999,0.29422,14.194199999999999,22.6518,0.86092,0.6804600000000001,7.495000000000001,0.8398,32.1918,4.4066,16.5742,1.1738,13.236,3.7434,2.1284,12.647,1.7238000000000002,18.1262,15.308000000000002,16.5576,1662.36992026266,0,263.1176757799999
2023-11-11_Girona_Rayo Vallecano,2023-11-11,14:00,La Liga,Matchweek 13,Sat,2024,1.0,2.0,Rayo Vallecano,Girona,Away Win,1673.14233398,1,14.0,1.4818,2.2472,1.54602,1.8038600000000002,52.97579999999999,15.3438,6.036,39.72342,1.22778,0.079804,4.5786,1.9993400000000001,-0.24786000000000002,12.731,36.2022,0.7528999999999999,0.94908,10.1662,2.5978,44.2646,9.3544,16.4436,0.62,19.2526,4.643,2.2798,18.953,1.9492000000000003,26.784,25.6016,12.484,1688.481550169482,1752.5291748,2.6246,1.2024,1.98712,1.34298,55.3876,14.040399999999998,4.6133999999999995,34.4303,1.98712,0.161968,3.2964,1.20472,0.0023200000000000165,21.0816,35.8826,1.5928200000000001,1.24784,11.0446,3.3988,38.232,9.4068,12.992600000000001,0.4984,21.401,5.846400000000001,4.649,20.5574,1.8522,25.2572,22.4134,23.611600000000003,1674.272858739932,2,-79.38684081999986
2023-11-11_Almeria_Real Sociedad,2023-11-11,16:15,La Liga,Matchweek 13,Sat,2024,1.0,3.0,Almeria,Real Sociedad,Away Win,1565.73266602,1,16.0,1.8154,2.5580000000000003,1.9672200000000002,1.60284,50.950799999999994,15.5932,6.2254,39.84016,1.9672200000000002,0.12335200000000002,5.2886,2.27174,-0.28626,13.1824,30.6588,1.5347,0.9591000000000001,11.7974,4.3236,36.444,8.2028,15.235800000000001,0.7604,23.6646,4.0458,3.2352,19.3844,1.7822,26.933600000000002,21.424400000000002,16.977,1668.3566580322463,1820.71276855,1.084,1.284,1.23672,1.3070599999999999,53.1138,10.6234,2.6155999999999997,28.0818,1.04136,0.10192599999999999,5.429,1.46094,0.17694000000000004,9.014199999999999,31.085199999999997,0.88994,0.6381600000000001,7.7218,1.6663999999999999,33.068599999999996,4.5804,13.206199999999999,1.2542,14.730800000000002,4.1512,1.7458,13.439,1.6486,18.502,14.100999999999999,17.89,1676.560937475196,2,-254.98010253000007
2023-11-11_Las Palmas_Osasuna,2023-11-11,18:30,La Liga,Matchweek 13,Sat,2024,1.0,1.0,Osasuna,Las Palmas,Draw,1657.78344727,1,18.0,1.0882,1.6928,1.37862,1.42862,48.635600000000004,13.2624,3.0638,24.52948,1.20278,0.091876,3.4044,1.5443200000000001,-0.14848000000000003,12.718600000000002,32.6462,0.83714,1.32142,8.9582,3.6344000000000003,43.6976,12.863399999999999,12.7664,1.077,24.4964,4.620400000000001,1.9322,17.7376,1.3402,22.3882,29.217599999999997,17.145599999999998,1696.9692878422381,1616.98632812,0.9279999999999999,1.1978,0.95424,1.09212,54.7,11.239400000000002,3.1644,32.90448,0.7784,0.07472000000000001,6.1994,1.5068400000000002,0.3090400000000001,16.3552,36.7836,0.68038,0.87884,9.217400000000001,1.6219999999999999,40.674,7.6674,17.4552,2.286,13.4232,2.6586,1.6362,17.2948,0.4044,20.8574,17.1324,18.315199999999997,1721.531551489882,1,40.797119149999844
2023-11-11_Getafe_Granada,2023-11-11,18:30,La Liga,Matchweek 13,Sat,2024,1.0,1.0,Granada,Getafe,Draw,1588.4744873,1,18.0,1.9624,2.4024,1.5537800000000002,2.14306,39.488,13.0724,5.1484000000000005,37.58044,1.42562,0.109814,5.8814,2.3560600000000003,-0.04633999999999999,13.3826,19.4308,1.27302,1.10892,10.2128,4.9518,24.0012,8.390600000000001,17.6706,1.5128,19.738799999999998,3.6986,3.4264,14.339,3.2001999999999997,23.4586,23.063000000000002,16.3418,1739.930473048166,1671.36975098,1.5294,1.8676,0.7929,1.8441800000000002,36.601600000000005,7.7476,2.817,39.48322,0.6505,0.10133400000000001,7.1762,2.38218,0.51458,19.8184,19.349800000000002,0.49514,0.58244,5.1232,2.7870000000000004,22.3722,3.9625999999999997,15.547999999999998,0.1978,15.8398,2.0818,2.6788,9.286200000000001,2.4158,14.473400000000002,13.836599999999999,7.353199999999999,1726.210179052922,1,-82.89526367999997
2023-11-12_Alaves_Barcelona,2023-11-12,16:15,La Liga,Matchweek 13,Sun,2024,2.0,1.0,Barcelona,Alaves,Home Win,1886.99169922,1,16.0,1.9968,0.8444,1.7960399999999999,0.9692800000000001,61.6276,15.2544,5.5722,37.68408,1.7960399999999999,0.11632,3.7960000000000003,0.98604,0.14164000000000004,12.196200000000001,38.898799999999994,1.48756,1.0757800000000002,12.119599999999998,2.4164000000000003,44.9568,9.1998,15.440999999999999,2.8596,16.7312,6.7136000000000005,3.1096,21.9088,1.242,27.4568,21.6588,22.5922,1768.852905617518,1598.51293945,0.6617999999999999,1.4222,1.2467800000000002,1.58108,43.9628,13.7894,3.9012000000000002,24.150419999999997,1.2467800000000002,0.079236,4.967599999999999,1.5876400000000002,0.36324,14.550199999999998,29.6646,0.79842,0.8661,9.328000000000001,2.784,40.3664,8.186,13.3368,0.4396,24.2576,4.553599999999999,1.3235999999999999,16.0138,2.4122000000000003,23.637999999999998,20.157200000000003,15.077399999999999,1639.7303282702958,0,288.4787597700001
2023-11-12_Betis_Sevilla,2023-11-12,18:30,La Liga,Matchweek 13,Sun,2024,1.0,1.0,Sevilla,Betis,Draw,1735.64221191,1,18.0,2.011,1.202,1.5962,1.4169,51.116200000000006,20.539599999999997,6.8069999999999995,33.7134,1.5962,0.083958,2.8904,0.8985,-0.3035,10.8452,31.0264,1.22486,1.2797,16.0088,5.0464,45.9174,10.741,13.989200000000002,0.62,35.7088,7.6018,3.1578,26.6276,3.2790000000000004,36.5952,26.793,19.561799999999998,1698.078104538868,1752.37207031,0.9822,2.1926,0.85094,1.89986,53.2452,10.464599999999999,2.7624,27.88202,0.85094,0.09324199999999999,5.7794,1.87954,-0.05765999999999999,16.276,29.2212,0.65884,0.75434,8.4402,0.2198,42.444,9.7914,16.6428,3.0032,15.144399999999997,5.3682,1.5468,13.8204,1.7802,18.9148,20.955399999999997,16.46,1671.803042211586,1,-16.729858400000012
2023-11-24_Alaves_Granada,2023-11-24,21:00,La Liga,Matchweek 14,Fri,2024,3.0,1.0,Alaves,Granada,Home Win,1599.54345703,1,21.0,0.6242,0.9714,1.5725799999999999,0.96826,45.806,15.6632,3.315,20.04914,1.24906,0.083336,2.9404000000000003,0.9963799999999999,0.024980000000000002,10.75,27.197400000000002,1.0569199999999999,1.12274,12.126,3.4316000000000004,35.387,9.3156,10.632200000000001,0.9578,23.601799999999997,5.5148,0.2442,20.2104,3.5434,29.8422,25.0586,17.5676,1662.457553002992,1591.17785645,1.074,2.2562,0.95576,1.8035,45.365,9.322799999999999,2.2782,30.40206,0.6392800000000001,0.064328,4.2914,1.9867800000000002,-0.10922000000000001,10.5616,18.2636,0.5373,0.82024,6.821199999999999,1.6374,24.929000000000002,5.0922,19.1728,1.6199999999999999,17.86,5.5514,1.6674000000000002,9.588000000000001,1.1014,16.7772,17.3812,10.937999999999999,1652.1409413826582,0,8.365600579999864
2023-11-25_Barcelona_Rayo Vallecano,2023-11-25,14:00,La Liga,Matchweek 14,Sat,2024,1.0,1.0,Rayo Vallecano,Barcelona,Draw,1667.78295898,1,14.0,1.5778,1.5015999999999998,1.72,2.2321400000000002,50.8364,17.4514,7.1975999999999996,42.1337,1.4336,0.08414800000000001,4.144,1.63574,0.13413999999999998,13.7672,35.7932,0.9818,1.13394,11.2264,2.7822,44.9382,9.0864,15.622399999999999,0.8022,20.3718,4.9788,2.0518,21.288,2.3986,30.1128,24.687800000000003,13.6682,1720.3037166972501,1891.04748535,2.0762,1.4938,2.18088,1.00064,65.092,14.5322,6.262199999999999,41.114239999999995,2.03848,0.147482,4.389,1.56338,0.06957999999999998,12.4574,51.778400000000005,1.3080400000000003,1.5532600000000003,9.990199999999998,1.8352,46.0508,10.7446,15.923200000000001,2.1666,16.015400000000003,5.3972,3.6122,20.4742,1.4793999999999998,25.669400000000003,24.8018,25.790999999999997,1697.582389086024,1,-223.26452636999988
2023-11-25_Celta Vigo_Valencia,2023-11-25,16:15,La Liga,Matchweek 14,Sat,2024,0.0,0.0,Valencia,Celta Vigo,Draw,1686.8605957,1,16.0,1.378,0.5182,1.2056,0.59258,50.2172,11.559000000000001,3.5838,30.0301,1.01024,0.08565400000000001,2.1756,0.6388,0.12059999999999998,13.562999999999999,27.3656,0.5235399999999999,0.5477000000000001,7.741200000000001,1.3621999999999999,32.3964,5.2978,15.288400000000003,0.8862,13.3872,2.7304,2.2158,14.9008,1.798,20.5788,15.4898,16.71,1645.6751309313522,1626.78320312,1.767,2.4466,1.36078,2.35686,33.8454,10.5422,4.3772,42.1082,1.18984,0.10696800000000001,6.228,2.30398,-0.14262000000000002,20.781399999999998,22.0694,1.07424,0.7724000000000001,8.473600000000001,1.2608,24.0062,6.0234000000000005,13.5512,1.5934,12.387599999999999,3.0322,2.9694000000000003,14.196000000000002,1.1580000000000001,18.6114,18.811600000000002,15.624199999999998,1707.698994188354,1,60.07739257999992
2023-11-25_Almeria_Getafe,2023-11-25,18:30,La Liga,Matchweek 14,Sat,2024,2.0,1.0,Getafe,Almeria,Home Win,1673.75256348,1,18.0,1.1582000000000001,0.5758,1.2422,0.6916,48.9006,14.5844,4.7208,31.937699999999996,1.1300599999999998,0.08118600000000001,1.842,0.78424,0.20844000000000001,10.831799999999998,29.771599999999996,0.77298,0.85932,10.370199999999999,3.3914,34.7726,5.883,14.8458,0.6175999999999999,22.715600000000002,5.24,2.1384,16.787,3.1858,24.157000000000004,19.4332,14.4388,1671.624677025854,1562.8371582,0.7778,3.1470000000000002,0.92238,1.9152999999999998,42.0274,9.2926,3.1508,31.89798,0.77998,0.078518,6.513999999999999,2.6739000000000006,-0.47309999999999997,20.8256,19.813,0.5079,0.42780000000000007,5.566,1.5981999999999998,21.7962,3.5784,13.0784,0.4806,15.0746,4.8528,1.3357999999999999,8.761,2.0188,14.0946,11.898399999999999,13.055000000000001,1696.45178122504,0,110.91540527999996
2023-11-26_Cadiz_Real Madrid,2023-11-26,18:30,La Liga,Matchweek 14,Sun,2024,0.0,3.0,Cadiz,Real Madrid,Away Win,1628.68908691,1,18.0,1.1826,1.0464,1.10534,0.7176,40.5074,10.768799999999999,3.0708,29.602420000000002,0.9629400000000001,0.08836600000000001,5.1866,1.21722,0.17082000000000003,16.7994,21.3594,0.72274,0.82536,7.8324,3.4806000000000004,23.7486,6.4972,16.9236,0.885,21.9122,4.1526000000000005,1.943,12.299,2.9272,18.761400000000002,19.201,11.595600000000001,1695.1626943617557,1956.72253418,1.6398,0.998,1.47752,1.4539199999999999,53.488200000000006,14.022799999999998,4.451,31.704080000000005,1.3493600000000001,0.09805,3.9976000000000003,1.02644,0.24824000000000002,15.952800000000002,38.1712,1.21398,1.1396600000000001,10.8734,0.8022,40.599599999999995,6.936999999999999,14.5932,2.5282,16.3364,5.6015999999999995,3.0818,18.7896,2.2178,26.0064,22.729799999999997,20.2944,1731.388642628104,2,-328.0334472699999
2023-11-26_Osasuna_Villarreal,2023-11-26,14:00,La Liga,Matchweek 14,Sun,2024,3.0,1.0,Villarreal,Osasuna,Home Win,1718.72717285,1,14.0,1.4044,1.8641999999999999,1.5049000000000001,1.767,58.1686,12.2654,3.6928,30.55214,1.20446,0.096886,6.2484,1.96282,0.09862000000000001,11.8214,39.3018,1.01394,1.1756799999999998,9.8676,3.233,51.30760000000001,10.3446,13.0896,1.9038,23.1816,7.4118,2.589,18.3226,2.0198,23.4666,25.858999999999998,20.6796,1642.812685693434,1657.05200195,1.3162,2.0618,0.8132,1.65444,45.635600000000004,7.433199999999999,1.5735999999999999,20.335340000000002,0.54264,0.07191,4.768800000000001,1.704,-0.63472,19.0322,25.602400000000003,0.50088,0.51402,5.993600000000001,1.971,26.6676,4.5144,13.1836,0.6398,13.6676,3.0220000000000002,2.4544,9.5882,1.7426,13.520800000000001,11.7956,11.5394,1725.476589210964,0,61.67517090000001
2023-11-26_Real Sociedad_Sevilla,2023-11-26,16:15,La Liga,Matchweek 14,Sun,2024,2.0,1.0,Real Sociedad,Sevilla,Home Win,1828.69458008,1,16.0,2.3262,1.2588000000000001,1.5069,1.44406,55.480999999999995,11.8392,5.6242,49.37876000000001,1.3645,0.126832,4.936,1.3219400000000001,0.2233400000000001,13.1964,28.2938,1.06098,0.99908,8.309,1.3212,33.7766,6.114199999999999,15.709600000000002,1.6764000000000001,14.6852,4.0586,3.9938,15.0662,1.3257999999999999,19.9416,20.0386,19.223799999999997,1716.8918094230362,1736.58117676,1.1644,1.5224,0.93964,1.7668800000000002,58.2518,14.536599999999998,4.8668,31.57204,0.93964,0.064994,4.100199999999999,1.0836400000000004,-0.24095999999999995,13.49,34.437200000000004,0.73024,1.01722,9.8912,4.9822,43.9948,9.4078,14.288599999999999,0.536,29.863,4.2906,1.7886,19.813,2.8352,27.1198,23.4878,19.163800000000002,1677.9055979246941,0,92.11340331999986
2023-11-26_Betis_Las Palmas,2023-11-26,21:00,La Liga,Matchweek 14,Sun,2024,1.0,0.0,Betis,Las Palmas,Home Win,1758.68762207,1,21.0,1.8596,0.3978,1.59808,0.6488,56.033199999999994,16.2984,4.603800000000001,29.08448,1.59808,0.10578599999999999,1.9988,0.38180000000000003,-0.015999999999999986,12.352,33.862,1.44592,1.4749400000000001,12.6298,2.1562,44.907399999999996,10.0498,18.7526,0.7516,20.202399999999997,6.0514,3.3434,20.7432,2.976,28.8776,29.2324,25.4586,1652.6961635500681,1622.80407715,1.0794,1.178,0.79788,1.08288,54.630199999999995,10.138599999999999,2.3712,26.48238,0.63964,0.068482,5.4468,1.54938,0.37138000000000004,18.994200000000003,31.377200000000002,0.56584,0.76886,8.363,1.6598,40.383599999999994,6.5796,19.2192,2.0132,12.360199999999999,2.4044,1.9609999999999999,16.0324,0.46399999999999997,19.1504,13.9562,15.441600000000001,1710.489533912042,0,135.88354492000008
2023-11-27_Athletic Club_Girona,2023-11-27,21:00,La Liga,Matchweek 14,Mon,2024,1.0,1.0,Girona,Athletic Club,Draw,1762.97485352,1,21.0,2.3933999999999997,1.5670000000000002,1.6104200000000002,1.2202,58.002599999999994,15.356200000000001,5.2254000000000005,33.111,1.4680199999999999,0.091924,4.663,1.56312,-0.0038799999999999356,10.038799999999998,41.5984,1.29374,1.4409999999999998,12.9448,3.0641999999999996,48.940200000000004,10.040799999999999,12.233400000000001,2.1113999999999997,24.698,6.1666,4.567,21.660999999999998,3.1482,28.6988,29.040799999999997,23.4476,1668.894742577608,1742.78491211,1.0886,1.3016,1.40434,1.33536,49.246599999999994,13.629999999999999,3.9768000000000003,29.191159999999996,1.40434,0.09841,5.043,1.48568,0.18407999999999994,13.404600000000002,27.647199999999998,1.2889400000000002,1.2841,11.4098,2.9290000000000003,37.2592,8.2948,16.907400000000003,2.0364,19.336199999999998,5.168799999999999,1.933,18.340200000000003,2.4286000000000003,24.7344,25.055600000000002,15.6044,1735.36933540164,1,20.189941409999847
2023-11-29_Cadiz_Mallorca,2023-11-29,21:00,La Liga,Matchweek 13,Wed,2024,1.0,1.0,Mallorca,Cadiz,Draw,1643.92370605,1,21.0,0.6154,0.7756000000000001,0.64518,0.92972,43.5918,10.3248,3.4029999999999996,32.85852,0.64518,0.060573999999999996,2.4652000000000003,0.75178,-0.02382,14.087599999999998,24.203400000000002,0.58694,0.64714,8.3798,1.8684000000000003,25.462200000000003,6.1022,14.7698,1.5678,19.504199999999997,5.2486,1.033,13.018799999999999,2.3758,17.869,20.2774,14.180800000000001,1731.085880152814,1628.68908691,0.5736,1.9358000000000002,0.49588,1.94178,40.327999999999996,5.8376,2.9776,51.98186,0.49588,0.089042,5.9196,2.07422,0.13842,17.2776,23.739600000000003,0.38294,0.36362,3.9102,1.442,22.275199999999998,3.5302000000000002,13.7606,0.4396,18.8378,4.4898,0.5538,5.466,1.4884,9.0484,9.75,11.820599999999999,1668.98306403781,1,15.23461913999995
2023-12-01_Getafe_Las Palmas,2023-12-01,20:00,La Liga,Matchweek 15,Fri,2024,2.0,0.0,Las Palmas,Getafe,Home Win,1623.81433105,1,20.0,1.062,0.6617999999999999,0.97066,1.05766,58.624199999999995,11.1248,3.9578,36.04312,0.6365799999999999,0.058564,3.0318,0.85826,0.19646,12.860399999999998,31.840399999999995,0.5526,0.76448,8.9092,1.653,46.7832,9.7874,17.4172,1.1204,18.1166,5.5908,2.124,17.3718,0.916,21.059199999999997,22.3418,18.5974,1639.336157956708,1682.01208496,1.4764,1.6366,1.21756,1.6711400000000003,39.7368,8.549600000000002,3.7119999999999997,45.3836,1.0894,0.137268,6.1934000000000005,2.06204,0.42544,17.738799999999998,21.256800000000002,0.7830600000000001,0.77396,5.887600000000001,3.0966,23.9768,4.0104,16.6142,0.178,16.9208,2.9504,2.755,10.2786,2.2742000000000004,15.9796,14.7736,9.515600000000001,1665.0063019528698,0,-58.197753910000074
2023-12-02_Granada_Real Madrid,2023-12-02,18:30,La Liga,Matchweek 15,Sat,2024,2.0,0.0,Real Madrid,Granada,Home Win,1966.39758301,1,18.0,2.6886,0.4044,2.15466,0.9169400000000001,57.64960000000001,18.7646,7.2744,39.64936,2.03598,0.113578,2.3316,0.70076,0.29636,9.1338,46.7822,1.65018,1.60648,14.780000000000001,2.1776,50.3392,10.500200000000001,14.3012,4.1259999999999994,16.9864,6.2703999999999995,4.8888,25.307399999999998,1.7898,33.8674,37.7324,29.6756,1671.03451025565,1582.15075684,0.7782,2.0422000000000002,1.0134,1.48682,49.123999999999995,9.6786,2.062,25.67624,0.55766,0.054686,4.218,1.66852,-0.12947999999999998,10.4052,22.5328,0.45588,0.81702,6.838799999999999,1.5735999999999999,28.9756,5.715400000000001,16.6252,2.2906,17.3414,4.7636,1.5564,11.4824,1.2354,18.208199999999998,18.0076,13.286000000000001,1622.200094873932,0,384.2468261700001
2023-12-02_Girona_Valencia,2023-12-02,14:00,La Liga,Matchweek 15,Sat,2024,2.0,1.0,Girona,Valencia,Home Win,1759.84216309,1,14.0,2.2540000000000004,1.6544,1.6226000000000003,1.30582,60.221000000000004,15.408800000000001,4.3260000000000005,25.7018,1.49444,0.094172,4.9408,1.46908,-0.18532000000000004,11.7002,42.76819999999999,1.19108,1.4068800000000001,12.0176,3.4462,51.053,10.136800000000001,13.963600000000001,1.7118,23.2956,5.6058,3.8218,21.9272,2.9334000000000002,28.272799999999997,28.3044,21.1168,1700.882398852812,1682.77819824,1.202,2.7128,1.18442,1.6527600000000002,44.541799999999995,9.759,3.6064,38.55854,1.18442,0.11885200000000001,7.084999999999999,2.2229200000000002,-0.48988,12.454,24.263399999999997,1.08906,0.93106,7.7898000000000005,1.9768000000000001,31.9634,4.522,14.574799999999998,1.5448,14.5892,4.0574,2.404,13.9034,1.5514000000000001,18.3578,15.5658,17.2462,1742.5801565182578,0,77.06396485000005
2023-12-02_Osasuna_Real Sociedad,2023-12-02,21:00,La Liga,Matchweek 15,Sat,2024,1.0,1.0,Osasuna,Real Sociedad,Draw,1649.94921875,1,21.0,1.0794,1.4793999999999998,1.36958,1.09508,50.534400000000005,13.036200000000001,3.0574,24.80626,1.21134,0.09457199999999999,2.7314000000000003,1.28132,-0.19807999999999998,12.2028,35.0114,0.8966799999999999,1.26044,9.4508,4.1036,46.0782,12.032599999999999,12.069,1.2134,24.9466,4.9584,1.939,17.7522,1.7504,22.5378,28.5074,17.119200000000003,1653.139622166424,1826.7755127,1.7082000000000002,1.3998,1.55496,1.14424,53.8228,12.559000000000001,3.4308,30.649520000000003,1.1837600000000001,0.09885,4.6536,1.3216,-0.07819999999999999,9.889800000000001,28.4782,0.86654,0.6155200000000001,8.6266,1.5997999999999999,31.0078,4.2782,15.716,0.9404,14.913599999999999,3.9478,2.3038,14.2162,2.1722,22.247600000000002,16.1006,18.722,1664.5589501960299,1,-176.82629395000004
2023-12-02_Athletic Club_Rayo Vallecano,2023-12-02,16:15,La Liga,Matchweek 15,Sat,2024,4.0,0.0,Athletic Club,Rayo Vallecano,Home Win,1745.03112793,1,16.0,2.8464,1.5282,2.50594,1.24748,57.4974,16.699,7.9986,49.28732,2.3105800000000003,0.136082,3.8288,1.8582800000000002,0.33008000000000004,10.089799999999999,34.114000000000004,1.66994,1.5329200000000003,13.0372,5.678,50.7238,11.669800000000002,15.2658,1.3978,26.7254,6.7852,5.204400000000001,21.9426,2.5658,30.2422,31.597,25.105399999999996,1636.602519675758,1671.42749023,0.6154,0.5558000000000001,0.82364,1.2877800000000001,40.7012,8.7842,3.1238,31.60612,0.6478,0.069346,4.8835999999999995,1.22538,0.66958,21.8622,16.993,0.39080000000000004,0.27766,5.4816,0.9358,25.1866,3.1900000000000004,15.553799999999999,0.38,12.242999999999999,2.5754,1.2308,10.2334,1.498,14.9442,9.896600000000001,9.7584,1743.739552832902,0,73.60363769999981
2023-12-03_Alaves_Mallorca,2023-12-03,14:00,La Liga,Matchweek 15,Sun,2024,0.0,0.0,Mallorca,Alaves,Draw,1638.84667969,1,14.0,0.7979999999999999,0.7979999999999999,0.7916000000000001,0.6504399999999999,49.82640000000001,12.046,3.651,32.3598,0.7916000000000001,0.0644,2.5186,0.5868,-0.21119999999999997,12.3696,27.7138,0.7047599999999999,0.81778,9.2628,2.37,28.546799999999998,6.7246,15.714200000000002,2.1436,22.0638,5.568,1.418,14.570599999999999,2.5824000000000003,20.901,21.5594,13.076999999999998,1701.8093155514819,1607.68408203,0.8398,1.6242,1.4362400000000002,1.49648,39.0058,12.0566,3.6108000000000002,23.878059999999998,1.4362400000000002,0.11682400000000001,5.3594,1.79312,0.34692000000000006,16.148600000000002,29.2424,0.91506,0.86388,8.274,2.5614,37.4762,8.3114,13.303199999999999,0.3956,20.569000000000003,3.6214,1.6796,16.012,1.45,20.9992,19.841,13.9368,1699.7791495845122,1,31.162597660000074
2023-12-03_Almeria_Betis,2023-12-03,16:15,La Liga,Matchweek 15,Sun,2024,0.0,0.0,Almeria,Betis,Draw,1558.57104492,1,16.0,1.7338,2.6022000000000003,1.68064,1.7402199999999999,51.132000000000005,12.859200000000001,4.9376,37.072100000000006,1.68064,0.118012,4.9272,2.22246,-0.37973999999999997,11.766600000000002,27.0182,1.2814,0.72898,8.8988,2.9818,31.070999999999998,6.2846,16.633399999999998,0.5402,21.4562,4.2854,2.8674000000000004,15.9828,1.1714,22.0234,17.9188,13.0396,1670.25054304091,1752.27514648,0.8398,1.6408,1.14772,1.46266,49.9458,11.539200000000001,3.3746,29.167740000000002,1.14772,0.11089399999999999,5.313,1.5620600000000002,0.1511,18.9904,26.601000000000003,0.8671600000000002,0.83658,9.0288,0.442,40.7232,9.7006,16.6462,2.5146,16.4392,5.6198,0.8154,14.2268,2.0464,20.044400000000003,23.8228,18.2,1683.126157982066,1,-193.70410156000003
2023-12-03_Sevilla_Villarreal,2023-12-03,18:30,La Liga,Matchweek 15,Sun,2024,1.0,1.0,Sevilla,Villarreal,Draw,1723.37890625,1,18.0,1.9097999999999997,1.0376,1.36238,1.4696399999999998,53.4022,18.631999999999998,6.5262,35.12316,1.36238,0.076236,3.6340000000000003,1.084,0.04639999999999997,11.7816,31.4356,1.06144,1.0575400000000001,14.5868,4.5534,46.658,10.3226,13.7016,0.8022,33.9634,8.174,3.0418,26.0764,2.7626000000000004,33.416799999999995,24.2714,19.073,1714.021381052054,1727.62329102,1.2418,1.8308,0.89968,2.1420000000000003,50.6554,7.814,4.1372,48.2113,0.72384,0.093546,7.6894,1.8599799999999997,0.029179999999999977,24.020799999999998,26.193800000000003,0.6275999999999999,0.63496,6.3354,1.1738,26.696799999999996,4.779999999999999,19.1648,1.6176,9.6686,3.6481999999999997,2.0792,11.2786,1.2222,14.9272,14.411000000000001,11.2476,1615.5938901610139,1,-4.244384769999897
2023-12-04_Cadiz_Celta Vigo,2023-12-04,21:00,La Liga,Matchweek 15,Mon,2024,1.0,1.0,Celta Vigo,Cadiz,Draw,1629.97900391,1,21.0,0.8178,1.6374,1.6388800000000001,1.34484,49.873799999999996,16.112,4.0108,20.93324,1.4806400000000002,0.094212,5.2378,1.7055399999999998,0.002199999999999966,15.652999999999999,31.686200000000003,1.02836,1.1042800000000002,11.9728,2.7102,36.1586,7.8016000000000005,14.473600000000001,1.3162,23.1816,7.0448,1.0818,22.0764,2.8918000000000004,29.6544,23.403399999999998,21.6308,1642.003635572908,1626.16784668,0.7604,1.5538,0.47628,1.5980400000000001,39.307199999999995,5.998,2.8356,47.45734,0.47628,0.08369399999999999,4.906599999999999,1.6672,0.11340000000000001,19.7478,21.877200000000002,0.36463999999999996,0.34726,3.6750000000000003,1.3978,20.126800000000003,2.9888000000000003,14.849799999999998,0.3956,17.6096,3.4640000000000004,0.7426,5.5194,1.1954,8.8994,9.1866,11.6826,1656.8159622784299,1,3.8111572300001626
2023-12-08_Getafe_Valencia,2023-12-08,21:00,La Liga,Matchweek 16,Fri,2024,1.0,0.0,Getafe,Valencia,Home Win,1666.09375,1,21.0,1.3866,0.7624,1.0937999999999999,0.96106,50.175399999999996,15.502600000000001,5.037,32.44642,1.0937999999999999,0.07574199999999999,2.4904,0.9756,0.2132,10.372,32.4686,0.8001,0.91222,11.4098,3.9848,37.946,7.115599999999999,13.5962,0.8,23.108600000000003,4.8718,2.613,19.3384,3.3672,26.0946,21.043200000000002,14.038799999999998,1655.2410006817381,1678.50793457,1.0376,2.6416,1.19482,1.50332,40.5686,9.9714,3.2574,32.53962,1.19482,0.117968,6.1556,2.2474,-0.3942000000000001,14.473600000000001,22.781000000000002,0.9769,0.8147,7.6108,1.8792,28.469,4.1256,14.373000000000001,1.202,12.7652,3.7074,1.5868,12.924600000000002,2.4730000000000003,18.2102,14.9648,15.8448,1768.6564594494182,0,-12.414184570000089
2023-12-09_Mallorca_Sevilla,2023-12-09,21:00,La Liga,Matchweek 16,Sat,2024,1.0,0.0,Mallorca,Sevilla,Home Win,1635.76782227,1,21.0,0.7182,0.7182,0.85012,0.5721399999999999,55.4696,11.3972,3.8741999999999996,37.796479999999995,0.85012,0.080054,2.811,0.55812,-0.16008,11.334999999999999,33.1682,0.78638,0.82484,9.324800000000002,2.9656,35.494800000000005,8.9382,15.066,1.9292,26.8624,5.7996,1.2762,14.634199999999998,2.38,20.6434,22.4566,14.967199999999998,1677.4890734861801,1721.24914551,0.8595999999999999,1.2818,0.90566,1.5015799999999997,55.364,13.306,4.580000000000001,32.1113,0.90566,0.068378,4.634399999999999,1.1376,0.27799999999999997,12.22,31.5194,0.76046,0.95666,9.8462,5.3166,39.022999999999996,9.3112,16.5016,0.5824,27.9676,4.2616000000000005,1.5213999999999999,17.7664,3.2399999999999998,25.1424,21.862000000000002,16.2612,1726.9532269297001,0,-85.48132324000017
2023-12-09_Betis_Real Madrid,2023-12-09,16:15,La Liga,Matchweek 16,Sat,2024,1.0,1.0,Betis,Real Madrid,Draw,1749.09887695,1,16.0,1.7736,0.358,1.63596,0.51416,52.0228,15.5804,4.8876,33.237700000000004,1.63596,0.11541600000000002,1.9106,0.58456,0.22655999999999996,13.8262,31.522199999999998,1.4545800000000002,1.2276799999999999,11.9786,2.0406,41.065400000000004,8.291400000000001,17.468,0.9206,19.3378,6.8672,2.9648,18.86,3.1226,26.6368,27.8444,24.036399999999997,1648.065450586646,1967.52746582,2.0642,0.8982,1.51858,1.4285199999999998,53.95120000000001,14.741399999999999,4.9384,34.04986,1.51858,0.106452,3.9978,1.17356,0.47315999999999997,15.180599999999998,39.6988,1.31348,1.0236,11.2186,0.822,41.4726,7.8644,14.5898,2.6196,15.1818,5.297199999999999,3.9504,19.8642,2.3402,27.0592,22.3684,21.309,1717.899023730062,1,-218.4285888700001
2023-12-09_Real Sociedad_Villarreal,2023-12-09,18:30,La Liga,Matchweek 16,Sat,2024,0.0,3.0,Villarreal,Real Sociedad,Away Win,1729.75317383,1,18.0,1.7082000000000002,1.7777999999999998,1.8107199999999999,1.61822,54.400400000000005,12.039000000000001,3.4794,29.05518,1.54034,0.13527,6.323599999999999,1.99098,0.21318000000000004,16.378999999999998,33.578199999999995,1.35888,1.11928,9.9252,3.8422,45.2838,9.289200000000001,14.922799999999999,2.0576,19.9446,6.293800000000001,2.9744,17.3138,1.5294,22.3876,22.465999999999998,18.902,1653.628678270338,1823.98913574,1.6374,1.2156,1.5839,0.91234,58.857,13.291599999999999,3.5878,29.962539999999997,1.24982,0.097082,3.7672,1.1408,-0.07479999999999998,9.324200000000001,33.1932,0.84104,0.66398,9.3524,2.6166,37.7118,5.527200000000001,14.812,0.558,20.2388,5.074,2.4176,13.4294,2.5434,23.111400000000003,18.2444,23.477800000000002,1624.28883088448,2,-94.23596191000001
2023-12-09_Alaves_Las Palmas,2023-12-09,14:00,La Liga,Matchweek 16,Sat,2024,0.0,1.0,Alaves,Las Palmas,Away Win,1610.76293945,1,14.0,1.1502,1.1184,1.42324,1.02468,45.9582,15.1852,4.2044,33.30598,1.2474,0.086444,3.0464,1.13324,0.014839999999999978,11.163400000000001,27.566200000000002,1.0500599999999998,1.00722,11.5134,3.0442,34.6484,8.8282,11.8342,1.3062,23.0858,6.284400000000001,1.1966,20.5988,2.9006,29.0346,22.988,18.476,1644.725044605738,1629.97277832,0.9714,1.1602000000000001,0.7203999999999999,1.0713599999999999,55.844,10.769,2.8224,28.2911,0.578,0.059866,5.0696,1.49798,0.33778,17.2414,32.639199999999995,0.46716,0.77756,7.9942,2.2264,41.922,7.2542,17.488,2.156,15.498600000000001,3.1966,1.7648000000000001,16.5734,0.6617999999999999,19.8796,14.793000000000001,15.220400000000001,1719.4665475342458,2,-19.209838870000112
2023-12-10_Barcelona_Girona,2023-12-10,21:00,La Liga,Matchweek 16,Sun,2024,2.0,4.0,Barcelona,Girona,Away Win,1894.74389648,1,21.0,1.2198,0.6154,1.8991799999999999,0.9851800000000001,60.580400000000004,13.359200000000001,4.0676000000000005,32.64052,1.7233399999999999,0.12661,2.7582,0.71056,0.09516000000000001,11.896799999999999,41.723200000000006,1.49944,1.22014,11.1338,2.1822,50.5026,9.404200000000001,15.627600000000001,3.7952,17.6298,6.1304,1.7235999999999998,18.905,0.8762000000000001,24.5104,24.270200000000003,27.6072,1706.02262077701,1762.12036133,2.5622000000000003,1.1822,2.6421799999999998,1.3787,56.1136,16.1222,5.1846,33.29688,2.6421799999999998,0.178544,4.5878,1.50614,0.32394,18.334,38.177600000000005,2.2473,2.02212,12.7376,4.524,47.4296,12.2288,13.1934,0.4044,22.4142,5.1292,4.34,24.2292,1.4786000000000001,28.6706,28.453400000000002,25.7362,1664.1803926251619,2,132.62353515000018
2023-12-10_Cadiz_Osasuna,2023-12-10,18:30,La Liga,Matchweek 16,Sun,2024,1.0,1.0,Cadiz,Osasuna,Draw,1626.52185059,1,18.0,0.9202,1.5302,1.05716,0.9933000000000001,38.4822,11.2804,3.308,30.22748,0.929,0.081322,5.6006,1.44412,0.18254000000000004,15.8752,20.4142,0.70282,0.6454,8.1934,3.4884000000000004,24.3414,6.0708,15.3336,0.2198,21.2558,3.7047999999999996,1.4604,13.0134,2.8344,19.9622,17.627399999999998,12.092,1772.936959620526,1650.74353027,1.1404,2.444,0.80304,1.8299,49.31179999999999,9.487599999999999,2.9814,27.29754,0.67488,0.071718,4.4476,1.99984,-0.6933600000000001,15.389400000000002,34.354,0.5152,0.65472,6.626799999999999,2.4622,33.6152,5.5838,12.6326,1.0642,19.7942,3.2640000000000002,2.1206,12.448,1.3800000000000001,15.810599999999997,15.6232,12.794599999999999,1730.943436817536,1,-24.22167968000008
2023-12-11_Celta Vigo_Rayo Vallecano,2023-12-11,21:00,La Liga,Matchweek 16,Mon,2024,0.0,0.0,Rayo Vallecano,Celta Vigo,Draw,1660.62207031,1,21.0,1.3758,1.5956,1.3440399999999997,2.1522200000000002,46.456799999999994,15.4086,6.0128,40.10396,1.2016399999999998,0.078408,4.5622,1.62866,0.27725999999999995,11.3162,32.0508,0.73062,0.9352,8.9178,2.1714,38.5716,7.5126,15.9926,1.5546,17.3044,4.0042,1.514,17.752200000000002,2.1146000000000003,25.962,20.768,13.057400000000001,1778.962591208784,1625.64086914,1.1578,1.9136,1.2038000000000002,1.8107800000000003,36.1148,10.644,3.1744000000000003,32.56784,1.04994,0.09506200000000001,4.884399999999999,1.7420200000000001,-0.17158,19.3822,19.3232,0.9114800000000001,0.5821400000000001,8.338000000000001,0.558,22.0432,3.8907999999999996,13.828600000000002,1.2898,11.983799999999999,3.7174,2.0958,14.0882,1.2422,18.7622,17.3446,15.729599999999998,1717.8803810528898,1,34.98120117000008
2023-12-11_Athletic Club_Granada,2023-12-11,21:00,La Liga,Matchweek 16,Mon,2024,1.0,1.0,Granada,Athletic Club,Draw,1579.02880859,1,21.0,1.5778,2.118,1.6116800000000002,2.1155,42.061,13.3978,5.666200000000001,41.23074,1.6116800000000002,0.12292600000000001,6.037400000000001,2.39814,0.28014,13.444000000000003,21.9858,1.44992,1.04804,9.8916,5.1452,26.543400000000002,8.596,15.0852,1.4616,18.876800000000003,3.3404000000000003,2.9954,14.781999999999998,2.4476,23.4454,22.4012,17.8614,1737.604699147464,1751.85229492,1.224,1.4156,1.5437,1.4616000000000002,44.429,13.8554,4.611800000000001,33.61786,1.5437,0.10678,4.8828,1.54244,0.12684,13.4526,25.452199999999998,1.43984,1.2501200000000001,12.0014,2.7918,36.2682,7.921,15.2072,2.077,20.7468,5.396,2.2282,18.2064,2.7740000000000005,25.2378,26.792,17.797800000000002,1757.0533127223703,1,-172.82348633000015
2023-12-15_Osasuna_Rayo Vallecano,2023-12-15,21:00,La Liga,Matchweek 17,Fri,2024,1.0,0.0,Osasuna,Rayo Vallecano,Home Win,1653.16186523,1,21.0,1.2156,1.5756000000000001,1.20166,1.28532,46.2176,11.6232,3.1957999999999998,28.65448,1.05926,0.09167199999999999,3.2466,1.43292,-0.14268000000000003,16.345399999999998,31.180000000000003,0.74608,1.06344,8.2848,3.9932000000000003,41.3072,10.7964,13.083,1.092,22.598599999999998,3.6976,2.2334,14.7582,2.0638,19.997799999999998,22.8076,14.477,1684.1523646483718,1658.34594727,0.5538,1.3328,0.64706,1.3322800000000001,42.108,8.429,2.6788000000000003,29.34328,0.48882,0.060200000000000004,4.651,1.4137600000000001,0.32516,22.2848,17.793799999999997,0.31962,0.24664000000000003,5.401,0.7979999999999999,26.412200000000002,2.9825999999999997,15.3218,0.9304,12.5628,2.3736,1.1076,10.477599999999999,1.0156,14.6846,9.8744,10.3152,1745.066401880878,0,-5.184082039999794
2023-12-16_Barcelona_Valencia,2023-12-16,21:00,La Liga,Matchweek 17,Sat,2024,1.0,1.0,Valencia,Barcelona,Draw,1670.86022949,1,21.0,1.096,0.178,0.96202,0.55566,49.397999999999996,10.0496,2.6486,23.421680000000002,0.78618,0.07587800000000001,1.9138000000000002,0.39746,0.21946,14.0834,26.2872,0.36142,0.442,6.3136,1.526,31.9594,5.1356,13.7384,1.0418,12.5626,2.8132,1.9942000000000002,12.003799999999998,2.4508,18.535,15.120000000000001,14.1436,1639.014002389768,1877.03186035,1.536,1.156,1.75996,0.79756,66.2914,13.713799999999999,5.0266,35.96688,1.6318,0.128196,4.0618,1.3208000000000002,0.1648,11.956,52.5642,1.14186,1.5579,10.147,1.9958,45.7802,10.493400000000001,17.7402,3.3708,14.7484,4.969,2.3858,18.4964,2.064,24.893,24.8006,26.9322,1680.564308860976,1,-206.17163086000005
2023-12-16_Celta Vigo_Granada,2023-12-16,14:00,La Liga,Matchweek 17,Sat,2024,1.0,0.0,Celta Vigo,Granada,Home Win,1629.59521484,1,14.0,0.9802,1.5735999999999999,1.8735999999999997,1.16824,52.8398,18.5426,4.7422,21.80362,1.7311999999999999,0.095234,4.525600000000001,1.51844,-0.11449999999999999,15.8092,36.6242,1.30414,1.5201600000000002,13.640600000000001,2.9834,48.0754,10.7076,14.770199999999999,1.6288,27.6262,7.8286,1.462,26.708199999999998,2.5142,34.3284,28.0144,24.8418,1639.6066471449979,1585.04003906,0.7004,2.1822,0.93648,1.6911399999999999,44.9488,8.9106,1.7116,15.89942,0.5263,0.058542000000000004,4.3404,1.8691000000000002,-0.0933,9.788,20.037999999999997,0.41028000000000003,0.6299600000000001,6.399,1.272,25.8804,5.0996,16.8066,1.7732,12.779200000000001,3.2778,1.4008,10.7784,1.356,16.9314,17.1066,12.369200000000001,1714.1354817152883,0,44.5551757799999
2023-12-16_Getafe_Sevilla,2023-12-16,18:30,La Liga,Matchweek 17,Sat,2024,0.0,3.0,Sevilla,Getafe,Away Win,1706.72290039,1,18.0,1.8188,1.178,1.42056,1.47152,55.78059999999999,17.4152,5.5526,32.04282,1.42056,0.08538,3.9589999999999996,1.31864,0.14064,11.303400000000002,35.4876,1.12854,1.11178,13.4628,6.0632,53.1854,12.2438,14.4082,0.822,40.072,8.3008,3.0818000000000003,24.527,3.3187999999999995,31.5006,25.400199999999998,22.0402,1738.325030199164,1671.43554688,0.8962,1.3846,1.11376,1.58192,37.4656,9.3274,3.4526,39.36016,1.11376,0.132984,6.174,1.75186,0.3672599999999999,16.3318,22.6848,0.74036,0.7177399999999999,5.854800000000001,2.5986000000000002,23.9676,3.3768,16.4528,0.1602,17.1732,3.4879999999999995,1.6144,9.674199999999999,2.3468,14.916800000000002,14.5522,9.5644,1639.0276926005338,2,35.28735351
2023-12-17_Real Madrid_Villarreal,2023-12-17,21:00,La Liga,Matchweek 17,Sun,2024,4.0,1.0,Real Madrid,Villarreal,Home Win,1965.77832031,1,21.0,2.6198,0.2198,2.09032,0.619,61.724,17.1228,6.3702,37.78196,1.9835200000000002,0.12498799999999999,1.3776,0.37118,0.15138000000000001,7.3112,52.6642,1.6063000000000003,1.48928,13.769200000000001,2.0156,56.7422,11.0384,14.2714,4.6899999999999995,16.9432,6.531600000000001,4.5558,23.667,1.6108,30.894199999999998,33.6398,27.2102,1634.347451247048,1709.12939453,1.2176,1.4594,1.05948,2.0646,47.8714,7.2444,4.2678,56.740520000000004,0.90124,0.13803,7.3204,1.67866,0.21926,29.879400000000004,23.512,0.7702,0.68472,6.101999999999999,1.0564,25.3414,5.0904,15.396999999999998,2.2884,9.6016,3.8276000000000003,1.727,10.7068,0.9558,13.658000000000001,14.514199999999999,11.8556,1639.6269095697999,0,256.6489257800001
2023-12-17_Cadiz_Las Palmas,2023-12-17,17:30,La Liga,Matchweek 17,Sun,2024,1.0,1.0,Las Palmas,Cadiz,Draw,1638.72619629,1,17.0,1.4442,0.5956,1.11008,1.02746,62.3568,11.1122,4.3062000000000005,39.18674,0.8094399999999999,0.07536000000000001,3.5612,0.85566,0.26006,13.2186,34.131,0.73386,0.91012,8.774000000000001,1.976,46.63699999999999,11.117799999999999,13.6476,2.2852,16.527600000000003,5.2874,2.8884,17.622799999999998,0.7802,21.0972,22.6398,17.2162,1629.776179636214,1625.78173828,0.7844,1.4984,0.47306,1.76476,37.855,5.1655999999999995,2.652,52.03674,0.47306,0.1013,5.116,1.62604,0.12764000000000003,22.4272,19.1144,0.387,0.33252,3.5074,1.8464,19.481,3.3781999999999996,15.685599999999999,0.6002,15.4622,2.2082,0.8684000000000001,5.5116000000000005,0.9316,7.9768,8.3352,9.6164,1638.993904589686,1,12.944458010000062
2023-12-17_Almeria_Mallorca,2023-12-17,14:00,La Liga,Matchweek 17,Sun,2024,0.0,0.0,Almeria,Mallorca,Draw,1559.48510742,1,14.0,1.272,1.9094,1.6660599999999999,1.4720000000000002,52.075,14.15,5.6764,38.619240000000005,1.6660599999999999,0.11055999999999999,3.9135999999999997,1.7173999999999998,-0.192,11.501600000000002,27.2072,1.36442,0.83168,10.185599999999999,3.2278000000000002,33.6848,7.232800000000001,15.1932,0.1978,21.478,3.9685999999999995,2.0038,16.684400000000004,1.7868,23.653599999999997,18.871000000000002,16.2334,1693.95841906498,1642.89086914,0.8366,2.0386,1.3316800000000002,2.07788,40.1378,11.117199999999999,3.0036000000000005,24.87166,1.2035200000000001,0.11276,4.9106,1.9568400000000001,-0.08176,14.4544,19.198,0.92682,0.6983199999999999,7.926200000000001,1.7624,20.3306,3.6742,11.740400000000001,1.6068,15.729399999999998,2.7424000000000004,1.513,12.0124,2.7536,18.8688,13.091199999999999,11.423199999999998,1691.48173300638,1,-83.40576171999987
2023-12-17_Betis_Real Sociedad,2023-12-17,16:15,La Liga,Matchweek 17,Sun,2024,0.0,0.0,Real Sociedad,Betis,Draw,1840.55603027,1,16.0,1.861,0.9446,1.1955,1.33078,53.1026,11.1786,6.1502,56.42584,1.06734,0.104286,4.2098,1.10996,0.16536000000000006,14.053199999999999,25.1134,0.793,0.97034,7.7014,1.189,35.2318,6.0026,13.596599999999999,1.8088000000000002,14.028400000000001,4.3412,3.0734,12.485000000000001,1.6816,18.0496,19.3582,19.946,1737.4404391595722,1751.72119141,0.7558,0.7558,1.0397,1.5564,49.183,10.2644,3.2372,31.75848,1.0397,0.107804,5.4376,1.5882,1.0104,19.9568,24.231,0.7872,0.7640800000000001,8.049199999999999,0.3978,35.943000000000005,7.821000000000001,17.1584,2.263,16.2836,5.8020000000000005,0.7338,13.6158,1.7975999999999999,17.9424,20.3542,16.226399999999998,1625.696499925326,1,88.83483885999999
2023-12-18_Alaves_Girona,2023-12-18,21:00,La Liga,Matchweek 17,Mon,2024,3.0,0.0,Girona,Alaves,Home Win,1777.98706055,1,21.0,1.7959999999999998,1.3006,1.38966,1.15992,64.4384,12.8934,3.9608,31.46012,1.38966,0.11285,4.4584,1.08382,-0.21678000000000003,9.8768,50.6174,1.0866200000000001,1.23318,10.0738,2.769,58.8502,10.1908,12.5022,1.4964,26.1402,4.9124,2.9743999999999997,19.0716,2.0632,23.828999999999997,26.0788,22.3818,1704.596360131232,1596.17993164,0.7558,1.1734,1.2649399999999997,1.1673,37.075,11.262400000000001,4.0822,33.8328,1.2649399999999997,0.10726,3.97,1.3633600000000001,0.35016,18.619799999999998,25.899399999999996,0.82472,0.7209800000000001,7.513999999999999,1.296,33.2444,6.2826,13.617,0.356,18.3816,3.8034,1.5116,15.166599999999999,1.0166,19.6224,19.657000000000004,15.4082,1694.9288275636382,0,181.80712891000007
2023-12-19_Rayo Vallecano_Valencia,2023-12-19,19:00,La Liga,Matchweek 18,Tue,2024,0.0,1.0,Rayo Vallecano,Valencia,Away Win,1648.54431152,1,19.0,1.0939999999999999,1.2918,1.3296199999999998,1.7306200000000003,51.1388,16.6768,5.523,33.656099999999995,1.20146,0.0718,3.7292,1.35154,0.27954,9.3984,32.20140000000001,0.72312,0.95166,10.291,3.031,43.474199999999996,8.3938,14.239799999999999,1.4991999999999999,22.8784,5.2688,1.0742,18.064999999999998,3.124,27.7072,20.1376,14.284199999999998,1745.945045384102,1670.53918457,0.9338,2.189,0.9987799999999999,1.2931999999999997,38.081,8.409,2.6432,26.084,0.9987799999999999,0.10828400000000002,5.995800000000001,2.0894,-0.09959999999999997,19.1546,20.3604,0.81706,0.74876,6.3286,1.547,25.3352,3.5686,14.5358,0.7934,11.079,2.904,1.428,10.6782,2.2816,15.4028,12.858600000000001,12.8296,1751.81430527382,2,-21.994873050000024
2023-12-19_Granada_Sevilla,2023-12-19,21:30,La Liga,Matchweek 18,Tue,2024,0.0,3.0,Granada,Sevilla,Away Win,1576.45605469,1,21.0,1.3758,1.5735999999999999,1.39074,1.76882,43.3766,12.037,4.867000000000001,38.07902,1.39074,0.116308,5.5451999999999995,1.9010600000000002,0.32746,15.109,22.5644,1.2107400000000001,0.91112,8.437199999999999,4.542200000000001,24.091600000000003,7.8038,13.0464,1.9038,15.726199999999999,2.6738,2.2632,13.827,1.7702,20.8588,20.939799999999998,17.031,1747.3984346932798,1683.82763672,0.7736,1.3978,0.84624,1.27162,57.62499999999999,14.452000000000002,4.9102,32.437760000000004,0.84624,0.061656,4.6152,1.16596,0.14816000000000004,10.6444,35.7184,0.7344,0.87772,11.370800000000001,5.917400000000001,39.9526,8.5032,17.4166,0.38,32.5426,6.189,1.3692,19.943,3.3602000000000003,27.0372,21.431200000000004,15.8462,1714.815351832788,2,-107.37158203000013
2023-12-20_Athletic Club_Las Palmas,2023-12-20,21:30,La Liga,Matchweek 18,Wed,2024,1.0,0.0,Athletic Club,Las Palmas,Home Win,1757.52197266,1,21.0,2.9954,0.9494,2.42428,0.9771799999999999,51.5596,15.4178,7.4521999999999995,48.68348,2.07068,0.138908,3.2532,1.21394,0.26454,11.4694,34.6398,1.6246000000000003,1.54284,12.910599999999999,4.8194,51.125,11.360400000000002,12.3988,2.3502,23.9224,6.396999999999999,4.9358,22.2624,1.4608,28.5032,30.1362,21.7476,1627.8260610815598,1635.20251465,1.1184,0.7558,0.6451,1.1831,57.169000000000004,9.582999999999998,2.7402,29.08058,0.5169400000000001,0.05643600000000001,3.9976000000000003,1.09658,0.34077999999999997,17.9938,33.120000000000005,0.39276,0.68772,6.4972,2.0596,42.085800000000006,6.0196000000000005,18.6482,1.6520000000000001,16.458199999999998,3.3212,2.0766,13.0326,1.084,16.6966,15.702399999999999,15.686999999999998,1665.88290419829,0,122.31945801000006
2023-12-20_Almeria_Barcelona,2023-12-20,19:00,La Liga,Matchweek 18,Wed,2024,3.0,2.0,Barcelona,Almeria,Home Win,1857.61328125,1,19.0,1.442,1.5306,2.26676,1.33852,59.345400000000005,16.997999999999998,5.7702,34.843680000000006,2.10852,0.12451,3.7592000000000003,1.5441799999999999,0.013579999999999995,9.4328,44.6582,1.88702,1.9075000000000002,14.595199999999998,3.2408,51.6736,11.7176,13.9114,4.059800000000001,19.1878,5.5966,2.528,25.2196,1.0886,31.3646,30.1274,29.388199999999998,1717.123576782542,1555.96142578,0.82,2.4964,1.0060200000000001,1.9183,42.1546,11.520199999999999,3.9879999999999995,34.9751,1.0060200000000001,0.083922,5.535,2.16988,-0.32652,16.2494,20.007,0.52322,0.50368,6.5972,1.5015999999999998,25.9928,4.9776,13.636600000000001,1.8072,17.9196,7.557,1.2178,11.725000000000001,2.654,17.305,17.873399999999997,9.8794,1652.0560069330718,0,301.6518554700001
2023-12-20_Celta Vigo_Villarreal,2023-12-20,21:30,La Liga,Matchweek 18,Wed,2024,3.0,2.0,Villarreal,Celta Vigo,Home Win,1715.32409668,1,21.0,1.3932,2.0442,1.90734,1.51986,54.2598,13.8444,3.8198,28.812820000000002,1.7649400000000002,0.13563,6.1912,2.2637400000000003,0.21954,15.2206,31.8222,1.48836,1.17618,10.421,4.0022,44.822199999999995,9.7044,17.360799999999998,2.5844,20.8824,6.164199999999999,2.3886000000000003,18.5032,1.7206,24.7464,24.0078,16.537200000000002,1687.806721556772,1631.13183594,0.7536,1.2896,0.8915400000000001,1.69196,37.7894,8.682,2.3360000000000003,33.76266,0.7530800000000001,0.07802,4.5074000000000005,1.45706,0.16746,21.874,18.8584,0.6573000000000001,0.433,6.2624,0.6022,21.129800000000003,2.8366,15.1108,1.505,11.8856,3.1574,1.3094000000000001,10.6842,1.1179999999999999,14.7466,14.391599999999999,12.9382,1679.79597297181,0,84.19226073999994
2023-12-21_Mallorca_Osasuna,2023-12-21,21:30,La Liga,Matchweek 18,Thu,2024,3.0,2.0,Mallorca,Osasuna,Home Win,1639.3671875,1,21.0,0.6022,0.358,0.77184,0.38749999999999996,53.9988,10.2804,3.4983999999999997,39.01778,0.77184,0.08005,3.1742,0.7456,0.3876,15.941400000000002,32.0394,0.71448,0.72908,8.071200000000001,2.5248,34.6336,8.056000000000001,14.158999999999999,1.692,24.8432,5.187,1.2044,13.3936,1.7094,18.8134,21.1662,14.226199999999999,1659.152961938472,1655.9161377,0.9822,2.0112,0.95486,1.7945600000000002,49.736999999999995,10.459999999999999,3.1276,26.5496,0.7839200000000001,0.07443,4.3586,1.73448,-0.501,15.5504,33.6868,0.61578,0.74136,7.2968,3.0486,34.3634,6.2022,14.8672,0.9578,20.5362,3.4818,1.7202,14.4012,1.442,17.5834,15.117,12.8036,1717.8564103777599,0,-16.548950200000036
2023-12-21_Betis_Girona,2023-12-21,19:00,La Liga,Matchweek 18,Thu,2024,1.0,1.0,Betis,Girona,Draw,1734.95959473,1,19.0,1.6962,0.4222,1.5302600000000002,0.6781,46.77119999999999,14.413,4.8548,35.5892,1.5302600000000002,0.115316,2.0638,0.62056,0.19836000000000004,11.801800000000002,29.107,1.3326000000000002,1.16162,11.404,1.4598,36.61,6.9646,15.2232,1.2728000000000002,16.6528,6.303800000000001,3.0124,17.187800000000003,2.5778000000000003,24.554399999999998,24.596999999999998,21.9022,1727.572727539714,1777.98706055,2.706,1.264,2.5847800000000003,1.9136799999999998,53.5158,16.2984,5.5104,34.70962,2.5847800000000003,0.171926,6.0944,1.87862,0.6146199999999999,18.6008,35.949600000000004,2.3059,2.04764,13.3406,4.2716,47.0072,12.826799999999999,11.420600000000002,0.7081999999999999,20.5514,4.6278,4.7501999999999995,25.0154,1.3866,29.124399999999998,30.5386,24.185599999999997,1729.2280682353,1,-43.02746582000009
2023-12-21_Cadiz_Real Sociedad,2023-12-21,19:00,La Liga,Matchweek 18,Thu,2024,0.0,0.0,Cadiz,Real Sociedad,Draw,1622.25805664,1,19.0,0.6398,1.4772,0.86844,1.24142,39.42280000000001,10.6316,3.7656,34.84942,0.86844,0.078748,5.5846,1.63272,0.3973,18.017400000000002,19.9964,0.7458,0.84064,7.6416,3.4396,21.245,5.575399999999999,15.644399999999997,0.1978,19.5886,2.8133999999999997,0.8376,11.947199999999999,2.5626,18.468600000000002,16.1552,10.417800000000002,1745.29982895508,1837.03234863,2.062,1.0939999999999999,1.76292,1.3006600000000001,55.509,15.581,4.3058,27.40046,1.46228,0.09637399999999999,4.0788,1.28648,0.19248,12.898800000000001,31.6422,1.06996,0.85178,11.691600000000001,3.1875999999999998,39.616,6.7398,15.0306,0.358,20.291999999999998,5.0108,2.8642,16.926,2.6332,26.328,21.2712,23.2628,1643.4687197275518,1,-214.77429198999994
2023-12-21_Alaves_Real Madrid,2023-12-21,21:30,La Liga,Matchweek 18,Thu,2024,0.0,1.0,Alaves,Real Madrid,Away Win,1596.17993164,1,21.0,1.0352000000000001,0.9623999999999999,1.58624,0.77478,45.0296,16.1432,3.7956,29.03286,1.4280000000000002,0.090684,2.7976,0.94458,-0.017820000000000003,11.923800000000002,27.5978,1.18156,1.21066,11.850200000000001,2.9838000000000005,36.7692,8.200800000000001,13.016,2.1524,24.4304,8.1536,1.077,19.3176,3.543,29.1748,27.2284,19.8818,1630.095468092406,1962.25463867,1.9578,0.62,1.4667199999999998,1.40124,54.8566,13.3138,4.212000000000001,31.11804,1.4667199999999998,0.110574,4.4864,1.10088,0.6588799999999999,15.3508,41.274,1.28654,0.8238,10.131599999999999,0.5956,41.696,6.7246,14.4308,3.146,11.3474,4.6466,3.7554,17.3032,1.7736,24.4346,21.09,22.3554,1745.932640160454,2,-366.0747070300001
2024-01-02_Alaves_Real Sociedad,2024-01-02,19:15,La Liga,Matchweek 19,Tue,2024,1.0,1.0,Real Sociedad,Alaves,Draw,1828.71679688,1,19.0,1.0982,0.41759999999999997,1.05618,1.26442,52.9156,11.693200000000001,5.791,50.89838,1.05618,0.095648,3.512,0.65408,0.23648000000000002,13.459599999999998,23.8044,0.75044,0.90004,7.8754,1.07,37.0066,6.679,11.8508,1.1954,14.0696,4.107,1.7568000000000001,13.0688,1.6134,18.777,19.743000000000002,17.9538,1753.0157250498942,1589.52319336,0.536,1.6444,0.93448,1.3791600000000002,33.884,10.0386,2.8648,28.342979999999997,0.93448,0.09143799999999999,4.5496,1.6421000000000003,-0.0023000000000000242,18.334600000000002,22.6254,0.64364,0.5747,7.286,1.2222,30.1802,5.1008000000000004,14.032000000000002,0.8088,16.6574,2.758,1.072,13.619799999999998,0.8266,17.065,15.775200000000002,16.311999999999998,1723.985135108826,1,239.1936035199999
2024-01-02_Getafe_Rayo Vallecano,2024-01-02,17:00,La Liga,Matchweek 19,Tue,2024,0.0,2.0,Getafe,Rayo Vallecano,Away Win,1693.7442627,1,17.0,1.0596,0.3978,1.08324,0.73078,55.1746,14.3198,5.133400000000001,39.6586,1.08324,0.082934,1.8088,0.66176,0.26396000000000003,8.3812,39.5364,0.72124,0.91984,10.047999999999998,3.9863999999999997,44.077600000000004,7.3926,13.5482,0.82,27.0492,5.2288,2.1192,18.660600000000002,2.4538,24.1202,23.325200000000002,15.9326,1660.019543870414,1638.89758301,0.4984,1.4438,0.71002,1.40554,40.744,8.7304,2.5668,27.333360000000003,0.56762,0.06694800000000001,4.8742,1.4788999999999999,0.2549,23.3214,18.391399999999997,0.29766,0.24198,4.872599999999999,0.9623999999999999,27.1156,3.4728000000000003,15.533999999999999,1.5699999999999998,12.362400000000001,2.092,0.9968,9.8534,1.1582000000000001,15.304799999999998,10.952200000000001,8.0534,1738.636256395816,2,54.846679689999974
2024-01-02_Valencia_Villarreal,2024-01-02,21:30,La Liga,Matchweek 19,Tue,2024,3.0,1.0,Valencia,Villarreal,Home Win,1680.18591309,1,21.0,0.7979999999999999,0.4044,0.80044,1.19502,48.157799999999995,10.0004,2.207,20.350720000000003,0.6422,0.064638,2.9992,0.80842,0.40401999999999993,13.021600000000001,26.235,0.32202000000000003,0.46221999999999996,6.4822,2.3502,30.907400000000003,5.798800000000001,13.2318,0.7934,14.216000000000001,2.7878,1.418,12.0032,2.75,18.1488,14.7638,12.664,1706.185557883282,1716.42553711,1.1958,2.146,0.91818,2.2467,44.488600000000005,5.378,3.22,52.53594,0.77578,0.166534,7.9208,1.9438,-0.20219999999999996,28.624200000000002,22.162999999999997,0.67226,0.5409,4.7824,0.5182,24.9424,2.9512,14.3596,2.2596,7.4672,2.2914,1.7542,8.0732,0.716,10.2966,11.5558,12.0142,1719.19827416876,0,-36.239624020000065
2024-01-03_Cadiz_Granada,2024-01-03,17:00,La Liga,Matchweek 19,Wed,2024,2.0,0.0,Granada,Cadiz,Home Win,1563.73828125,1,17.0,1.0939999999999999,2.0046,1.2118600000000002,1.5842200000000002,46.1132,11.168000000000001,4.1034,34.7662,1.2118600000000002,0.109792,5.779,1.96624,-0.038360000000000005,14.265799999999999,23.151999999999997,1.05428,0.8190599999999999,8.0166,4.5878,25.802999999999997,8.3116,15.0394,2.0576,17.7744,3.1506,1.7484,13.0232,1.3606,19.386599999999998,18.7152,16.595,1736.794527100722,1628.36791992,0.6617999999999999,1.1602000000000001,0.70112,1.3699399999999997,38.39,6.67,3.031,49.0251,0.70112,0.10705600000000001,3.7952,1.04206,-0.11814,22.4172,20.1796,0.60808,0.51462,5.166,2.5944000000000003,20.5538,4.3172,16.0378,1.7612,18.058,3.02,1.1258,8.0024,1.4268,11.253599999999999,10.5994,9.943000000000001,1647.9716837407718,0,-64.62963867000008
2024-01-03_Betis_Celta Vigo,2024-01-03,19:15,La Liga,Matchweek 19,Wed,2024,2.0,1.0,Celta Vigo,Betis,Home Win,1626.94458008,1,19.0,0.9822,1.272,1.9416,0.7986,50.4472,18.221,5.2448,28.5119,1.81344,0.10592000000000001,3.2636,1.1458400000000002,-0.17956,14.518600000000001,35.495000000000005,1.2237400000000003,1.55028,12.8766,2.685,46.245599999999996,9.937,16.102600000000002,1.666,27.961600000000004,8.466800000000001,1.56,25.037599999999998,2.707,33.7168,27.8784,23.3694,1635.06726010784,1738.70092773,0.536,0.536,1.07454,1.4098600000000001,45.969199999999994,10.2936,3.2134,31.35642,1.07454,0.108906,4.8614,1.37846,1.00266,17.8074,20.4798,0.7640399999999999,0.66998,7.3674,0.6022,32.6408,6.2410000000000005,17.2866,1.8482,15.0458,5.921799999999999,0.5162,13.4216,1.5735999999999999,18.0596,19.053,15.0384,1684.792960739654,0,-111.75634765000018
2024-01-03_Mallorca_Real Madrid,2024-01-03,19:15,La Liga,Matchweek 19,Wed,2024,1.0,0.0,Real Madrid,Mallorca,Home Win,1967.50610352,1,19.0,3.0462,0.442,2.1978,0.6515,63.282000000000004,17.7546,6.6331999999999995,37.80562,2.10168,0.127816,1.1956,0.50056,0.058559999999999994,6.591399999999999,52.8634,1.66452,1.4815200000000002,14.1922,1.914,61.9734,13.4208,13.943999999999999,4.1326,17.581400000000002,8.2878,4.9886,24.012,2.0380000000000003,31.948800000000002,35.864200000000004,27.1004,1662.4322781747198,1645.85461426,0.3204,1.1138,1.40294,1.4819399999999998,41.2564,12.8706,2.6148000000000002,20.70228,1.40294,0.113368,3.3660000000000005,1.22762,0.11382000000000003,13.344000000000001,20.832,1.13392,0.8706,9.2104,2.863,21.8746,4.5394,11.8104,1.402,18.1542,2.7239999999999998,0.6408,13.988199999999999,3.5107999999999997,22.0798,15.623999999999999,12.0252,1657.056096800236,0,321.65148925999983
2024-01-04_Barcelona_Las Palmas,2024-01-04,20:30,La Liga,Matchweek 19,Thu,2024,1.0,2.0,Las Palmas,Barcelona,Away Win,1629.09692383,1,20.0,1.3998,0.7802,1.0835,1.3154,63.675,10.2684,3.9314,37.9263,0.81294,0.083594,4.2818000000000005,1.02426,0.24406,14.1412,38.778400000000005,0.73492,0.89354,7.3756,1.8784,49.324200000000005,9.973400000000002,12.2852,2.5452,17.595599999999997,4.8702,2.3112,15.939400000000001,0.558,19.222199999999997,20.3986,17.4152,1633.860090403432,1858.91369629,1.3381999999999998,1.1404,2.07698,0.7245400000000001,65.0972,15.0958,5.800599999999999,37.65836,2.07698,0.143586,4.1998,1.2687,0.12830000000000003,10.8186,48.568200000000004,1.6193,2.02492,11.5858,2.3846000000000003,52.3842,14.007200000000001,17.8872,3.7664000000000004,15.1176,5.2162,2.0588,21.0652,1.8134,27.178,29.4488,27.0156,1680.2262103982102,2,-229.81677246000004
2024-01-04_Almeria_Osasuna,2024-01-04,17:00,La Liga,Matchweek 19,Thu,2024,1.0,0.0,Osasuna,Almeria,Home Win,1649.26464844,1,17.0,1.3381999999999998,1.1296,1.2303199999999999,1.11144,48.3166,11.0282,3.5645999999999995,33.336380000000005,1.10216,0.101714,3.222,1.2642600000000002,0.13466,16.232,28.378000000000004,0.86356,1.05824,8.356200000000001,3.7496000000000005,36.5506,8.8306,14.528199999999998,0.8386,21.941,4.5162,2.4983999999999997,14.982199999999999,2.3016,19.709400000000002,20.3078,12.943200000000001,1693.4084171401319,1554.82507324,1.2264,2.5468,1.2817,2.28278,40.573800000000006,12.2334,4.666,40.082440000000005,1.2817,0.11027400000000001,6.37,2.29854,-0.24826000000000004,15.115,19.162,0.6274,0.56098,6.970000000000001,1.3514,25.982,5.3124,15.082400000000002,1.6264,16.6836,6.513,1.5844,12.1294,2.6328000000000005,18.4724,18.195600000000002,9.7914,1692.05831135261,0,94.43957520000004
2024-01-04_Athletic Club_Sevilla,2024-01-04,19:15,La Liga,Matchweek 19,Thu,2024,0.0,2.0,Sevilla,Athletic Club,Away Win,1693.82922363,1,19.0,0.916,1.6486,1.2055,1.65088,57.488600000000005,16.0086,4.6764,29.760519999999996,1.2055,0.07763400000000001,5.1282,1.6775000000000002,0.028899999999999967,12.2614,38.8228,1.0336,1.05178,12.6398,5.6128,54.2418,12.408,14.6676,1.084,37.0,7.1498,1.476,22.3324,3.0427999999999997,28.5762,23.507200000000005,19.1944,1744.359371508992,1761.07592773,1.0574000000000001,1.5182,1.4128200000000002,1.32774,44.6096,15.523400000000002,4.694800000000001,31.472080000000005,1.4128200000000002,0.087684,4.1618,1.28956,0.015559999999999963,11.841999999999999,29.9702,1.30376,1.2050800000000002,13.2106,3.2452,39.0952,8.605599999999999,14.0654,1.9691999999999998,24.0796,6.2332,1.9169999999999998,20.1394,3.5734000000000004,27.6002,28.5664,20.5044,1736.6882732429299,2,-67.24670410000022
2024-01-12_Alaves_Sevilla,2024-01-12,21:00,La Liga,Matchweek 20,Fri,2024,2.0,3.0,Sevilla,Alaves,Away Win,1681.87512207,1,21.0,0.536,1.6838,1.11168,1.6590600000000002,57.407199999999996,13.921599999999998,3.832,27.2924,1.11168,0.07731199999999999,5.2596,1.82512,0.14132,12.668000000000001,37.5194,0.88372,0.99334,10.589799999999999,6.0398,50.044999999999995,11.4462,14.7126,0.9756,33.94799999999999,5.9254,0.7516,20.057000000000002,2.4618,25.3672,21.326,16.8884,1762.789330444036,1596.74841309,0.5824,1.5799999999999998,0.8401,1.318,37.358599999999996,8.193,1.8132,23.27068,0.64474,0.075198,4.883,1.5878800000000002,0.007880000000000002,16.759,25.5258,0.45949999999999996,0.45072,5.848199999999999,1.4442,31.427599999999998,4.5582,11.7868,0.4396,16.9802,3.0263999999999998,1.1648,11.7602,0.844,14.8284,15.8976,16.6694,1749.940542091968,2,85.1267089800001
2024-01-13_Las Palmas_Villarreal,2024-01-13,13:00,La Liga,Matchweek 20,Sat,2024,3.0,0.0,Las Palmas,Villarreal,Home Win,1624.59692383,1,13.0,1.2156,1.0464,0.90096,1.5536599999999998,57.525999999999996,10.009,3.694,36.38788,0.7728,0.081234,4.642,1.0574400000000002,0.011040000000000008,16.1692,35.5702,0.717,0.9286000000000001,7.838000000000001,1.6021999999999998,41.0684,8.9108,13.5336,2.4906,14.241,5.0274,1.9916,15.8128,0.8464,18.878999999999998,17.351399999999998,13.301599999999999,1689.321603758878,1706.58862305,1.3204,2.664,0.9340200000000001,2.57596,48.035000000000004,6.361,3.8746,59.49014,0.80586,0.159764,7.784599999999999,2.52434,-0.13965999999999998,23.200400000000002,27.495600000000003,0.68828,0.6389,5.3366,0.178,31.418200000000002,3.9328,12.8262,1.8894000000000002,8.5532,2.218,1.823,8.7866,0.356,11.087599999999998,13.253599999999999,14.054599999999999,1720.213529272948,0,-81.9916992200001
2024-01-13_Athletic Club_Real Sociedad,2024-01-13,18:30,La Liga,Matchweek 20,Sat,2024,2.0,1.0,Athletic Club,Real Sociedad,Home Win,1773.03015137,1,18.0,2.5074,0.8544,2.73812,0.93826,50.1056,14.9552,7.362799999999999,49.01912,2.22452,0.147666,3.0278,1.1025,0.2481,11.6552,33.0222,1.62214,1.7195,11.6662,4.7374,48.093399999999995,12.5894,13.279800000000002,3.192,24.474200000000003,6.1129999999999995,4.0654,21.7154,1.7147999999999999,27.5996,30.746,22.128999999999998,1635.4918615954198,1821.49145508,1.7116,0.6962,1.53566,1.09762,55.6694,14.101799999999999,3.5426,23.27162,1.2651000000000001,0.08840999999999999,3.4383999999999997,1.05924,0.36304,15.672,27.473,0.87762,0.77776,10.345600000000001,3.213,35.3262,6.71,16.0368,0.178,20.5508,5.1537999999999995,2.2894,15.08,2.4698,23.7972,22.541600000000003,24.3572,1647.98139279904,0,-48.46130370999981
2024-01-13_Celta Vigo_Mallorca,2024-01-13,16:15,La Liga,Matchweek 20,Sat,2024,1.0,1.0,Mallorca,Celta Vigo,Draw,1644.64379883,1,16.0,1.1304,0.6664,0.8767400000000001,0.6673800000000001,51.788599999999995,11.6174,4.3812,40.115219999999994,0.8767400000000001,0.082928,4.1335999999999995,1.08296,0.41656,17.6896,28.316,0.8007000000000001,0.6729,8.8966,2.7164,35.0788,7.0734,14.087,1.2344000000000002,26.200000000000003,5.7008,2.2608,14.0426,2.2268,20.441200000000002,20.761000000000003,16.000999999999998,1657.37054804743,1636.08093262,1.0224,1.6048,0.9035200000000001,1.8636599999999999,42.570800000000006,9.8904,2.6466,32.9706,0.7789200000000001,0.07200799999999999,5.2892,1.9741399999999998,0.36934,19.244799999999998,24.721600000000002,0.59946,0.5529599999999999,6.436,1.6188,30.184599999999996,4.0298,15.488199999999999,0.7778,16.2926,3.83,1.6225999999999998,11.404,1.5504,16.3926,16.5058,14.3534,1705.0675732654881,1,8.562866209999811
2024-01-13_Betis_Granada,2024-01-13,21:00,La Liga,Matchweek 20,Sat,2024,1.0,0.0,Betis,Granada,Home Win,1729.5645752,1,21.0,1.3381999999999998,0.6242,1.5128000000000001,0.9245000000000001,45.6404,15.9368,4.3368,29.936460000000004,1.5128000000000001,0.105016,2.5458,0.9648000000000001,0.3406,12.598200000000002,31.4942,1.12514,1.14662,11.1752,1.8022,36.916599999999995,6.9239999999999995,15.0448,0.8572,17.5644,6.6617999999999995,2.2344,21.020200000000003,2.1316,28.1618,25.6254,22.921,1749.3068957771761,1574.78112793,0.1978,1.7756,0.54678,1.44578,47.995400000000004,7.277600000000001,1.7404000000000002,19.591340000000002,0.40832,0.060688000000000006,4.1622,1.4894200000000002,-0.08837999999999999,10.4536,21.743199999999998,0.33274,0.48278,5.4498,1.3448,27.424599999999998,5.045400000000001,18.4354,1.3074,13.2452,2.4732000000000003,0.3956,9.2586,1.3204,13.410200000000001,14.8332,12.3438,1713.2806056640202,0,154.78344727000012
2024-01-14_Almeria_Girona,2024-01-14,14:00,La Liga,Matchweek 20,Sun,2024,0.0,0.0,Almeria,Girona,Draw,1550.8918457,1,14.0,0.8564,1.4300000000000002,1.19788,1.67338,51.0146,11.9934,3.9112,29.77102,1.19788,0.084762,3.2896,1.48142,0.051419999999999993,14.2818,24.18,1.1038400000000002,0.70646,8.8022,2.14,29.733400000000003,6.0446,14.5734,0.178,19.721,3.5392,1.5150000000000001,14.8628,1.1756,20.526,15.2772,15.9548,1683.738104513926,1791.61096191,2.3912000000000004,1.2376,2.43858,1.8291000000000002,54.3292,14.903399999999998,4.970999999999999,33.666000000000004,2.24322,0.15552000000000002,6.0291999999999994,1.6886799999999997,0.45108000000000004,17.8082,42.3686,1.9966599999999999,1.75982,12.085600000000001,3.7118,50.2222,12.6882,9.869,1.1258,20.2518,4.765000000000001,4.186800000000001,23.392799999999998,1.3038,27.4026,30.0288,24.4994,1731.4415715814719,1,-240.71911621000004
2024-01-14_Cadiz_Valencia,2024-01-14,16:15,La Liga,Matchweek 20,Sun,2024,1.0,4.0,Cadiz,Valencia,Away Win,1617.32507324,1,16.0,0.5758,1.3294,0.93926,1.1961000000000002,37.7506,10.7126,3.589,33.0469,0.93926,0.085198,4.6934,1.3784800000000001,0.26666,18.192400000000003,19.1876,0.6867800000000001,0.831,7.433199999999999,3.3956000000000004,18.5574,5.3736,16.0684,0.178,20.2182,4.0972,0.7538,11.2198,2.6064,18.0774,17.360599999999998,9.943200000000001,1783.972027269372,1690.02282715,0.9404,1.8257999999999999,0.9000199999999999,1.1505799999999997,36.931200000000004,7.9354,2.6788000000000003,28.695520000000002,0.9000199999999999,0.097568,4.9194,1.5731800000000002,-0.25261999999999996,20.9256,19.615000000000002,0.7408999999999999,0.67944,6.5398,1.4921999999999997,24.903999999999996,3.6558,14.638200000000001,0.9581999999999999,10.9826,1.9926,1.4852,10.0334,2.1534,14.008799999999999,11.607400000000002,11.6812,1741.43892304665,2,-72.69775391000007
2024-01-19_Alaves_Cadiz,2024-01-19,21:00,La Liga,Matchweek 21,Fri,2024,1.0,0.0,Alaves,Cadiz,Home Win,1609.09973145,1,21.0,0.9316,0.822,1.3578400000000002,0.6852,43.6612,14.0312,3.4717999999999996,29.695800000000002,1.21544,0.085732,3.062,0.9512800000000001,0.12928,12.219800000000001,26.849400000000003,0.98364,1.05308,10.5,2.3528000000000002,37.80159999999999,7.0596,13.0144,1.7930000000000001,24.831599999999998,7.494,0.9692000000000001,17.087799999999998,2.8562000000000003,25.0618,25.5288,19.5494,1709.60487561078,1602.7076416,0.5956,1.2442,0.73988,1.7492200000000002,39.916399999999996,8.9452,2.6396,35.83482,0.73988,0.089816,4.792400000000001,1.5430000000000001,0.29880000000000007,21.619,20.6622,0.58288,0.5376,6.1264,2.6792000000000002,22.4082,4.5298,15.357199999999999,1.2968,19.2854,3.4623999999999997,1.0131999999999999,10.732800000000001,2.1168,15.18,12.593399999999999,10.749,1624.0970562018358,0,6.392089850000048
2024-01-20_Mallorca_Villarreal,2024-01-20,16:15,La Liga,Matchweek 21,Sat,2024,1.0,1.0,Villarreal,Mallorca,Draw,1692.38256836,1,16.0,1.8422,2.0398,2.15846,1.5267,53.7338,13.848399999999998,4.5704,35.06016,1.83494,0.142832,5.8278,2.24178,0.20198000000000005,17.872799999999998,30.186600000000002,1.4094799999999998,1.13856,10.322999999999999,3.5136,42.830600000000004,9.434,17.313,2.726,19.4734,5.5152,3.0822000000000003,18.4412,2.0928,25.0486,23.851599999999998,15.706800000000001,1688.804113891992,1642.20666504,0.0,0.9581999999999999,1.1929,1.4172000000000002,39.4216,11.995400000000002,1.7766,12.23016,1.1929,0.098496,3.5294,1.1971800000000001,0.23898000000000003,14.686399999999999,19.2836,0.9163600000000001,0.91682,8.601199999999999,2.921,21.1548,4.974,9.9758,1.4618,20.4576,3.4284,0.0,13.2014,3.604,20.739799999999995,14.8294,12.267,1736.0838006828421,1,50.17590332000009
2024-01-20_Las Palmas_Rayo Vallecano,2024-01-20,14:00,La Liga,Matchweek 21,Sat,2024,0.0,2.0,Rayo Vallecano,Las Palmas,Away Win,1655.37121582,1,14.0,0.6962,1.1184,0.93828,1.41444,51.781600000000005,14.123000000000001,4.638,30.580579999999998,0.93828,0.062852,3.512,1.09774,0.17714000000000002,9.691,29.2862,0.5887,0.85882,8.796800000000001,2.8838000000000004,38.7344,9.043,14.6158,1.8376,24.644600000000004,5.7303999999999995,0.6784,15.4282,2.9116,23.540999999999997,19.3914,14.4884,1743.634561229412,1638.80297852,0.7182,0.7802,0.49524,1.75088,56.3078,8.836200000000002,2.1336000000000004,22.82342,0.49524,0.06067600000000001,5.2188,2.08694,1.30674,18.8712,28.756800000000005,0.39790000000000003,0.64452,6.2474,1.7094,41.4538,6.017600000000001,17.4624,1.2984,16.400599999999997,3.1889999999999996,1.4364,11.463999999999999,1.464,15.3058,14.5114,13.043999999999999,1679.613653467192,2,16.56823730000019
2024-01-20_Athletic Club_Valencia,2024-01-20,18:30,La Liga,Matchweek 21,Sat,2024,1.0,0.0,Valencia,Athletic Club,Home Win,1704.64025879,1,18.0,1.4508,0.46399999999999997,1.34646,1.1688200000000002,49.095,9.9004,3.1632,31.40352,0.81334,0.086594,3.532,1.1916,0.7275999999999999,12.907800000000002,26.832200000000004,0.48075999999999997,0.55368,6.4782,2.4594,32.8464,6.639800000000001,13.3646,0.9581999999999999,15.0596,3.4858,2.4972000000000003,12.7238,2.4308,18.7548,16.773400000000002,14.195200000000002,1699.3606014146299,1780.43518066,1.44,0.9338,1.32942,1.1640000000000001,42.607000000000006,15.0386,5.0136,34.0476,1.32942,0.08647200000000001,3.513,0.9843000000000002,0.2703,15.232199999999999,27.964399999999998,1.17242,1.07362,12.2686,3.1324000000000005,38.1418,7.8242,12.172799999999999,1.8721999999999999,23.2834,5.5774,2.702,19.9372,2.351,26.186799999999998,28.653999999999996,24.0378,1720.185283666658,0,-75.79492187000005
2024-01-20_Celta Vigo_Real Sociedad,2024-01-20,21:00,La Liga,Matchweek 21,Sat,2024,0.0,1.0,Celta Vigo,Real Sociedad,Away Win,1638.51806641,1,21.0,1.084,1.1006,1.95976,0.95968,44.4998,17.1894,4.4994000000000005,26.682059999999996,1.7644,0.10776999999999999,3.3814,1.24892,0.10025999999999999,15.1756,28.7102,1.1048200000000001,1.3987000000000003,12.5562,2.7164,41.559599999999996,9.454600000000001,13.9064,2.6762,25.046400000000002,7.699199999999999,1.7040000000000002,22.426399999999997,2.548,31.3378,25.359799999999996,21.202,1657.045172630558,1814.08642578,1.4962000000000002,0.8266,1.3623,1.2343600000000001,56.06739999999999,12.8704,3.144,21.592339999999997,1.23414,0.100778,2.8178,1.1044800000000001,0.27788,16.1374,25.980800000000002,0.92426,0.75996,9.1898,2.7032000000000003,32.239000000000004,5.8062000000000005,16.1332,0.1602,20.1396,5.1384,1.872,13.706600000000002,2.2786,21.4752,22.7198,20.7026,1676.212795631504,2,-175.56835936999983
2024-01-21_Barcelona_Betis,2024-01-21,18:30,La Liga,Matchweek 21,Sun,2024,2.0,4.0,Betis,Barcelona,Away Win,1732.56665039,1,18.0,1.1602000000000001,0.41759999999999997,1.62804,0.8964799999999999,47.641999999999996,19.1504,5.0798000000000005,29.601340000000004,1.62804,0.09142,2.6354,0.8739,0.45629999999999993,11.805799999999998,30.812600000000003,1.25472,1.23966,14.4648,2.0662000000000003,38.334599999999995,8.341,14.919599999999999,1.0156,18.985,8.305,1.9225999999999999,25.2908,2.6068000000000002,34.8044,31.2564,24.338399999999996,1717.388271484954,1863.41369629,1.4044,0.9822,2.18144,0.7076600000000001,62.313199999999995,15.562999999999999,5.6206,35.109120000000004,2.0105,0.131138,3.7914000000000003,1.3350600000000001,0.35285999999999995,9.860000000000001,43.607,1.56416,1.93922,11.2272,2.4462,51.08140000000001,13.4184,16.1564,4.234,17.636400000000002,6.8482,2.253,20.6588,2.3646,27.336999999999996,34.465,27.4584,1675.021931322098,2,-130.8470459
2024-01-21_Getafe_Osasuna,2024-01-21,14:00,La Liga,Matchweek 21,Sun,2024,3.0,2.0,Osasuna,Getafe,Home Win,1653.19775391,1,14.0,1.1602000000000001,1.0166,1.12196,0.9626,47.8206,11.758,2.9756,26.934200000000004,1.12196,0.096218,2.4672,1.08014,0.06353999999999999,15.664200000000001,30.8382,0.80396,0.9747600000000001,8.3206,3.5745999999999998,37.5518,7.1058,13.1544,0.4222,21.058600000000002,5.1414,1.6718,13.719,2.904,20.0828,21.0214,13.4374,1672.3675175057979,1677.27062988,1.5699999999999998,1.3062,1.6353799999999998,1.4516799999999999,43.5932,14.910400000000001,4.9117999999999995,33.416520000000006,1.0883399999999999,0.089166,4.7516,1.30914,0.002939999999999998,11.261600000000001,31.5594,0.8044,0.8942999999999999,10.8418,3.9093999999999998,30.9936,5.9876000000000005,17.3512,0.4396,21.705999999999996,5.5318000000000005,2.2364,18.5124,3.1812000000000005,24.9822,20.598799999999997,13.417199999999998,1628.2916446504578,0,-24.072875969999814
2024-01-21_Girona_Sevilla,2024-01-21,21:00,La Liga,Matchweek 21,Sun,2024,5.0,1.0,Girona,Sevilla,Home Win,1787.27197266,1,21.0,2.37,1.1084,1.57932,1.2123599999999999,63.133199999999995,11.9264,4.5226,37.5749,1.40348,0.12441999999999999,5.351800000000001,1.07334,-0.03506000000000001,12.912199999999999,44.8692,1.02732,1.2822200000000001,9.1482,2.7228,51.2084,10.138399999999999,11.177800000000001,0.8398,22.3094,4.9201999999999995,3.9200000000000004,17.868,1.4674,22.2878,27.5668,24.344,1640.252409617368,1669.52368164,0.9976,0.9581999999999999,0.55282,0.9775200000000001,54.4676,11.856,3.7334,31.090500000000002,0.55282,0.048168,4.1342,1.24236,0.46216,13.5876,34.555800000000005,0.4926,0.61868,10.256,3.7826000000000004,38.1202,5.8092,15.1138,0.178,27.5166,6.147,1.5556,16.006,2.5294,21.504399999999997,17.256999999999998,14.9208,1641.281166505092,0,117.74829102000012
2024-01-21_Almeria_Real Madrid,2024-01-21,16:15,La Liga,Matchweek 21,Sun,2024,3.0,2.0,Real Madrid,Almeria,Home Win,1968.71691895,1,16.0,2.409,0.3978,1.9317600000000001,0.66076,63.653800000000004,17.5352,6.0374,34.80215999999999,1.9317600000000001,0.12026600000000001,0.9318,0.40724,0.009439999999999997,7.276400000000001,53.1328,1.3618000000000001,1.40572,14.0732,1.6784,61.964800000000004,13.0906,14.6144,2.81,19.3212,7.959199999999999,3.8245999999999998,23.867,2.0784000000000002,31.7102,33.3484,30.641800000000003,1657.8609872815202,1555.23083496,0.8154,1.8154,1.05816,2.09802,43.3348,10.6888,3.4784000000000006,28.057540000000003,1.05816,0.094154,5.068,1.79826,-0.017139999999999992,13.6502,18.8454,0.5990599999999999,0.5637,6.816999999999999,2.0488,28.502,5.3252,14.9742,1.4636,15.982199999999999,5.973,0.9934,11.704400000000001,2.081,16.792,16.9428,11.3216,1676.092900562378,0,413.48608399
2024-01-26_Alaves_Almeria,2024-01-26,21:00,La Liga,Matchweek 22,Fri,2024,0.0,3.0,Almeria,Alaves,Away Win,1554.54748535,1,21.0,0.3382,0.8544,1.07506,1.1611599999999997,50.0804,13.226600000000001,3.5316000000000005,26.216939999999997,1.07506,0.07375000000000001,2.628,0.9007000000000001,0.04630000000000001,14.4422,26.1596,0.946,0.88232,9.9104,3.0586,30.7042,7.0286,12.473999999999998,0.4044,20.293,4.0178,0.4984,16.7534,1.4022000000000001,22.7944,18.5914,17.235999999999997,1724.8523584197221,1615.17749023,1.1126,1.6219999999999999,1.1724,1.5359800000000001,36.102000000000004,10.1272,3.4412000000000003,31.35022,0.9965600000000001,0.090772,4.3622,1.6879400000000002,0.06593999999999997,19.069200000000002,21.301399999999997,0.68774,0.49448,7.861,2.1324,28.4456,5.234999999999999,12.5964,0.3956,15.540399999999998,3.1238,1.7368000000000001,13.1934,1.5922,18.3084,18.294,16.546400000000002,1758.362476540372,2,-60.630004880000115
2024-01-27_Betis_Mallorca,2024-01-27,21:00,La Liga,Matchweek 22,Sat,2024,0.0,1.0,Mallorca,Betis,Away Win,1645.75854492,1,21.0,1.2615999999999998,0.844,1.09886,0.71834,52.0214,12.444399999999998,4.8316,40.87356,1.09886,0.092844,4.208600000000001,1.19444,0.35044000000000003,15.611,28.7842,1.02042,0.95424,9.4514,2.7448,38.3012,7.5102,13.6134,1.1668,25.7034,6.5634,2.5231999999999997,14.106200000000001,3.181,21.7302,22.1854,14.8242,1651.048170118464,1723.15625,0.5824,0.8266,1.1791800000000001,1.7407400000000002,47.3728,11.817800000000002,3.3362000000000003,28.64444,1.1791800000000001,0.101806,5.119400000000001,1.58594,0.7593399999999999,16.8936,20.3112,0.9374,0.66856,8.595799999999999,0.8862,35.319,7.293799999999999,16.3694,2.0076,15.7738,6.606399999999999,0.8088,14.5888,2.2488,20.284,20.813000000000002,14.0136,1685.459524998358,2,-77.39770507999992
2024-01-27_Rayo Vallecano_Real Sociedad,2024-01-27,14:00,La Liga,Matchweek 22,Sat,2024,0.0,0.0,Real Sociedad,Rayo Vallecano,Draw,1819.76831055,1,14.0,0.8,0.62,1.0417399999999999,1.12264,53.212599999999995,13.2774,5.7118,44.43904,1.0417399999999999,0.079666,3.2166,0.69868,0.07868000000000001,12.7928,24.656600000000005,0.69774,1.15306,8.8088,0.8188,36.0174,5.734399999999999,13.3752,1.42,15.2394,4.4404,1.2044,13.983,2.4288,21.573999999999998,22.443,15.848600000000001,1718.046327076082,1640.15039062,0.6486000000000001,1.0110000000000001,0.95882,1.2184400000000002,46.6186,9.778400000000001,3.4428,30.60426,0.83066,0.082582,3.5216,1.15796,0.34476,17.4196,19.0848,0.41115999999999997,0.33546,5.661999999999999,0.5778,27.180799999999998,3.0372,15.9248,2.6340000000000003,11.2052,2.327,1.053,10.156400000000001,1.1424,16.4396,11.101199999999999,10.6224,1727.051709668692,1,179.61791992999997
2024-01-27_Barcelona_Villarreal,2024-01-27,18:30,La Liga,Matchweek 22,Sat,2024,3.0,5.0,Barcelona,Villarreal,Away Win,1872.82397461,1,18.0,1.8862,1.8659999999999999,2.68292,1.53772,60.343199999999996,20.8942,6.870199999999999,31.915160000000004,2.5405200000000003,0.1255,4.1718,1.59076,-0.27524,7.8918,48.852399999999996,2.2379,2.19192,17.6548,3.1168,54.1568,13.0554,12.0342,3.4654,19.3016,7.390600000000001,2.9636,27.3844,2.6892,37.7548,35.3642,31.567600000000002,1675.705775316866,1688.83068848,0.7558,2.8418000000000005,1.0983,2.2109199999999998,46.678399999999996,9.1554,3.6430000000000002,46.30338,1.0983,0.151456,6.5851999999999995,2.39752,-0.44428,19.6168,30.809400000000004,0.93364,0.8748,7.4008,1.3812000000000002,35.6606,5.549,12.3552,3.4656000000000002,12.4052,3.3172,0.7756000000000001,11.6384,1.053,16.2072,17.3798,16.8238,1714.1417782474261,2,183.99328613000012
2024-01-27_Las Palmas_Real Madrid,2024-01-27,15:15,La Liga,Matchweek 22,Sat,2024,1.0,2.0,Las Palmas,Real Madrid,Away Win,1654.02380371,1,15.0,1.8266,0.7976,0.81876,1.68484,56.307599999999994,9.3756,3.3362000000000003,35.345240000000004,0.81876,0.09031800000000001,4.3336,1.0961400000000001,0.29854,16.729,34.4242,0.78296,0.83806,7.465999999999999,1.1536,38.6866,8.343,15.334,2.4856000000000003,11.6982,4.0596,3.2576,14.7666,0.8617999999999999,17.582,14.8094,10.7086,1698.8338998291558,1969.40026855,1.5735999999999999,0.558,1.1349200000000002,1.1769200000000002,57.1014,12.1614,3.7582,31.63872,1.1349200000000002,0.092098,4.0936,0.91428,0.51648,15.0274,39.858200000000004,1.0160200000000001,0.777,9.8742,0.7802,43.8454,6.7404,15.7528,2.6872,12.822,4.3378,3.1471999999999998,17.361,1.9404,23.07,20.016,21.410800000000002,1713.734925267746,2,-315.3764648399999
2024-01-28_Athletic Club_Cadiz,2024-01-28,16:15,La Liga,Matchweek 22,Sun,2024,0.0,0.0,Cadiz,Athletic Club,Draw,1596.62988281,1,16.0,0.7624,2.029,1.05626,1.3674,44.0012,10.685400000000001,3.1858,28.847279999999998,0.88532,0.079236,4.724,1.81132,-0.021879999999999997,15.4104,22.6642,0.63366,0.75904,7.2898,3.3560000000000003,25.2714,5.092,15.8174,0.6486000000000001,18.8312,3.6992,0.9226,11.485999999999999,2.0132,18.402,15.427,10.481399999999999,1770.378350951688,1772.41772461,1.296,0.9404,1.2608800000000002,1.07992,47.5184,13.5578,4.8122,38.52676,1.2608800000000002,0.09159199999999999,2.3966000000000003,0.75284,0.010239999999999999,15.2978,28.788400000000003,1.07074,0.9730000000000001,10.720600000000001,2.6308000000000002,39.9808,7.353400000000001,12.5998,1.6408,22.322000000000003,4.498600000000001,2.4318,19.2316,1.9274,24.191,26.1348,24.3106,1691.09618811055,1,-175.78784180000002
2024-01-28_Osasuna_Sevilla,2024-01-28,18:30,La Liga,Matchweek 22,Sun,2024,1.0,1.0,Sevilla,Osasuna,Draw,1662.42431641,1,18.0,0.8266,2.1038,1.32144,1.75082,61.206199999999995,14.4736,3.3162000000000003,23.551000000000002,1.12608,0.07613800000000001,6.1104,2.19656,0.09275999999999995,12.2128,44.337199999999996,0.73998,0.94074,10.6866,6.279999999999999,54.068,11.301400000000001,14.918,0.7338,33.885400000000004,5.977,1.6532,20.5954,2.6598,26.2188,22.7466,21.1508,1695.867354029718,1660.08581543,1.084,2.5426,1.0915,1.6674,51.1402,10.9024,4.0916,33.80538,0.93764,0.087756,5.4437999999999995,1.67658,-0.86602,15.463000000000001,33.0736,0.6298,0.68838,6.9788,3.0438,35.1476,6.182,14.104,0.5736,21.7358,2.8452,1.4598,13.7286,1.3978,17.2368,16.170199999999998,12.602400000000001,1718.223686402702,1,2.3385009800001626
2024-01-28_Celta Vigo_Girona,2024-01-28,14:00,La Liga,Matchweek 22,Sun,2024,0.0,1.0,Celta Vigo,Girona,Away Win,1632.83630371,1,14.0,0.9756,0.8022,1.7072599999999998,0.79956,46.823800000000006,14.628400000000001,4.1052,29.43442,1.5314199999999998,0.098108,2.5223999999999998,0.9157,0.11350000000000002,14.413800000000002,29.4712,0.91338,1.2166799999999998,10.402800000000001,2.2564,39.8818,8.4322,14.604000000000001,2.4086,24.508799999999997,7.385000000000001,1.5335999999999999,18.6206,2.6374,27.384999999999998,23.314,17.8304,1707.044956590792,1794.37133789,2.0078,1.1138,2.0948599999999997,2.00358,51.556999999999995,11.75,3.997,31.57788,1.9190199999999997,0.14352,5.8702,1.6329799999999999,0.51918,17.827199999999998,39.260600000000004,1.67712,1.4363199999999998,8.7698,3.2521999999999998,45.807,10.5332,10.2262,1.5015999999999998,18.3966,4.3002,3.4796,17.1834,1.1734,21.4806,26.906800000000004,21.31,1700.263235911234,2,-161.5350341799999
2024-01-29_Getafe_Granada,2024-01-29,21:00,La Liga,Matchweek 22,Mon,2024,2.0,0.0,Getafe,Granada,Home Win,1670.38269043,1,21.0,0.9536,0.8464,0.9428,1.10722,49.708600000000004,10.9364,3.3224,29.79626,0.9428,0.088408,3.3372,1.30372,0.45732000000000006,7.7544,33.4018,0.6114200000000001,0.67482,7.4686,2.7226,35.326,5.5556,15.102800000000002,0.738,21.174999999999997,4.3292,1.9072,13.7338,1.7316,17.5938,19.009,12.0558,1647.2060787829982,1568.6229248,0.178,1.5538,0.52768,1.43796,47.6404,6.1406,1.6221999999999999,22.43348,0.40308,0.066946,4.346,1.4872200000000002,0.11142000000000002,13.294599999999999,21.657200000000003,0.30064,0.378,4.4398,1.022,26.205599999999997,3.7316,16.105999999999998,1.0324,12.8442,1.4608,0.356,8.655999999999999,1.2442,11.539,12.331399999999999,12.4536,1724.068005835842,0,101.75976562999995
2024-01-31_Barcelona_Osasuna,2024-01-31,19:00,La Liga,Matchweek 20,Wed,2024,1.0,0.0,Barcelona,Osasuna,Home Win,1853.26831055,1,19.0,2.286,2.612,2.73554,1.73814,63.760400000000004,22.0142,7.9484,35.82754,2.6073800000000005,0.12294799999999999,4.643000000000001,2.07446,-0.53754,7.514199999999999,54.281000000000006,2.33826,2.26686,18.4986,3.1492,59.4548,14.2032,12.575,3.4187999999999996,21.4574,8.2284,3.644,27.4666,3.353,39.553799999999995,38.49979999999999,33.8736,1639.6174544188239,1662.15490723,1.2198,1.9558,1.20328,1.2346000000000001,54.942400000000006,11.4888,4.515,37.25168,1.06482,0.100634,4.8228,1.5514999999999999,-0.40429999999999994,14.4842,35.440200000000004,0.80218,0.73278,7.413399999999999,2.8952000000000004,39.404799999999994,5.8754,16.7238,0.7604,22.915399999999998,2.9606,1.558,13.3996,1.8464,17.8338,16.0972,12.142199999999999,1672.705460255798,0,191.1134033200001
2024-02-01_Getafe_Real Madrid,2024-02-01,21:00,La Liga,Matchweek 20,Thu,2024,0.0,2.0,Getafe,Real Madrid,Away Win,1670.38269043,1,21.0,1.2024,0.6175999999999999,0.9496800000000001,1.3018800000000001,48.016000000000005,9.6774,3.5342000000000002,37.42784,0.9496800000000001,0.10866200000000001,3.3036,1.2834,0.6658000000000001,9.5442,34.17,0.46492000000000006,0.57964,6.5005999999999995,2.406,32.6388,5.3998,15.5252,0.3758,21.345399999999998,4.296200000000001,1.6722,11.5622,1.5141999999999998,14.5152,17.930799999999998,12.05,1615.006011033624,1972.28735352,1.7604,0.6022,1.35236,1.01386,55.5142,12.100999999999999,4.0266,33.75284,1.35236,0.10954,3.3074000000000003,1.0060799999999999,0.40387999999999996,13.5712,42.2344,1.2209400000000001,0.9558200000000001,10.231,1.0464,46.8558,8.0314,16.066,3.2068000000000003,13.3842,4.5040000000000004,3.5208,16.748199999999997,2.0464,22.8304,22.4004,21.602,1695.1675291494341,2,-301.90466309
2024-02-02_Athletic Club_Mallorca,2024-02-02,21:00,La Liga,Matchweek 23,Fri,2024,4.0,0.0,Athletic Club,Mallorca,Home Win,1769.47949219,1,21.0,2.4566,0.7248,2.58108,0.8391,48.8418,14.1714,6.349799999999999,43.036579999999994,2.11884,0.150342,2.3924000000000003,0.83156,0.10676,11.877799999999999,28.3918,1.2736399999999999,1.4878,10.378599999999999,3.1102,43.044,10.921199999999999,15.005400000000002,3.0728,22.241,5.2808,3.8146,18.757800000000003,2.2318,25.430400000000002,29.571600000000004,18.7652,1674.338471654778,1637.65869141,0.2442,0.9623999999999999,0.8973,1.55202,41.1004,10.1538,1.2222,12.310500000000001,0.8973,0.083552,3.5324,0.8747199999999999,-0.08768000000000001,14.362,22.1736,0.75376,0.94838,7.3758,3.073,27.7208,5.465,9.889800000000001,1.6598,21.877000000000002,3.8298000000000005,0.4884,11.8158,3.0109999999999997,18.0468,14.2696,11.4518,1714.7439731687818,0,131.8208007799999
2024-02-03_Alaves_Barcelona,2024-02-03,18:30,La Liga,Matchweek 23,Sat,2024,1.0,3.0,Alaves,Barcelona,Away Win,1629.91345215,1,18.0,0.9384,0.5956,1.52298,0.56016,45.4928,13.3954,2.892,26.0021,1.19946,0.0886,2.7116000000000002,0.73638,0.14078000000000002,13.418800000000001,27.8412,0.99968,1.03776,9.5732,2.1292,38.8984,6.477,14.7106,1.8136,26.1138,7.0002,1.3606,16.4464,1.8496,23.602,24.875600000000002,18.906000000000002,1680.184260473862,1855.80175781,1.9524,1.084,2.26332,0.79016,59.9306,13.520599999999998,4.5934,33.92606,2.1094600000000003,0.162328,4.1006,1.2183,0.13430000000000009,11.715800000000002,35.6252,1.79752,1.7555,10.2834,2.0132,51.5612,12.732,16.5732,3.8664,15.986999999999998,5.554200000000001,3.5488,18.806800000000003,1.7956,24.1078,31.144,25.450000000000003,1700.502454686498,2,-225.88830566000001
2024-02-03_Almeria_Valencia,2024-02-03,14:00,La Liga,Matchweek 23,Sat,2024,2.0,1.0,Valencia,Almeria,Home Win,1708.26403809,1,14.0,1.2615999999999998,0.41759999999999997,1.21536,1.08746,45.1576,8.6452,2.5144,27.54072,0.73552,0.09437999999999999,3.3346000000000005,1.04152,0.62392,12.9286,26.1398,0.58038,0.7048399999999999,5.997800000000001,2.4134,31.3642,6.82,12.9958,1.2066,15.9302,3.5372,2.3034,11.7864,2.0434,16.6374,14.898399999999999,10.491999999999997,1728.1618686746542,1539.81152344,1.2222,2.2222,1.0999800000000002,2.07934,39.25020000000001,10.7638,3.1862,25.33296,1.0999800000000002,0.09950400000000001,5.5936,2.28002,0.05781999999999998,14.097,16.8072,0.70124,0.59616,7.223599999999999,1.5556,27.840000000000003,5.1926,15.165,1.8056,14.807,5.242999999999999,1.3824,12.4104,1.9727999999999999,17.4332,16.636400000000002,10.412799999999999,1759.415607570048,0,168.45251465
2024-02-03_Granada_Las Palmas,2024-02-03,16:15,La Liga,Matchweek 23,Sat,2024,1.0,1.0,Granada,Las Palmas,Draw,1562.84216309,1,16.0,0.7778,1.1758,1.38088,1.13204,53.1528,12.990399999999998,3.9132000000000002,31.201919999999998,1.38088,0.10978,4.3228,1.26364,0.08783999999999995,14.1328,24.9816,1.23866,1.01092,9.110800000000001,3.915,33.708600000000004,9.8534,17.3432,1.7492,21.400599999999997,4.4096,1.1996,15.599,2.0318,22.499000000000002,21.083199999999998,14.9962,1655.483881664328,1651.13671875,0.8464,0.558,0.48688,1.92326,55.6,8.9524,2.7086,28.4251,0.48688,0.058726,4.852799999999999,2.0604,1.5024,20.881999999999998,26.2176,0.38927999999999996,0.63564,6.4226,1.7384,37.0916,6.0158,19.5698,1.2244,14.074200000000001,2.5816,1.2044,11.717399999999998,1.1734,15.3308,15.0484,12.3184,1687.7771948982358,1,-88.29455566000001
2024-02-03_Girona_Real Sociedad,2024-02-03,21:00,La Liga,Matchweek 23,Sat,2024,0.0,0.0,Girona,Real Sociedad,Draw,1799.96228027,1,21.0,3.2098,1.2418,1.8965199999999998,1.23324,60.8774,11.934000000000001,5.7356,47.69694,1.73828,0.151164,5.260999999999999,1.22024,-0.021559999999999985,14.230599999999999,42.2722,1.30206,1.6735600000000002,9.233600000000001,2.8506,46.803,10.657,11.260200000000001,1.2442,19.1272,3.9631999999999996,5.6816,18.5582,1.0882,22.2594,26.5332,24.5538,1648.6141884264819,1813.55871582,1.1582000000000001,0.5998,1.07538,1.12648,55.272200000000005,10.597199999999999,2.597,23.325419999999998,1.07538,0.10802800000000001,2.736,0.94636,0.34656,16.944399999999998,24.938200000000002,0.88742,0.7295400000000001,7.9056,2.2885999999999997,30.1936,5.2812,14.422200000000002,0.0,17.972,4.6362,1.7406,11.7822,1.7182,17.4438,19.429000000000002,19.0668,1682.93871247733,1,-13.596435550000024
2024-02-04_Betis_Getafe,2024-02-04,18:30,La Liga,Matchweek 23,Sun,2024,1.0,1.0,Betis,Getafe,Draw,1731.25610352,1,18.0,1.2442,1.3526,1.4166400000000001,1.45288,43.6944,17.482000000000003,5.1160000000000005,31.66372,1.4166400000000001,0.087394,3.2043999999999997,1.2748599999999999,-0.07773999999999998,12.5578,27.6124,1.0795000000000001,1.00826,12.765,2.3038,36.3034,8.507,14.639600000000002,1.1582000000000001,18.4424,7.342,2.1304,23.42,2.1578,31.173000000000002,27.047400000000003,20.2326,1763.061459205212,1676.16333008,1.9014,1.9082,1.78486,1.46978,47.24159999999999,14.708000000000002,6.130000000000001,47.16794,1.29254,0.11011000000000001,5.409000000000001,1.6145399999999999,-0.29366,9.5052,31.392599999999998,0.83164,0.91814,10.8904,3.4744,32.304,5.8332,18.2928,0.884,23.1334,5.523,2.9896,17.6616,2.6748000000000003,23.9846,23.002200000000002,13.3082,1631.276697679184,1,55.092773439999974
2024-02-04_Celta Vigo_Osasuna,2024-02-04,16:15,La Liga,Matchweek 23,Sun,2024,0.0,3.0,Osasuna,Celta Vigo,Away Win,1659.62145996,1,16.0,1.4884,0.8266,1.10094,0.89098,46.3294,11.594,3.9548,34.49396,1.10094,0.09415399999999999,3.3529999999999998,1.28214,0.45554000000000006,15.020800000000001,28.501200000000004,0.89124,0.86636,8.1444,2.6962,32.469,5.5976,14.804,0.6242,20.3642,4.583,2.0488,13.2704,3.2020000000000004,19.8422,18.0568,11.6402,1663.568118310278,1627.24536133,1.1644,1.5444,0.93086,2.03036,43.7674,9.7898,2.582,30.595779999999998,0.81872,0.08446,5.9372,2.2951799999999998,0.75078,18.843400000000003,22.684599999999996,0.63278,0.5521,6.4366,1.4569999999999999,29.943399999999997,3.5386,15.927800000000001,0.5558000000000001,15.5194,3.547,1.9487999999999999,10.475200000000001,1.6396,16.041800000000002,14.934399999999998,13.329600000000001,1685.5593996082002,2,32.376098630000115
2024-02-04_Cadiz_Villarreal,2024-02-04,14:00,La Liga,Matchweek 23,Sun,2024,0.0,0.0,Villarreal,Cadiz,Draw,1708.38635254,1,14.0,1.758,1.9358000000000002,2.19028,1.2265799999999998,51.0094,15.2728,5.046,35.7191,2.01444,0.145314,4.724,1.8801200000000002,-0.05567999999999999,19.583199999999998,29.0822,1.5871,1.20354,11.3116,2.9295999999999998,40.6732,8.958,16.8256,2.3092,17.2516,4.6428,3.1182,19.029600000000002,2.0836,27.573999999999998,22.9454,14.6386,1692.018282666506,1599.56811523,0.536,1.2198,0.66704,1.8896799999999998,40.4486,9.3834,2.3314000000000004,30.15926,0.66704,0.077622,4.6132,1.48434,0.26454,22.665999999999997,18.7218,0.5257400000000001,0.495,6.9906,3.3438,21.7584,4.5768,14.989,1.6554,20.0896,3.6604,0.9117999999999999,11.969,1.9609999999999999,16.3716,12.434199999999999,13.2164,1614.284710670192,1,108.81823730999986
2024-02-05_Rayo Vallecano_Sevilla,2024-02-05,21:00,La Liga,Matchweek 23,Mon,2024,1.0,2.0,Rayo Vallecano,Sevilla,Away Win,1644.19787598,1,21.0,0.3382,1.2066,1.09096,1.15556,49.6618,14.310599999999999,3.8974000000000006,25.797439999999998,1.09096,0.07233400000000001,3.9492000000000003,0.9738,-0.05479999999999996,9.045200000000001,30.766999999999996,0.8140200000000001,0.96062,9.205400000000001,3.2838000000000003,40.138000000000005,10.0598,13.533399999999999,2.2422,27.1548,7.510999999999999,0.178,15.296999999999997,3.1646,23.2542,24.668799999999997,15.993,1706.293590234222,1660.35522461,0.9978,1.9392,0.5387,1.13864,51.2136,10.993400000000001,3.3716,30.56152,0.5387,0.05279400000000001,5.2418000000000005,1.63654,-0.14246000000000003,12.796199999999999,35.8446,0.40124,0.50588,8.3766,2.595,39.8296,5.84,14.0256,0.1602,25.3022,5.888,1.6,13.919,2.2322,19.2674,17.0546,13.5754,1678.86182011899,2,-16.157348630000115
2024-02-09_Betis_Cadiz,2024-02-09,21:00,La Liga,Matchweek 24,Fri,2024,0.0,2.0,Cadiz,Betis,Away Win,1604.35668945,1,21.0,0.3978,1.5378,0.8896999999999999,1.1064800000000001,45.199,10.372599999999998,2.6346,24.17378,0.7358399999999999,0.06521800000000001,2.8098,1.35628,-0.005299999999999999,14.559999999999999,22.8304,0.47494,0.63102,7.0165999999999995,3.3204,25.421599999999998,5.327,14.8588,0.4396,19.713,4.506,0.3978,11.4816,2.156,18.017599999999998,13.2422,10.6776,1774.955722680042,1727.6328125,0.6242,0.5998,1.00034,1.71668,46.18260000000001,10.7152,3.0584000000000002,28.5537,1.00034,0.090858,4.419,1.2399,0.6401,16.9484,19.0828,0.77274,0.6573,8.0038,0.7976,30.4182,6.499599999999999,15.899799999999999,0.7976,14.675600000000001,5.769,0.9279999999999999,13.753200000000001,2.224,18.8906,18.8462,14.024000000000001,1679.034166502196,2,-123.27612305000002
2024-02-10_Las Palmas_Valencia,2024-02-10,20:00,La Liga,Matchweek 24,Sat,2024,2.0,0.0,Las Palmas,Valencia,Home Win,1650.67492676,1,20.0,1.5997999999999999,1.062,0.85014,1.90496,56.121,8.8496,3.0584000000000002,33.99332,0.85014,0.098496,4.4002,1.25746,0.19546000000000002,17.276799999999998,30.2536,0.83234,0.8675,7.4193999999999996,1.6266,35.322599999999994,8.3088,16.2216,2.3369999999999997,12.704999999999998,3.4652000000000003,2.8436,13.668999999999999,1.0198,16.4028,13.7194,10.305200000000001,1782.576339476894,1711.0958252,1.2372,1.2066,0.77706,1.2681200000000001,38.6734,7.978400000000001,2.9056,32.29904,0.77706,0.090824,4.46,1.72536,0.51876,18.1078,20.8682,0.59034,0.39852,5.4858,1.5546,24.7808,2.8186,14.607600000000001,0.358,12.426,2.2032,1.7144,9.2676,1.8188,13.110800000000001,10.0422,7.2018,1644.985881663766,0,-60.420898439999974
2024-02-10_Alaves_Villarreal,2024-02-10,14:00,La Liga,Matchweek 24,Sat,2024,1.0,1.0,Alaves,Villarreal,Draw,1623.6953125,1,14.0,0.9446,1.2686000000000002,1.26884,0.72508,41.66,12.0582,2.6586,25.20124,1.093,0.08918200000000001,3.2288,1.20112,-0.06747999999999998,12.300199999999998,26.4038,0.86878,0.8165399999999999,7.973999999999999,2.4164000000000003,37.6552,4.9876000000000005,13.907,1.8764,28.656200000000002,7.7444,1.5688,14.339199999999998,1.8203999999999998,21.1908,21.559999999999995,18.0944,1738.637743554058,1703.59777832,1.7570000000000001,2.8576,1.38596,1.96468,42.126599999999996,8.8518,3.7346000000000004,48.79002,1.38596,0.18338,6.6823999999999995,2.07142,-0.5419799999999999,18.157600000000002,28.1866,0.98356,0.98386,6.9284,2.3200000000000003,34.8828,6.271000000000001,10.9102,2.975,12.441600000000001,2.553,2.7516,11.3424,0.9036,15.4662,19.240000000000002,16.2532,1772.764633863228,1,-79.90246582000009
2024-02-10_Osasuna_Real Sociedad,2024-02-10,16:15,La Liga,Matchweek 24,Sat,2024,0.0,1.0,Real Sociedad,Osasuna,Away Win,1815.23071289,1,16.0,0.5758,0.558,0.79896,0.76084,52.2704,11.3962,5.008,46.01832,0.79896,0.064606,2.0298,0.47022,-0.08778,10.527399999999998,24.779400000000003,0.49378,0.948,7.4628000000000005,0.1602,34.05,3.819,12.5728,1.378,15.548200000000001,4.196400000000001,0.7956,11.122000000000002,1.9976,17.721400000000003,19.712799999999998,16.1518,1708.7975463865662,1640.77905273,0.9536,1.7160000000000002,1.2694400000000001,1.40208,50.1966,11.528199999999998,4.1634,34.17442,1.14484,0.10878,5.0288,1.3987,-0.3173,14.4914,33.563599999999994,0.88406,0.7583399999999999,7.7604,2.6056,36.422599999999996,6.3204,16.6398,0.5402,22.468,3.6972000000000005,1.1138,12.571,2.106,17.9828,17.7852,11.2952,1707.0967983663177,2,174.45166015999985
2024-02-10_Girona_Real Madrid,2024-02-10,18:30,La Liga,Matchweek 24,Sat,2024,4.0,0.0,Real Madrid,Girona,Home Win,1971.99353027,1,18.0,2.1338,0.8617999999999999,1.98156,0.7435400000000001,64.539,16.9288,5.3076,31.12762,1.80572,0.115216,1.8386,0.7749,-0.0869,9.026399999999999,58.139399999999995,1.28866,1.5446,13.933,2.2836,68.5354,14.703000000000001,13.7542,2.5622000000000003,20.801,6.2494,3.2874,24.2182,1.904,31.0596,36.5246,28.5786,1609.9997274168838,1798.2902832,1.4744,0.714,1.7878800000000004,1.7478200000000002,53.8434,12.6516,4.485600000000001,32.938860000000005,1.6296400000000002,0.11498000000000001,6.0714,1.65848,0.94448,17.4444,37.6252,1.4596,1.34824,9.4252,2.5944000000000003,43.717,9.2588,10.648,2.084,17.491999999999997,4.5702,2.6106,17.1206,1.6444,22.653200000000002,27.536799999999996,22.055799999999998,1688.101476365472,0,173.7032470700001
2024-02-11_Barcelona_Granada,2024-02-11,21:00,La Liga,Matchweek 24,Sun,2024,3.0,3.0,Barcelona,Granada,Draw,1862.01989746,1,21.0,2.0132,2.2066,2.69518,1.5633799999999998,63.7522,22.2774,7.4092,31.140159999999998,2.69518,0.12842,4.2786,1.73722,-0.46938,8.4396,52.455400000000004,2.30646,2.36546,18.0366,3.3784,53.9164,13.9268,13.0502,2.5559999999999996,20.4908,8.5822,3.1912,26.8634,3.7502,39.4068,35.995599999999996,28.5932,1651.047756690634,1563.30395508,0.1602,1.7426,0.8668,1.4385800000000002,50.4626,8.3244,2.0484,22.666420000000002,0.5593,0.068252,4.5998,1.3996600000000001,-0.18274,14.4188,24.366,0.38383999999999996,0.47787999999999997,6.0052,1.5082,27.306,4.8794,16.639400000000002,1.3734000000000002,14.6694,1.4706000000000001,0.3204,12.0976,1.464,14.9482,14.251800000000001,16.648,1716.6653117193039,1,298.7159423800001
2024-02-11_Celta Vigo_Getafe,2024-02-11,14:00,La Liga,Matchweek 24,Sun,2024,3.0,2.0,Getafe,Celta Vigo,Home Win,1675.3770752,1,14.0,0.938,1.0442,0.87706,1.588,46.9814,9.2772,3.2366,35.23814,0.87706,0.106798,4.8826,1.5036600000000002,0.4594600000000001,9.446,34.8178,0.49844,0.504,6.939,2.2212,35.549,5.504,13.863199999999999,0.3382,20.7664,3.4898,1.2166000000000001,11.806000000000001,1.4627999999999999,14.4754,16.8608,11.7566,1699.730757617102,1646.08776855,1.3479999999999999,0.8132,0.8036000000000001,1.43268,40.660199999999996,8.545599999999999,2.968,43.076,0.8036000000000001,0.10266799999999998,3.8574,1.5289000000000001,0.7157,20.9686,23.536600000000004,0.62626,0.5613,5.6162,1.4112,29.3926,3.6288,14.4698,0.356,13.790200000000002,3.1480000000000006,2.4981999999999998,9.6508,1.5756000000000001,14.384,13.819799999999999,11.398800000000001,1671.8891697746901,0,29.28930665000007
2024-02-11_Mallorca_Rayo Vallecano,2024-02-11,16:15,La Liga,Matchweek 24,Sun,2024,2.0,1.0,Mallorca,Rayo Vallecano,Home Win,1630.55847168,1,16.0,0.9912000000000001,0.8595999999999999,1.19668,0.7009000000000001,50.1014,12.311800000000002,4.16,35.80808,1.19668,0.100328,3.8434,1.13936,0.27976,15.481800000000002,29.129800000000003,1.10608,1.00328,9.7506,2.8704,41.058,8.7804,11.2662,1.3502,23.703200000000002,6.1188,1.9824000000000002,15.1284,2.9188,21.625,22.267400000000002,14.020800000000001,1671.8788951189222,1634.66040039,0.6398,1.3072,0.7001799999999999,0.78914,49.2368,9.456800000000001,2.8876000000000004,26.1292,0.7001799999999999,0.070238,2.7448,0.9822600000000001,-0.16474,14.720600000000001,19.959,0.37736000000000003,0.33558,5.2896,0.8266,26.2426,3.3184,18.6834,2.0036,11.6024,2.9966,1.0818,9.1188,0.7558,13.9382,12.464400000000001,11.529,1693.748852246216,0,-4.101928710000038
2024-02-12_Almeria_Athletic Club,2024-02-12,21:00,La Liga,Matchweek 24,Mon,2024,0.0,0.0,Almeria,Athletic Club,Draw,1536.97973633,1,21.0,0.1602,1.2132,1.26616,1.3548,54.788399999999996,15.1018,4.311,26.81382,1.26616,0.081584,2.6652,1.0339,-0.17929999999999996,14.442,26.8762,1.06674,0.9117599999999999,11.2288,3.097,34.1408,7.7025999999999994,11.661599999999998,0.46399999999999997,24.5152,5.8696,0.1602,18.7202,1.7062,26.5548,19.942,20.275199999999998,1716.7694080530262,1776.57971191,0.7338,0.558,0.8519800000000001,0.7668200000000001,50.48559999999999,11.703999999999999,3.3216,28.733780000000003,0.8519800000000001,0.071014,1.7802,0.46686,0.08685999999999999,14.6912,31.7722,0.69528,0.6317400000000001,9.339,2.2234,42.70139999999999,5.9528,12.4516,1.0,23.4872,5.5696,1.4676,16.389400000000002,1.8346,20.9644,22.6138,24.1676,1663.112066161182,1,-239.5999755800001
2024-02-16_Getafe_Villarreal,2024-02-16,21:00,La Liga,Matchweek 25,Fri,2024,1.0,1.0,Villarreal,Getafe,Draw,1703.28027344,1,21.0,1.2938,1.3096,1.9614599999999998,0.9432,51.9528,15.934000000000001,4.6530000000000005,32.209140000000005,1.80322,0.12813,3.7306,1.44926,0.13966,19.501599999999996,34.013999999999996,1.39422,1.29646,11.924800000000001,2.8366,48.067,11.0158,15.2452,1.8898,21.0452,6.0554,2.2296,19.138399999999997,2.8078000000000003,28.9936,25.436799999999998,17.161,1664.339232738,1680.99841309,1.8112000000000001,1.8174,1.641,1.46838,47.694199999999995,14.236800000000002,4.896,36.24234,1.0026,0.083032,4.4914000000000005,1.52426,-0.29314,9.2664,31.385399999999997,0.65428,0.77538,10.501000000000001,2.6942000000000004,32.6942,5.305400000000001,16.41,1.0398,22.3756,5.4706,2.8906,16.3622,2.7514,23.8738,23.766799999999996,13.088799999999999,1661.8629209720918,1,22.281860349999988
2024-02-17_Sevilla_Valencia,2024-02-17,21:00,La Liga,Matchweek 25,Sat,2024,0.0,0.0,Valencia,Sevilla,Draw,1699.77282715,1,21.0,1.4796,0.62,1.26264,1.37054,45.0094,7.8038,2.6069999999999998,31.47498,0.7752199999999999,0.106036,3.8335999999999997,1.23034,0.61034,12.98,26.170199999999998,0.60118,0.7132,5.2654,2.7604,31.528,6.738,13.5846,1.286,18.6,3.1834,2.7614,10.7868,1.7948,15.12,14.9526,10.8752,1701.592938255598,1681.27856445,1.2422,1.7011999999999998,0.7157800000000001,1.36342,47.0408,11.1824,4.2112,38.5522,0.7157800000000001,0.06916800000000001,4.7852,1.3998799999999998,-0.30132,15.9792,32.951,0.5188,0.45204,7.8504,1.7588,37.714,4.979399999999999,11.892800000000001,0.2442,20.7208,4.7224,2.1284,15.524799999999999,1.4322000000000001,19.1848,15.9166,14.2828,1648.8002658469181,1,18.494262700000036
2024-02-17_Barcelona_Celta Vigo,2024-02-17,18:30,La Liga,Matchweek 25,Sat,2024,1.0,2.0,Celta Vigo,Barcelona,Away Win,1640.46643066,1,18.0,0.7338,0.822,1.3802,0.8096,46.285799999999995,13.4444,4.4830000000000005,35.81676,1.22196,0.08276,3.0144,0.9153,0.0933,11.733,30.810399999999998,0.7366800000000001,1.27826,9.6298,2.4308,41.079800000000006,9.7542,14.632,2.5118,23.758,7.2905999999999995,1.0918,16.7048,2.5736,24.66,23.282600000000002,17.4914,1723.485936594992,1854.14367676,2.3456,1.2198,2.1569599999999998,0.82558,62.5004,12.391599999999999,4.7782,40.99404,2.0185,0.168306,3.3138,0.9746,-0.24519999999999997,15.907399999999999,37.0368,1.75218,1.792,9.6666,2.156,49.016,12.1584,16.616,3.968,15.9206,5.787,4.3708,17.160800000000002,2.2044,22.475800000000003,30.605400000000003,24.2048,1665.670337182142,2,-213.67724610000005
2024-02-17_Cadiz_Osasuna,2024-02-17,16:15,La Liga,Matchweek 25,Sat,2024,2.0,0.0,Osasuna,Cadiz,Home Win,1654.70275879,1,16.0,1.1954,1.3324,1.1152600000000001,1.01284,52.156800000000004,13.244,3.3710000000000004,28.475959999999997,1.1152600000000001,0.08641199999999999,4.0946,1.49702,0.16462000000000004,13.1978,31.748600000000003,0.9021199999999999,1.12392,8.9184,2.5824000000000003,38.4056,7.103,14.135399999999999,0.6617999999999999,22.9372,5.1688,1.5556,14.176,4.0144,22.4,21.9256,13.3412,1661.416816919882,1594.65600586,0.3382,0.9536,0.72798,1.8351199999999999,41.6574,9.5332,2.154,26.03852,0.72798,0.084626,4.696,1.34702,0.39342000000000005,22.5672,21.556400000000004,0.54198,0.612,7.0798,3.1094,24.7778,4.9516,14.846,1.4897999999999998,21.322200000000002,3.7826,0.6764,12.104400000000002,2.0090000000000003,16.855,12.623,12.3064,1632.99139966023,0,60.04675292999991
2024-02-18_Almeria_Granada,2024-02-18,16:15,La Liga,Matchweek 25,Sun,2024,1.0,1.0,Granada,Almeria,Draw,1567.02160645,1,16.0,0.8,1.1582000000000001,1.02204,0.93142,45.090599999999995,10.6936,2.9008000000000003,29.003140000000002,1.02204,0.090822,4.4906,1.0887,-0.0695,13.8752,20.3114,0.90846,0.91096,7.9228000000000005,3.191,28.953999999999997,8.0586,18.029799999999998,1.9184,19.927999999999997,4.0244,1.2796,12.1644,2.317,18.9744,19.254,13.2988,1652.13027094613,1537.22680664,1.2,2.2,1.19442,2.04022,41.245999999999995,11.476,3.2676,24.878460000000004,1.19442,0.10111200000000001,4.8016000000000005,2.05992,-0.14007999999999998,15.4968,17.3824,0.92208,0.61214,7.989800000000001,1.3558000000000001,27.5792,4.885,16.1694,1.2484,14.6822,5.3188,1.4442,14.279,1.443,19.1112,16.1962,12.0808,1759.27971709186,1,29.794799810000086
2024-02-18_Mallorca_Real Sociedad,2024-02-18,18:30,La Liga,Matchweek 25,Sun,2024,1.0,2.0,Mallorca,Real Sociedad,Away Win,1632.89233398,1,18.0,1.3804,1.0178,1.1814200000000001,0.97824,47.9728,12.0246,4.5322000000000005,41.30282,1.1814200000000001,0.099854,3.859,1.39726,0.37945999999999996,14.4568,27.9196,0.97778,0.93852,8.987,2.495,37.9454,7.0048,10.6626,1.2152,20.8258,6.0068,2.7608,14.659600000000001,2.8268,21.1064,19.9868,12.321,1672.047807618776,1791.05834961,0.8982,0.3956,0.86924,1.0838,51.961200000000005,9.7724,2.1048,21.19862,0.86924,0.093574,2.7624,0.81518,0.41958,16.0056,24.4262,0.7421599999999999,0.6445000000000001,7.1941999999999995,1.1946,29.2236,4.143800000000001,14.324,0.4884,16.012,3.9958,1.2782,12.104,1.6021999999999998,16.3018,17.1556,14.411200000000001,1716.2708163093241,2,-158.16601562999995
2024-02-18_Alaves_Betis,2024-02-18,21:00,La Liga,Matchweek 25,Sun,2024,0.0,0.0,Betis,Alaves,Draw,1722.97290039,1,21.0,1.2198,1.4616,1.4638,1.5874,46.88739999999999,15.9566,3.9834000000000005,24.340560000000004,1.26844,0.08433,2.7956,1.36066,-0.10094000000000003,11.2928,26.562199999999997,0.98386,1.03508,11.167200000000001,2.1734,36.261,8.7888,16.729200000000002,1.1424,17.4094,6.3308,2.2616,20.8122,1.7536,28.633799999999994,26.009399999999996,18.4438,1762.0687195568962,1619.85424805,1.5897999999999999,1.1714,1.24962,1.49356,37.1008,10.403,3.4414000000000002,31.29728,0.9204399999999999,0.07828,4.7702,1.6415,0.4701,21.2604,18.8848,0.70458,0.5394599999999999,8.1634,2.6076,27.1682,5.0232,14.1022,0.356,16.3514,3.3998000000000004,2.4958,12.4974,1.6771999999999998,18.322,18.1648,16.1798,1690.041765040558,1,103.11865233999993
2024-02-18_Rayo Vallecano_Real Madrid,2024-02-18,14:00,La Liga,Matchweek 25,Sun,2024,1.0,1.0,Rayo Vallecano,Real Madrid,Draw,1624.00952148,1,14.0,0.4044,1.286,1.17632,0.7086600000000001,54.179,15.079799999999999,3.431,22.86372,1.17632,0.073102,4.1544,1.04322,-0.08258,6.9988,35.0976,0.8682400000000001,0.9413199999999999,10.5176,3.7438,44.6432,9.177,12.847399999999999,1.8738,27.5834,7.0716,0.6486000000000001,16.0234,3.3482,24.140800000000002,23.781399999999998,17.614800000000002,1688.410173096394,1976.50170898,1.7844,0.3978,1.54694,0.89154,57.3484,12.9236,5.245,39.68482,1.54694,0.11879800000000001,3.0324,1.04874,0.65094,13.0256,38.7246,1.41866,1.1112,11.0406,1.5302,45.1814,8.0284,16.3036,3.2862,13.5342,5.0862,3.5688,18.4946,1.7975999999999999,24.3686,25.5234,24.5928,1659.4418673569378,1,-352.4921875
2024-02-19_Athletic Club_Girona,2024-02-19,21:00,La Liga,Matchweek 25,Mon,2024,3.0,2.0,Athletic Club,Girona,Home Win,1768.01574707,1,21.0,2.611,0.2198,2.0748,0.5501,50.7348,13.0448,5.5938,42.08384,1.7741600000000002,0.1431,1.9206,0.3547,0.1349,11.633999999999999,30.706,1.2830000000000001,1.3148,10.152199999999999,2.3782,40.5882,9.5196,16.226,3.598,20.430799999999998,5.208600000000001,4.2774,15.874600000000001,2.7412,22.68,26.751199999999997,18.6,1672.061314136122,1788.62011719,1.0386,1.4752,1.03352,2.1093200000000003,52.1498,9.867999999999999,3.1719999999999997,25.08874,0.8911199999999999,0.07920400000000001,5.6318,1.63942,0.16421999999999992,14.136999999999999,39.0598,0.77134,0.7632,7.0526,1.4698,44.468599999999995,8.4678,9.618200000000002,1.7314,16.766000000000002,4.1690000000000005,1.9169999999999998,13.225,1.3357999999999999,17.727600000000002,23.0228,25.680799999999998,1759.585426804888,0,-20.604370119999885
2024-02-23_Real Sociedad_Villarreal,2024-02-23,21:00,La Liga,Matchweek 26,Fri,2024,1.0,3.0,Real Sociedad,Villarreal,Away Win,1796.52368164,1,21.0,0.5182,0.6022,0.95556,0.6338,56.2946,13.51,4.3746,38.24714,0.95556,0.06514400000000001,1.7384,0.39992000000000005,-0.20228000000000002,10.074399999999999,32.8158,0.6553200000000001,1.17296,8.9816,0.9768,45.8664,6.7674,12.948,1.3402,19.168,4.3326,0.716,14.628400000000001,1.9978,22.288600000000002,26.5464,17.5696,1665.597664769482,1695.71655273,1.6814,2.6718,1.3673799999999998,1.9482199999999998,43.6786,10.42,3.517,38.017619999999994,1.3673799999999998,0.153418,6.4142,2.0819,-0.3701000000000001,14.5494,28.6882,1.04846,1.07756,8.8332,2.5764,37.7126,7.3648,11.151600000000002,2.3448,14.539000000000001,3.9186,2.965,13.8384,1.5458,19.1148,22.8672,17.637,1743.4891559090338,2,100.80712890999985
2024-02-24_Alaves_Mallorca,2024-02-24,18:30,La Liga,Matchweek 26,Sat,2024,1.0,1.0,Alaves,Mallorca,Draw,1623.92163086,1,18.0,0.6617999999999999,1.2418,1.46614,0.7870199999999999,43.7474,13.850200000000001,2.6486,19.40804,1.3079,0.09270600000000001,3.0618000000000003,0.93802,-0.30377999999999994,13.2468,27.5402,0.9495800000000001,0.9214000000000001,8.7534,3.2516,42.061800000000005,6.7424,13.1836,1.2562,31.641999999999996,8.547,1.3235999999999999,16.259,2.1268000000000002,24.090600000000002,24.1228,17.596600000000002,1751.342340110986,1626.08776855,0.2198,1.5546,0.8187,1.49476,40.0696,9.4498,1.4442,17.40936,0.8187,0.078312,4.2118,1.26356,-0.29103999999999997,15.446600000000002,20.047,0.6650999999999999,0.82584,6.8938,2.6214,26.5048,5.1184,11.422,1.4938,20.1682,3.791,0.4396,10.745400000000002,3.1540000000000004,16.853199999999998,13.254,10.918,1723.371585596482,1,-2.166137689999914
2024-02-24_Barcelona_Getafe,2024-02-24,16:15,La Liga,Matchweek 26,Sat,2024,4.0,0.0,Barcelona,Getafe,Home Win,1853.90893555,1,16.0,2.4002,2.7184,2.61238,1.66236,64.8862,20.8608,7.6006,36.91582,2.61238,0.138022,4.639,1.85762,-0.8607800000000001,8.94,50.956199999999995,2.1160200000000002,2.35334,16.311600000000002,3.4848,53.2594,14.2224,12.0242,2.5004,20.2858,8.179599999999999,3.8046,25.5884,3.8634,36.9886,35.672200000000004,26.047400000000003,1640.4040002949398,1678.90576172,1.8742,1.5914000000000001,1.5424600000000002,1.39828,49.587,13.7686,4.073600000000001,30.03736,0.9679,0.080286,4.8864,1.71274,0.12133999999999995,9.628200000000001,29.180999999999997,0.59,0.77224,9.6622,2.2803999999999998,31.7684,5.2188,16.7572,0.9358,20.7166,5.0792,3.0898,14.992799999999999,3.0204,24.351000000000003,24.499,13.024,1677.4661572282198,0,175.00317382999992
2024-02-25_Cadiz_Celta Vigo,2024-02-25,14:00,La Liga,Matchweek 26,Sun,2024,2.0,2.0,Cadiz,Celta Vigo,Draw,1582.8963623,1,14.0,0.358,1.4398,0.82304,1.0093,47.9976,10.8796,3.0154,26.03342,0.6845800000000001,0.06037,3.0288,1.28852,-0.15127999999999997,14.2482,24.945,0.43977999999999995,0.7311799999999999,7.8034,3.4884000000000004,29.209799999999998,6.082800000000001,13.796,0.6398,20.386,4.6996,0.358,12.622,2.3846000000000003,18.9602,13.662,9.7006,1737.1927354974418,1631.04492188,1.7016,1.4644,0.9009199999999999,1.73008,42.8032,8.014199999999999,3.5038,48.50116,0.9009199999999999,0.11549599999999999,4.4482,2.01082,0.54642,19.5394,24.848,0.72132,0.71168,5.322,2.0025999999999997,29.7854,4.6868,15.687800000000001,0.5646,14.5992,2.8006,3.2252,9.309,1.6179999999999999,13.7804,14.926199999999998,10.893799999999999,1670.581766944324,1,-48.14855957999998
2024-02-25_Athletic Club_Betis,2024-02-25,16:15,La Liga,Matchweek 26,Sun,2024,3.0,1.0,Betis,Athletic Club,Home Win,1717.56628418,1,16.0,0.9536,1.1712,1.32532,1.4065400000000001,52.0036,15.5164,2.9640000000000004,17.60072,1.14948,0.07613,3.2043999999999997,1.45112,0.27991999999999995,13.161200000000001,26.561799999999998,0.9222,1.12924,11.006,2.156,41.4072,9.6866,16.3446,1.3282,19.0776,6.1534,1.7469999999999999,21.5072,1.2898,27.881400000000003,28.771,19.576,1697.7169043232059,1773.95080566,0.5162,0.358,0.72142,0.72246,54.5652,11.5894,3.101,27.32948,0.72142,0.06270200000000001,2.2906,0.43692,0.23912,14.0776,35.290800000000004,0.5559799999999999,0.9171800000000001,8.9726,2.301,47.648,8.1552,14.4042,1.4884,27.025,6.589600000000001,1.0324,16.9388,1.7069999999999999,20.7796,23.1524,22.8856,1617.909559984344,0,-56.3845214800001
2024-02-25_Real Madrid_Sevilla,2024-02-25,21:00,La Liga,Matchweek 26,Sun,2024,1.0,0.0,Real Madrid,Sevilla,Home Win,1969.21118164,1,21.0,2.6088,0.7756000000000001,2.3052799999999998,0.72802,60.7892,17.3126,5.6652000000000005,32.534,1.95168,0.118254,1.6548,0.69742,-0.07818000000000003,10.4216,52.3442,1.28538,1.39802,14.1722,2.7436,61.266999999999996,14.5326,13.046199999999999,1.9734,18.078400000000002,4.7592,3.9912,23.9404,1.9578,31.4186,37.9904,28.4968,1659.995249339374,1679.05688477,1.1179999999999999,1.3868,0.5577,1.39916,44.197,7.5688,3.3134,55.32508,0.5577,0.067694,4.8508000000000004,1.50078,0.11397999999999986,18.1118,27.718,0.39483999999999997,0.418,5.1468,1.062,35.9,5.425599999999999,9.9616,0.46399999999999997,15.766800000000002,3.0082,1.9156,10.423600000000002,0.8564,12.852400000000001,15.003800000000002,12.889200000000002,1663.12537221852,0,290.15429687000005
2024-02-25_Las Palmas_Osasuna,2024-02-25,17:30,La Liga,Matchweek 26,Sun,2024,1.0,1.0,Las Palmas,Osasuna,Draw,1651.76367188,1,17.0,1.6398,0.9558,0.8663000000000001,1.70676,57.997800000000005,8.332,2.62,31.893,0.8663000000000001,0.10753200000000002,3.6276,1.1472799999999999,0.19148000000000004,15.339599999999999,36.9334,0.60608,0.7842399999999999,6.8448,1.664,43.705,8.0454,16.3318,1.8266,15.897599999999999,3.7628000000000004,2.9592,13.269400000000001,1.262,15.785599999999999,14.936,11.4516,1779.623881592496,1656.80615234,0.9581999999999999,1.1118000000000001,1.1203800000000002,1.28214,45.059799999999996,10.4102,3.2259999999999995,29.44334,1.00824,0.100016,4.825799999999999,1.04484,-0.06695999999999996,16.7284,25.351,0.7723800000000001,0.60716,6.5634,1.7682000000000002,27.5238,4.534800000000001,15.443000000000001,0.1978,17.228,3.7276,1.2024,9.2068,2.2396000000000003,14.9658,15.043999999999999,9.367799999999999,1731.8314043720438,1,-5.042480459999979
2024-02-26_Girona_Rayo Vallecano,2024-02-26,21:00,La Liga,Matchweek 26,Mon,2024,3.0,0.0,Girona,Rayo Vallecano,Home Win,1779.30480957,1,21.0,2.7446,0.9734,1.69034,1.04012,58.1034,11.5522,5.606199999999999,47.37306,1.54794,0.13872199999999998,4.3580000000000005,0.9740000000000001,0.0005999999999999825,13.875,37.7376,1.1930200000000002,1.5185399999999998,8.866000000000001,2.233,41.9388,9.958799999999998,11.9344,1.2198,17.7376,4.011,5.1134,16.5046,1.5678,21.3566,23.7936,23.2098,1675.319020897144,1627.91992188,0.82,1.0882,0.94876,0.7425799999999999,49.7012,9.6112,3.143,28.46828,0.94876,0.09263199999999999,3.1146000000000003,0.972,-0.1162,14.360399999999998,22.661,0.45287999999999995,0.39086,4.4398,1.3324,25.9976,3.6308,18.4708,1.3706,11.5982,2.6528,1.462,8.6862,0.7802,13.912,11.397200000000002,11.476199999999999,1670.9190128663517,0,151.38488769000014
2024-03-01_Almeria_Celta Vigo,2024-03-01,21:00,La Liga,Matchweek 27,Fri,2024,1.0,0.0,Celta Vigo,Almeria,Home Win,1629.82861328,1,21.0,0.7604,1.084,1.09146,1.05166,40.154799999999994,11.525599999999999,4.0022,35.87778,0.9490599999999999,0.076158,3.5456,1.16238,0.07838,12.292399999999999,23.2736,0.4679,0.8255800000000001,7.9807999999999995,1.8552,29.2674,6.727799999999999,14.2804,2.5606,18.168200000000002,5.3196,1.1826,12.297199999999998,2.7604,20.0126,18.861600000000003,13.8702,1769.42318034565,1543.58813477,1.18,1.9358000000000002,1.22944,2.0073600000000003,41.1776,10.7636,2.8084000000000002,23.47568,1.22944,0.11021199999999999,5.454,2.07832,0.14252000000000004,17.289,17.311999999999998,0.93874,0.5965199999999999,8.3352,1.4202,24.4144,4.464,14.7874,0.8351999999999999,13.284,3.601,1.3998,12.6096,1.0662,17.3704,13.3374,14.8032,1738.714073514152,0,86.24047851
2024-03-02_Cadiz_Rayo Vallecano,2024-03-02,16:15,La Liga,Matchweek 27,Sat,2024,1.0,1.0,Rayo Vallecano,Cadiz,Draw,1622.78051758,1,16.0,0.46399999999999997,1.2573999999999999,1.22638,0.76224,54.0146,13.8394,2.9995999999999996,21.79406,1.0554400000000002,0.06790800000000001,4.139,1.20428,-0.05311999999999999,9.5408,35.2974,0.80142,0.9016,9.866,3.9578,43.4324,10.1684,11.3532,1.1096,26.989800000000002,7.1968000000000005,0.6838,15.077,2.8692,22.3502,25.089,16.0208,1729.546666943138,1580.03088379,0.1602,1.2024,0.73402,1.7939,43.6216,9.5122,2.0386,21.10968,0.73402,0.084282,4.1938,1.35226,0.14986,20.148000000000003,22.1658,0.56662,0.61964,7.06,2.6100000000000003,27.7628,5.1006,16.182399999999998,1.4408,21.610599999999998,4.236800000000001,0.3204,11.781999999999998,2.2964,17.0342,12.8372,12.696200000000001,1638.7310115737782,1,42.74963378999996
2024-03-02_Real Madrid_Valencia,2024-03-02,21:00,La Liga,Matchweek 27,Sat,2024,2.0,2.0,Valencia,Real Madrid,Draw,1690.29736328,1,21.0,1.3316,0.558,1.30844,1.11816,45.764599999999994,9.288599999999999,3.323,35.3106,0.86978,0.10631399999999999,3.5502000000000002,1.09286,0.53486,12.4936,31.293000000000003,0.73198,0.76512,6.4597999999999995,2.7844,35.65,7.1084000000000005,13.4144,1.2573999999999999,20.0612,3.8534,2.4852,13.5384,1.527,17.8942,15.845799999999999,11.4878,1707.413126659,1968.6036377,1.4176,0.6022,1.43016,0.89798,57.2254,12.2988,4.9764,39.45746,1.43016,0.115476,2.8850000000000002,1.06388,0.46168,12.8788,34.924,1.37238,1.11892,10.6924,1.4772,43.942,8.369800000000001,17.25,2.9134,16.311,6.4428,2.8352,17.957,1.8177999999999999,23.6994,26.3922,23.568599999999996,1655.224816795078,1,-278.30627442000014
2024-03-02_Getafe_Las Palmas,2024-03-02,18:30,La Liga,Matchweek 27,Sat,2024,3.0,3.0,Getafe,Las Palmas,Draw,1671.4777832,1,18.0,1.2884000000000002,1.284,1.12914,1.4626799999999998,46.3626,8.440399999999999,3.1688,36.594260000000006,1.12914,0.137304,4.7943999999999996,1.42002,0.13602,9.701400000000001,33.9154,0.41652,0.44152,5.5476,2.0108,32.2878,4.8328,14.3092,0.1602,19.0246,2.7081999999999997,1.495,9.9514,0.5956,13.054000000000002,16.5982,11.481000000000002,1706.37774880294,1647.68457031,0.7756000000000001,1.6188,0.6466799999999999,2.10274,61.7842,10.5128,3.2946,29.69338,0.6466799999999999,0.06299600000000001,4.6052,2.14032,0.52152,15.612200000000001,40.9716,0.42528,0.5988399999999999,8.066600000000001,0.9358,43.102399999999996,6.010800000000001,18.2514,1.0131999999999999,14.7516,4.0358,1.1556,14.401799999999998,1.3357999999999999,17.9354,16.5974,15.364,1626.7526316896879,1,23.79321288999995
2024-03-02_Real Sociedad_Sevilla,2024-03-02,14:00,La Liga,Matchweek 27,Sat,2024,3.0,2.0,Sevilla,Real Sociedad,Home Win,1675.5826416,1,14.0,0.8595999999999999,1.6498000000000002,1.1400000000000001,1.64154,52.6348,12.0808,4.1544,37.51952,0.98176,0.081324,5.4498,1.7586200000000003,0.10881999999999997,14.6194,36.9978,0.7077,0.9621200000000001,9.2498,3.3310000000000004,41.8058,7.6936,13.3782,0.3204,20.6094,3.4478,1.7191999999999998,15.310800000000002,2.5955999999999997,20.8534,18.7298,19.474,1646.883551806772,1776.70678711,0.8642000000000001,0.6002,0.83464,0.68262,56.349000000000004,11.128,2.3944,20.98786,0.83464,0.08588799999999999,2.1536,0.64388,0.04368,12.942,30.7776,0.71026,0.90984,8.1192,1.7194,36.6956,6.5832,13.859000000000002,0.9279999999999999,20.550800000000002,5.3614,1.3062,13.9708,1.8862,19.369799999999998,20.526400000000002,18.5774,1693.967998314748,0,-101.12414551000006
2024-03-03_Granada_Villarreal,2024-03-03,14:00,La Liga,Matchweek 27,Sun,2024,5.0,1.0,Villarreal,Granada,Home Win,1711.45166016,1,14.0,0.976,1.2786,1.71226,0.90004,53.699600000000004,17.782600000000002,5.4643999999999995,33.208420000000004,1.56986,0.09392,2.5924,1.0992,-0.1794,15.911599999999998,33.6896,1.1673600000000002,1.1835600000000002,13.3418,1.832,51.3892,11.8354,14.688199999999998,1.4124,20.285199999999996,7.1152,1.5297999999999998,21.3108,3.5038,32.189800000000005,27.3236,17.966,1669.457888891912,1561.36340332,0.7326,1.8684000000000003,0.9634199999999999,1.741,45.74419999999999,8.7364,2.632,27.18464,0.78758,0.08740400000000001,4.6398,1.52178,-0.34662000000000004,15.341800000000001,20.3016,0.64408,0.62662,6.837400000000001,1.7016,23.735799999999998,5.0916,17.2964,1.1478,14.414200000000001,1.5236,1.4652,12.344,1.4176,15.0654,15.3036,14.541599999999999,1769.0480883305281,0,150.08825683999999
2024-03-03_Girona_Mallorca,2024-03-03,18:30,La Liga,Matchweek 27,Sun,2024,1.0,0.0,Mallorca,Girona,Home Win,1626.14953613,1,18.0,1.3424,1.4044,1.01556,1.06254,46.1866,10.9334,3.8906,36.06894,1.01556,0.085658,3.9732,1.2622200000000001,-0.14218,16.5,25.0736,0.83228,0.8502,8.2438,2.2454,34.108,6.115600000000001,13.615,0.9494,19.354400000000002,5.5618,2.6848,12.527999999999999,3.2766,18.8742,18.599,10.2794,1694.015282496384,1784.44421387,0.8464,1.7720000000000002,1.0825200000000001,1.8044999999999998,57.15100000000001,9.6486,3.0664000000000002,26.028599999999997,0.9543600000000001,0.090728,5.192,1.67902,-0.09297999999999995,11.892799999999998,39.2188,0.8121400000000001,0.78364,6.9148000000000005,1.2786,45.575599999999994,7.9886,12.0424,1.514,16.9218,4.296200000000001,1.6928,12.6374,1.4022000000000001,17.333799999999997,21.4786,24.957199999999997,1742.167919872024,0,-158.29467774000022
2024-03-03_Athletic Club_Barcelona,2024-03-03,21:00,La Liga,Matchweek 27,Sun,2024,0.0,0.0,Athletic Club,Barcelona,Draw,1760.80615234,1,21.0,2.5058000000000002,0.6862,2.11938,0.9358000000000001,45.8776,13.8612,6.167,43.6833,1.8488200000000001,0.138906,2.5170000000000003,0.8520399999999999,0.16584,11.6706,27.428800000000003,1.14262,1.23888,10.1812,2.5846,34.604,9.035,16.636,2.8056,17.9456,4.411,3.8614,16.9522,2.567,23.476999999999997,26.9642,17.984,1700.6134190933801,1859.20593262,2.4552,1.1978,2.1633,0.83744,62.7064,12.164,4.4562,38.68599999999999,1.84334,0.15603,3.3824,0.7873600000000001,-0.41044,15.4054,38.6776,1.6080800000000002,1.5774400000000002,9.0232,1.6520000000000001,53.7096,10.6332,14.6684,2.5618,16.505,5.8524,4.9104,16.023600000000002,2.5282,22.2956,29.0352,24.2956,1659.2096238029221,1,-98.39978028000019
2024-03-04_Alaves_Osasuna,2024-03-04,21:00,La Liga,Matchweek 27,Mon,2024,1.0,0.0,Osasuna,Alaves,Home Win,1656.8034668,1,21.0,1.42,1.055,1.39118,0.78854,56.4346,13.308,3.5780000000000003,29.714799999999997,1.39118,0.11019,3.2084,1.15544,0.10044000000000003,10.1942,35.8346,1.19378,1.26132,9.5034,2.8684,42.6704,7.2812,14.2218,0.8398,24.630000000000003,5.728800000000001,2.0884,15.512,3.813,23.4136,22.3426,14.5166,1621.2735414309839,1619.77807617,1.4308,1.0542,1.20348,1.42418,37.3348,11.527800000000001,3.4972,27.4553,0.90722,0.07300999999999999,4.1048,1.4163999999999999,0.36219999999999997,19.925199999999997,20.5496,0.6397,0.51552,8.3354,3.3236,28.8046,6.5744,13.4596,0.3204,17.781399999999998,4.436599999999999,2.2462,13.3686,2.4862,20.2316,18.8808,14.8524,1705.459535645364,0,37.02539062999995
2024-03-08_Barcelona_Mallorca,2024-03-08,21:00,La Liga,Matchweek 28,Fri,2024,1.0,0.0,Barcelona,Mallorca,Home Win,1858.67346191,1,21.0,2.8486000000000002,1.8698,2.5746599999999997,1.25774,66.9718,18.456,7.4522,41.02362,2.5746599999999997,0.153316,4.1426,1.2660399999999998,-0.60376,11.8206,45.7764,2.08352,1.8543,14.6944,2.3712,47.3286,11.7258,14.751999999999999,2.7504,17.9268,7.429,4.5568,21.525,3.777,31.9082,33.354,24.589,1632.254119948098,1636.19787598,0.442,1.4991999999999999,1.1154600000000001,1.2222400000000002,43.1696,11.0142,2.865,25.27048,1.1154600000000001,0.090808,3.6022,1.13396,-0.36524,15.501999999999999,23.0842,0.90838,1.0474400000000001,8.0254,3.2918,29.860999999999997,6.6158,11.18,1.6444,20.4836,3.7118,0.6398,12.8686,2.7944000000000004,19.498199999999997,18.300800000000002,12.6356,1720.2921272962262,0,222.47558593000008
2024-03-09_Granada_Real Sociedad,2024-03-09,18:30,La Liga,Matchweek 28,Sat,2024,2.0,3.0,Granada,Real Sociedad,Away Win,1555.49511719,1,18.0,0.82,1.1424,1.30724,1.02154,47.8228,13.2542,4.031599999999999,30.96532,1.30724,0.091738,4.1974,0.9665600000000001,-0.17584000000000002,13.0226,21.4568,1.18502,0.9819199999999999,9.9722,2.8276000000000003,34.8836,8.729200000000002,20.357,1.7824,22.986,5.919600000000001,1.64,13.512599999999999,4.527200000000001,23.8928,20.7816,13.801400000000001,1609.694896190502,1767.88195801,1.2662,1.2728000000000002,1.04538,0.9585600000000001,56.9588,11.792200000000001,2.7434,23.19132,0.85002,0.08329800000000001,2.8708,0.8836999999999999,-0.38909999999999995,11.8384,31.5212,0.7180799999999999,0.98098,8.44,1.7475999999999998,39.6338,6.6694,12.7522,0.8351999999999999,18.7868,5.3254,1.664,13.574000000000002,2.286,20.0542,20.086,16.2458,1699.8152011953841,2,-212.3868408200001
2024-03-09_Girona_Osasuna,2024-03-09,21:00,La Liga,Matchweek 28,Sat,2024,2.0,0.0,Girona,Osasuna,Home Win,1774.39587402,1,21.0,2.9142,0.7318,1.8277800000000002,0.9139799999999999,54.66519999999999,12.517800000000001,6.278,48.56132,1.69962,0.140406,3.7336000000000005,0.9021199999999999,0.17032000000000003,13.475599999999998,31.019599999999997,1.3502,1.5799000000000003,9.655999999999999,2.1096,37.687,8.7536,13.738800000000001,1.1978,16.5778,3.6656,5.490200000000001,16.3538,1.8994,23.118399999999998,25.102600000000002,27.595800000000004,1662.6735584720523,1662.10754395,0.9623999999999999,1.1006,0.94856,1.19508,39.7046,9.104,2.9592,31.025859999999998,0.94856,0.11166400000000001,4.354799999999999,1.13684,0.03623999999999995,15.0464,21.8642,0.77512,0.5776,6.0744,1.7472000000000003,25.428799999999995,4.6812000000000005,12.679799999999998,0.178,17.9934,4.4874,1.4264,7.0116000000000005,2.4598,12.983,16.2046,8.4542,1727.4630229515878,0,112.28833007000003
2024-03-09_Getafe_Valencia,2024-03-09,14:00,La Liga,Matchweek 28,Sat,2024,1.0,0.0,Valencia,Getafe,Home Win,1695.4987793,1,14.0,1.5426,0.8464,1.3741,1.08216,43.1788,9.7042,3.635,36.7141,0.97932,0.11289,3.4068000000000005,1.2524199999999999,0.40602,12.0116,29.919800000000002,0.7232,0.68976,6.1256,2.1734,35.7946,6.5092,13.1286,1.1316,18.9784,3.3798,2.4366,13.1406,1.0418,17.5168,15.5614,11.8718,1746.7415893313841,1668.62902832,1.2542,2.4090000000000003,1.1642400000000002,1.8712600000000001,46.486,13.103399999999999,3.9219999999999997,30.7879,0.87784,0.07437200000000001,6.0188,2.17754,-0.23146000000000005,9.865400000000001,27.8742,0.50332,0.65292,8.475000000000001,2.3524000000000003,30.182,5.785399999999999,16.2048,0.5538,20.644800000000004,6.2364,2.3482,13.8726,2.5742,22.4508,23.949,12.333199999999998,1716.335172316798,0,26.869750979999935
2024-03-10_Alaves_Rayo Vallecano,2024-03-10,14:00,La Liga,Matchweek 28,Sun,2024,1.0,0.0,Alaves,Rayo Vallecano,Home Win,1608.85180664,1,14.0,0.8398,1.2176,1.1676600000000001,1.18788,46.159,11.9234,2.1954000000000002,17.89964,1.02526,0.08122599999999999,4.1766000000000005,1.20164,-0.01596000000000003,13.7106,29.239800000000002,0.73602,0.79392,7.857200000000001,3.5148,40.879000000000005,7.6892,13.120999999999999,0.7979999999999999,30.9776,6.694599999999999,1.6796,15.1564,1.4374,21.6514,19.406,15.7392,1738.254165769198,1613.81652832,0.738,1.5678,0.87508,1.03254,50.196200000000005,8.9176,2.6404,24.78844,0.87508,0.09281400000000001,4.18,1.43438,-0.13342,12.638399999999999,24.148799999999998,0.5152800000000001,0.49388,5.272600000000001,1.2992,26.842399999999998,3.2794000000000003,18.4678,1.0452000000000001,10.9058,2.7316,1.3158,8.8178,0.8022,12.856000000000002,9.748,10.584200000000001,1699.945158814158,0,-4.964721680000139
2024-03-10_Betis_Villarreal,2024-03-10,21:00,La Liga,Matchweek 28,Sun,2024,2.0,3.0,Betis,Villarreal,Away Win,1709.34619141,1,21.0,1.4466,1.154,1.26952,1.0695400000000002,53.9456,14.1114,3.3118,22.50226,1.11128,0.0804,2.5514,1.08086,-0.07313999999999998,12.2684,25.464199999999998,0.99766,0.99982,10.1288,1.8962,37.76,8.5412,15.665600000000001,1.4396,16.7282,5.7498000000000005,2.4048,18.549799999999998,1.2608,24.5982,25.4314,19.0862,1704.7554317873921,1697.95812988,2.1016,2.072,1.35944,1.7880600000000002,40.869,10.4104,3.9978,45.70158000000001,1.35944,0.145982,6.1844,1.91396,0.03976000000000002,19.5228,25.6772,1.09686,1.13188,8.9824,2.3186,34.4994,7.2166,12.0808,1.8217999999999999,13.540799999999999,4.0152,3.8452,13.2986,1.8796,19.024,23.0896,16.829,1724.387930640604,2,11.388061530000186
2024-03-10_Celta Vigo_Real Madrid,2024-03-10,18:30,La Liga,Matchweek 28,Sun,2024,4.0,0.0,Real Madrid,Celta Vigo,Home Win,1958.81323242,1,18.0,2.0154,0.5538,1.98732,0.7352,61.686800000000005,16.3162,5.2661999999999995,32.540879999999994,1.66908,0.10522000000000001,1.5892,0.68322,0.12941999999999998,11.3886,57.8142,1.10266,1.25726,13.578200000000002,2.5692,62.928200000000004,13.270000000000001,13.085600000000001,1.4876,17.4376,3.974,3.2154,22.837000000000003,1.8177999999999999,30.3232,34.119,29.768,1657.5724754149862,1628.31628418,2.0198,1.8064,0.96734,1.9212799999999999,41.73480000000001,8.3454,3.5976000000000004,46.91678,0.96734,0.122596,4.8918,2.2228,0.4164,21.7504,23.5308,0.78128,0.7482,5.9666,1.6582,30.0838,4.9066,15.4308,0.9524,12.5302,2.6206,3.8794,9.955,1.9445999999999999,14.711800000000002,15.699000000000002,10.8488,1650.605814062584,0,330.49694824000017
2024-03-10_Athletic Club_Las Palmas,2024-03-10,15:15,La Liga,Matchweek 28,Sun,2024,0.0,2.0,Las Palmas,Athletic Club,Away Win,1644.91113281,1,15.0,1.5757999999999999,0.9601999999999999,0.84968,1.47626,60.308,8.6872,2.8022000000000005,32.711439999999996,0.84968,0.10189599999999999,3.0322,0.97158,0.011380000000000001,15.6614,37.597,0.50778,0.8390799999999999,6.6044,1.3534000000000002,44.724000000000004,7.885,16.9752,3.065,15.0872,4.275,3.1515999999999997,12.7424,1.3800000000000001,15.551200000000001,16.7286,12.727599999999999,1771.8090469481358,1755.71655273,0.5646,0.9106000000000001,0.53952,0.84232,52.1108,8.4236,2.4584,29.685859999999998,0.53952,0.062431999999999994,2.9942,0.57534,-0.09105999999999997,14.002200000000002,30.068799999999996,0.43388,0.75898,6.789399999999999,1.8826,41.8344,6.774799999999999,15.284799999999999,1.1954,24.492800000000003,5.5098,0.885,12.2288,1.0596,15.1646,18.277,18.124799999999997,1647.8486311520542,2,-110.80541992000008
2024-03-11_Almeria_Sevilla,2024-03-11,21:00,La Liga,Matchweek 28,Mon,2024,2.0,2.0,Almeria,Sevilla,Draw,1533.85632324,1,21.0,0.4884,1.0818,0.9475,1.23398,47.678000000000004,12.8354,3.9348,31.874380000000002,0.9475,0.070244,4.1688,1.02878,-0.05301999999999997,19.521600000000003,23.616,0.72814,0.5907399999999999,9.4266,2.4856000000000003,32.7494,6.3444,12.568200000000001,0.62,19.355,4.8962,0.9768,16.701,1.4134,22.5778,16.639799999999997,17.703999999999997,1676.9965604214601,1678.78527832,0.5736,1.4921999999999997,0.62516,1.37362,41.6472,6.0582,2.5052000000000003,49.885400000000004,0.62516,0.108878,5.3982,1.40626,-0.08594000000000002,16.302999999999997,27.8784,0.38092,0.40177999999999997,3.6344000000000007,1.4442,33.544599999999996,5.3271999999999995,10.0654,0.41759999999999997,15.39,2.6189999999999998,1.1472,8.339,0.8266,10.104000000000001,12.9056,12.8002,1750.366137647522,1,-144.92895508000015
2024-03-15_Cadiz_Real Sociedad,2024-03-15,21:00,La Liga,Matchweek 29,Fri,2024,2.0,0.0,Real Sociedad,Cadiz,Home Win,1765.29760742,1,21.0,0.4222,1.1304,1.12538,0.7281,60.693599999999996,15.7012,4.493,32.07106,1.12538,0.06951399999999999,2.253,0.89832,-0.23208,7.9808,36.763,0.65422,1.1801000000000001,8.8836,2.3444000000000003,49.832600000000006,8.3004,13.5298,0.7736,25.4332,6.497199999999999,0.6002,17.1404,2.7306,26.5882,29.211199999999998,20.266800000000003,1662.7198285133181,1599.38696289,0.2442,1.1822,0.67412,1.6844999999999999,45.5454,10.5936,2.3348,21.09092,0.67412,0.071762,4.707000000000001,1.3302999999999998,0.14810000000000006,18.956200000000003,23.8144,0.51788,0.60884,7.8424,2.849,28.507600000000004,5.5348,16.2526,0.5758,23.3706,5.1457999999999995,0.4884,12.936399999999999,2.611,18.996000000000002,14.8188,11.693800000000001,1634.83611416184,0,165.91064453000013
2024-03-16_Granada_Mallorca,2024-03-16,14:00,La Liga,Matchweek 29,Sat,2024,1.0,0.0,Mallorca,Granada,Home Win,1631.68066406,1,14.0,1.0198,0.9756,1.0484,0.96978,45.279,11.584200000000001,2.5922,26.31482,1.0484,0.08509,3.5434,0.8820399999999999,-0.09356,15.7738,25.7748,0.84904,0.8007399999999999,7.8868,1.5882,32.8638,5.171200000000001,12.7212,1.0986,19.330399999999997,6.093999999999999,1.7954,11.9982,3.1048000000000004,18.9982,17.2738,9.930399999999999,1721.593707374198,1548.07641602,0.9036,2.6142000000000003,0.9747399999999999,1.79576,49.6856,9.771999999999998,3.1014000000000004,32.59788,0.8165,0.086106,6.041,1.7938199999999997,-0.8203800000000001,15.540000000000001,21.6688,0.67736,0.69606,6.986199999999999,2.7524,29.0552,7.1244,16.0458,1.033,19.0332,2.348,1.8072,12.874600000000001,1.3758,15.668000000000001,17.115199999999998,15.9848,1726.533812842802,0,83.60424804000013
2024-03-16_Getafe_Girona,2024-03-16,18:30,La Liga,Matchweek 29,Sat,2024,1.0,0.0,Getafe,Girona,Home Win,1660.76611328,1,18.0,1.7480000000000002,1.8881999999999999,1.47696,1.6926599999999998,38.903200000000005,10.35,3.2077999999999998,29.76398,1.47696,0.144784,5.5358,1.7419600000000002,-0.14624000000000004,12.349799999999998,27.4332,0.8444200000000001,0.46738,7.202200000000001,1.7214,27.3334,4.5611999999999995,13.257399999999999,0.4884,15.061600000000002,2.4048,2.5224,10.8448,1.2686000000000002,16.179199999999998,13.8316,10.3794,1696.05937553585,1776.98120117,0.6175999999999999,1.6948,0.9733799999999999,1.7007800000000002,58.4456,10.7606,3.3040000000000003,26.0098,0.9733799999999999,0.08721599999999999,4.3402,1.4834399999999999,-0.21136,12.692,36.30159999999999,0.78654,0.7953,7.5118,1.2066,45.8622,8.1898,14.368599999999999,1.3184,16.885399999999997,4.2224,1.2351999999999999,14.439,1.2178,19.0216,21.975,25.2494,1714.8736339578581,0,-116.21508789000018
2024-03-16_Alaves_Athletic Club,2024-03-16,21:00,La Liga,Matchweek 29,Sat,2024,2.0,0.0,Athletic Club,Alaves,Home Win,1769.51513672,1,21.0,1.9667999999999999,0.6175999999999999,1.65906,0.9554999999999999,45.5774,12.2658,5.029400000000001,38.68624,1.5309000000000001,0.121362,2.077,0.71478,0.09718000000000002,9.817599999999999,27.197400000000002,0.8709000000000001,1.0308,8.8538,1.8936,32.8574,8.0548,15.7838,2.1924,20.9254,4.513999999999999,2.8983999999999996,13.994400000000002,2.6544000000000003,19.9782,24.526,18.141399999999997,1757.2706015162341,1618.23010254,1.2876,0.7604,1.22634,1.2808,39.6876,11.0866,3.8358,32.06918,0.95972,0.082916,4.0942,1.27378,0.51338,19.909,19.474,0.70896,0.55838,7.625,4.168,29.168599999999998,7.0054,14.046,0.2442,20.1454,4.9256,2.0214,12.999199999999998,2.4376,19.4758,18.6368,13.2254,1683.124545289148,0,151.28503418000014
2024-03-16_Osasuna_Real Madrid,2024-03-16,16:15,La Liga,Matchweek 29,Sat,2024,2.0,4.0,Osasuna,Real Madrid,Away Win,1654.63464355,1,16.0,1.378,0.9494,1.32324,0.85292,55.5702,14.198,3.6201999999999996,27.495799999999996,1.32324,0.098964,3.4315999999999995,1.15424,0.20483999999999997,12.9052,34.474399999999996,1.12116,1.14308,10.4298,2.3932,43.0802,7.0088,13.667,0.7558,22.8692,5.0792,2.0796,17.125999999999998,3.9758,25.514000000000003,21.1754,13.5882,1615.561477611504,1964.14990234,1.6199999999999999,0.8862,1.6801400000000002,0.8893599999999999,59.5126,11.7804,5.4112,45.31274,1.6801400000000002,0.144672,2.9524,1.14192,0.25572,12.7468,38.7856,1.6181400000000001,1.14584,9.7904,1.5735999999999999,44.915600000000005,8.0886,18.046,1.901,17.1452,5.421800000000001,3.2399999999999998,17.9494,1.4918,22.4524,25.420199999999998,22.1024,1650.253867210442,2,-309.51525878999996
2024-03-17_Celta Vigo_Sevilla,2024-03-17,14:00,La Liga,Matchweek 29,Sun,2024,1.0,2.0,Sevilla,Celta Vigo,Away Win,1680.2166748,1,14.0,1.5062,1.5406,1.37018,1.4976200000000002,48.6754,12.0726,4.3832,39.14938,1.22778,0.10317000000000001,4.8722,1.6718000000000002,0.13119999999999998,13.4924,32.413799999999995,0.7757800000000001,0.9215,8.6922,3.0536,36.9968,6.5592,14.473,0.0,19.127200000000002,3.0145999999999997,2.7682,13.770199999999999,2.7802000000000002,20.8678,18.4126,19.058799999999998,1675.045805541542,1629.33630371,1.5294,2.17,0.8785,2.21338,39.4868,8.0342,2.9052,40.596019999999996,0.8785,0.11445,6.4238,2.21406,0.53246,22.529000000000003,19.317,0.7343,0.64686,6.17,1.0156,25.150000000000002,4.3392,13.5342,1.1014,9.3934,1.5934,3.0588,10.7038,1.6618,14.9082,13.5988,12.1966,1716.5369537105098,2,50.880371089999926
2024-03-17_Valencia_Villarreal,2024-03-17,16:15,La Liga,Matchweek 29,Sun,2024,1.0,0.0,Villarreal,Valencia,Home Win,1711.71191406,1,16.0,2.0994,0.9623999999999999,1.7122,0.71586,52.4086,17.0276,6.7832,42.2662,1.58404,0.100412,2.3448,0.7953399999999999,-0.16706000000000001,16.9854,31.999000000000002,1.2250400000000001,1.20518,12.9634,1.8046000000000002,47.331,10.386599999999998,13.9544,1.327,18.0702,7.1478,3.5746,20.1588,3.5976000000000004,30.805599999999995,23.2074,19.5228,1620.783073975128,1698.47424316,0.9692000000000001,1.286,0.67724,1.2281,38.0384,7.5922,2.4266000000000005,27.758740000000003,0.67724,0.08052999999999999,4.025799999999999,1.4766199999999998,0.19062,16.7434,19.581400000000002,0.57128,0.40308,5.293,1.7433999999999998,24.767799999999998,3.2252,13.569799999999999,0.178,13.1486,1.6945999999999999,1.5428000000000002,9.285,1.1602000000000001,12.467199999999998,9.893799999999999,7.3816,1629.8142754870842,0,13.237670900000012
2024-03-17_Almeria_Las Palmas,2024-03-17,15:15,La Liga,Matchweek 29,Sun,2024,0.0,1.0,Las Palmas,Almeria,Away Win,1637.46911621,1,15.0,1.274,1.0642,0.9568,1.25118,65.0262,9.507000000000001,2.5778000000000003,29.327199999999998,0.9568,0.10503,2.4964,0.7557999999999999,-0.06419999999999995,13.8978,38.923199999999994,0.6491,0.74308,6.899799999999999,1.6622,49.6328,8.3848,16.4452,2.7144000000000004,18.4854,5.5686,2.548,12.8798,1.6862,17.273,18.797600000000003,16.162000000000003,1755.3154739000681,1538.78161621,0.7736,1.5538,0.9002,1.6826800000000002,40.315599999999996,8.9778,1.8066,13.918639999999998,0.9002,0.085888,4.7878,1.9130599999999998,0.35926,18.0368,16.8808,0.76832,0.48918,7.1248000000000005,1.5224,21.342399999999998,3.9292000000000002,13.155,0.9958,12.655600000000002,3.2408,0.9714,10.639000000000001,0.8154,14.3028,11.394200000000001,14.222999999999999,1694.973931448076,2,98.6875
2024-03-17_Betis_Rayo Vallecano,2024-03-17,18:30,La Liga,Matchweek 29,Sun,2024,2.0,0.0,Rayo Vallecano,Betis,Home Win,1610.79492188,1,18.0,0.6617999999999999,1.3758,1.10162,0.91578,52.471,12.057400000000001,3.3438,29.991120000000002,0.94776,0.070558,4.6576,1.3824400000000001,0.006640000000000021,14.271,34.534600000000005,0.67914,0.7504799999999999,8.569799999999999,3.0852000000000004,41.9464,8.8864,13.415600000000001,0.8544,23.106599999999997,6.3002,0.6154,13.4154,2.5938,19.596,21.0284,13.3438,1708.024188427854,1701.94897461,1.0596,0.8444,0.87086,1.8619600000000003,51.35940000000001,12.0044,3.9744,32.81606,0.87086,0.071484,5.936,1.3222399999999999,0.72204,13.7234,26.475199999999997,0.63662,0.73568,8.64,1.6884000000000001,34.9376,8.322,13.8538,0.7604,16.831599999999998,5.2832,1.6552,13.883,2.1714,19.841,19.5304,15.713400000000002,1647.54621554972,0,-91.1540527300001
2024-03-29_Cadiz_Granada,2024-03-29,21:00,La Liga,Matchweek 30,Fri,2024,1.0,0.0,Cadiz,Granada,Home Win,1598.10009766,1,21.0,1.0882,1.476,1.1578400000000002,0.91142,51.323800000000006,11.6986,3.5566,30.21314,1.0457,0.09084400000000001,3.4261999999999997,1.14396,-0.33204,12.0058,30.6862,0.7764800000000001,0.82058,7.846200000000001,3.3468,36.8906,6.8616,14.8202,0.5182,23.6246,5.248399999999999,1.7964,14.5072,2.2818,21.362000000000002,13.140199999999998,10.316200000000002,1671.385819751674,1546.66650391,0.8132,2.4528,0.9027999999999999,1.8050199999999998,47.6428,9.738800000000001,3.2354,34.3714,0.7604000000000001,0.078168,6.8138,1.67562,-0.7771800000000001,17.6838,20.981,0.63518,0.7108599999999999,6.7432,2.4330000000000003,25.2104,6.523599999999999,16.0086,0.9296,17.509,2.4574000000000003,1.6264,12.586799999999998,1.5823999999999998,16.2776,15.5384,13.4442,1717.345392627788,0,51.43359375
2024-03-30_Almeria_Osasuna,2024-03-30,16:15,La Liga,Matchweek 30,Sat,2024,0.0,3.0,Almeria,Osasuna,Away Win,1554.24377441,1,16.0,0.9279999999999999,1.462,1.29786,1.4226999999999999,46.0122,13.960999999999999,4.3738,33.608639999999994,1.29786,0.091638,4.9288,1.4943,0.03230000000000002,18.304000000000002,23.987000000000002,1.06602,0.68376,10.449,3.0695999999999994,32.262600000000006,6.598200000000001,13.188,1.0464,18.819,4.073799999999999,1.8559999999999999,18.961,1.272,23.9174,16.7964,18.3544,1682.347954025324,1653.06188965,0.5778,1.0464,0.67184,1.3809,37.139,8.172600000000001,1.8981999999999999,23.009639999999997,0.67184,0.086196,4.231,1.5439,0.49750000000000005,13.488,22.578,0.6166799999999999,0.61868,6.167,1.3842,25.898000000000003,4.0806000000000004,13.200199999999999,0.1602,19.5154,5.747999999999999,0.9954000000000001,6.778,2.5580000000000003,12.1638,14.818999999999999,7.6996,1751.619897291332,2,-98.81811524
2024-03-30_Mallorca_Valencia,2024-03-30,18:30,La Liga,Matchweek 30,Sat,2024,0.0,0.0,Valencia,Mallorca,Draw,1695.72412109,1,18.0,1.2,0.6175999999999999,1.02832,1.21932,44.681400000000004,9.878,3.139,30.75148,0.90372,0.10095,3.7104,1.17072,0.5531200000000001,16.8386,29.671400000000002,0.69204,0.7740400000000001,6.2572,2.156,36.2472,7.0466,14.6368,1.1184,19.2128,3.6860000000000004,1.9604,13.2706,1.2818,17.709200000000003,15.416800000000002,11.6962,1732.0473554444663,1638.61279297,0.3978,1.5934,0.87652,1.5451,41.1108,9.227,3.0228,29.43326,0.87652,0.083404,4.5628,1.5577400000000003,-0.035660000000000025,15.395999999999999,24.3972,0.69456,0.86854,7.0138,3.6628,32.0728,7.487,11.1618,1.5799999999999998,19.9144,3.008,0.5758,11.7404,1.8940000000000001,16.465200000000003,20.3366,12.728200000000001,1777.2676523686162,1,57.111328119999826
2024-03-30_Getafe_Sevilla,2024-03-30,14:00,La Liga,Matchweek 30,Sat,2024,0.0,1.0,Getafe,Sevilla,Away Win,1672.47131348,1,14.0,1.8174,1.411,1.5646200000000001,1.68898,39.545,11.280199999999999,3.6196,33.453739999999996,1.5646200000000001,0.14562999999999998,4.705399999999999,1.3694000000000002,-0.041600000000000054,15.0336,27.9104,1.0242,0.61158,8.2472,2.0376,28.553200000000004,5.526,12.610800000000001,0.9279999999999999,13.878599999999999,2.3644,2.7586,13.334800000000001,1.7302,19.2126,15.546000000000001,9.6972,1724.0565799785618,1671.47912598,1.0046,1.6872,1.1054599999999999,1.59486,43.9478,8.938600000000001,3.4314,49.00638,1.1054599999999999,0.12397,5.258399999999999,1.2947,-0.3925,14.9514,30.0562,0.8268,0.80674,6.313000000000001,2.1324,33.6252,6.9038,8.893799999999999,0.62,15.374600000000001,3.5898000000000003,1.7650000000000001,11.191199999999998,1.8208000000000002,15.666,17.7548,13.7646,1722.603589014522,2,0.9921875
2024-03-30_Barcelona_Las Palmas,2024-03-30,21:00,La Liga,Matchweek 30,Sat,2024,1.0,0.0,Barcelona,Las Palmas,Home Win,1887.70727539,1,21.0,2.3754000000000004,1.3944,2.3153599999999996,1.0477600000000002,66.2862,16.9246,6.3420000000000005,38.05196,2.1199999999999997,0.13533199999999998,3.74,1.0440800000000001,-0.3503200000000001,14.024799999999999,41.5144,1.74008,1.5325600000000001,13.5276,2.8224,44.132400000000004,10.588000000000001,16.086399999999998,3.0638,17.2456,5.9326,4.0128,21.496,2.6342,30.0108,29.1468,26.4514,1644.218779836632,1627.52905273,1.2864,2.1896,0.9150400000000001,2.18022,64.6802,11.5824,3.8976,32.2398,0.9150400000000001,0.07779,4.9332,2.12844,-0.06116000000000005,13.753000000000002,40.4734,0.7302,0.74546,9.5692,1.2864,44.5124,6.398,21.0126,1.6444,16.4858,4.1764,2.2168,17.136000000000003,0.9138000000000001,20.7162,14.5954,14.794800000000002,1639.9796036375942,0,260.17822265999985
2024-03-31_Betis_Girona,2024-03-31,16:15,La Liga,Matchweek 30,Sun,2024,3.0,2.0,Girona,Betis,Home Win,1770.7980957,1,16.0,2.6786,0.6586000000000001,1.86386,0.7704799999999999,54.3338,12.7986,6.6828,51.60660000000001,1.86386,0.153018,3.3160000000000007,0.7886400000000001,0.13004,15.5256,31.462199999999996,1.5826399999999998,1.58074,10.267199999999999,1.6102,38.263000000000005,7.8014,15.751,2.1548,16.4644,4.087400000000001,5.197,17.0952,2.1978,23.727600000000002,24.316000000000003,27.725199999999997,1672.1185390640699,1692.91003418,0.9536,1.2484,0.82052,1.68812,54.9192,11.759799999999998,3.3886000000000003,28.151960000000003,0.82052,0.06845200000000001,5.7426,1.31332,0.2847200000000001,13.3508,28.9466,0.61854,0.7753599999999999,8.964400000000001,1.3754,38.1954,9.455,15.8778,0.5402,17.7698,5.6992,1.4896,13.118,3.031,19.8128,22.352,16.1746,1610.7428685057419,0,77.88806152000006
2024-03-31_Athletic Club_Real Madrid,2024-03-31,21:00,La Liga,Matchweek 30,Sun,2024,2.0,0.0,Real Madrid,Athletic Club,Home Win,1971.24487305,1,21.0,2.6464000000000003,0.4984,2.37368,0.77052,60.997600000000006,18.3382,7.193199999999999,37.745779999999996,2.08728,0.11546400000000001,1.6743999999999999,0.6393,0.1409,10.4728,52.605000000000004,1.5363600000000002,1.4813200000000002,15.7182,2.4122000000000003,61.071,12.998800000000001,13.221200000000001,2.1714,17.8942,5.786200000000001,3.338,24.174400000000002,3.2012,33.8098,37.6584,30.347600000000003,1652.116836181354,1776.59960938,0.7081999999999999,0.8196,0.56674,0.9501999999999999,48.6012,7.127600000000001,1.98,28.9002,0.56674,0.082284,2.8947999999999996,0.70434,0.10454,12.616,28.0844,0.4905,0.72422,5.7452,1.4618,38.0638,6.4088,14.8562,1.1758,22.477800000000002,5.1144,0.7081999999999999,11.1522,0.9536,13.4618,16.074599999999997,14.3724,1640.5064483393776,0,194.64526367000008
2024-03-31_Alaves_Real Sociedad,2024-03-31,18:30,La Liga,Matchweek 30,Sun,2024,0.0,1.0,Alaves,Real Sociedad,Away Win,1616.66772461,1,18.0,1.0,0.9516,1.1108600000000002,1.1291,44.077999999999996,12.5076,2.6642,20.63648,0.9827,0.07521800000000001,3.9148,1.08938,0.13778,14.272200000000002,29.1042,0.73682,0.7401,8.748199999999999,3.5074,37.3162,7.8086,13.353200000000001,0.9623999999999999,28.1374,7.3016000000000005,2.0,15.8614,1.6378,22.351,19.5534,15.232600000000001,1675.56620536923,1772.10644531,1.7280000000000002,1.3456,1.29506,1.04718,59.2932,12.0012,4.2783999999999995,37.02474,1.11922,0.106064,3.6164000000000005,1.07306,-0.27254,11.0338,32.6986,0.81512,1.13822,8.6842,2.1612,43.3744,8.888399999999999,13.177,0.9958,20.6054,5.537000000000001,2.5744000000000002,14.4372,2.2574,20.769399999999997,22.275,16.6418,1654.014956029664,2,-155.43872069999998
2024-03-31_Celta Vigo_Rayo Vallecano,2024-03-31,14:00,La Liga,Matchweek 30,Sun,2024,0.0,0.0,Celta Vigo,Rayo Vallecano,Draw,1643.5958252,1,14.0,0.7844,0.9756,1.14676,0.89882,46.632400000000004,12.450000000000001,4.4904,36.808800000000005,1.0186,0.074218,2.9026,1.03172,0.05612,10.409600000000001,27.6856,0.6909,0.8286,9.4922,1.6696000000000002,33.8684,8.3084,14.164,2.2604,20.5932,5.4876000000000005,1.4086,13.2886,3.0286,21.0884,23.6594,16.7136,1740.85892570851,1625.35583496,0.3758,1.6552,0.66012,1.01814,52.3536,8.4932,2.0996,22.03492,0.66012,0.077114,4.7388,1.58398,-0.07122,12.7628,27.9852,0.41724,0.5533399999999999,4.957,1.9018000000000002,32.9516,4.372400000000001,17.444200000000002,0.46399999999999997,13.7896,3.2468000000000004,0.7516,9.9128,0.822,13.1262,9.6288,10.293,1678.599655907988,1,18.239990239999997
2024-04-04_Granada_Valencia,2024-04-04,20:00,La Liga,Matchweek 26,Thu,2024,0.0,1.0,Granada,Valencia,Away Win,1541.89880371,1,20.0,1.2264,1.3282,1.46192,1.3601,44.578199999999995,13.129,4.417,34.44738,1.29098,0.09056600000000001,5.010199999999999,1.13198,-0.19622000000000003,14.285599999999999,19.8136,1.04888,0.88606,8.7542,2.068,30.644199999999994,7.3912,19.1004,1.3158,19.6804,5.4394,2.4528,13.95,4.2746,24.192400000000003,20.0592,12.412,1637.6341085200481,1691.81530762,0.8722,1.2573999999999999,0.86368,1.4927199999999998,41.197,9.818999999999999,3.8931999999999998,37.19144,0.86368,0.0848,4.4674,1.75638,0.49898,13.285599999999999,22.0972,0.7439,0.49044,7.1614,2.3016,32.1374,5.5888,13.0802,1.137,15.3638,2.0134000000000003,1.3884,13.6844,1.7326000000000001,16.9484,13.4556,10.118,1644.5846421369838,2,-149.91650391000007
2024-04-12_Betis_Celta Vigo,2024-04-12,21:00,La Liga,Matchweek 31,Fri,2024,2.0,1.0,Betis,Celta Vigo,Home Win,1688.73876953,1,21.0,1.6461999999999999,1.7711999999999999,1.12722,1.23234,53.5184,12.2702,3.0923999999999996,24.31344,0.98482,0.081802,2.9846,1.4078600000000001,-0.11914000000000002,12.4298,24.596999999999998,0.7993,0.8544799999999999,8.530000000000001,1.7624,39.0604,8.054400000000001,15.4664,1.3956,19.364800000000002,5.986600000000001,2.8528,15.988,0.8022,20.9782,21.816,17.4358,1721.838879564952,1640.73339844,1.7206,2.053,1.09484,2.14764,44.9662,10.761199999999999,3.5472,38.52242,1.09484,0.10912,5.8932,2.07614,0.46274,19.2014,28.9414,0.9794799999999999,0.9396199999999999,9.227599999999999,1.4024,34.1144,6.791399999999999,13.148,2.2122,11.1634,3.2434000000000003,3.4412,16.2384,1.5956,20.2782,16.945800000000002,17.049400000000002,1718.0414382062079,0,48.005371089999926
2024-04-13_Mallorca_Real Madrid,2024-04-13,18:30,La Liga,Matchweek 31,Sat,2024,0.0,1.0,Mallorca,Real Madrid,Away Win,1642.52160645,1,18.0,1.0178,0.7338,1.07476,0.8839400000000001,45.2304,12.3704,3.4213999999999998,29.43464,1.07476,0.082698,3.6332,0.8105399999999999,0.07673999999999995,15.3844,25.276600000000002,0.86092,0.7153400000000001,8.398399999999999,1.9736,31.159200000000002,5.8984000000000005,10.806999999999999,0.7004,20.342,6.4848,1.8157999999999999,13.675600000000001,2.906,20.9758,16.8492,12.867999999999999,1691.551623072988,1974.57470703,2.2906,1.286,2.13378,0.88484,60.538399999999996,13.4558,6.491,47.2972,2.13378,0.161626,3.3456,1.2575,-0.028499999999999998,13.2164,39.1288,1.88262,1.17892,10.688,1.272,43.992000000000004,8.6564,18.3856,2.9318,14.8328,6.1562,4.337,18.3868,1.7868,23.9604,26.9756,20.238400000000002,1659.12095600348,2,-332.05310057999986
2024-04-13_Getafe_Rayo Vallecano,2024-04-13,16:15,La Liga,Matchweek 31,Sat,2024,0.0,0.0,Rayo Vallecano,Getafe,Draw,1628.21838379,1,16.0,1.084,1.0939999999999999,1.1191,0.97628,48.24,11.7956,3.8419999999999996,37.14032,0.9806400000000001,0.082154,4.0034,1.2109,0.11689999999999999,16.086199999999998,30.0736,0.6212000000000001,0.63774,7.6242,2.5882000000000005,38.5654,6.755800000000001,13.386,0.4806,20.5214,5.6376,1.2864,11.752600000000001,2.4344,18.1034,18.427400000000002,12.476600000000001,1711.938233032532,1662.04003906,0.6962,1.9798,1.07688,1.59114,45.439600000000006,11.418800000000001,3.5974,31.71784,0.93448,0.081702,5.5728,1.8379400000000001,-0.14186000000000004,10.355599999999999,23.461399999999998,0.5874199999999999,0.58112,7.63,2.2848,27.2686,4.8978,15.351800000000003,0.4984,21.736600000000003,5.1036,1.3924,11.157799999999998,2.04,18.857,22.035600000000002,10.369600000000002,1731.4446906283242,1,-33.821655270000065
2024-04-13_Barcelona_Cadiz,2024-04-13,21:00,La Liga,Matchweek 31,Sat,2024,0.0,1.0,Cadiz,Barcelona,Away Win,1602.86779785,1,21.0,1.0794,0.7516,1.27414,0.66842,52.379400000000004,12.4052,4.2776,34.99264,1.27414,0.105296,2.851,0.61258,-0.13901999999999998,12.494,30.9056,1.02186,0.9006,9.1266,3.8004,36.080200000000005,7.7962,14.8382,0.178,24.2266,5.5118,1.9609999999999999,16.598,2.1536,22.3904,15.612000000000002,13.070799999999998,1638.240058595068,1889.34313965,2.303,0.6962,1.5110600000000003,0.79574,62.135200000000005,9.713799999999999,3.5650000000000004,37.85048,1.3528200000000001,0.143118,2.9602,0.52278,-0.17342000000000002,18.2884,31.566800000000004,1.26896,1.28864,7.740399999999999,0.9802,45.1306,7.6974,17.7092,2.0684,14.097999999999999,4.1316,4.361800000000001,12.809999999999999,2.4134,17.988,22.038999999999998,19.2384,1664.115587863998,2,-286.4753418
2024-04-14_Athletic Club_Villarreal,2024-04-14,18:30,La Liga,Matchweek 31,Sun,2024,1.0,1.0,Athletic Club,Villarreal,Draw,1776.21972656,1,18.0,2.1142,0.5558000000000001,1.4180200000000003,1.13412,48.217400000000005,12.3508,4.349600000000001,34.5196,1.4180200000000003,0.115898,2.4576,0.9462999999999999,0.3905,9.98,31.1406,0.72402,1.01122,8.924199999999999,2.1042,37.3348,8.0168,15.8494,2.229,19.1914,4.5626,3.2967999999999997,14.2624,2.0564,19.8594,25.540999999999997,18.7834,1740.920492385122,1717.06176758,2.4798,1.9206,1.49324,1.4497,40.2286,9.6808,3.9979999999999998,50.2101,1.49324,0.179896,5.3892,1.5121200000000001,-0.23048000000000002,22.1336,23.2466,1.27136,1.26962,8.684,2.5749999999999997,33.5958,7.194799999999999,12.073,2.3722000000000003,13.0982,4.1578,4.2932,12.768400000000002,2.18,18.4654,21.7476,16.4576,1727.08827265744,1,59.1579589800001
2024-04-14_Alaves_Granada,2024-04-14,16:15,La Liga,Matchweek 31,Sun,2024,2.0,0.0,Granada,Alaves,Home Win,1538.4432373,1,16.0,0.8154,1.4396,1.0297,1.20642,46.108999999999995,12.827800000000002,3.5544000000000002,28.958299999999998,0.87584,0.064882,4.709200000000001,1.0588,-0.38079999999999997,12.459400000000002,24.5604,0.6479400000000001,0.7677,8.202000000000002,2.2054,31.2238,6.487,18.0134,0.9958,20.5332,5.3954,1.6308,12.557599999999999,4.147,23.208199999999998,18.9882,11.449800000000002,1652.205499463434,1613.19250488,1.0146000000000002,1.0286,1.27696,1.39482,38.954,10.5778,3.7963999999999998,34.5861,0.957,0.092276,3.9406,1.35408,0.32548000000000005,18.8852,17.3522,0.74574,0.66906,7.4066,3.7070000000000003,27.9426,6.4605999999999995,14.7064,0.2198,19.3426,4.833,1.5308,11.7666,2.538,17.9954,16.2752,10.428400000000002,1683.23088503472,0,-74.74926757999992
2024-04-14_Las Palmas_Sevilla,2024-04-14,13:00,La Liga,Matchweek 31,Sun,2024,0.0,2.0,Las Palmas,Sevilla,Away Win,1628.84313965,1,13.0,0.714,1.202,0.96554,1.03306,66.60940000000001,12.530999999999999,3.3526,27.97072,0.96554,0.089874,2.3026,0.78582,-0.19638,12.154399999999999,41.63719999999999,0.68864,0.7531800000000001,10.0846,1.9844,54.8622,8.9348,16.800800000000002,2.7870000000000004,23.3976,7.1212,1.428,17.1434,2.3502,23.250999999999998,20.6156,20.0856,1709.466205808698,1684.86035156,1.0042,0.7976,1.08938,1.4944799999999998,41.3672,9.1894,3.3884000000000003,46.62868,1.08938,0.119572,4.8,1.10222,0.30462,15.677000000000001,23.837,0.7253200000000001,0.70284,6.2261999999999995,1.875,27.0048,5.159999999999999,9.9812,0.558,13.1188,3.2426,1.7886,10.6842,1.9829999999999999,15.600200000000001,15.882200000000001,11.979,1701.029149293056,2,-56.017211910000015
2024-04-14_Almeria_Real Sociedad,2024-04-14,21:00,La Liga,Matchweek 31,Sun,2024,2.0,2.0,Real Sociedad,Almeria,Draw,1781.48156738,1,21.0,0.8684000000000001,1.0173999999999999,1.31822,0.69206,61.7896,15.819600000000001,4.9322,34.53832,1.31822,0.08377400000000002,2.0836,0.81412,-0.20328000000000002,7.306000000000001,38.2726,0.913,1.2541799999999999,9.772,2.11,49.5818,7.1936,12.8884,1.4288,24.6784,7.5128,1.517,17.0706,3.5343999999999998,26.762200000000004,29.8434,21.2496,1634.4232763644181,1543.81677246,0.9404,1.2542,0.9766399999999998,1.54672,37.9092,8.2354,2.1142,28.813920000000003,0.9766399999999998,0.133578,5.4858,1.7385,0.4843,21.3402,15.083000000000002,0.85796,0.44582,6.5678,1.0376,18.645,3.4478,12.5068,0.8962,11.813,3.0724,1.3626,10.3188,0.7338,13.471799999999998,11.7428,14.0562,1687.5226103290458,1,237.66479491999985
2024-04-15_Osasuna_Valencia,2024-04-15,21:00,La Liga,Matchweek 31,Mon,2024,0.0,1.0,Osasuna,Valencia,Away Win,1669.38867188,1,21.0,1.5844,1.8312,1.1743799999999998,1.44696,51.3056,13.2014,3.9465999999999997,32.45214,1.1743799999999998,0.09318199999999999,5.2862,1.8690800000000003,0.037880000000000025,11.594,31.119400000000002,0.98134,0.98664,9.9426,2.3538,38.6878,6.1752,13.8328,0.536,23.647,5.0712,2.8484,17.734399999999997,3.2456,23.941599999999998,18.482999999999997,11.5314,1709.4440144762182,1701.1706543,0.885,1.1316,0.8317399999999999,1.44668,41.666,9.1488,3.5597999999999996,36.19752,0.8317399999999999,0.086646,4.609,1.61512,0.48352,12.8362,19.012999999999998,0.6651,0.48582000000000003,6.1686,2.1714,28.417,5.5742,14.6934,1.3676,14.883200000000002,2.6446,1.2054,12.095199999999998,2.1478,16.0654,13.4986,9.618,1618.940442357146,2,-31.781982420000077
2024-04-19_Athletic Club_Granada,2024-04-19,21:00,La Liga,Matchweek 32,Fri,2024,1.0,1.0,Athletic Club,Granada,Draw,1761.50427246,1,21.0,1.8586,0.6002,1.21646,1.3749000000000002,49.2732,12.8484,4.9472000000000005,38.02328,1.21646,0.093448,2.5559999999999996,0.9949199999999998,0.39471999999999996,9.8378,35.0992,0.73046,1.02896,9.1202,3.1148000000000002,45.6256,10.2572,14.4552,1.962,20.7816,4.117999999999999,3.023,16.322400000000002,1.7624,21.671400000000002,26.1082,18.9378,1723.4716968772661,1538.93725586,0.7318,2.3074000000000003,0.8624999999999999,1.75566,46.6902,10.3416,3.1118,31.01624,0.73434,0.071024,6.4882,1.6735999999999998,-0.6338,16.5064,20.194599999999998,0.6016400000000001,0.69418,6.712999999999999,3.0221999999999998,25.033199999999997,7.292,17.2172,0.8366,17.0136,2.5558,1.4636,13.204799999999999,1.6242,17.5592,15.961000000000002,11.5902,1686.4594409433741,1,222.5670166
2024-04-20_Betis_Valencia,2024-04-20,18:30,La Liga,Matchweek 32,Sat,2024,1.0,2.0,Valencia,Betis,Away Win,1699.79663086,1,18.0,0.9358,0.5558000000000001,1.162,1.24506,47.388,11.4436,3.6575999999999995,32.25184,1.04986,0.096088,3.6393999999999997,1.00154,0.44574,16.022599999999997,28.483,0.63958,0.79224,7.452399999999999,2.3846000000000003,35.7222,7.2862,13.8408,0.9623999999999999,18.8472,3.4732,1.476,14.852800000000002,1.3978,20.312600000000003,17.172800000000002,13.8126,1702.249094532258,1685.75158691,1.2024,1.5678,0.6587,1.7648800000000002,51.2762,10.2744,3.5938,36.1936,0.6587,0.065282,5.524,1.5585,0.18850000000000006,13.5598,28.6518,0.48134,0.7534,7.7028,1.4378,35.2132,9.1212,16.6112,0.442,16.3276,5.0968,1.7848000000000002,11.5968,2.3954000000000004,17.4454,21.451999999999998,15.757,1647.4932104969082,2,14.045043950000036
2024-04-20_Osasuna_Rayo Vallecano,2024-04-20,16:15,La Liga,Matchweek 32,Sat,2024,2.0,1.0,Rayo Vallecano,Osasuna,Home Win,1618.91552734,1,16.0,0.9756,0.6962,1.02068,0.85096,52.3114,11.239400000000002,3.5136,34.79316,0.89608,0.079056,2.8819999999999997,0.9023200000000001,0.20612000000000003,14.1562,29.489200000000004,0.5525800000000001,0.5574600000000001,7.3734,2.4852,38.187999999999995,6.5476,14.8568,0.4884,19.8602,4.0762,1.1578,11.300600000000001,2.1026000000000002,17.572200000000002,16.5778,12.2966,1710.2948821523541,1649.01672363,1.1084,0.7976,0.67582,1.32282,37.3164,7.2344,2.1084,31.747840000000004,0.67582,0.10034400000000002,4.308,1.47306,0.67546,15.0926,20.7022,0.62618,0.55356,5.7620000000000005,1.5458,22.781000000000002,4.272600000000001,12.227,0.0,17.078,4.8406,1.9726000000000001,7.0004,2.1138000000000003,11.0824,14.2486,7.973999999999999,1716.282047362912,0,-30.10119628999996
2024-04-20_Cadiz_Girona,2024-04-20,21:00,La Liga,Matchweek 32,Sat,2024,4.0,1.0,Girona,Cadiz,Home Win,1760.91687012,1,21.0,2.5666,0.6486000000000001,1.98076,0.4839,55.321600000000004,11.020999999999999,5.6936,51.02822,1.80982,0.186906,2.231,0.457,-0.1916,13.187199999999999,31.195400000000003,1.5067199999999998,1.2852200000000003,8.4428,1.7492,40.823,7.8212,16.1084,2.5278,15.941199999999998,3.8904,4.6448,14.123000000000001,1.6896,20.3036,23.019199999999998,24.089599999999997,1691.013574269518,1591.59399414,0.2198,1.264,0.68672,1.5474400000000001,43.537400000000005,10.546199999999999,2.3014,20.824640000000002,0.68672,0.072026,4.548,1.14218,-0.12181999999999998,18.6044,22.468000000000004,0.5161,0.5835400000000001,7.7142,2.5200000000000005,26.6032,5.2372,15.6388,0.5182,19.4826,4.2546,0.4396,12.4664,1.7732,18.964399999999998,13.7722,10.371,1676.94358691512,0,169.32287598000016
2024-04-20_Celta Vigo_Las Palmas,2024-04-20,14:00,La Liga,Matchweek 32,Sat,2024,4.0,1.0,Celta Vigo,Las Palmas,Home Win,1627.87451172,1,14.0,0.41759999999999997,0.7338,0.83816,0.7535600000000001,51.098,11.7842,3.3204,29.118900000000004,0.83816,0.065588,2.668,0.72222,-0.01158000000000001,9.98,29.7036,0.663,0.9822599999999999,9.4548,2.2910000000000004,36.568200000000004,9.4986,15.2128,1.6576,21.411,4.518,0.8351999999999999,13.427400000000002,2.3932,20.3264,25.003199999999996,16.942600000000002,1712.956929737182,1605.40820312,1.1578,2.0706,0.85354,1.8871000000000002,58.572,11.6566,3.3636,26.131819999999998,0.85354,0.069686,3.6306,1.4921,-0.62734,11.7918,37.3362,0.6627799999999999,0.66208,9.2564,1.402,40.3744,5.6255999999999995,21.0442,1.3357999999999999,15.6488,3.7144,1.9952,17.487399999999997,0.534,21.109599999999997,12.526200000000001,13.3824,1683.530889281442,0,22.466308600000048
2024-04-21_Barcelona_Real Madrid,2024-04-21,21:00,La Liga,Matchweek 32,Sun,2024,3.0,2.0,Real Madrid,Barcelona,Home Win,1967.94067383,1,21.0,2.4376,0.1602,2.08772,0.6369600000000001,58.5352,16.251,6.7298,40.57428,1.94532,0.120244,1.9512,0.44118,0.28098,12.2232,46.1948,1.4495000000000002,1.11368,13.937199999999999,1.6942,51.6544,10.712799999999998,12.7666,1.3776,13.7888,5.3194,3.26,20.9384,2.837,29.4778,30.490399999999998,26.373400000000004,1696.4806147716058,1870.0703125,1.7402,0.3382,1.14718,0.80176,61.9774,10.0866,2.8760000000000003,30.844540000000002,1.00478,0.106972,2.82,0.5060800000000001,0.16788,18.5922,31.465600000000002,0.93814,1.0556,7.8664,1.7147999999999999,43.230999999999995,7.727799999999999,19.0036,1.8174,13.8998,4.118399999999999,2.7721999999999998,13.3292,2.2720000000000002,18.5334,20.8584,17.04,1639.286385544592,0,97.87036132999992
2024-04-21_Almeria_Villarreal,2024-04-21,16:15,La Liga,Matchweek 32,Sun,2024,1.0,2.0,Almeria,Villarreal,Away Win,1540.19726562,1,16.0,0.8351999999999999,2.0484,1.1183400000000001,1.48138,47.2322,12.611600000000001,4.7248,38.2671,1.1183400000000001,0.086592,5.268400000000001,1.7600200000000001,-0.28838,16.5522,23.7118,0.9529399999999999,0.5068,9.395,2.2418,31.6154,5.0408,14.6226,0.7976,19.093200000000003,4.5548,1.6703999999999999,17.179199999999998,0.8564,21.4632,13.389,17.5982,1659.442922361552,1710.03137207,2.476,1.5402,1.5683600000000002,1.36028,41.050200000000004,8.215,3.4098,45.70356,1.1776400000000002,0.161698,5.8828000000000005,1.6474199999999999,0.26742,23.0176,21.1594,1.0212,1.16616,7.650400000000001,2.085,34.004,8.207999999999998,12.2098,0.8373999999999999,11.014,3.121,4.1080000000000005,12.2706,1.7736,16.6444,20.8634,16.3794,1753.8637006837841,2,-169.83410645000004
2024-04-21_Getafe_Real Sociedad,2024-04-21,14:00,La Liga,Matchweek 32,Sun,2024,1.0,1.0,Getafe,Real Sociedad,Draw,1655.49682617,1,14.0,1.3472000000000002,1.514,1.61138,1.44148,45.939800000000005,13.5382,3.9017999999999997,28.66364,1.61138,0.125646,4.5348,1.31802,-0.19598000000000004,13.276800000000001,31.6382,1.1227,0.70252,10.1202,2.178,32.3376,6.106,13.094,0.8351999999999999,14.4908,3.0164,2.3384,16.4084,1.9014,23.607599999999998,18.0776,11.881,1733.631735424604,1763.35522461,1.6552,1.211,1.26998,0.97246,60.41720000000001,12.866,4.2947999999999995,34.6265,1.11174,0.09625199999999999,2.9664,0.9513400000000001,-0.25966,9.9212,34.0584,0.8280399999999999,1.1088,9.5366,2.1892,43.378,9.1762,13.059400000000002,1.1404,21.498200000000004,6.504199999999999,2.2728,15.3026,3.3526,22.6224,23.9776,17.986600000000003,1647.1271243642982,1,-107.85839843999997
2024-04-22_Mallorca_Sevilla,2024-04-22,21:00,La Liga,Matchweek 32,Mon,2024,2.0,1.0,Sevilla,Mallorca,Home Win,1688.26586914,1,21.0,1.5997999999999999,1.5866,1.54738,1.55112,43.803200000000004,11.965399999999999,4.6332,41.49788,1.4192200000000001,0.123274,4.885,1.90002,0.31342000000000003,13.343000000000002,32.2282,0.83588,0.8216600000000001,8.3788,1.9831999999999999,32.568999999999996,6.1708,12.6282,0.0,15.1866,2.7248,2.9798,13.549000000000001,2.8022000000000005,21.125400000000003,19.204,18.3526,1651.4840301757781,1633.5213623,0.358,1.2898,0.9221,1.5117800000000001,43.718199999999996,9.981,3.453,33.15566,0.9221,0.083062,4.3624,1.35662,0.06681999999999999,13.758600000000001,30.195,0.6895,0.87168,7.4008,3.985,36.138,7.582599999999999,11.278,1.3778,19.779,2.863,0.5182,12.6874,1.5162,17.5838,21.7008,12.7554,1729.9309929431959,0,54.744506839999985
2024-04-26_Real Madrid_Real Sociedad,2024-04-26,21:00,La Liga,Matchweek 33,Fri,2024,0.0,1.0,Real Sociedad,Real Madrid,Away Win,1764.27661133,1,21.0,1.1258,1.2598,1.37966,0.86938,60.1776,16.0816,4.694800000000001,32.31026,1.37966,0.08584,2.3194,1.01362,-0.24618,6.022,38.7098,0.9994,1.2254999999999998,10.5274,2.6314,50.7968,9.46,11.346,0.9976,26.896,7.1172,2.0538,18.572599999999998,3.0925999999999996,26.885600000000004,30.879399999999997,21.5334,1618.768808371212,1978.85559082,2.0174000000000003,1.0131999999999999,1.95508,0.84192,61.382000000000005,14.143,7.0746,49.22588,1.95508,0.143928,3.211,1.05196,0.03876,15.0484,36.9736,1.6213399999999998,1.0845200000000002,10.331,0.8564,42.1948,8.4024,18.635399999999997,2.162,13.584,5.1638,3.815,18.2482,1.4198,25.041400000000003,26.1014,18.8934,1655.80229123449,2,-214.57897949000017
2024-04-27_Alaves_Celta Vigo,2024-04-27,18:30,La Liga,Matchweek 33,Sat,2024,3.0,0.0,Alaves,Celta Vigo,Home Win,1609.98034668,1,18.0,1.0244,0.558,0.65966,1.12012,40.9776,9.312,2.3426,21.484740000000002,0.65966,0.066206,3.9562,0.7238,0.1658,16.6742,22.5634,0.5053000000000001,0.52092,7.1484,2.683,26.589199999999998,6.9442,13.934600000000001,0.3758,20.2926,4.4242,2.0488,12.6986,1.3824,17.014,15.1572,11.842199999999998,1656.006256589538,1639.28308105,1.3602,2.3360000000000003,1.2174800000000001,2.06724,49.086600000000004,11.7504,3.6926,32.84264,1.2174800000000001,0.11132600000000001,5.892,1.9084600000000003,-0.031940000000000024,15.8854,33.088,1.1525,1.01778,9.925999999999998,1.3621999999999999,39.8412,7.8776,12.3448,2.2352000000000003,13.1334,3.996,2.4762000000000004,17.3684,1.2918,21.3042,19.0376,19.9518,1719.305849949382,0,-29.302734370000053
2024-04-27_Girona_Las Palmas,2024-04-27,13:00,La Liga,Matchweek 33,Sat,2024,0.0,2.0,Las Palmas,Girona,Away Win,1597.43249512,1,13.0,0.4984,1.2818,0.79246,1.11094,67.69,11.4896,3.2174,30.81772,0.79246,0.068908,2.084,0.8284400000000001,-0.25556,12.4388,43.19199999999999,0.51884,0.62576,8.5554,1.3534000000000002,55.4062,7.3762,16.0882,2.364,23.6348,7.73,0.9968,15.5526,1.971,21.2494,18.4888,20.6422,1665.976877537464,1767.40795898,0.6002,2.325,1.6013799999999998,1.89582,59.0554,11.6918,3.5616000000000003,27.96438,1.6013799999999998,0.13511,4.0412,1.8225600000000002,-0.50244,9.9308,37.5022,1.4659999999999997,1.2532400000000001,9.5624,1.9656000000000002,44.624599999999994,9.9614,16.8512,0.5956,16.845599999999997,3.1204,1.2004,16.673000000000002,1.2132,20.9834,23.331,27.3114,1702.233300193112,2,-169.97546386
2024-04-27_Almeria_Getafe,2024-04-27,16:15,La Liga,Matchweek 33,Sat,2024,1.0,3.0,Almeria,Getafe,Away Win,1536.37744141,1,16.0,0.9958,1.8994,1.24418,1.46438,47.200199999999995,14.471600000000002,4.464,34.213300000000004,1.24418,0.085932,5.041399999999999,1.66632,-0.23307999999999995,14.9758,24.973399999999998,1.0309000000000001,0.63822,10.976600000000001,2.706,32.8984,5.581,15.6814,1.062,17.321599999999997,3.7344,1.9916,20.836000000000002,1.315,25.3034,16.204,17.2176,1678.179960838842,1658.00830078,0.3382,1.3492,0.8406,1.50314,41.712199999999996,10.544400000000001,2.2283999999999997,18.45314,0.71244,0.063114,4.494400000000001,1.53222,0.18301999999999996,11.641,21.862000000000002,0.48102,0.47092,7.0788,2.1564,23.790599999999998,4.707999999999999,15.6724,0.1602,17.712,4.0164,0.6764,10.0654,1.936,17.982999999999997,17.003999999999998,9.6442,1717.515864919672,2,-121.63085936999983
2024-04-28_Cadiz_Mallorca,2024-04-28,14:00,La Liga,Matchweek 33,Sun,2024,1.0,1.0,Cadiz,Mallorca,Draw,1588.5357666,1,14.0,0.9714,0.9206,1.33322,0.7925,50.2204,13.285599999999999,4.294,33.51774,1.33322,0.10609,2.81,0.69782,-0.22277999999999998,11.4796,30.058799999999998,1.1350200000000001,1.0503,10.523399999999999,3.9646,36.2812,8.593399999999999,15.775199999999998,0.6486000000000001,25.1688,6.0489999999999995,1.7648000000000001,17.6476,2.3824,23.704800000000002,18.5138,13.8408,1680.2132469985481,1628.6862793,0.4222,1.505,0.94312,1.3552600000000001,43.513999999999996,9.7828,4.0402000000000005,41.49704,0.94312,0.089522,4.182,1.32094,-0.18406,14.3594,27.045199999999998,0.69936,0.7912399999999999,7.1606,3.6422,31.652,6.547399999999999,10.8618,1.6842000000000001,18.4476,2.6884,0.6664,12.218399999999999,1.8088000000000002,17.4694,20.2976,13.1564,1725.1689627672858,1,-40.150512700000036
2024-04-28_Betis_Sevilla,2024-04-28,21:00,La Liga,Matchweek 33,Sun,2024,1.0,1.0,Betis,Sevilla,Draw,1698.19677734,1,21.0,1.6816,1.2615999999999998,1.14892,1.0673,54.30799999999999,12.6874,2.939,22.64224,1.0207600000000001,0.081622,3.3304,1.4427,0.4009,11.9542,27.699999999999996,0.79936,0.92228,8.8212,1.3978,45.0918,8.249,14.199000000000002,1.356,19.416999999999998,6.420599999999999,2.9676,16.0008,1.3104,22.1572,24.853,17.924599999999998,1681.6211838379359,1693.10095215,1.1038,0.5736,1.30578,1.1099,41.3626,9.2704,2.9170000000000003,40.64048,1.30578,0.140148,4.087400000000001,0.87222,0.29862,13.9676,27.059800000000003,0.85044,0.7702,6.936,2.6642,28.5574,5.9206,9.739,1.8232,16.1138,3.4065999999999996,2.0098,10.094800000000001,2.5172,15.9842,16.7588,13.6902,1691.5926673836561,1,5.095825189999914
2024-04-28_Granada_Osasuna,2024-04-28,16:15,La Liga,Matchweek 33,Sun,2024,3.0,0.0,Granada,Osasuna,Home Win,1547.68188477,1,16.0,1.2222,1.1514,1.15762,0.9859600000000001,43.1354,11.0472,3.5429999999999997,31.315699999999996,0.87264,0.07216,4.2498000000000005,0.81546,-0.33594,13.8226,21.0976,0.62312,0.66884,6.9166,0.9756,26.108400000000003,6.2058,16.214199999999998,0.8962,15.531,4.2348,2.2002,11.048200000000001,3.1553999999999993,20.4126,16.7708,10.383799999999999,1653.62813952662,1643.86682129,1.2418,1.062,0.58616,1.0386600000000001,37.761799999999994,6.678400000000001,2.2418,35.1049,0.58616,0.09642800000000001,4.765600000000001,1.4345599999999998,0.37256,16.160400000000003,20.2436,0.5559000000000001,0.51936,5.009,1.3912,22.902800000000003,3.7128,12.0602,0.2442,15.3604,3.7354000000000003,2.0196,6.856199999999999,1.714,10.253200000000001,11.649200000000002,8.2208,1672.75135107252,0,-96.18493652000006
2024-04-28_Rayo Vallecano_Villarreal,2024-04-28,18:30,La Liga,Matchweek 33,Sun,2024,3.0,0.0,Villarreal,Rayo Vallecano,Home Win,1717.28405762,1,18.0,1.631,0.8642000000000001,1.4364,0.9126799999999999,52.8642,15.092399999999998,5.672000000000001,37.407160000000005,1.26056,0.08507999999999999,4.584,0.9653800000000001,0.10117999999999999,13.3644,34.779399999999995,0.9955,1.2299600000000002,11.3234,1.5976000000000001,51.32319999999999,10.2114,16.1294,1.435,17.985,6.525,2.6664,16.821,4.4264,27.7656,26.111200000000004,18.0918,1622.5552131330699,1627.49829102,0.3382,1.4896,0.72618,1.0828,49.5766,8.8764,2.378,25.93608,0.72618,0.08361,3.8322000000000003,1.38226,-0.10733999999999999,14.195799999999998,27.475,0.42434,0.54242,5.2938,2.4442,33.4218,4.9678,15.702,0.41759999999999997,14.5318,3.1222,0.6764,11.563400000000001,0.8398,14.4112,12.1522,12.261599999999998,1649.6955755864378,0,89.78576660000022
2024-04-29_Barcelona_Valencia,2024-04-29,21:00,La Liga,Matchweek 33,Mon,2024,4.0,2.0,Barcelona,Valencia,Home Win,1868.04553223,1,21.0,1.9494,0.534,2.1816999999999998,0.71344,66.4134,15.4788,4.8984000000000005,31.84042,2.0058599999999998,0.13667800000000002,2.5008,0.44942000000000004,-0.08458000000000002,13.5664,45.749399999999994,1.6972,1.60254,12.7982,2.7402,46.0636,10.0966,15.101,2.569,16.0676,5.3626000000000005,3.5229999999999997,22.1792,2.1382000000000003,28.5124,28.511,25.6416,1633.711767627772,1690.78430176,0.46399999999999997,0.8742,0.52344,1.60734,39.846000000000004,7.9128,3.2154000000000003,42.87574,0.52344,0.062354,4.348000000000001,1.5491400000000002,0.6749400000000001,16.1714,18.767400000000002,0.38788,0.39514,5.6632,1.81,25.721200000000003,4.9724,14.2918,1.2308,12.985399999999998,2.4802,0.7081999999999999,10.6202,1.7888,14.1492,12.716000000000001,9.8444,1631.4887729740421,0,177.26123046999987
2024-05-03_Athletic Club_Getafe,2024-05-03,21:00,La Liga,Matchweek 34,Fri,2024,0.0,2.0,Getafe,Athletic Club,Away Win,1668.63562012,1,21.0,1.4566000000000001,1.3184,1.45696,1.30196,45.3024,12.2076,3.7116000000000002,31.04492,1.45696,0.12208,3.5162,1.1076,-0.2108,12.9488,27.767799999999998,0.9683,0.67226,8.687199999999999,2.6486,28.276200000000003,6.4838000000000005,14.8824,0.9958,13.2768,2.4264,2.3486000000000002,13.969800000000001,1.5670000000000002,20.5048,16.8374,11.160600000000002,1706.4804533684821,1750.21789551,0.8178,1.7062,0.6754600000000001,1.03228,46.75540000000001,7.089,2.118,29.84062,0.6754600000000001,0.09492,3.5382000000000002,0.96838,-0.31562,10.3006,32.6726,0.63966,0.82766,6.372999999999999,2.0066,42.75659999999999,8.1044,14.417000000000002,0.8982,25.247799999999998,5.489,1.062,10.838000000000001,1.1822,13.240000000000002,17.6752,15.166,1695.518361230254,2,-81.58227538999995
2024-05-04_Cadiz_Real Madrid,2024-05-04,16:15,La Liga,Matchweek 34,Sat,2024,3.0,0.0,Real Madrid,Cadiz,Home Win,1986.39025879,1,16.0,2.7822,0.4884,2.1666000000000003,0.75652,56.372,15.348799999999999,7.1892,46.265679999999996,1.8675,0.12166199999999999,2.5004,0.60592,0.11751999999999999,11.924399999999999,43.9236,1.5266200000000003,1.1467,13.454800000000002,1.7247999999999999,49.3904,9.8646,12.2574,0.9514,12.877000000000002,4.9872000000000005,4.255,20.8,2.3648000000000002,28.4084,29.0314,26.9564,1756.2069543227278,1588.00354004,0.442,1.9702,0.9655,1.61714,42.33,11.1242,3.148,27.324199999999998,0.9655,0.098126,4.881600000000001,1.35776,-0.61244,16.9904,23.1978,0.8607800000000001,0.66286,8.087,2.5238,28.0078,5.946,15.186399999999999,0.178,20.322400000000002,4.229,0.6398,12.764,2.2842,20.233199999999997,15.2042,10.945799999999998,1707.234884913072,0,398.38671875
2024-05-04_Las Palmas_Real Sociedad,2024-05-04,14:00,La Liga,Matchweek 34,Sat,2024,2.0,0.0,Real Sociedad,Las Palmas,Home Win,1760.09301758,1,14.0,1.0131999999999999,1.378,1.3593400000000002,0.8657,60.480199999999996,15.805800000000001,4.5252,30.00104,1.3593400000000002,0.090022,2.82,1.13202,-0.24598,5.775600000000001,39.5804,1.00712,1.2406199999999998,10.8514,2.6124,52.8562,10.0792,11.855599999999999,1.7304,29.025,8.803,1.8484,19.1246,2.639,27.050199999999997,31.333199999999998,23.177400000000002,1703.61655375788,1589.93579102,0.9978,2.8402,0.91142,2.44442,61.388400000000004,11.2466,3.283,27.151040000000002,0.91142,0.079484,6.009399999999999,2.16102,-0.72314,9.7942,40.00919999999999,0.7297399999999999,0.7147,9.130600000000001,1.2176,41.1458,5.1746,18.9534,1.1580000000000001,15.472,4.3196,1.9956,16.4058,0.9690000000000001,20.6984,12.485200000000003,12.611400000000001,1674.0061334713241,0,170.15722656000003
2024-05-04_Barcelona_Girona,2024-05-04,18:30,La Liga,Matchweek 34,Sat,2024,4.0,2.0,Girona,Barcelona,Home Win,1776.20178223,1,18.0,2.5658,0.6838,1.96386,0.7253000000000001,55.7778,10.6304,5.1916,48.517360000000004,1.81,0.192102,2.7964,0.59458,-0.08921999999999998,14.4452,34.150400000000005,1.3751,1.14808,8.354199999999999,2.2186000000000003,43.7594,8.139199999999999,16.43,2.2308,17.068,3.413,4.4478,13.633799999999999,1.2322,19.4962,24.482200000000002,25.401000000000003,1669.835603444066,1872.42077637,1.6219999999999999,0.8928,1.2012999999999998,1.13906,59.4936,11.5874,3.3326000000000002,28.51564,1.07314,0.096622,4.2032,0.8285199999999999,-0.06428,13.584,30.1984,0.79338,0.89466,8.024000000000001,1.255,44.7382,7.166600000000001,17.0938,1.3472000000000002,15.3192,4.9392,2.3624,13.829,2.8332,20.378,21.0166,17.3686,1720.8932539044279,0,-96.21899414000018
2024-05-05_Celta Vigo_Villarreal,2024-05-05,16:15,La Liga,Matchweek 34,Sun,2024,3.0,2.0,Celta Vigo,Villarreal,Home Win,1628.07397461,1,16.0,1.3526,0.7604,1.6878600000000001,0.80704,46.737,14.8686,5.8744,36.52038,1.6878600000000001,0.099658,3.0896,0.82766,0.06726000000000001,9.882000000000001,30.177599999999998,1.5202200000000001,1.25592,12.5722,2.162,36.8442,9.5372,13.538,2.7128,18.983800000000002,5.154599999999999,2.7052,19.0338,2.3538,26.331200000000003,28.154,19.1344,1672.1114915768762,1724.84606934,1.9958,1.1978,1.49946,1.34658,43.119800000000005,8.782,2.9362,38.18064,1.14778,0.147548,5.2178,1.58826,0.39046,22.7596,20.943600000000004,1.16558,1.25722,8.318000000000001,1.8881999999999999,34.569,8.0874,12.5212,0.9978,11.3452,3.2971999999999997,3.3762,13.0764,2.1846,18.0454,21.5658,19.3162,1684.53514921761,0,-96.77209472999994
2024-05-05_Alaves_Valencia,2024-05-05,18:30,La Liga,Matchweek 34,Sun,2024,0.0,1.0,Valencia,Alaves,Away Win,1687.70629883,1,18.0,0.7979999999999999,0.8444,1.11256,1.16402,48.9148,11.1434,3.9802,38.168420000000005,0.94162,0.082828,4.1638,1.07018,0.22578000000000004,14.8874,28.6232,0.57678,0.78744,7.7398,2.9346,38.6246,8.6228,12.8356,0.5778,21.0162,4.8352,1.24,14.267600000000002,2.0906,20.0698,19.541800000000002,14.8966,1721.634724755414,1622.48669434,0.4806,1.1258,0.93416,1.2556,45.5844,9.1664,2.9958,33.07524,0.64618,0.074072,3.7024,1.27778,0.15198,15.001199999999999,23.2218,0.55698,0.6133200000000001,6.5008,3.2478000000000002,32.9322,6.2702,14.9358,0.442,21.061600000000002,4.9938,0.801,10.9688,1.7074,15.0886,16.5592,12.494800000000001,1648.070674755246,2,65.21960448999994
2024-05-05_Betis_Osasuna,2024-05-05,14:00,La Liga,Matchweek 34,Sun,2024,0.0,2.0,Osasuna,Betis,Away Win,1629.82775879,1,14.0,0.9934,1.6039999999999999,1.34786,1.1492799999999999,55.846799999999995,12.937000000000001,2.7868000000000004,23.476439999999997,1.1525,0.095304,4.481,1.4062000000000001,-0.1978,9.4924,37.4772,0.99318,1.05122,10.2366,3.2952000000000004,45.7978,8.4996,11.6192,0.3382,27.8662,5.3966,1.9868,18.1934,2.7325999999999997,24.4798,20.865000000000002,15.7178,1712.071601708964,1696.40686035,1.4264,1.6552,0.8526,1.6407200000000002,50.60379999999999,11.023600000000002,4.4112,41.179700000000004,0.8526,0.078406,6.0482000000000005,1.76894,0.29174000000000005,15.025,26.909399999999998,0.51204,0.69922,7.3882,1.294,34.7914,8.5206,17.771,0.3978,15.650199999999998,5.4754000000000005,2.2948,12.3696,2.6,19.154200000000003,21.250799999999998,13.439200000000001,1660.5204344232259,2,-66.57910156000003
2024-05-05_Almeria_Rayo Vallecano,2024-05-05,21:00,La Liga,Matchweek 34,Sun,2024,0.0,1.0,Rayo Vallecano,Almeria,Away Win,1621.23352051,1,21.0,1.2222,0.5824,0.78118,0.7005,53.1926,11.0948,3.9063999999999997,36.659440000000004,0.66904,0.06694,2.217,0.7779,0.19549999999999998,14.749200000000002,27.977999999999998,0.37873999999999997,0.49964,6.727,2.2484,35.2534,7.569800000000001,15.692,0.4396,19.6536,4.0244,0.9978,12.8152,1.904,18.3388,16.488,12.8348,1702.532862766908,1527.04724121,1.0464,1.1846,1.13992,1.4411000000000003,42.4346,7.4350000000000005,2.1028000000000002,31.181659999999997,0.94456,0.138992,5.0488,1.4062400000000002,0.22164000000000006,21.0622,16.528,0.81334,0.46124,5.9784,1.178,18.4364,3.2588,13.3888,0.5182,10.654799999999998,2.5768000000000004,1.9148,9.366,0.7604,12.7478,11.4244,12.962,1669.927355054056,2,94.18627930000002
2024-05-05_Granada_Sevilla,2024-05-05,21:00,La Liga,Matchweek 34,Sun,2024,3.0,0.0,Sevilla,Granada,Home Win,1696.18798828,1,21.0,1.6398,1.2396,1.34404,1.2785600000000001,42.8046,10.859599999999999,4.714,43.82786,1.34404,0.12383,4.464,1.5261,0.2865,13.597,29.733800000000002,0.88554,0.70738,7.3758,1.264,27.498199999999997,4.6002,12.7094,0.2442,14.370400000000002,2.7082,3.0818,13.3734,2.5778000000000003,19.6712,16.265,15.3778,1654.9878848859619,1563.01806641,0.9028,2.0324,0.55114,1.75892,41.4278,8.3656,2.368,25.03,0.55114,0.059712,6.4834000000000005,1.6206399999999999,-0.41176,20.307000000000002,18.489,0.46496000000000004,0.55824,5.3324,2.7758,23.8204,7.118599999999999,15.542000000000002,0.3204,16.4354,2.8444,1.3172000000000001,10.4658,1.6618,14.7848,13.923,8.4916,1707.10216323304,0,133.16992186999983
2024-05-10_Alaves_Girona,2024-05-10,21:00,La Liga,Matchweek 35,Fri,2024,2.0,2.0,Alaves,Girona,Draw,1636.33435059,1,21.0,1.5104000000000002,0.358,0.89582,0.88392,38.8054,9.8368,3.4852,28.15812,0.89582,0.080354,3.128,0.60816,0.25015999999999994,14.6534,19.355999999999998,0.7845599999999999,0.7886200000000001,8.4104,2.4264,23.5584,7.35,13.1526,0.5824,20.9312,4.493399999999999,2.5324,11.431199999999999,3.1536,17.336199999999998,18.5396,10.5486,1645.057638522258,1789.82678223,1.0286,1.5158,1.86196,1.63558,55.89600000000001,10.778200000000002,3.4496,31.27278,1.4712399999999999,0.13004200000000002,3.993,1.7570999999999999,0.24130000000000001,11.247,34.477999999999994,1.36382,1.1434799999999998,8.905999999999999,2.0132,37.3154,8.256,17.0428,1.2686000000000002,15.5398,3.0082,1.8130000000000002,14.7286,1.5802,19.684600000000003,22.2092,20.622000000000003,1637.746745311702,1,-153.49243163999995
2024-05-11_Sevilla_Villarreal,2024-05-11,16:15,La Liga,Matchweek 35,Sat,2024,3.0,2.0,Villarreal,Sevilla,Home Win,1718.28234863,1,16.0,2.2003999999999997,0.7778,1.46156,0.96468,50.303399999999996,14.5064,6.2372,42.0265,1.3033199999999998,0.089896,4.814,0.88002,0.10222000000000002,14.3046,31.7626,1.03036,1.05718,10.5702,1.1494,43.44760000000001,8.0602,15.184,1.8798,14.3146,4.7306,3.8648,16.9506,3.5070000000000006,26.3914,24.5026,18.9268,1627.0753722169698,1703.72973633,1.2376,0.7604,1.51706,1.2942200000000001,42.803,10.6408,2.7252,24.599800000000002,1.51706,0.16188,4.0786,0.9494,0.18900000000000006,12.861600000000001,26.9422,0.83864,0.70874,7.8073999999999995,2.1094,25.9272,4.6634,10.4418,1.4968,16.0466,4.2426,2.2972,11.4828,2.9979999999999998,17.7598,15.749999999999998,14.930599999999998,1692.02825776329,0,14.552612299999964
2024-05-11_Las Palmas_Mallorca,2024-05-11,14:00,La Liga,Matchweek 35,Sat,2024,1.0,0.0,Mallorca,Las Palmas,Home Win,1627.0201416,1,14.0,0.536,0.7844,0.72682,0.9339799999999999,46.7712,10.0774,3.3369999999999997,35.17188,0.72682,0.066154,4.8416,0.6811,-0.10330000000000004,12.556000000000001,32.2916,0.58572,0.61214,6.7542,2.1344000000000003,33.0642,5.5178,9.8562,0.4222,24.2056,6.227,0.894,11.3598,2.7338,17.394799999999996,14.131800000000002,13.782,1729.704017090272,1587.70935059,0.7538,2.9004,0.79818,2.3320799999999995,55.86860000000001,9.5242,2.3338,22.52142,0.79818,0.079978,6.2412,1.9705400000000002,-0.7252200000000001,9.7148,27.239199999999997,0.6435,0.6455599999999999,6.8314,1.1958,30.868599999999997,4.092,19.0786,0.998,12.706,3.0784,1.5076,13.158,0.4396,17.033,10.6626,10.2876,1711.0510257319738,0,39.31079101
2024-05-11_Granada_Real Madrid,2024-05-11,18:30,La Liga,Matchweek 35,Sat,2024,0.0,4.0,Granada,Real Madrid,Away Win,1559.14660645,1,18.0,1.6884000000000001,0.892,1.66234,0.9385,44.7842,12.440000000000001,4.0212,31.514,1.40586,0.111458,3.448,0.79506,-0.09694,15.2056,22.6734,1.13246,0.8517199999999999,7.745799999999999,1.2222,29.881200000000003,7.9830000000000005,13.362400000000001,1.2508,14.345,3.5228,2.9128,14.582799999999999,2.5514,22.6338,19.5124,12.1548,1651.599781128386,1995.38024902,1.7713999999999999,0.9117999999999999,1.56882,0.78888,57.624599999999994,11.6426,5.802,50.83690000000001,1.56882,0.13032200000000002,3.334,0.9978999999999999,0.08610000000000001,16.353,33.86600000000001,1.28288,0.85746,8.256000000000002,0.8266,36.1466,7.3854,17.9834,1.369,11.9604,4.5148,3.3449999999999998,14.4838,1.3778,20.5094,21.074800000000003,15.308599999999998,1680.1885860836219,2,-436.23364257000003
2024-05-11_Athletic Club_Osasuna,2024-05-11,21:00,La Liga,Matchweek 35,Sat,2024,2.0,2.0,Athletic Club,Osasuna,Draw,1763.53845215,1,21.0,1.3402,0.7844,1.21598,1.2285800000000002,51.7672,13.840399999999999,4.8084,34.73924,1.21598,0.084452,2.012,0.881,0.34080000000000005,11.3634,38.519800000000004,0.59324,1.02164,8.5756,3.3476,52.4452,11.641000000000002,14.033000000000001,2.6542000000000003,24.1222,5.527200000000001,2.1998,17.6996,2.1304,23.558000000000003,28.7276,20.2648,1690.780167457706,1619.65856934,0.9734,1.6884000000000001,0.6508,1.3534000000000002,44.5112,7.398999999999999,2.2176,32.8371,0.6508,0.09911,4.8332,1.61966,-0.06873999999999997,13.225800000000001,22.104999999999997,0.56914,0.62952,5.5406,2.4730000000000003,28.493799999999997,5.5392,14.196000000000002,0.2198,18.387,4.2502,1.5292000000000001,8.5682,1.2542,12.2256,13.149400000000002,11.8058,1621.6659735592,1,143.87988281000003
2024-05-12_Almeria_Betis,2024-05-12,21:00,La Liga,Matchweek 35,Sun,2024,3.0,2.0,Betis,Almeria,Home Win,1710.24633789,1,21.0,1.6134,1.2354,1.24288,1.08618,53.300200000000004,13.683800000000002,3.2334,23.80066,1.09636,0.07857600000000001,2.9532,1.1021599999999998,0.06455999999999998,12.4914,29.6162,0.86268,0.90006,9.8042,1.3579999999999999,41.9294,7.6358,14.2024,1.0762,19.3076,6.3226,2.6266000000000003,17.930999999999997,1.7678000000000003,24.6602,25.2006,19.4298,1685.208465527496,1541.29284668,1.0418,0.7778,0.84968,1.437,38.5078,6.238200000000001,1.8042,31.19734,0.67384,0.11855600000000001,6.6974,1.4677,0.6899,23.442,14.3452,0.55574,0.3342,5.3598,1.4044,16.0302,3.1887999999999996,14.3386,0.4222,9.379999999999999,1.9424,1.6792,7.8436,0.7844,10.5106,10.1286,11.412199999999999,1652.512619922134,0,168.95349121000004
2024-05-12_Rayo Vallecano_Valencia,2024-05-12,18:30,La Liga,Matchweek 35,Sun,2024,0.0,0.0,Valencia,Rayo Vallecano,Draw,1677.52868652,1,18.0,0.7182,1.0042,1.07688,1.24296,50.4002,11.184800000000001,3.2496,32.10834,0.9230200000000001,0.080102,4.58,1.15852,0.08106000000000001,15.9634,23.9238,0.6091,0.73984,7.9658,3.4295999999999998,36.4998,9.3932,14.1612,0.8642000000000001,21.2708,4.5634,1.116,13.7198,2.0816,19.786,19.932,14.8628,1703.243329810612,1610.65808105,0.1602,1.7848000000000002,0.84008,1.17218,51.172,11.430800000000001,2.8286,25.34242,0.84008,0.08169,4.7256,1.6626000000000003,-0.1222,12.4228,28.3364,0.4219,0.54258,6.6854,2.1556,35.209399999999995,5.7478,14.955000000000002,0.3758,15.555399999999999,3.41,0.3204,13.993200000000002,1.7326000000000001,19.5424,12.8816,12.735799999999998,1676.785739869752,1,66.8706054700001
2024-05-12_Cadiz_Getafe,2024-05-12,14:00,La Liga,Matchweek 35,Sun,2024,1.0,0.0,Cadiz,Getafe,Home Win,1588.48620605,1,14.0,1.1184,0.7844,1.1822000000000001,0.78884,51.7192,12.3804,3.632,29.90154,1.1822000000000001,0.096594,2.2964,0.7436400000000001,-0.04076000000000002,9.866200000000001,31.1296,0.99382,0.8699199999999999,9.6944,2.8472,35.0554,7.268999999999999,18.3722,0.4396,25.8848,5.4558,1.5882,17.394599999999997,1.9558,22.4694,17.53,14.289200000000001,1660.8023409933041,1658.98522949,0.8928,1.3142,0.9553800000000001,1.70816,41.6526,10.0014,3.0822000000000003,30.427059999999997,0.9553800000000001,0.09799,6.1983999999999995,1.69874,0.38454,13.674800000000001,19.689600000000002,0.6294200000000001,0.47382,6.8266,2.1848,21.1368,4.9254,16.426199999999998,0.0,15.9308,3.3819999999999997,1.2972000000000001,9.9586,1.9424,16.7194,14.817,9.5914,1671.2967208278922,0,-70.49902343999997
2024-05-13_Barcelona_Real Sociedad,2024-05-13,21:00,La Liga,Matchweek 35,Mon,2024,2.0,0.0,Barcelona,Real Sociedad,Home Win,1862.46594238,1,21.0,2.587,0.9690000000000001,2.22676,1.01072,69.5026,18.217,7.0062,36.7966,2.06852,0.125242,2.839,0.77076,-0.19824000000000003,11.6,54.1342,1.65746,1.5058,13.594999999999999,2.6220000000000003,56.50279999999999,10.8196,12.937000000000001,2.0236,18.803,7.6242,4.5916,24.647399999999998,2.957,33.1008,33.7764,27.519199999999998,1643.5468713386658,1765.98974609,1.7338,1.334,1.34946,0.89632,61.4288,11.702600000000002,4.309399999999999,39.0145,1.2070599999999998,0.12092800000000001,2.7254,0.95498,-0.37901999999999997,9.5848,29.7688,0.84848,1.03348,8.161999999999999,2.4586,39.6328,8.6584,14.4186,0.738,19.1506,6.2538,2.5338,13.807200000000002,2.729,20.5508,22.0028,17.676399999999997,1627.13588710857,0,96.47619628999996
2024-05-14_Girona_Villarreal,2024-05-14,22:00,La Liga,Matchweek 36,Tue,2024,0.0,1.0,Girona,Villarreal,Away Win,1787.5958252,1,22.0,3.286,1.1038,2.1060600000000003,1.2012,52.902,10.178999999999998,5.705,56.01656,1.9675999999999998,0.214076,3.9377999999999997,0.9946999999999999,-0.1091,12.7914,32.9794,1.62944,1.4207400000000001,8.7072,2.0968,42.327400000000004,8.6138,14.633400000000002,1.8633999999999997,15.728599999999998,3.86,5.712400000000001,14.347199999999999,0.6764,18.714000000000002,27.6854,25.2378,1698.583032570606,1723.96557617,2.1404,1.6663999999999999,1.32298,1.9047800000000001,43.21939999999999,8.7156,2.9426,37.69764000000001,1.0065,0.133024,5.8286,1.8092000000000001,0.14280000000000004,20.874200000000002,20.9608,1.02252,1.08056,7.8096000000000005,2.3878,33.2142,8.0344,12.657399999999999,0.7538,9.913,1.914,3.727,13.180599999999998,1.5335999999999999,17.375999999999998,18.6024,18.408,1679.514001366314,2,63.63024902999996
2024-05-14_Mallorca_Osasuna,2024-05-14,19:30,La Liga,Matchweek 36,Tue,2024,1.0,1.0,Osasuna,Mallorca,Draw,1625.21716309,1,19.0,0.894,1.4994,1.2498399999999998,1.1443,50.425399999999996,11.9782,2.8522000000000003,24.398359999999997,1.074,0.091774,4.2886,1.33786,-0.16153999999999996,9.4312,32.913799999999995,0.92062,0.87752,9.7804,3.7542,41.9024,8.6058,13.022400000000001,0.4044,27.215,5.5127999999999995,1.788,16.953,1.9384,22.9342,17.2068,15.658199999999999,1720.4731054924941,1632.45800781,0.6242,1.022,1.0109000000000001,1.07226,43.9394,10.137,3.8362000000000003,37.96742,1.0109000000000001,0.096338,3.387,0.83836,0.06056,15.212,29.102800000000002,0.78152,0.7421,7.577,4.0104,33.6048,7.0692,10.3548,1.5158,16.581599999999998,2.3754000000000004,1.0882,13.3498,1.4396,18.575799999999997,19.6998,12.008,1685.411624876046,1,-7.240844720000041
2024-05-14_Alaves_Real Madrid,2024-05-14,21:30,La Liga,Matchweek 36,Tue,2024,5.0,0.0,Real Madrid,Alaves,Home Win,1998.26159668,1,21.0,2.6598,0.4396,2.0501799999999997,0.8574,60.18580000000001,16.2906,7.8027999999999995,47.44614,1.8963199999999998,0.115728,2.7388,0.6674599999999999,0.22786,11.732,50.5694,1.6848800000000002,1.55158,14.041799999999999,1.464,54.023599999999995,9.4456,12.131599999999999,1.2004,17.7614,6.197600000000001,4.4296,22.9178,1.984,30.8536,31.181800000000003,29.1468,1709.0685334248258,1638.56530762,0.2442,1.0131999999999999,0.77654,1.14794,46.0914,10.226600000000001,3.3846,33.86752,0.6183,0.065454,2.567,0.91488,-0.09831999999999999,14.5918,26.595599999999997,0.55244,0.58314,7.3834,3.323,35.058,6.9758000000000004,13.3888,0.642,22.1648,5.7712,0.4884,11.8046,1.6366,16.500799999999998,17.092,12.734,1671.22907150892,0,359.6962890599998
2024-05-15_Granada_Rayo Vallecano,2024-05-15,19:30,La Liga,Matchweek 36,Wed,2024,2.0,1.0,Rayo Vallecano,Granada,Home Win,1614.53417969,1,19.0,0.9558,0.6242,0.88632,0.56952,58.5668,15.569399999999998,5.6693999999999996,37.90472,0.88632,0.06524400000000001,1.907,0.60596,-0.018239999999999992,12.6324,37.6486,0.58064,0.7583,9.8732,1.591,47.991600000000005,8.6898,15.8994,0.6398,25.337400000000002,5.243,0.7538,17.706400000000002,3.423,26.9848,19.6256,18.0122,1620.1781969471622,1556.26525879,0.38,2.1292,0.39183999999999997,1.6665200000000002,42.0056,7.8964,2.1428000000000003,25.12316,0.39183999999999997,0.047206000000000005,6.335,1.74626,-0.38293999999999995,20.264799999999997,20.482,0.28986,0.41706,4.5782,2.6982,24.8036,6.374199999999999,15.587599999999998,0.2442,17.7572,3.2484,0.3204,9.7982,1.8397999999999999,14.2294,11.7446,8.8868,1682.105659302144,0,58.26892090000001
2024-05-15_Athletic Club_Celta Vigo,2024-05-15,22:00,La Liga,Matchweek 36,Wed,2024,2.0,1.0,Celta Vigo,Athletic Club,Home Win,1635.80883789,1,22.0,1.9500000000000002,1.0286,2.38498,0.7431,49.2368,17.3122,6.0314000000000005,32.32644,2.18962,0.11523,2.6482,0.7428400000000001,-0.28576,8.928799999999999,30.836399999999998,2.05758,1.5389599999999999,15.1896,2.59,42.376,12.325399999999998,11.6746,2.6416,19.7618,4.4066,3.9000000000000004,25.3124,1.83,31.891599999999997,32.034,20.7186,1667.364022339704,1757.97973633,1.2244,1.5356,0.6535,1.8981599999999998,42.0758,6.3591999999999995,1.8177999999999999,29.038339999999998,0.6535,0.09875400000000001,4.8054,1.56644,0.41084000000000004,14.4218,27.4016,0.6356999999999999,0.61746,6.0032,1.6176,35.8354,6.3522,12.677800000000001,0.8642000000000001,18.721,4.963400000000001,1.9325999999999999,9.7008,1.0198,11.9184,14.3124,13.94,1711.80480737327,0,-122.17089843999997
2024-05-15_Cadiz_Sevilla,2024-05-15,19:30,La Liga,Matchweek 36,Wed,2024,0.0,1.0,Sevilla,Cadiz,Away Win,1698.04638672,1,19.0,2.0642,0.9714,1.5093800000000002,1.0753200000000003,46.8318,11.0178,4.7425999999999995,43.34634,1.5093800000000002,0.136538,4.1734,1.2836599999999998,0.31226000000000004,13.349,32.379400000000004,1.06234,0.8287399999999999,7.5824,1.726,28.4812,5.9494,13.0826,0.46399999999999997,16.6314,3.37,3.9504,15.0898,2.1316,20.2366,18.236,16.6612,1631.79148491142,1596.60876465,0.3978,2.5058000000000002,0.9878,1.8440599999999998,39.510799999999996,10.567400000000001,3.0331999999999995,27.971300000000003,0.9878,0.10952599999999998,6.0144,1.70154,-0.80426,17.159,21.3244,0.83914,0.65216,7.534,2.3714,26.342,5.9956,12.969999999999999,0.1602,19.846,4.4944,0.5758,11.899,2.6442,19.121199999999998,15.416200000000002,11.528199999999998,1775.240210083968,2,101.43762207000009
2024-05-16_Almeria_Barcelona,2024-05-16,21:30,La Liga,Matchweek 36,Thu,2024,0.0,2.0,Almeria,Barcelona,Away Win,1538.49475098,1,21.0,1.1404,2.442,1.57606,1.63212,50.5316,16.7108,5.8828000000000005,36.6477,1.57606,0.091222,5.1814,1.8871,-0.5549000000000001,10.3852,27.150599999999997,1.05664,0.70208,12.1884,2.8796000000000004,33.774,6.1114,18.8438,1.4442,21.185,4.982,2.0366,21.373600000000003,2.7488,29.3574,17.693399999999997,16.6958,1659.067892626332,1862.46594238,1.6598,1.6362,1.4998,1.34938,58.679,12.2172,4.032,32.10104,1.30444,0.10761,4.6714,1.44504,-0.19116000000000002,12.5368,29.2044,1.04264,1.0316999999999998,9.0984,1.6178,40.4274,8.1266,16.9282,1.4566000000000001,14.4106,4.7012,2.5262,14.967,2.4616,20.5962,23.1244,15.7458,1746.005729882598,2,-323.97119139999995
2024-05-16_Betis_Las Palmas,2024-05-16,18:30,La Liga,Matchweek 36,Thu,2024,2.0,2.0,Las Palmas,Betis,Draw,1582.27148438,1,18.0,0.1602,1.642,0.91646,1.39174,65.4348,11.3844,3.4398,33.171620000000004,0.7211,0.060924,2.464,1.19074,-0.27325999999999995,11.7508,37.891400000000004,0.5946,0.62876,8.7878,0.9296,49.8396,6.905800000000001,15.535,2.4276,22.5942,7.212599999999999,0.3204,15.641,1.7296,21.456200000000003,18.6954,20.421799999999998,1684.24222453295,1713.04455566,1.4838,1.4896,0.89178,1.5566200000000001,52.9294,10.3446,4.226,41.68218,0.89178,0.08733400000000001,5.210800000000001,1.48666,0.15726000000000007,17.0322,25.6972,0.62852,0.7293,7.5493999999999994,0.8762000000000001,37.875,8.8568,17.3938,0.6022,15.4292,5.716200000000001,2.6096,13.165399999999998,2.3958,18.8506,22.5348,15.016200000000001,1661.122546264786,1,-130.77307128000007
2024-05-16_Real Sociedad_Valencia,2024-05-16,22:00,La Liga,Matchweek 36,Thu,2024,1.0,0.0,Real Sociedad,Valencia,Home Win,1765.98974609,1,22.0,1.4002,1.096,1.1536,0.8291000000000001,57.325199999999995,13.3948,4.6168,35.78098,1.1536,0.085576,2.4938000000000002,1.01438,-0.08162000000000001,5.553800000000001,33.9526,0.84544,0.91584,9.2126,1.7744000000000002,42.440400000000004,7.2526,12.3586,2.1458,24.0504,8.6228,2.1518,15.660799999999998,2.5749999999999997,22.3286,23.876399999999997,19.796999999999997,1684.926407763674,1673.65258789,0.9059999999999999,1.4752,0.9118000000000002,1.6378,34.112,6.6562,2.9495999999999998,46.4726,0.7164400000000001,0.131936,5.9342,1.5189,0.04370000000000002,19.017400000000002,13.5534,0.45234,0.34678,4.9642,1.2964,19.4786,3.854,14.739200000000002,1.1076,10.1238,1.6112,1.6141999999999999,8.904399999999999,1.7098,12.4804,12.155800000000001,9.804,1697.2187763932598,0,92.33715819999998
2024-05-18_Alaves_Getafe,2024-05-18,21:00,La Liga,Matchweek 37,Sat,2024,1.0,0.0,Alaves,Getafe,Home Win,1636.36828613,1,21.0,1.7036,0.6664,1.1493200000000001,0.89344,36.218,10.9744,4.9462,37.68598,1.1493200000000001,0.096856,3.0268,0.7906200000000001,0.12422000000000002,12.734200000000001,21.4534,1.01476,1.00958,9.4906,2.2396000000000003,26.5126,7.5152,12.016199999999998,0.8684000000000001,21.3386,4.8326,2.9676,14.3186,3.671,19.9892,21.404999999999998,11.4264,1683.1440586168599,1641.27197266,0.6594,1.2828,0.8665999999999999,1.73064,44.429399999999994,9.857,3.6066,35.8409,0.8665999999999999,0.09031,6.0346,1.52472,0.24192000000000002,14.5284,21.2298,0.6209,0.48644,7.6206000000000005,2.4546,21.9556,4.732799999999999,18.4372,0.0,16.125799999999998,3.0995999999999997,0.8792,10.6394,1.6598,16.0706,13.725999999999999,11.9302,1646.4606836435,0,-4.903686530000186
2024-05-19_Barcelona_Rayo Vallecano,2024-05-19,19:00,La Liga,Matchweek 37,Sun,2024,3.0,0.0,Barcelona,Rayo Vallecano,Home Win,1871.76635742,1,19.0,2.3842,0.4396,2.1852600000000004,0.87876,66.85480000000001,17.9838,6.5616,34.07826,1.87192,0.1093,2.5668,0.62396,0.18436,10.4188,49.46999999999999,1.4175200000000001,1.2477800000000001,13.279600000000002,1.9272,50.3484,9.1842,13.619800000000001,1.777,17.1578,7.462,4.1442,24.371000000000002,2.6172000000000004,32.6234,31.634,26.422800000000002,1685.018257104004,1619.3729248,0.0,1.318,0.6718999999999999,1.24266,50.6664,11.6322,2.2132,19.58612,0.6718999999999999,0.064102,4.7532,1.4122000000000001,0.09419999999999998,13.801400000000001,26.2166,0.40088,0.57274,7.638,2.24,33.8114,6.6498,15.2596,1.315,16.0324,3.6574,0.0,14.038200000000002,1.9036,19.877000000000002,13.4702,13.050600000000001,1683.635047412654,0,252.3934326200001
2024-05-19_Cadiz_Las Palmas,2024-05-19,19:00,La Liga,Matchweek 37,Sun,2024,0.0,0.0,Cadiz,Las Palmas,Draw,1609.30456543,1,19.0,0.9623999999999999,0.41759999999999997,1.11304,0.73112,48.16380000000001,11.333,3.6246,32.53764,0.9176799999999999,0.084282,2.611,0.60278,0.18517999999999996,12.009600000000002,27.7774,0.8779,0.85408,10.113199999999999,2.3297999999999996,34.2408,7.2978,17.3142,0.3956,21.880200000000002,5.0776,1.4852,16.490000000000002,2.4486000000000003,21.4248,18.709400000000002,14.4926,1664.646096631488,1583.84277344,0.6784,2.1336000000000004,0.7151000000000001,1.6674000000000002,54.72840000000001,8.695,2.0562,21.13666,0.7151000000000001,0.074096,5.096,1.40528,-0.54412,10.9084,28.0036,0.6091400000000001,0.611,6.4598,1.3204,33.512,4.327,18.494,0.8982,12.5912,2.538,1.3568,11.977000000000002,0.3956,16.1528,10.7406,9.482199999999999,1709.9629781490798,1,25.461791989999938
2024-05-19_Betis_Real Sociedad,2024-05-19,19:00,La Liga,Matchweek 37,Sun,2024,0.0,2.0,Betis,Real Sociedad,Away Win,1711.4732666,1,19.0,2.1846,1.6002,1.1985999999999999,1.19848,50.7516,13.8596,4.475199999999999,32.519819999999996,1.0667200000000001,0.074276,3.7904,1.1319,-0.2903,11.721400000000001,28.233600000000003,0.80758,0.70586,10.168000000000001,1.178,38.9404,7.0954,14.026399999999999,0.536,17.0904,5.5576,3.3406000000000002,17.849600000000002,1.591,24.8384,23.1944,18.666,1659.48783483863,1764.65332031,1.272,1.5448,1.22682,1.30506,56.3694,10.2346,3.89,38.64602,1.0986600000000002,0.11727599999999999,3.5296000000000003,1.3878599999999999,-0.15694000000000002,9.814599999999999,23.8778,0.66826,0.69058,6.4037999999999995,1.9802,32.1578,6.073799999999999,13.8884,0.62,14.5306,4.819000000000001,1.8477999999999999,11.5078,2.2676000000000003,17.5002,16.4648,13.8366,1683.7757314933601,2,-53.18005371000004
2024-05-19_Girona_Valencia,2024-05-19,19:00,La Liga,Matchweek 37,Sun,2024,1.0,3.0,Valencia,Girona,Away Win,1669.32751465,1,19.0,0.358,0.6154,1.12802,0.94796,53.488,11.5106,3.4246,32.28534,0.9895600000000002,0.082092,3.6452,0.72104,0.03970000000000001,15.323,23.675400000000003,0.7691399999999999,0.86678,8.746,3.4308,37.991600000000005,10.0748,16.6314,0.7778,23.3298,5.2838,0.716,14.180399999999999,2.2176,21.216800000000003,21.9248,16.1858,1642.374390184664,1776.27600098,1.1258,1.42,1.78808,1.6276,55.9852,11.6328,3.6046000000000005,30.26426,1.4364,0.12282600000000002,4.538,1.7492999999999999,0.3293,12.7318,35.9392,1.36856,1.047,9.992,1.9118,36.7626,7.4976,15.9174,1.2418,14.4088,2.8632,2.0318,16.3206,1.8664,21.281000000000002,23.409,22.9454,1618.61961677278,2,-106.94848632999992
2024-05-19_Celta Vigo_Granada,2024-05-19,19:00,La Liga,Matchweek 37,Sun,2024,1.0,2.0,Granada,Celta Vigo,Away Win,1551.42651367,1,19.0,1.3754,1.6354000000000002,1.45196,1.0091,42.1986,11.3868,2.854,25.08334,1.2211400000000001,0.105432,4.38,1.13628,-0.49912000000000006,13.8642,23.7386,1.00392,0.8809799999999999,7.6388,2.4210000000000003,30.9052,8.329,11.0074,1.0816,15.2664,3.6822,2.3331999999999997,15.8016,1.3428,21.1846,20.349800000000002,12.828,1752.0410760250522,1645.08764648,0.5538,2.118,0.8710800000000001,1.93206,52.33539999999999,9.6842,2.5275999999999996,22.78634,0.8710800000000001,0.086966,7.1,1.84406,0.04645999999999996,13.128400000000001,41.6898,0.8588199999999999,0.8065399999999999,8.610199999999999,0.714,42.635400000000004,6.8,10.459999999999999,1.2479999999999998,13.4804,4.942,0.9097999999999999,14.584599999999998,0.7182,17.8632,16.4802,21.5604,1685.7110204813218,2,-93.66113281000003
2024-05-19_Almeria_Mallorca,2024-05-19,19:00,La Liga,Matchweek 37,Sun,2024,2.0,2.0,Mallorca,Almeria,Draw,1634.44396973,1,19.0,0.5824,0.41759999999999997,0.71294,0.77964,48.080200000000005,10.202,3.3474,35.0339,0.71294,0.06742000000000001,3.8806000000000003,0.53762,0.12002,8.1516,35.291,0.5859599999999999,0.6930000000000001,7.111200000000001,2.6534,36.5302,6.531000000000001,9.1614,0.6242,24.150000000000002,5.66,1.0046,11.6444,3.2488,17.964199999999998,14.839199999999998,14.068799999999998,1686.178518263006,1534.85559082,1.2818,1.2884000000000002,0.8558600000000001,1.20028,41.2988,7.1588,2.9006,36.95562,0.69762,0.113812,6.7278,1.3844400000000001,0.09603999999999996,20.555799999999998,17.2086,0.5069,0.33636,5.5798,1.464,22.6764,4.1026,14.0048,0.38,10.2422,2.3924000000000003,2.0996,9.4804,0.6617999999999999,13.069199999999999,10.3716,11.982800000000001,1678.934384081436,1,99.58837890999985
2024-05-19_Athletic Club_Sevilla,2024-05-19,19:00,La Liga,Matchweek 37,Sun,2024,2.0,0.0,Athletic Club,Sevilla,Home Win,1748.7010498,1,19.0,1.262,0.9059999999999999,1.17672,1.04708,58.481399999999994,14.1006,4.7834,33.82348,1.17672,0.07924,1.8224,0.8275399999999999,0.14134000000000002,11.183,42.6284,0.71602,1.30692,9.3506,4.0454,60.589200000000005,14.063,14.2298,3.854,29.3034,6.4956,1.5472,17.4854,2.75,23.890600000000003,31.385200000000005,24.9548,1659.303597756024,1685.35058594,1.6021999999999998,1.2728000000000002,1.6651200000000002,1.77764,43.344,10.709200000000001,3.041,29.0105,1.49418,0.148158,4.515000000000001,1.5594000000000001,0.28659999999999997,17.5152,24.306,0.94128,0.82438,8.3034,2.831,23.9692,5.4738,11.9628,1.5912,16.6186,3.7742000000000004,2.8000000000000003,12.4438,2.654,18.393,16.8284,13.4166,1658.477051000036,0,63.35046385999999
2024-05-19_Real Madrid_Villarreal,2024-05-19,19:00,La Liga,Matchweek 37,Sun,2024,4.0,4.0,Villarreal,Real Madrid,Draw,1735.28540039,1,19.0,2.5688,1.0442,1.89938,1.16798,51.7498,16.277,6.313599999999999,39.614720000000005,1.75698,0.10400000000000001,5.165,1.27154,0.22734,14.706800000000001,35.2374,1.56458,1.49984,12.5786,2.988,50.5518,10.8962,15.3096,2.9128,20.4322,5.546,4.7994,20.6864,3.5561999999999996,29.9388,27.1942,20.2996,1638.0193405517862,2000.45861816,2.4268,0.6764,1.61956,0.79558,57.5176,12.0664,6.3542000000000005,53.64216,1.61956,0.12973,2.8122,0.77392,0.09752,17.238599999999998,33.0906,1.2157200000000001,0.8617,8.086,0.844,37.752399999999994,7.158399999999999,16.7198,1.0877999999999999,10.7226,3.8424,4.6756,15.1236,1.1958,20.658,21.667,15.5894,1658.73297837059,1,-265.17321777000006
2024-05-24_Girona_Granada,2024-05-24,21:00,La Liga,Matchweek 38,Fri,2024,7.0,0.0,Girona,Granada,Home Win,1786.42541504,1,21.0,2.5248,1.2376,1.96892,1.1555199999999999,56.18599999999999,12.514800000000001,4.9578,46.626000000000005,1.84432,0.187688,4.1324,1.10618,-0.13141999999999998,12.212,39.674400000000006,1.4855800000000001,1.47312,10.1576,2.2312000000000003,52.562200000000004,11.727,14.1374,2.2654,19.5302,4.4066,4.276,17.831400000000002,1.2972000000000001,22.861600000000003,31.247600000000002,25.8934,1714.975387012562,1543.89099121,0.442,1.6838,0.5736,1.82198,46.668400000000005,8.251000000000001,1.7402,20.252,0.5736,0.063138,6.4574,2.02262,0.33882,18.8054,24.4412,0.47182,0.58188,5.253,2.1958,27.5888,5.859999999999999,15.472999999999999,0.7081999999999999,16.6282,3.8120000000000003,0.2442,10.6952,2.2442,15.86,11.9818,10.819399999999998,1661.373971362722,0,242.53442382999992
2024-05-25_Osasuna_Villarreal,2024-05-25,14:00,La Liga,Matchweek 38,Sat,2024,1.0,1.0,Osasuna,Villarreal,Draw,1648.69482422,1,14.0,0.7604,1.5936,0.93414,1.20194,50.006,11.636199999999999,2.967,26.47774,0.7759,0.06641000000000001,4.6922,1.23844,-0.35516,9.9324,30.003400000000003,0.6178600000000001,0.73884,8.4814,3.0462000000000002,37.8166,8.3452,12.732000000000001,0.2198,24.451400000000003,4.729,1.2766,15.8808,1.4562,21.0314,17.5744,15.348200000000002,1717.1151592516262,1740.26464844,1.738,1.3556,1.19296,1.8887800000000001,42.6298,9.665,2.8042000000000002,30.977480000000003,0.9081600000000001,0.108418,5.2132,1.5052600000000003,0.14966000000000002,20.4776,21.385600000000004,0.8349000000000001,0.8915400000000001,7.8728,2.3932,33.601800000000004,8.5076,9.3846,0.6784,9.7658,1.6784,2.7334,15.0044,1.0918,19.1802,18.7302,19.376199999999997,1689.036950464316,1,-91.56982421999987
2024-05-25_Betis_Real Madrid,2024-05-25,21:00,La Liga,Matchweek 38,Sat,2024,0.0,0.0,Real Madrid,Betis,Draw,1995.47937012,1,21.0,3.4706,0.3956,2.31146,0.97376,62.27719999999999,17.727,8.8436,49.50376,2.173,0.12236399999999999,4.762600000000001,0.8416399999999999,0.44604,11.3144,45.532,1.9238600000000003,1.9116000000000002,15.0146,1.4176,52.4594,10.9222,12.3626,1.5688,15.6322,5.5454,5.896000000000001,26.345200000000002,1.9855999999999998,33.655,37.025,30.8536,1696.171733229372,1699.02075195,1.6796,1.5406,1.0335400000000001,1.53002,49.774,9.045,3.915,46.59176000000001,1.0335400000000001,0.122672,5.1572,1.67122,0.13062,17.405800000000003,23.1648,0.7766200000000001,0.7019599999999999,6.4736,0.6002,33.892399999999995,7.7502,17.3426,0.8862,12.923600000000002,6.233,2.6928,12.027999999999999,2.012,16.912000000000003,22.525599999999997,13.8498,1654.098018971522,1,296.45861817000014
2024-05-25_Athletic Club_Rayo Vallecano,2024-05-25,18:30,La Liga,Matchweek 38,Sat,2024,0.0,1.0,Rayo Vallecano,Athletic Club,Away Win,1616.24829102,1,18.0,1.2044,0.6617999999999999,1.30726,0.66142,53.126000000000005,17.1104,6.579400000000001,38.30754,1.30726,0.081372,1.2396,0.53886,-0.12294,11.2392,33.1772,0.84562,0.72248,10.0744,1.2876,40.8998,7.6882,15.232600000000001,1.0642,23.038600000000002,5.607200000000001,1.1668,16.447400000000002,3.625,28.2286,21.005000000000003,17.9878,1610.355820433692,1755.34094238,1.202,1.4378,0.60814,1.7063199999999998,43.1446,7.0,1.9802,28.316860000000002,0.60814,0.087552,4.5808,1.37332,0.13331999999999994,14.1242,26.128,0.59212,0.62454,6.1912,1.8,35.4392,6.5052,13.2542,0.7778,16.5506,4.5228,2.0836,10.2516,1.5062,13.18,13.7808,14.7108,1692.412560473636,2,-139.09265136
2024-05-25_Almeria_Cadiz,2024-05-25,18:30,La Liga,Matchweek 38,Sat,2024,6.0,1.0,Almeria,Cadiz,Home Win,1539.50280762,1,18.0,0.738,2.3978,1.56614,1.6433399999999998,48.501400000000004,16.6722,5.4504,32.686040000000006,1.56614,0.09442600000000001,5.074999999999999,1.9316600000000002,-0.46613999999999994,10.7468,24.6376,1.0298,0.66186,12.6462,2.6916,30.5218,5.9444,18.0154,1.3998,19.433799999999998,5.1722,1.2562,21.801,2.5740000000000003,29.6308,17.800600000000003,16.137600000000003,1720.6750309806498,1606.48352051,0.6022,1.9667999999999999,1.4274,1.68872,39.9596,13.429200000000002,4.295,31.276560000000003,1.4274,0.114458,5.5687999999999995,1.54928,-0.41752,15.4898,22.801199999999998,1.0494,0.74904,9.3782,2.9668,26.031000000000002,5.896,11.8194,0.0,22.736,5.666,1.0066,15.4602,2.8240000000000003,23.581,16.9722,13.9614,1773.773276465878,0,-66.98071288999995
2024-05-26_Alaves_Las Palmas,2024-05-26,15:15,La Liga,Matchweek 38,Sun,2024,1.0,1.0,Las Palmas,Alaves,Draw,1586.66381836,1,15.0,0.4884,1.822,1.2855599999999998,1.46908,62.572599999999994,12.8552,4.861,38.80124,1.1097199999999998,0.084812,2.906,1.45354,0.03594,10.6222,34.2066,0.8970199999999999,0.87568,9.4298,1.5692,47.2692,8.1804,15.6814,1.9082,22.322799999999997,6.6028,0.7326,17.318600000000004,2.3892,24.4174,19.9912,21.0562,1695.2360468472702,1642.83496094,0.2198,2.1328,0.94424,1.52826,43.084,11.7252,4.9114,39.6167,0.80184,0.070234,4.8522,1.5959400000000001,-0.53686,12.2468,25.6034,0.73698,0.6769200000000001,8.5662,2.9023999999999996,35.973,7.4226,11.7846,0.5778,20.439,4.2848,0.4396,13.4896,1.6288,19.104799999999997,18.704,13.4932,1743.63100844755,1,-56.17114257999992
2024-05-26_Getafe_Mallorca,2024-05-26,14:00,La Liga,Matchweek 38,Sun,2024,1.0,2.0,Getafe,Mallorca,Away Win,1634.80541992,1,14.0,0.358,1.548,1.71156,1.1174600000000001,51.482200000000006,15.36,4.2572,30.385260000000002,1.53572,0.097356,2.7802000000000002,1.1593200000000001,-0.38868,10.067199999999998,32.6654,1.23062,1.2399999999999998,11.243200000000002,3.7144,39.8098,9.686399999999999,13.1202,0.738,19.315,5.0516000000000005,0.5182,19.7346,2.424,27.759400000000003,23.989,13.9072,1700.6095934327698,1629.79675293,0.6617999999999999,1.0198,0.8368,0.99058,44.345400000000005,9.4024,3.42,37.20412,0.8368,0.088054,3.8808,0.94102,0.14102,14.07,25.397,0.5171,0.51044,6.4542,3.621,32.9676,6.3856,10.952,1.6642000000000001,16.090600000000002,2.682,1.0794,12.2056,1.1514,16.6322,17.0228,10.1652,1679.575563793152,2,5.008666990000165
2024-05-26_Celta Vigo_Valencia,2024-05-26,16:15,La Liga,Matchweek 38,Sun,2024,2.0,2.0,Celta Vigo,Valencia,Draw,1652.62316895,1,16.0,2.0992,0.8815999999999999,2.20206,0.50134,52.352799999999995,16.148400000000002,5.8282,34.42036,2.02622,0.112148,2.295,0.60438,-0.27721999999999997,7.870800000000001,34.7248,1.95064,1.6059999999999999,14.570600000000002,3.1635999999999997,43.168800000000005,13.4466,11.907,2.189,18.6972,4.1658,4.1984,24.569599999999998,1.7027999999999999,30.7024,32.8284,21.1676,1662.565718042888,1659.17822266,0.8154,1.2836,0.94392,1.6040400000000001,37.1632,6.6906,3.243,50.23858,0.76808,0.141842,6.1294,1.6535799999999998,0.36998,17.0062,17.3934,0.37386,0.36651999999999996,4.723599999999999,0.8784000000000001,21.0842,4.357,14.5092,0.9968,9.722999999999999,2.1826,1.4527999999999999,9.3024,1.6388,12.8208,12.428600000000001,9.9678,1720.7304189699882,1,-6.555053710000038
2024-05-26_Barcelona_Sevilla,2024-05-26,21:00,La Liga,Matchweek 38,Sun,2024,1.0,2.0,Sevilla,Barcelona,Away Win,1678.71081543,1,21.0,1.7136,1.1184,1.5317,1.36198,50.200199999999995,11.892800000000001,4.1358,35.586240000000004,1.5317,0.130442,4.8886,1.48386,0.36545999999999995,15.0794,34.7834,1.11938,0.7637999999999999,8.601,2.286,31.4754,5.910400000000001,13.651200000000001,0.6617999999999999,17.2452,2.9888000000000003,3.267,16.4902,1.8742,21.910600000000002,18.068399999999997,17.5396,1631.20404614279,1874.89111328,1.9822,1.4726,1.6396199999999999,1.37652,59.788,13.748999999999999,5.194,37.78448,1.4637799999999999,0.108292,4.6484000000000005,1.36056,-0.11204000000000003,10.208599999999999,36.1984,1.1305,1.06298,10.9864,1.5559999999999998,47.266400000000004,9.035,16.1586,0.8784000000000001,15.102,5.3636,3.2504,17.5448,2.9038,24.232,25.442600000000002,18.0132,1693.1966519054838,2,-196.18029785
2024-10-25_Espanyol_Sevilla,2024-10-25,21:00,La Liga,Matchweek 11,Fri,2025,0.0,2.0,Espanyol,Sevilla,Away Win,1584.02624512,1,21.0,1.6576,1.4176,1.1653000000000002,1.46176,43.6038,9.376800000000001,2.7802000000000002,30.495179999999998,1.00706,0.112762,4.6576,1.6636000000000002,0.24600000000000002,20.418,20.9676,0.90122,0.77854,7.2766,1.262,28.1298,3.9248,16.6964,1.6842000000000001,15.331000000000001,3.5114,3.3152,11.459999999999999,2.0642,17.0002,16.2364,13.5618,1691.28257297462,1653.76501465,0.9822,2.1568,0.99784,1.96962,52.4438,11.8808,3.3462000000000005,25.764400000000002,0.99784,0.09273600000000001,5.601,1.90128,-0.09531999999999997,14.8966,20.951400000000003,0.7536999999999999,0.54298,9.283399999999999,0.9988,27.8272,4.8644,11.716999999999999,1.9060000000000001,15.0332,5.8312,1.2044,15.223199999999999,1.6002,20.9688,16.3146,17.9418,1723.405172290306,2,-69.7387695299999
2024-10-26_Valladolid_Villarreal,2024-10-26,14:00,La Liga,Matchweek 11,Sat,2025,1.0,2.0,Valladolid,Villarreal,Away Win,1564.75134277,1,14.0,0.6242,0.9279999999999999,1.27392,1.27452,45.7918,13.057400000000001,2.3526,18.027160000000002,1.27392,0.09969,3.1432,1.15996,0.23196000000000006,16.3958,24.3176,1.0022199999999999,0.8970199999999999,10.2706,3.7318000000000002,35.9906,6.874200000000001,15.470600000000001,0.7182,24.764200000000002,4.9412,1.0882,17.071,1.8244000000000002,23.225,21.8874,15.9682,1644.760957469622,1736.94360352,1.3336000000000001,1.2442,1.2095200000000002,0.62536,44.001000000000005,13.2648,3.2318000000000002,27.620319999999996,1.2095200000000002,0.092724,3.7306,0.75352,-0.29288000000000003,18.842599999999997,29.9698,1.1135,1.13502,11.506599999999999,3.0776000000000003,33.3086,7.4532,12.9704,1.3978,12.5472,3.482,2.6672000000000002,18.407,0.8351999999999999,23.680799999999998,20.678,18.4114,1729.1642902847059,2,-172.19226074999983
2024-10-26_Girona_Las Palmas,2024-10-26,17:30,La Liga,Matchweek 11,Sat,2025,1.0,0.0,Las Palmas,Girona,Home Win,1560.85009766,1,17.0,1.1138,1.5558,1.18086,1.6825999999999999,54.7438,14.4794,3.8066,27.3912,1.18086,0.09456200000000001,4.3594,1.4607,0.06509999999999999,12.196400000000002,33.9696,0.94936,0.9036,11.203199999999999,4.2264,38.7934,9.6176,13.287,1.4608,26.041,6.003400000000001,1.9072,21.083399999999997,2.211,27.424999999999997,23.4452,17.9604,1748.98303864441,1737.10351562,0.8,1.378,1.04002,0.82592,57.2332,10.3308,3.2619999999999996,32.96846,0.90156,0.084828,3.6258,0.7490399999999999,-0.62896,11.934999999999999,44.9552,0.7668400000000001,1.12222,8.243,1.2964,45.9118,6.0956,11.291599999999999,1.6814,21.1554,5.0878,1.4022000000000001,14.395999999999999,1.5015999999999998,18.407,19.6356,15.795,1648.9446649671822,0,-176.25341795999998
2024-10-26_Barcelona_Real Madrid,2024-10-26,21:00,La Liga,Matchweek 11,Sat,2025,0.0,4.0,Real Madrid,Barcelona,Away Win,1982.25073242,1,21.0,2.7756000000000003,0.6374,2.04178,0.6966600000000001,63.5894,17.279600000000002,6.448800000000001,35.36656,1.7589400000000004,0.097144,1.4574,0.39124,-0.04835999999999999,9.3772,55.354600000000005,1.4655600000000002,1.3736,14.750200000000001,0.9358,59.22260000000001,11.561200000000001,11.968599999999999,1.7052,13.269800000000002,5.194800000000001,5.155600000000001,22.2924,3.218,31.8994,34.0106,31.142400000000002,1673.753496411096,1905.49279785,3.1936,1.4152,2.16908,1.3851400000000003,65.8878,16.5498,7.699800000000001,48.42468,2.03062,0.126512,3.7314000000000003,1.24816,-0.14726,12.524799999999999,40.6402,1.6122,1.51864,13.0886,2.1378,49.2586,10.825000000000001,20.5788,2.6928,14.534,5.1136,5.3938,21.8392,2.642,29.4182,27.348999999999997,19.9574,1690.0147391123878,2,76.75793457000009
2024-10-27_Getafe_Valencia,2024-10-27,16:15,La Liga,Matchweek 11,Sun,2025,1.0,1.0,Getafe,Valencia,Draw,1617.8338623,1,16.0,0.8815999999999999,0.442,1.14054,0.33387999999999995,48.916799999999995,12.6876,3.0426,24.5583,0.82624,0.06911,1.1038,0.38364,-0.058359999999999995,11.7686,25.3034,0.6881999999999999,0.8449800000000001,9.425600000000001,2.3302,27.9694,5.8176000000000005,16.672,0.41759999999999997,19.224,3.7958000000000003,1.5433999999999999,14.087399999999999,3.3278,23.4522,21.086,10.5902,1651.619523825208,1619.85644531,0.1602,1.9114000000000002,0.4797,2.01332,44.9512,6.871,1.962,22.727419999999995,0.4797,0.066028,3.6229999999999998,1.6973799999999999,-0.21402000000000002,12.976600000000001,28.5052,0.39948,0.4436,5.0687999999999995,1.1888,31.2008,4.7058,14.8622,0.8266,17.7998,3.6164,0.1602,7.693,2.2902,12.6616,10.229399999999998,9.3656,1650.689249438806,1,-2.022583010000062
2024-11-01_Alaves_Mallorca,2024-11-01,21:00,La Liga,Matchweek 12,Fri,2025,1.0,0.0,Alaves,Mallorca,Home Win,1608.18676758,1,21.0,1.24,1.5897999999999999,0.88158,1.6433399999999998,39.8652,10.1308,3.2577999999999996,31.238960000000002,0.75698,0.07375999999999999,4.8991999999999996,2.0487200000000003,0.45892,10.1068,25.1426,0.57984,0.6322,7.690799999999999,1.9826000000000001,29.081599999999998,5.6226,12.948800000000002,1.907,18.2624,5.780799999999999,1.4378,11.558599999999998,1.5757999999999999,17.1922,19.3106,12.1134,1676.681113304518,1656.78674316,1.2573999999999999,1.0662,1.3462,0.8308599999999999,49.9752,11.5454,4.4208,41.8735,1.3462,0.121168,3.2962000000000002,0.76036,-0.30584,15.4776,26.4298,1.13626,0.89552,8.6438,4.945,32.8772,8.887599999999999,13.7588,0.5758,23.2874,4.1126000000000005,2.0508,13.2334,2.084,18.9578,19.3292,14.7772,1623.6622697996238,0,-48.59997558000009
2024-11-02_Girona_Leganes,2024-11-02,16:15,La Liga,Matchweek 12,Sat,2025,4.0,3.0,Girona,Leganes,Home Win,1726.13757324,1,16.0,1.2584,1.176,1.52678,1.53362,57.650000000000006,10.1908,3.5424,35.33298,1.37292,0.130964,3.4579999999999997,1.22378,0.04778000000000002,8.8584,42.6706,1.05834,1.38618,8.2704,3.316,52.219800000000006,11.788,11.0336,0.9734,20.601,4.5542,2.5168,15.261399999999998,1.5976000000000001,19.334,25.127000000000002,18.8074,1727.620230200872,1566.61694336,0.6617999999999999,1.5062,0.4396,2.11902,40.392399999999995,6.9206,1.7036,23.72298,0.4396,0.057522000000000004,5.274,1.93724,0.43104,19.964399999999998,18.592,0.29146,0.2837,4.5054,0.358,23.330400000000004,1.938,12.8774,1.3456,12.768400000000002,2.8017999999999996,1.3235999999999999,7.0502,1.3974,11.7486,8.442400000000001,8.5944,1622.476123999772,0,159.5206298799999
2024-11-02_Osasuna_Valladolid,2024-11-02,14:00,La Liga,Matchweek 12,Sat,2025,1.0,0.0,Osasuna,Valladolid,Home Win,1663.23840332,1,14.0,2.2132,1.4818,1.6040999999999999,1.2456200000000002,43.5468,13.394400000000001,4.2728,32.12838,1.2898,0.10162199999999999,4.843,1.50722,0.20342,11.8766,27.5174,0.9932400000000001,1.00214,9.421199999999999,2.6684,37.1598,6.6886,9.216600000000001,0.5956,23.127399999999998,5.8056,3.5124,14.5158,3.125,22.8022,26.4796,17.5194,1701.233657420184,1559.49926758,1.1502,3.2479999999999998,0.9919199999999999,2.1127400000000005,39.7566,7.380800000000001,1.5015999999999998,21.41574,0.62562,0.090712,7.2558,2.2464399999999998,-0.78176,13.411000000000001,16.5662,0.56188,0.6109,5.345599999999999,0.8464,20.197400000000002,2.6464000000000003,14.5896,1.0244,12.602400000000001,3.9168000000000003,1.8584,8.0124,2.3324,14.172999999999998,12.5564,9.6996,1744.7616042239802,0,103.73913574000017
2024-11-03_Real Sociedad_Sevilla,2024-11-03,18:30,La Liga,Matchweek 12,Sun,2025,0.0,2.0,Sevilla,Real Sociedad,Away Win,1668.84423828,1,18.0,1.0418,0.8962,1.40078,0.9805599999999999,54.5432,15.399399999999998,4.8784,33.010979999999996,1.2298399999999998,0.083776,3.6366,0.8702399999999999,-0.02596000000000004,12.952,25.615599999999997,0.81672,0.56194,10.2196,1.6594,29.3228,6.1558,13.9522,0.8266,15.973600000000001,5.2564,0.9601999999999999,14.7606,2.7406,24.5992,21.284399999999998,18.061,1678.3772021254379,1711.89587402,0.4044,0.1978,0.9536800000000001,0.91796,57.817,10.527000000000001,3.1058,25.310640000000003,0.9536800000000001,0.08135,2.6220000000000003,0.36872,0.17092,16.055,33.687000000000005,0.7640199999999999,0.72168,8.2456,2.6726,37.837999999999994,6.936,12.2342,1.1258,16.2848,4.8116,0.8088,14.0858,1.9304000000000001,18.6644,20.198,20.252000000000002,1646.070440305792,2,-43.051635740000165
2024-11-03_Athletic Club_Betis,2024-11-03,21:00,La Liga,Matchweek 12,Sun,2025,1.0,1.0,Athletic Club,Betis,Draw,1762.6328125,1,21.0,1.9502000000000002,0.8398,1.1732,0.86638,46.2188,10.784,4.372,40.16346,1.1732,0.103304,2.295,0.8374799999999999,0.0966,11.614,35.2116,0.85998,0.65806,6.7782,1.8981999999999999,41.0674,7.1726,14.2664,2.2716000000000003,18.7624,3.8506,3.4584,12.818200000000001,1.6416,18.1424,18.166,15.974,1626.1117462414861,1691.1652832,0.6862,1.0178,1.36762,1.45316,47.712599999999995,12.036399999999999,3.9502000000000006,33.36834,1.36762,0.11906,4.3660000000000005,1.20302,0.18522,15.2718,25.072,1.08576,1.19108,9.4566,1.6940000000000002,34.4902,8.7994,16.6126,1.9722,14.5576,3.315,1.1282,17.21,1.6021999999999998,20.986800000000002,23.6782,12.2624,1694.348545092646,1,71.46752930000002
2024-11-04_Celta Vigo_Getafe,2024-11-04,21:00,La Liga,Matchweek 12,Mon,2025,1.0,0.0,Celta Vigo,Getafe,Home Win,1630.6484375,1,21.0,1.4786000000000001,1.2442,1.3748200000000002,0.69864,50.962,11.2434,4.694599999999999,43.1151,1.24666,0.110208,3.0042000000000004,0.8995799999999999,-0.34462000000000004,12.5068,40.756600000000006,1.0625,1.06034,9.423399999999999,2.8638000000000003,42.0844,9.5434,13.282,1.8808,14.9864,4.2708,2.4588,15.9548,0.9802,19.6048,25.3854,20.54,1729.354067920608,1616.04406738,0.6022,1.1978,1.04268,1.4489400000000001,35.1894,13.501400000000002,2.9738,21.701919999999998,0.8473200000000001,0.071422,4.5934,1.4133600000000002,0.21555999999999997,12.9186,16.7938,0.68312,0.58102,9.5076,3.6324,19.2136,6.5958000000000006,14.2374,0.2442,19.771,4.7844,1.2044,14.875,3.5770000000000004,22.985,18.3624,9.1438,1759.4820842772579,0,14.604370120000112
2024-11-08_Las Palmas_Rayo Vallecano,2024-11-08,21:00,La Liga,Matchweek 13,Fri,2025,1.0,3.0,Rayo Vallecano,Las Palmas,Away Win,1628.26123047,1,21.0,1.356,0.916,1.34694,0.79418,52.341800000000006,14.432400000000001,4.7956,34.55054,1.34694,0.09448000000000001,4.514799999999999,0.95338,0.03738,14.367799999999999,29.239400000000003,1.20232,0.72322,11.039,2.262,38.821200000000005,6.7142,11.8734,0.8,23.449400000000004,5.364800000000001,1.4918,18.9362,1.6308,25.6252,19.693,17.9904,1644.976153540126,1568.68933105,1.0352000000000001,2.1978,0.69632,1.95484,55.0988,7.927,4.1856,62.59572,0.69632,0.081534,5.168799999999999,2.01124,-0.18656,18.262,25.494600000000002,0.59238,0.74598,6.3713999999999995,0.916,35.909,3.7832,15.518799999999999,2.8308,10.7424,2.5924,1.8506,11.5148,0.6962,15.0166,11.3666,10.6414,1645.2455633317259,2,59.571899420000136
2024-11-09_Leganes_Sevilla,2024-11-09,21:00,La Liga,Matchweek 13,Sat,2025,1.0,0.0,Leganes,Sevilla,Home Win,1563.49987793,1,21.0,1.053,0.7338,1.03828,0.909,47.8462,9.280800000000001,2.567,29.24122,0.91012,0.111928,3.567,1.24482,0.51102,14.1526,26.3152,0.7929999999999999,0.62488,6.5736,2.1758,31.5772,7.2148,14.571599999999998,1.6398,16.7176,2.6464000000000003,2.106,11.5364,0.7976,15.6212,15.2058,14.024999999999999,1658.5548151360263,1656.42944336,1.084,1.6528,0.83388,1.8638599999999999,53.61959999999999,9.5624,3.0231999999999997,31.38908,0.83388,0.10078999999999999,4.5642000000000005,1.57702,-0.10019999999999997,18.0492,20.335,0.60858,0.49217999999999995,7.169,0.4222,26.1464,3.9570000000000003,12.5338,2.0596,13.076,5.303800000000001,1.7724,11.473,1.5402,16.5556,14.4088,16.9706,1708.81241582151,0,-92.92956543000014
2024-11-09_Alaves_Villarreal,2024-11-09,16:15,La Liga,Matchweek 13,Sat,2025,3.0,0.0,Villarreal,Alaves,Home Win,1742.19580078,1,16.0,2.1338,2.3074000000000003,2.03934,2.09004,45.504000000000005,14.7254,4.9914,34.33498,1.7033000000000003,0.11556,5.3031999999999995,1.6985000000000001,-0.6089000000000001,11.4712,31.4266,1.38684,1.2559,11.079999999999998,2.2132,40.967400000000005,8.524999999999999,12.9344,1.189,17.8122,4.8314,2.7956,19.7634,2.1296,26.397800000000004,25.076400000000003,17.7832,1663.0054751688222,1616.0279541,1.072,1.9714,1.10222,1.6277000000000001,48.552,13.4794,4.231400000000001,29.347879999999996,0.9740599999999999,0.069098,4.3986,1.5513000000000001,-0.17590000000000003,12.8172,25.387800000000002,0.6462600000000001,0.79692,9.728,4.3408,33.8488,9.4096,14.407399999999999,0.4984,20.726,3.5704,2.144,16.725,2.4344,23.77,21.6052,12.738,1713.3511396706922,0,126.16784667999991
2024-11-09_Osasuna_Real Madrid,2024-11-09,14:00,La Liga,Matchweek 13,Sat,2025,4.0,0.0,Real Madrid,Osasuna,Home Win,1959.41687012,1,14.0,2.0654,1.5504,1.9010200000000002,1.20424,58.646,15.297799999999999,5.4828,35.04396,1.6464800000000002,0.10775399999999999,3.021,1.0358399999999999,-0.33655999999999997,9.3396,41.5584,1.37246,1.14202,12.577200000000001,0.7979999999999999,47.225,9.263,13.0046,1.8788,13.3986,6.3962,3.7748,17.7788,2.8520000000000003,27.369200000000003,31.943599999999996,26.764599999999998,1740.9182604975422,1667.3302002,0.8862,1.3946,0.46243999999999996,1.3743,41.449799999999996,6.591200000000001,2.168,28.5985,0.46243999999999996,0.06636600000000001,5.3196,1.4606000000000001,0.06600000000000006,22.159200000000002,17.7432,0.39382,0.43835999999999997,4.6012,2.7346,21.308799999999998,4.9282,14.610399999999998,0.0,15.293000000000001,3.1174,1.3746,6.9892,1.189,10.4866,11.479,9.0796,1680.1797038115938,0,292.0866699200001
2024-11-10_Barcelona_Real Sociedad,2024-11-10,21:00,La Liga,Matchweek 13,Sun,2025,1.0,0.0,Real Sociedad,Barcelona,Home Win,1710.46179199,1,21.0,0.9734,1.3846,1.6390399999999998,1.17806,61.678,13.892400000000002,5.4394,36.82402,1.6390399999999998,0.132282,3.8568,1.2866600000000001,-0.09793999999999997,8.790600000000001,42.2148,1.5638800000000002,1.6290600000000002,11.5496,2.392,49.4304,11.087,12.3666,1.6774,25.827,8.054200000000002,1.727,18.398,2.4222,25.1672,26.501199999999997,25.9446,1690.035999609648,1929.21069336,3.5625999999999998,1.1294,2.3852,1.5551800000000002,63.989599999999996,15.3856,7.918200000000001,51.71254,2.2606,0.146722,3.7582,1.1877000000000002,0.07609999999999996,12.284,38.0336,1.88846,1.4002599999999998,12.2588,1.8356000000000001,42.262,9.088799999999999,22.2304,3.156,13.703600000000002,4.4696,5.987,19.5926,2.8220000000000005,26.6254,24.006999999999998,18.9846,1770.3038538084138,0,-218.7489013700001
2024-11-10_Betis_Celta Vigo,2024-11-10,14:00,La Liga,Matchweek 13,Sun,2025,2.0,2.0,Betis,Celta Vigo,Draw,1691.55175781,1,14.0,1.3381999999999998,0.5736,1.9225800000000002,0.55262,55.794399999999996,18.2926,5.9864,34.42562,1.6221400000000001,0.097342,3.0292,0.7251000000000001,0.15149999999999997,12.726400000000002,32.805400000000006,1.23272,1.0610600000000001,14.002,2.5206,49.209799999999994,9.721,15.423200000000001,1.5757999999999999,21.474999999999998,6.864,1.8498,24.1224,1.8154,32.224000000000004,30.502000000000002,19.783,1604.2316105217978,1632.24523926,1.2542,2.5008000000000004,1.3879000000000001,1.5518399999999999,54.6518,13.472,3.8676000000000004,27.004659999999998,1.22966,0.09142800000000001,5.0406,2.1662200000000005,0.00362000000000004,17.8168,32.2672,0.99156,0.9664600000000001,9.7826,1.4044,41.933400000000006,7.3194,14.118199999999998,1.6498000000000002,11.6354,3.2896,1.9922,17.784,1.3094000000000001,24.157400000000003,21.1174,20.0716,1647.942901393282,1,59.306518549999964
2024-11-10_Athletic Club_Valladolid,2024-11-10,18:30,La Liga,Matchweek 13,Sun,2025,1.0,1.0,Valladolid,Athletic Club,Draw,1550.91247559,1,18.0,0.6617999999999999,1.3235999999999999,1.25096,1.5345,45.5684,11.4864,2.4616,23.159959999999998,1.08002,0.086954,4.7382,1.95422,0.6306200000000001,16.7888,23.2648,0.81108,0.7364,8.8784,3.4144,33.7614,5.7658000000000005,15.556200000000002,0.6022,24.4876,4.9912,1.3235999999999999,15.398600000000002,1.842,21.293000000000003,18.968400000000003,15.4832,1673.705996460642,1758.59008789,1.3096,1.116,1.54784,1.2553,46.2954,12.0032,2.3472,23.32742,1.068,0.11133799999999999,3.8474,1.00758,-0.10842000000000002,14.5284,31.397199999999998,1.0903600000000002,0.94604,8.9382,2.3526,42.566,6.1754,11.8106,1.022,19.197200000000002,6.518400000000001,2.4412,17.2704,1.4796,22.2162,18.985200000000003,19.5064,1679.743538868538,1,-207.67761229999996
2024-11-10_Getafe_Girona,2024-11-10,18:30,La Liga,Matchweek 13,Sun,2025,0.0,1.0,Getafe,Girona,Away Win,1605.45751953,1,18.0,1.0376,0.642,1.49158,0.44258,52.732,13.107199999999999,3.4708,27.32732,1.01338,0.08329199999999999,1.2376,0.58946,-0.05253999999999999,10.3708,29.9568,0.7814599999999999,0.9814200000000001,9.483,3.7624,31.891,7.7894,17.104599999999998,0.62,23.7854,4.9372,1.6332,14.8554,3.2950000000000004,23.939400000000003,23.507599999999996,14.3382,1647.5986992648382,1716.79370117,0.5758,1.3402,0.8518199999999999,0.76124,56.632999999999996,9.376800000000001,3.3800000000000003,36.60828,0.72722,0.078578,3.419,0.82858,-0.5116200000000001,12.030000000000001,40.219800000000006,0.5083000000000001,0.8814,6.6652,1.1226,40.9602,5.9862,11.362400000000001,1.369,21.0958,5.2232,0.9736,12.026200000000001,1.5956,16.6686,18.595399999999998,17.3366,1618.73558217929,2,-111.33618164000018
2024-11-22_Getafe_Valladolid,2024-11-22,21:00,La Liga,Matchweek 14,Fri,2025,2.0,0.0,Getafe,Valladolid,Home Win,1598.55517578,1,21.0,0.9338,0.822,1.4024200000000002,0.44716,51.294200000000004,11.443,2.9794,23.68506,0.97204,0.08873,1.6021999999999998,0.6282,-0.19379999999999997,8.9124,31.738999999999997,0.75772,0.8656,7.781199999999999,4.1188,32.879599999999996,7.554799999999999,16.650000000000002,0.558,27.1262,5.0878,1.4698,12.4956,2.8212,20.782600000000002,21.270999999999997,12.5514,1650.3017639864238,1554.79541016,1.0352000000000001,2.7348000000000003,0.88392,2.13586,42.8994,7.198600000000001,2.084,29.749579999999998,0.5542199999999999,0.081756,6.2092,1.9919999999999998,-0.545,13.9584,18.7956,0.47243999999999997,0.53096,4.7786,0.6175999999999999,21.6984,2.1934,15.995800000000001,1.022,13.762999999999998,3.2925999999999997,1.6726,7.2904,2.055,13.135,9.4938,8.2762,1689.407144775762,0,43.759765619999826
2024-11-23_Betis_Valencia,2024-11-23,14:00,La Liga,Matchweek 14,Sat,2025,4.0,2.0,Valencia,Betis,Home Win,1617.15136719,1,14.0,1.2222,1.231,0.9797,1.0836999999999999,45.93,11.8322,3.5704000000000002,29.53698,0.80876,0.078504,3.8154000000000003,1.1474600000000001,-0.08353999999999995,9.9694,27.6982,0.5976600000000001,0.92578,8.1474,2.8796000000000004,36.772,6.6739999999999995,12.0518,0.3758,27.0838,8.845799999999999,2.0024,14.443200000000001,2.1582,20.5256,24.1022,20.6416,1706.1662199488442,1688.1114502,0.8617999999999999,1.1602000000000001,1.2343600000000001,2.2558,46.2112,10.3792,4.0994,41.091499999999996,1.2343600000000001,0.12448199999999998,5.7387999999999995,1.8741600000000003,0.7139599999999999,15.933399999999999,23.555,0.91184,0.99102,7.6574,1.3362,31.722199999999997,7.11,15.041799999999999,1.875,13.5808,2.3184,1.5038,13.7376,1.1536,17.192600000000002,20.4356,12.047799999999999,1718.94147644018,0,-70.96008301000006
2024-11-23_Espanyol_Girona,2024-11-23,18:30,La Liga,Matchweek 14,Sat,2025,4.0,1.0,Girona,Espanyol,Home Win,1723.69604492,1,18.0,1.5326,1.791,1.5164,1.4779,56.4192,11.148399999999999,3.6882,33.30842,1.18258,0.102796,4.3332,1.54092,-0.25007999999999997,10.6704,40.417,0.9759800000000001,1.2466,9.264199999999999,3.6286,48.95739999999999,11.376600000000002,12.007000000000001,0.976,20.2526,4.843,2.0884,16.6444,1.1494,21.098,22.7396,17.428800000000003,1698.8766603766478,1570.5020752,0.642,2.5216,0.51216,2.2923400000000003,35.562,8.185,1.7082000000000002,22.373,0.51216,0.06299199999999999,9.305800000000001,2.96942,0.44782,14.561000000000002,17.1592,0.42156,0.3969,6.2048,2.6088,21.0334,4.622,12.3178,0.442,14.494599999999998,4.3038,0.9279999999999999,9.187,2.2222,14.4358,13.501000000000001,10.696,1798.487852807948,0,153.19396972000004
2024-11-23_Barcelona_Celta Vigo,2024-11-23,21:00,La Liga,Matchweek 14,Sat,2025,2.0,2.0,Celta Vigo,Barcelona,Draw,1635.6854248,1,21.0,1.1424,0.9756,1.5138800000000001,0.6211,52.7192,11.6958,4.381,36.51242,1.5138800000000001,0.132608,2.6153999999999997,0.78192,-0.19368000000000002,13.112,39.6246,1.3481400000000001,1.19964,9.957799999999999,2.3890000000000002,41.940599999999996,8.6564,13.5422,1.6044,13.366599999999998,3.267,2.1246,17.0128,0.738,20.2094,24.735,19.3416,1711.8336901606579,1917.28161621,2.6296,1.1164,2.04366,1.7006000000000001,66.5088,13.6494,5.8286,40.05192,1.9315200000000003,0.133724,4.2708,1.1989,0.09852000000000001,11.667200000000001,39.1948,1.6486800000000001,1.43348,11.212,1.8962,42.247,7.7146,22.0074,2.8962,15.6986,4.6226,4.5232,16.614800000000002,3.0839999999999996,24.521,22.2202,22.0048,1751.3065067383059,1,-281.5961914100001
2024-11-23_Las Palmas_Mallorca,2024-11-23,17:30,La Liga,Matchweek 14,Sat,2025,2.0,3.0,Las Palmas,Mallorca,Away Win,1580.34899902,1,17.0,0.9581999999999999,1.1118000000000001,1.08068,1.40128,52.8482,13.7992,3.4376,25.95512,1.08068,0.08922,3.935,1.19598,0.08418000000000002,13.0092,31.2426,0.84792,0.82558,10.750599999999999,3.6271999999999998,36.993,9.2234,14.146799999999999,0.9822,23.207,5.2706,1.6722,20.0988,1.9016,25.7738,23.4454,17.753,1756.567415279822,1638.80212402,1.1316,1.0596,1.2471400000000001,0.9298599999999999,49.1572,10.6582,4.322800000000001,43.226960000000005,1.2471400000000001,0.11749199999999999,2.9782,0.89084,-0.16876,15.6296,22.515,1.00936,0.79388,7.7026,4.318,28.529200000000003,8.122200000000001,15.436399999999999,0.7624,20.628800000000002,3.613,1.8456,11.7006,2.2198,17.4968,17.6754,13.046,1616.4506648201718,2,-58.453125
2024-11-24_Athletic Club_Real Sociedad,2024-11-24,21:00,La Liga,Matchweek 14,Sun,2025,1.0,0.0,Athletic Club,Real Sociedad,Home Win,1754.70715332,1,21.0,1.8552,1.0,1.8308,0.98506,46.5976,11.982399999999998,5.311599999999999,43.20762,1.8308,0.138162,3.0422,1.1199999999999999,0.20902000000000004,10.82,35.079,1.5177399999999999,1.0573800000000002,8.1214,2.1084,42.75880000000001,7.9437999999999995,13.0632,1.956,19.0864,4.2098,3.3125999999999998,15.7668,1.6774,20.970200000000002,20.358999999999998,17.2978,1638.5240118405982,1722.39086914,0.7081999999999999,0.178,1.09926,0.86406,53.507000000000005,10.2742,2.851,23.4772,0.9038999999999999,0.077332,1.9272,0.25974,0.08174000000000001,15.361,30.399,0.74764,0.6951,8.2652,2.0728,35.278999999999996,5.9654,10.4572,1.2573999999999999,15.3352,5.9514,1.4163999999999999,13.677,2.0816,18.542,17.0268,18.185000000000002,1659.22005265923,0,32.31628418000014
2024-11-24_Rayo Vallecano_Sevilla,2024-11-24,16:15,La Liga,Matchweek 14,Sun,2025,1.0,0.0,Sevilla,Rayo Vallecano,Home Win,1642.85107422,1,16.0,0.7934,1.0066,1.3851,1.0945999999999998,54.01199999999999,13.5058,3.3811999999999998,23.39416,1.23124,0.09949,3.1404,0.9220600000000001,-0.08454,13.7216,27.0308,0.7361800000000001,0.49248000000000003,9.2208,1.8376,28.0486,5.896,15.610399999999998,0.5998,14.5786,4.9424,0.5758,14.5844,2.034,22.1972,19.6348,15.1248,1677.293532495686,1607.61181641,0.6175999999999999,0.82,0.83856,1.6885,48.6544,10.0808,2.0378,13.98568,0.83856,0.106984,3.0518,0.95906,0.13906,15.53,25.714,0.63966,0.57962,6.6716,2.7062,31.254,6.785399999999999,11.680599999999998,0.7538,19.7456,5.505600000000001,1.0154,14.83,1.3362,18.3398,15.642999999999999,12.3742,1646.7567592513399,0,35.239257810000026
2024-11-24_Leganes_Real Madrid,2024-11-24,18:30,La Liga,Matchweek 14,Sun,2025,0.0,3.0,Leganes,Real Madrid,Away Win,1568.08850098,1,18.0,0.9036,0.5162,0.9868000000000001,0.83484,47.9378,8.7642,2.4662,30.3924,0.79144,0.09897,2.9778,0.8131399999999999,0.29694,13.271999999999998,23.6742,0.67604,0.52472,6.0278,1.914,30.9194,6.1724,14.402800000000001,1.5757999999999999,14.4482,1.9492,1.563,10.994399999999999,0.5736,14.926400000000001,11.934,13.9666,1668.047887548988,1939.57043457,1.442,0.8022,1.3428399999999998,1.24548,54.717600000000004,14.203400000000002,4.45,31.66772,0.97494,0.06618,3.6528,1.18336,0.38115999999999994,13.3764,46.441199999999995,0.7725,0.94316,10.8694,0.6175999999999999,49.58840000000001,7.7905999999999995,14.039,0.5824,12.983999999999998,4.9636000000000005,1.8596,19.1422,2.1692,25.2562,25.6012,18.4722,1637.274113038442,2,-371.48193359000015
2024-11-24_Osasuna_Villarreal,2024-11-24,14:00,La Liga,Matchweek 14,Sun,2025,2.0,2.0,Osasuna,Villarreal,Draw,1659.44226074,1,14.0,2.0918,1.3336000000000001,1.89438,1.0834,44.5254,14.532,3.8572,27.97204,1.46502,0.10766800000000001,4.946999999999999,1.4886000000000001,0.3152,11.468,27.7986,1.23136,1.66454,11.477,2.7016,42.0166,9.1062,10.6044,1.0244,22.6266,6.2136,3.5052000000000003,17.9832,3.0684,25.9528,32.5138,19.0328,1674.1209627920398,1744.04223633,1.4002,1.2198,1.44716,0.63842,47.1196,15.912600000000001,4.2412,24.52022,1.44716,0.094452,3.0808,0.7826000000000001,-0.2592,17.637,31.226599999999998,1.1698000000000002,1.2035799999999999,13.153400000000001,2.8698,38.2944,8.0404,12.9408,2.3348,14.922799999999999,4.3106,2.8004,20.608,1.4842,27.552,23.0518,22.253800000000002,1696.728564649176,1,-84.59997558999999
2024-11-29_Mallorca_Valencia,2024-11-29,21:00,La Liga,Matchweek 15,Fri,2025,2.0,1.0,Mallorca,Valencia,Home Win,1647.37902832,1,21.0,0.536,0.5646,0.9136799999999999,0.7922399999999999,45.8944,10.855799999999999,3.6046000000000005,33.13912,0.77128,0.080466,2.6346,0.6908000000000001,0.1262,14.400000000000002,31.8408,0.6297400000000001,0.68754,7.7762,3.4010000000000002,34.5942,6.5504,13.2934,1.3526,20.6622,5.7208000000000006,0.5736,11.5852,3.8898,19.3724,17.954,12.478,1683.1724213857701,1628.95751953,0.2442,1.5318,0.4729,2.16168,41.89319999999999,4.7978000000000005,1.4332,28.22298,0.4729,0.129918,3.5164,1.71756,0.18575999999999998,17.607,23.0492,0.24418,0.26506,2.9758,0.6374,24.766199999999998,3.4702,17.406599999999997,0.5998,13.3036,2.7338,0.0,4.905,1.6286,8.467399999999998,8.4206,6.754600000000001,1641.4163249741518,0,18.42150879000019
2024-11-30_Alaves_Leganes,2024-11-30,16:15,La Liga,Matchweek 15,Sat,2025,1.0,1.0,Alaves,Leganes,Draw,1602.72216797,1,16.0,1.3602,1.4308,1.03318,1.3848200000000002,42.854,11.571200000000001,3.5204,30.87212,0.9210400000000001,0.082592,4.465000000000001,1.8593800000000003,0.42858,10.2962,25.4736,0.67836,0.67224,8.298399999999999,1.7402,27.9208,5.7046,12.865599999999999,0.9954000000000001,18.448,6.4794,1.5382,11.835199999999999,2.7392000000000003,19.159,20.3446,12.258,1667.0619162827422,1564.42663574,1.3282,2.3324,0.46446,2.2369600000000003,41.5298,7.1726,2.6100000000000003,34.55108,0.46446,0.059652000000000004,5.9234,2.1498399999999998,0.06163999999999997,18.803,20.430400000000002,0.32114,0.30974,4.5548,0.4222,25.695,2.0442,14.399000000000001,1.4552,13.1796,2.189,2.4122000000000003,7.0009999999999994,1.2134,10.9968,9.907399999999999,9.5558,1650.92706118187,1,38.29553223000016
2024-11-30_Celta Vigo_Espanyol,2024-11-30,18:30,La Liga,Matchweek 15,Sat,2025,3.0,1.0,Espanyol,Celta Vigo,Home Win,1565.07348633,1,18.0,1.4918,1.6199999999999999,1.1111,1.40998,44.8408,10.4718,2.3138000000000005,25.65312,0.9687000000000001,0.10083600000000001,4.4918,1.93794,0.31794,18.066799999999997,23.901200000000003,0.80902,0.83836,7.5931999999999995,2.1126,31.279400000000003,4.6208,14.0966,2.4926,20.0936,5.3256,2.9836,11.4698,3.423,18.8654,17.2454,13.6174,1673.220025391264,1641.1015625,1.1846,2.1624000000000003,1.15284,1.2683200000000001,52.0006,9.973799999999999,2.96,35.54574,1.01044,0.16221999999999998,4.704,1.75034,-0.25186,18.223200000000002,29.166,0.89708,0.8744799999999999,7.4184,1.2198,36.9794,5.6898,14.5832,1.0522,10.362400000000001,2.3838,1.5604,13.5664,0.8899999999999999,17.528000000000002,16.7778,18.067,1643.742074048438,0,-76.02807617000008
2024-11-30_Barcelona_Las Palmas,2024-11-30,14:00,La Liga,Matchweek 15,Sat,2025,1.0,2.0,Barcelona,Las Palmas,Away Win,1915.2668457,1,14.0,3.5958,0.6242,2.77558,0.82724,71.0314,16.9584,7.5064,44.45142,2.6217200000000003,0.152436,1.6486,0.5481199999999999,-0.07608,8.1522,54.0024,2.29606,1.72372,13.017999999999999,1.0939999999999999,59.351800000000004,11.469999999999999,17.593400000000003,4.3736,16.255599999999998,7.2624,6.2598,22.2868,1.356,30.277399999999997,32.0736,22.1844,1636.0054106718342,1571.69934082,1.6642000000000001,1.9338,0.79434,2.0570199999999996,48.286199999999994,8.09,3.6344000000000007,55.79386,0.79434,0.08914599999999999,5.396,1.8191599999999999,0.12956000000000004,21.886799999999997,22.482,0.6908000000000001,0.7269399999999999,6.2458,1.0244,31.677799999999998,4.4932,15.2668,3.1360000000000006,9.2706,2.589,2.398,10.9422,0.8266,14.4496,13.2392,10.833,1639.98684043098,2,343.5675048799999
2024-12-01_Betis_Real Sociedad,2024-12-01,21:00,La Liga,Matchweek 15,Sun,2025,2.0,0.0,Real Sociedad,Betis,Home Win,1724.71960449,1,21.0,0.976,0.9578,1.8193,1.0005,55.437799999999996,14.48,6.2164,42.17498,1.8193,0.138818,2.7502,0.8408200000000001,-0.11697999999999999,9.956,37.27419999999999,1.7272399999999999,1.4872800000000002,12.071399999999999,2.2528,46.254999999999995,10.234200000000001,11.1648,1.5096,22.6584,7.8048,1.7542,19.267599999999998,2.38,25.671599999999998,26.9722,24.261400000000002,1755.6989291264201,1663.82775879,1.264,1.7326000000000001,1.34184,2.0505,48.5204,9.4644,4.1335999999999995,44.833960000000005,1.34184,0.148778,5.3766,1.99448,0.26187999999999995,15.2516,25.109,1.05158,0.9819000000000001,7.014799999999999,1.3026,31.6176,7.154799999999999,15.514199999999999,2.1758,14.343600000000002,2.6308,1.8418,12.066,1.3824,15.375399999999999,17.961599999999997,11.366399999999999,1654.6646354256861,0,60.891845699999976
2024-12-01_Girona_Villarreal,2024-12-01,14:00,La Liga,Matchweek 15,Sun,2025,2.0,2.0,Villarreal,Girona,Draw,1743.51379395,1,14.0,2.3646,1.7882,2.08628,1.84448,49.9938,14.885200000000001,4.548,30.177979999999998,1.5884999999999998,0.10567599999999999,4.928599999999999,1.6174600000000001,-0.17074000000000006,12.1568,29.1536,1.2837,1.19028,11.2044,2.5802,40.2496,7.9399999999999995,14.794799999999999,2.0468,20.4054,5.7692,3.4486,18.4984,2.9934000000000003,26.1902,24.956599999999998,15.7954,1665.40963776689,1719.58325195,0.7624,0.7736,0.71454,0.65862,55.6928,7.297199999999999,2.9536000000000002,44.79396,0.6024,0.078162,2.2119999999999997,0.5438799999999999,-0.22971999999999998,17.1874,31.4766,0.44862,0.76114,5.7218,0.822,33.6612,5.2108,14.945,1.0877999999999999,16.458199999999998,3.8916,1.3646,9.449,1.2918,13.438799999999999,14.5962,14.8052,1622.987952174532,1,23.93054200000006
2024-12-01_Athletic Club_Rayo Vallecano,2024-12-01,18:30,La Liga,Matchweek 15,Sun,2025,1.0,2.0,Rayo Vallecano,Athletic Club,Away Win,1601.98071289,1,18.0,1.3204,1.2686000000000002,1.74064,0.78152,57.544799999999995,20.138199999999998,5.204400000000001,28.18364,1.74064,0.094916,4.074999999999999,0.8815200000000001,-0.14288,12.3774,38.0828,1.4928000000000001,0.98394,15.0748,3.1126,48.7834,8.5964,12.518799999999999,2.2852,28.144599999999997,6.8936,1.0542,25.7126,2.5004,34.574600000000004,25.1404,19.7776,1590.973523167924,1762.85803223,1.2786,0.9601999999999999,1.54184,1.0167199999999998,52.592200000000005,13.945,2.2124,20.37262,1.22536,0.11296800000000001,3.4742,0.9302999999999999,-0.029900000000000034,14.907800000000002,38.2164,1.24548,1.08236,10.9864,3.1942,51.5548,6.7905999999999995,12.317800000000002,1.264,21.8082,6.2226,2.397,20.4066,2.0642,25.8904,19.1312,22.8074,1618.4730753680578,2,-160.87731933999999
2024-12-01_Getafe_Real Madrid,2024-12-01,16:15,La Liga,Matchweek 15,Sun,2025,2.0,0.0,Real Madrid,Getafe,Home Win,1935.71594238,1,16.0,2.5472,1.3954,2.1219,1.02174,60.7346,15.1356,6.023,38.25822,1.99374,0.126958,2.4306,0.93228,-0.30291999999999997,9.3938,39.295,1.6538600000000003,1.00806,12.0428,0.7182,45.860400000000006,8.76,13.016,1.7468,13.182399999999998,7.4336,4.5298,17.7244,2.7226,27.455800000000004,32.8054,27.832200000000004,1727.3216583497142,1606.23815918,0.3978,1.178,0.94518,1.7247000000000001,37.557,13.2956,2.8764,21.21428,0.76934,0.06595400000000001,4.2898,1.5473599999999998,0.36936,10.972999999999999,21.775199999999998,0.61156,0.60176,9.5012,4.4902,22.0552,7.9898,14.0256,0.2198,20.8032,3.9292000000000002,0.7956,15.597,2.6984,22.919399999999996,19.091399999999997,9.850200000000001,1727.3449971196042,0,329.4777832
2024-12-02_Osasuna_Sevilla,2024-12-02,21:00,La Liga,Matchweek 15,Mon,2025,1.0,1.0,Sevilla,Osasuna,Draw,1648.33654785,1,21.0,0.9581999999999999,0.6175999999999999,1.3854000000000002,0.90656,54.343399999999995,12.533999999999999,3.0546,23.2075,1.2469400000000002,0.10531,2.4938000000000002,0.60916,-0.00844,11.6076,26.728000000000005,0.82022,0.49322,8.421800000000001,1.5096,28.144000000000002,5.3738,16.4704,0.6398,15.397399999999998,5.392399999999999,1.0066,13.7932,1.5979999999999999,20.2352,19.726799999999997,14.679400000000001,1644.835606788672,1659.82495117,0.7976,1.6552,0.44062,1.64786,39.3504,6.276200000000001,1.9512,25.73834,0.44062,0.061287999999999995,6.0203999999999995,1.67902,0.023819999999999994,19.5458,16.947799999999997,0.35444,0.40452,4.241,2.7052,21.4658,4.779400000000001,13.5724,0.4884,15.8282,3.5382000000000002,1.2372,6.8786,1.07,10.1262,12.484399999999999,10.3928,1732.017970803988,1,-11.488403320000089
2024-12-03_Barcelona_Mallorca,2024-12-03,19:00,La Liga,Matchweek 19,Tue,2025,1.0,5.0,Mallorca,Barcelona,Away Win,1653.25610352,1,19.0,0.8266,0.46399999999999997,0.9743799999999999,0.77094,45.38440000000001,10.670200000000001,3.4,31.55522,0.84622,0.086184,2.0386,0.4799,0.01590000000000001,14.948,29.604,0.68442,0.6932,7.454400000000001,3.361,33.382,6.2072,13.308200000000001,1.4616,17.0566,4.872,1.4929999999999999,12.6036,3.1682000000000006,18.991,16.5494,11.7654,1659.685178123976,1898.79125977,2.134,1.349,1.7164599999999999,1.8238400000000001,65.18119999999999,12.175,4.9246,38.76974,1.7164599999999999,0.138908,5.2206,1.5553400000000002,0.20633999999999997,11.312,38.7198,1.53724,1.2359400000000003,9.7814,1.274,40.0602,7.3106,21.018,3.2508,13.631400000000001,3.9720000000000004,3.5056000000000003,15.1996,2.4872,22.0384,19.7238,20.0628,1721.7809050774079,2,-245.53515625
2024-12-04_Athletic Club_Real Madrid,2024-12-04,21:00,La Liga,Matchweek 19,Wed,2025,2.0,1.0,Athletic Club,Real Madrid,Home Win,1762.85803223,1,21.0,1.9138000000000002,0.7558,1.9219400000000002,0.76354,44.3076,12.561000000000002,5.6129999999999995,45.21544,1.9219400000000002,0.14544,2.6938000000000004,0.83058,0.15488000000000002,11.1704,30.2456,1.6690200000000002,1.29912,9.462800000000001,2.2418,39.5554,7.4612,13.100800000000001,1.9604,19.177799999999998,4.4772,3.4696,16.9438,1.5096,22.5594,22.5654,17.6124,1669.356237134022,1935.71594238,1.8862,0.5778,1.5615599999999998,1.00116,56.0904,14.8156,5.2376,35.15938,1.23048,0.08165599999999999,2.5666,0.9785,0.4007,11.4528,48.495,1.00386,1.11978,11.7592,0.5558000000000001,50.00899999999999,7.9116,15.444600000000001,1.3568,13.229800000000001,4.4346000000000005,2.7504,19.2838,2.2964,26.695600000000002,27.9624,23.165,1619.6373766864742,0,-172.85791014999995
2024-12-06_Celta Vigo_Mallorca,2024-12-06,21:00,La Liga,Matchweek 16,Fri,2025,2.0,0.0,Celta Vigo,Mallorca,Home Win,1629.53710938,1,21.0,1.084,1.2222,1.71346,0.9264399999999999,49.672999999999995,12.1704,4.5988,36.605760000000004,1.71346,0.139676,3.0422,0.8758,-0.34640000000000004,11.9242,38.40560000000001,1.53312,1.3162,9.817800000000002,2.7384,42.06699999999999,9.567400000000001,12.567,1.3998,13.8062,3.4402,2.168,17.2556,0.62,20.5884,24.3844,19.3954,1779.108505712054,1645.45581055,1.6068,1.442,1.3933200000000001,1.08664,47.131800000000005,10.0596,4.1904,43.430580000000006,1.3933200000000001,0.140602,3.1246000000000005,1.04594,-0.39606,17.952800000000003,20.909800000000004,1.07606,0.7324,7.4879999999999995,3.9978,26.3458,6.9448,14.5602,0.642,19.5004,3.5516000000000005,2.5936000000000003,11.2096,2.1978,16.4818,17.0426,13.3972,1612.7993827141258,0,-15.918701170000077
2024-12-07_Barcelona_Betis,2024-12-07,16:15,La Liga,Matchweek 16,Sat,2025,2.0,2.0,Betis,Barcelona,Draw,1656.63208008,1,16.0,1.4044,1.0046,1.8182399999999999,0.77596,54.66120000000001,19.0844,6.1318,33.551,1.54786,0.084074,3.2146000000000003,0.99444,-0.010159999999999975,12.197999999999999,32.0388,1.2983,1.1282,15.3112,3.4012000000000002,43.4424,10.1372,14.2154,1.5182,21.5832,5.0798000000000005,2.209,25.608,1.978,33.9878,31.760999999999996,20.4934,1615.648601733426,1906.59155273,2.8532,0.8815999999999999,2.65044,1.5440200000000002,62.5444,13.866800000000001,5.5206,37.96454,2.45508,0.17109,4.2218,1.2259,0.3443,11.525,34.3666,2.02516,1.34002,10.3916,1.2024,40.3896,7.4914000000000005,21.116,3.0816000000000003,12.647,3.6422000000000008,4.8202,16.6448,2.2942,24.1322,23.6144,19.279600000000002,1715.4018177734101,1,-249.95947265000018
2024-12-07_Las Palmas_Valladolid,2024-12-07,13:00,La Liga,Matchweek 16,Sat,2025,2.0,1.0,Las Palmas,Valladolid,Home Win,1588.17492676,1,13.0,1.2066,1.589,1.15028,1.3158,56.2584,14.584200000000001,3.2937999999999996,22.99634,0.95492,0.071762,3.1206,1.3384800000000001,-0.25052,13.352599999999999,34.6134,0.6966,0.83184,10.3754,4.341200000000001,40.4212,10.1662,14.908999999999999,0.8398,25.4604,5.4318,1.9492000000000003,21.2862,1.7114,26.6936,25.8076,16.8006,1694.026889840228,1539.68554688,0.9316,1.9404,0.992,1.39114,44.784,7.367,2.464,35.38008,0.6953,0.101232,5.2232,1.4114,-0.351,16.604599999999998,19.781200000000002,0.6217,0.6932,4.989,1.5326,22.0172,3.295,17.1056,1.264,15.4286,3.3074000000000003,1.5051999999999999,7.2614,1.9494,13.1096,11.053600000000001,8.448599999999999,1637.730961597024,0,48.489379880000115
2024-12-07_Girona_Real Madrid,2024-12-07,21:00,La Liga,Matchweek 16,Sat,2025,0.0,3.0,Girona,Real Madrid,Away Win,1722.14489746,1,21.0,2.2119999999999997,1.2794,2.03202,1.17818,62.602999999999994,11.6662,3.9635999999999996,33.75832,1.7315800000000001,0.143148,2.8464,0.93102,-0.34838,10.5152,44.2032,1.52122,1.70032,9.7262,2.7889999999999997,53.310399999999994,10.894599999999999,14.8692,0.8784000000000001,20.892200000000003,5.6796,3.3006,17.1684,1.2786,22.0092,26.1166,20.4606,1638.785638820694,1926.73095703,1.7975999999999999,0.8642000000000001,1.4601000000000002,1.2252,57.647,12.0714,4.6814,38.275600000000004,1.02444,0.084934,2.754,1.15596,0.29176,13.0168,43.0084,0.75164,0.9092199999999999,9.5532,0.356,45.4156,6.7554,17.4538,1.3212,11.753400000000001,3.6144,2.5754,15.9602,2.3668,22.3218,23.118,20.5746,1658.974836281264,2,-204.58605956999986
2024-12-07_Rayo Vallecano_Valencia,2024-12-07,18:30,La Liga,Matchweek 16,Sat,2025,0.0,1.0,Valencia,Rayo Vallecano,Away Win,1622.93481445,1,18.0,1.9325999999999999,1.308,1.10386,0.83142,47.7232,12.469999999999999,4.2902000000000005,35.2864,0.95,0.08033000000000001,3.3014,0.91648,-0.14732,10.1722,27.937800000000003,0.66232,0.86552,8.1768,2.9358,35.7276,6.5508,14.200200000000002,1.0708,25.531399999999998,8.017,2.979,14.4314,2.1424,21.4266,23.724800000000002,19.300800000000002,1676.3884558870977,1596.1842041,0.5558000000000001,0.9822,0.9212,1.71614,47.76820000000001,10.837800000000001,2.0782000000000003,15.297780000000001,0.9212,0.109166,3.4792,1.13178,0.14958,16.0538,24.754,0.69336,0.59048,7.037,2.5356,32.425999999999995,5.7742,11.6684,0.6784,18.9266,5.398999999999999,0.9138000000000001,15.212000000000002,1.3026,19.5476,15.2668,10.5274,1647.8874730216062,2,26.750610349999988
2024-12-08_Alaves_Osasuna,2024-12-08,18:30,La Liga,Matchweek 16,Sun,2025,2.0,2.0,Osasuna,Alaves,Draw,1661.45043945,1,18.0,1.9384,1.4002,1.81934,1.3404,42.8754,12.369399999999999,3.5272,37.13646,1.23756,0.102016,5.5847999999999995,1.7339000000000002,0.3337,13.363199999999999,22.9464,1.0272800000000002,1.47602,9.6642,3.0198000000000005,37.5198,9.328199999999999,11.821000000000002,1.2662,19.044999999999998,4.726999999999999,3.6988,16.4966,2.329,23.148200000000003,29.508799999999997,18.9738,1692.5820608882939,1599.67993164,0.5646,2.1822,0.74088,1.6783000000000001,40.109,9.2022,2.7026000000000003,22.5374,0.54552,0.051834,5.468999999999999,1.80282,-0.18158000000000002,16.9842,19.162799999999997,0.40772,0.42432000000000003,6.2703999999999995,2.5027999999999997,25.1416,6.2034,15.813600000000001,0.0,13.7264,1.832,0.885,12.822600000000001,1.1958,16.0262,14.595600000000001,8.174,1693.896855343754,1,61.770507810000026
2024-12-08_Athletic Club_Villarreal,2024-12-08,16:15,La Liga,Matchweek 16,Sun,2025,2.0,0.0,Athletic Club,Villarreal,Home Win,1779.39331055,1,16.0,1.7782,0.7802,2.0683000000000002,0.91488,44.153000000000006,12.0606,5.0632,41.61528,2.0683000000000002,0.169638,3.0686,0.81542,0.1794,9.988199999999999,31.718600000000002,1.55206,1.1271,9.2606,1.9734,38.467,6.2940000000000005,12.6022,1.476,21.146,4.8178,2.89,16.5492,1.2144,21.759,22.108800000000002,17.9836,1735.1884152576358,1740.95214844,1.6044,1.442,1.84084,0.66018,50.7592,16.6866,4.994,28.635559999999998,1.64548,0.105658,2.7844,0.85554,-0.42626000000000003,12.4804,35.676,1.39584,1.42184,13.759,3.127,43.870200000000004,10.666799999999999,12.026,2.5456,17.9494,5.4006,2.9646000000000003,22.4776,2.3125999999999998,30.3482,27.7634,22.4052,1694.915874243024,0,38.44116211000005
2024-12-08_Leganes_Real Sociedad,2024-12-08,14:00,La Liga,Matchweek 16,Sun,2025,0.0,3.0,Leganes,Real Sociedad,Away Win,1567.46875,1,14.0,0.8132,1.053,0.86926,1.04672,43.4158,7.5668,1.9312,24.15208,0.69342,0.090626,4.201,1.16928,0.11628000000000001,11.979800000000001,22.697000000000003,0.58956,0.39572,5.1482,1.4342,27.531800000000004,4.501600000000001,13.1972,1.274,13.482200000000002,2.0984,1.4066,9.0972,1.0046,12.6918,9.6544,12.992999999999999,1738.153156274752,1731.9152832,0.6374,0.4044,1.1114,1.0086000000000002,55.7862,10.5674,2.81,25.207120000000003,0.93556,0.08869,2.567,0.58564,0.18124,14.503800000000002,28.7584,0.79494,0.82092,8.7594,1.8654,36.436800000000005,6.1011999999999995,11.888200000000001,1.3758,15.9224,6.1888000000000005,1.2748,14.506599999999999,2.4618,19.473399999999998,18.209600000000002,18.7194,1686.6843254868982,2,-164.44653319999998
2024-12-09_Espanyol_Getafe,2024-12-09,21:00,La Liga,Matchweek 16,Mon,2025,1.0,0.0,Getafe,Espanyol,Home Win,1604.484375,1,21.0,1.1846,0.5956,1.19238,0.5845400000000001,51.57639999999999,11.498600000000001,3.4698,27.894219999999997,0.90598,0.083414,1.8862,0.60212,0.006520000000000026,9.753599999999999,29.202600000000004,0.67868,0.9178600000000001,7.658799999999999,4.4952,32.971000000000004,8.0434,17.0734,0.6022,28.2348,4.4464,2.0112,12.5018,3.0831999999999997,21.1484,20.8112,10.61,1640.12344794826,1576.63793945,0.822,3.2462,0.49654,2.58616,32.7748,8.410799999999998,1.6374,21.043619999999997,0.49654,0.05981,8.5868,3.27644,0.030240000000000045,13.884,15.8338,0.39058,0.3928,6.1844,2.5038,21.718200000000003,5.6366,10.620800000000001,0.642,14.7892,4.1734,1.3235999999999999,10.001,1.9558,14.7366,14.372,10.7266,1813.643121216246,0,27.846435550000024
2024-12-13_Valencia_Valladolid,2024-12-13,21:00,La Liga,Matchweek 17,Fri,2025,1.0,0.0,Valladolid,Valencia,Home Win,1534.46289062,1,21.0,0.7558,2.5128000000000004,1.0046599999999999,2.2556,42.653400000000005,9.100000000000001,2.3494,28.3739,0.8662,0.087728,5.6930000000000005,3.1493200000000003,0.6365200000000001,16.7292,20.8816,0.7147,0.65864,7.619400000000001,2.8022000000000005,28.7826,4.2588,14.5718,0.358,20.697400000000002,4.6342,1.5116,11.923399999999999,2.346,17.8596,13.4486,13.718200000000001,1670.0893973622442,1612.1015625,0.46399999999999997,1.7228,0.72864,1.93898,43.1924,5.494600000000001,1.2898,25.40046,0.53328,0.13313999999999998,3.3206,1.79674,0.07393999999999999,15.449000000000002,24.553599999999996,0.34184,0.3218,4.1432,1.5504,27.031399999999998,4.0556,16.1892,0.3956,14.8382,3.4930000000000003,0.2442,6.5678,1.954,9.9738,8.811,7.611599999999999,1626.4216236553639,0,-77.63867187999995
2024-12-14_Espanyol_Osasuna,2024-12-14,14:00,La Liga,Matchweek 17,Sat,2025,0.0,0.0,Espanyol,Osasuna,Draw,1580.43847656,1,14.0,1.7868,1.558,0.9890800000000001,1.47222,38.9516,10.1806,2.8708,32.33886,0.86092,0.09066,3.81,1.92622,0.36822000000000005,16.8948,23.2552,0.61952,0.7036,7.1014,1.8572,28.5094,4.0704,11.800600000000001,2.055,18.2636,4.849,3.0852,10.8462,2.8924000000000003,17.514,16.388399999999997,13.8882,1672.401901685596,1667.30615234,0.8178,1.3014,0.52422,1.5698600000000003,39.1592,6.636800000000001,2.2002,27.87202,0.52422,0.071926,5.7742,1.7388400000000002,0.43744000000000005,18.1374,15.187800000000001,0.42224,0.38964,4.461,2.8788,19.2656,4.5572,13.959200000000001,0.4396,15.933600000000002,2.8518,1.4576,8.1558,0.8188,10.501800000000001,11.515,10.742,1728.09747173102,1,-86.8676757799999
2024-12-14_Rayo Vallecano_Real Madrid,2024-12-14,21:00,La Liga,Matchweek 17,Sat,2025,3.0,3.0,Rayo Vallecano,Real Madrid,Draw,1616.52697754,1,21.0,1.0,1.486,1.38472,0.83104,54.1394,17.3828,4.7956,34.218560000000004,1.38472,0.080772,5.0884,1.17966,-0.08654,12.5276,34.5008,1.1616600000000001,0.84346,12.6256,2.3688000000000002,43.001200000000004,6.639200000000001,10.713399999999998,2.301,24.467599999999997,5.4392000000000005,0.5162,21.923000000000002,2.4946,30.1988,21.708,17.4136,1623.801971973162,1953.88317871,2.062,0.7778,1.20224,1.04176,58.5474,11.2874,5.3458000000000006,47.41778,1.0264,0.089766,3.167,0.9594400000000001,0.18163999999999997,13.303600000000001,45.97,0.80972,0.9127,9.3536,0.3204,43.2968,5.9030000000000005,15.8316,1.9216000000000002,11.0454,3.1204,3.3504,15.9082,1.7975999999999999,21.3686,21.052200000000003,21.1376,1662.015757520532,1,-337.3562011700001
2024-12-14_Girona_Mallorca,2024-12-14,16:15,La Liga,Matchweek 17,Sat,2025,2.0,1.0,Mallorca,Girona,Home Win,1645.47644043,1,16.0,0.844,1.6386,0.9237,1.82834,45.0902,9.770599999999998,2.8716,27.67604,0.9237,0.110868,3.3116,1.6729,0.034300000000000004,13.5322,28.7312,0.75366,0.74714,6.288,3.1248000000000005,33.6528,5.498000000000001,13.7098,2.6364,17.4834,4.152200000000001,1.688,12.0992,2.1304,17.0826,16.2944,11.3006,1705.78708115195,1720.24182129,0.8862,1.1846,0.49122,0.95138,58.5422,8.3,3.6908000000000003,47.270900000000005,0.49122,0.06281,2.2466,0.77366,-0.41093999999999997,15.5362,35.2594,0.37166,0.69734,6.1937999999999995,1.084,39.4112,5.677999999999999,15.0834,0.9790000000000001,17.6888,4.0024,1.5282,10.825,1.1184,14.3832,15.8248,18.0872,1645.74917012034,0,-74.76538086000005
2024-12-14_Celta Vigo_Sevilla,2024-12-14,18:30,La Liga,Matchweek 17,Sat,2025,1.0,0.0,Sevilla,Celta Vigo,Home Win,1653.70410156,1,18.0,0.9623999999999999,0.8,1.36244,0.84264,55.885999999999996,12.769,3.3933999999999997,25.302619999999997,1.23784,0.101454,2.4002,0.61264,-0.18736000000000003,10.3492,29.208800000000004,0.9259000000000002,0.66926,9.0122,2.4354,31.171799999999998,7.4342,16.2792,1.0642,17.688,5.6416,1.1059999999999999,15.467400000000001,1.5382,21.421,21.351999999999997,15.976600000000001,1650.308352491228,1648.53564453,1.022,2.2462,1.18316,1.2314800000000001,58.638000000000005,10.9088,2.3314000000000004,28.82664,0.85964,0.13802799999999998,5.022,1.5943800000000001,-0.6518200000000001,16.0912,37.9286,0.7620399999999999,0.94148,8.4532,1.442,43.4306,6.5976,13.559800000000001,0.9028,12.9124,2.9338,1.6044,15.763000000000002,1.0452000000000001,20.3168,19.0976,20.7464,1623.014273658122,0,5.168457030000127
2024-12-15_Alaves_Athletic Club,2024-12-15,16:15,La Liga,Matchweek 17,Sun,2025,1.0,1.0,Alaves,Athletic Club,Draw,1612.84350586,1,16.0,1.18,1.5318,0.91012,1.3651,48.894400000000005,12.791,4.1568000000000005,32.13636,0.91012,0.076008,3.8858,1.75892,0.22712,10.1784,28.2888,0.69612,0.71944,9.4454,2.1104,32.556599999999996,6.2784,14.721,0.9958,26.7502,8.140799999999999,1.5844,12.063400000000001,3.7422,20.4318,23.2964,13.941600000000001,1654.204586229046,1806.92016602,1.2066,0.82,1.31344,0.7619999999999999,54.8402,14.183000000000002,3.1238,26.17028,1.02864,0.081718,3.3826,0.76192,-0.05807999999999999,12.1984,38.5484,0.94024,0.93644,11.176200000000001,2.5864000000000003,52.185599999999994,7.0440000000000005,14.8164,0.9934,21.4158,6.877000000000001,2.4132,21.3194,2.4462,26.510599999999997,18.6178,22.226599999999998,1619.552531202186,1,-194.07666015999985
2024-12-15_Barcelona_Leganes,2024-12-15,21:00,La Liga,Matchweek 17,Sun,2025,0.0,1.0,Barcelona,Leganes,Away Win,1919.51879883,1,21.0,3.192,0.9059999999999999,2.8000799999999995,0.72242,71.5492,19.981199999999998,7.9883999999999995,41.683620000000005,2.66162,0.138982,1.928,0.59774,-0.30826000000000003,5.762599999999999,57.385799999999996,2.27528,1.89114,15.014000000000001,1.673,62.868,11.723200000000002,16.369,3.9919999999999995,18.472,7.5245999999999995,5.545400000000001,27.963,1.5646,36.2428,34.985,26.0174,1602.596676295928,1566.75708008,1.4396,2.055,0.62336,1.9790400000000001,41.9536,7.4878,3.0816000000000003,43.30596,0.62336,0.08599000000000001,6.3194,1.94506,0.10986,23.8626,19.5988,0.49438000000000004,0.5329600000000001,5.176,0.8684000000000001,24.4488,2.5282,14.9918,1.798,14.515,3.7794,2.6594,7.1892000000000005,1.092,11.861999999999998,11.3702,12.0746,1630.7139634282462,2,352.76171875
2024-12-15_Las Palmas_Real Sociedad,2024-12-15,18:30,La Liga,Matchweek 17,Sun,2025,0.0,0.0,Real Sociedad,Las Palmas,Draw,1754.71459961,1,18.0,1.3668,0.5736,1.67412,0.6665,52.983399999999996,11.689799999999998,5.3062000000000005,35.33244,1.47876,,2.0984,0.4395,-0.1341,10.205,33.3824,1.4247400000000003,1.1899000000000002,10.098799999999999,1.8832,43.4862,8.1568,11.1924,1.2144,19.793799999999997,6.159,2.0672,16.486800000000002,1.7094,21.341,21.5906,21.836799999999997,1699.8462418705203,1602.90710449,1.842,1.6962,0.72166,2.13902,42.3758,6.9159999999999995,3.1384000000000003,57.00612,0.72166,0.093116,6.2332,1.6707,0.19430000000000003,21.7866,18.2058,0.62848,0.681,5.3004,1.2662,25.6284,4.6882,13.342400000000001,2.4898000000000002,6.625,1.7534,2.8466,9.6388,0.5998,11.930399999999999,12.5506,10.317400000000001,1706.638910351422,1,151.8074951200001
2024-12-15_Betis_Villarreal,2024-12-15,18:30,La Liga,Matchweek 17,Sun,2025,1.0,2.0,Villarreal,Betis,Away Win,1743.0411377,1,18.0,2.0398,1.6652,1.8469600000000002,1.3928000000000003,47.296800000000005,13.2548,3.9164,29.662979999999997,1.5287199999999999,0.11687600000000001,4.8916,1.39386,-0.27134,14.4832,24.8778,1.1267200000000002,1.0947200000000001,10.3188,2.1338,36.4968,7.6575999999999995,16.113,2.1864,17.5346,4.4272,3.0154,17.4508,1.9731999999999998,23.1316,24.183999999999997,16.9924,1678.164798899106,1672.09179688,0.9934,1.9036,1.03136,1.89654,51.5872,8.3528,3.4876,41.78238,1.03136,0.12692199999999998,4.794600000000001,1.8461600000000002,0.18675999999999993,14.037599999999998,23.624200000000002,0.78898,0.75186,6.2366,0.8398,30.6586,4.9092,18.705,2.4024,13.2,2.7678,1.3692,9.9734,1.4442,13.840200000000001,15.270199999999999,11.1414,1683.753477491034,2,70.94934082000009
2024-12-18_Espanyol_Valencia,2024-12-18,21:30,La Liga,Matchweek 13,Wed,2025,1.0,1.0,Espanyol,Valencia,Draw,1580.82543945,1,21.0,1.1756,1.1138,0.73272,1.1242999999999999,39.6886,10.206599999999998,2.8838000000000004,31.830319999999997,0.73272,0.076942,2.5638,1.34424,0.23044,15.475200000000001,25.848,0.52988,0.59672,7.4796,2.2598,29.0232,5.0842,11.920399999999999,1.7052,20.955399999999997,5.5847999999999995,1.9116,11.5942,2.7030000000000003,17.6066,15.616800000000001,15.0644,1672.870703661486,1613.3046875,0.41759999999999997,1.3621999999999999,0.83672,1.4446,48.4576,7.643,1.2608,21.709300000000002,0.66088,0.13014599999999998,2.6560000000000006,1.2677800000000001,-0.09441999999999998,13.1618,26.9668,0.43976,0.48056,5.5942,2.6164,30.5944,5.3152,16.4024,0.8444,26.6762,4.4206,0.2198,10.418399999999998,1.8586,13.8838,12.392800000000001,11.5578,1612.572538840462,1,-32.479248050000024
2024-12-18_Rayo Vallecano_Villarreal,2024-12-18,21:30,La Liga,Matchweek 12,Wed,2025,1.0,1.0,Villarreal,Rayo Vallecano,Draw,1731.36242676,1,21.0,1.9358000000000002,1.2662,1.80904,0.8865399999999999,52.371199999999995,14.206199999999999,3.6806,26.553340000000002,1.5226400000000002,0.109982,4.0816,1.25706,-0.009140000000000013,13.702399999999999,32.8044,1.1496600000000001,1.20736,10.7754,2.6088,48.5012,9.2012,15.213000000000001,1.6352,23.485799999999998,4.196000000000001,2.4254,17.606,2.22,24.339599999999997,26.1194,18.847,1644.6792729234498,1622.93579102,0.6002,0.5956,0.8614,1.6312400000000002,45.116600000000005,8.7678,1.3936,13.60672,0.8614,0.123344,3.9196,0.95882,0.36322,20.4322,20.117799999999995,0.72844,0.577,6.644800000000001,1.9494,26.4458,4.5314000000000005,10.4806,0.4222,15.482399999999998,4.8264,1.0224,13.581,0.8398,16.6738,12.2328,9.8976,1649.4009207994739,1,108.42663574000017
2024-12-20_Girona_Valladolid,2024-12-20,21:00,La Liga,Matchweek 18,Fri,2025,3.0,0.0,Girona,Valladolid,Home Win,1712.10021973,1,21.0,1.9908000000000001,1.884,1.63816,1.20802,56.3618,11.3554,4.3998,38.83782,1.36778,0.11265199999999999,4.271000000000001,1.2286,-0.6554,9.142600000000002,39.3902,1.25938,1.3872999999999998,9.2094,2.3658,48.386799999999994,10.505,13.173,0.358,20.847,6.000000000000001,2.9706,16.9958,0.7182,20.6874,24.3842,22.5244,1710.8038246842782,1552.27893066,0.9384,1.8022,1.13814,1.2610800000000002,43.928799999999995,7.9628000000000005,2.4176,32.461859999999994,0.87114,0.114764,4.6242,1.41818,-0.22382000000000002,15.8884,21.3566,0.77048,0.68948,5.3784,1.7235999999999998,20.7504,3.1214,16.8508,1.2376,15.73,3.2766,1.6987999999999999,8.0678,1.8544,13.875200000000001,11.5368,10.213199999999999,1622.703215674582,0,159.82128906999992
2024-12-21_Athletic Club_Osasuna,2024-12-21,18:30,La Liga,Matchweek 18,Sat,2025,1.0,2.0,Osasuna,Athletic Club,Away Win,1666.91931152,1,18.0,1.9445999999999999,1.6044,1.80296,1.4084800000000002,47.4714,13.3088,4.6954,42.0287,1.38028,0.106698,4.8938,1.8126200000000001,0.20821999999999996,11.9618,29.1562,1.17104,1.57928,10.1858,3.7504,41.0858,10.116,12.671600000000002,1.2396,22.4146,5.9192,3.7289999999999996,18.2558,2.396,24.4536,30.266199999999998,19.020400000000002,1686.5053356200299,1803.66699219,1.0418,0.9822,1.16558,0.7757999999999999,53.57880000000001,13.520199999999999,2.7232,23.20824,0.90926,0.074338,3.3444000000000003,0.79456,-0.18764,12.866999999999999,35.9508,0.73202,0.77742,10.2258,2.7718,49.624,7.572,14.934999999999999,1.1382,20.4528,6.1566,2.0836,20.0544,2.0132,25.1264,17.8114,21.4592,1625.44408022599,2,-136.7476806699999
2024-12-21_Celta Vigo_Real Sociedad,2024-12-21,16:15,La Liga,Matchweek 18,Sat,2025,2.0,0.0,Celta Vigo,Real Sociedad,Home Win,1642.53308105,1,16.0,1.464,0.9558,1.5456,0.9426599999999999,48.552,12.441799999999999,4.7832,37.360820000000004,1.5456,0.121172,3.4264,1.10802,0.15222000000000002,13.1526,35.037,1.3732799999999998,1.14482,9.4918,2.2762000000000002,37.5556,8.389800000000001,12.8986,1.4598,12.6488,3.5404000000000004,2.928,17.2742,0.558,20.718000000000004,24.866999999999997,18.5908,1777.09260315001,1748.94458008,1.3062,0.2198,1.3532600000000001,0.90566,52.300799999999995,11.299,3.029,25.2666,1.19502,0.101914,2.222,0.54386,0.32406,14.3976,24.0894,1.00962,0.8965,8.639199999999999,2.123,33.153800000000004,5.3702,13.697399999999998,1.0939999999999999,15.9302,5.5813999999999995,2.3682,14.035,2.1714,18.905,19.553800000000003,17.5704,1662.7889815905519,0,-106.41149902999996
2024-12-21_Getafe_Mallorca,2024-12-21,14:00,La Liga,Matchweek 18,Sat,2025,0.0,1.0,Getafe,Mallorca,Away Win,1617.68200684,1,14.0,1.022,0.536,0.868,0.62494,50.285999999999994,12.1372,3.5788,27.11632,0.7256,0.066536,1.7975999999999999,0.5130600000000001,-0.022940000000000016,10.567,32.1654,0.4722,0.75956,7.6488,4.4898,34.7922,7.8831999999999995,15.8126,0.3978,27.255,4.445799999999999,1.8659999999999999,14.3052,2.2982000000000005,21.4896,19.7532,12.6348,1622.169441990832,1653.61804199,1.1578,1.642,1.3051599999999999,1.05356,49.004200000000004,10.242,3.883,37.57296,1.3051599999999999,0.126892,3.168,0.89482,-0.74718,15.271600000000001,22.5722,1.03404,0.80684,7.8275999999999994,3.7538,28.641399999999997,6.3618,13.3272,0.822,21.092,3.4964,1.7576,11.577200000000001,2.4222,17.354599999999998,15.961599999999999,15.3554,1601.699289283252,2,-35.93603514999995
2024-12-22_Real Madrid_Sevilla,2024-12-22,16:15,La Liga,Matchweek 18,Sun,2025,4.0,2.0,Real Madrid,Sevilla,Home Win,1947.65539551,1,16.0,2.2042,1.1116000000000001,2.05678,0.99834,60.985200000000006,12.227,4.279,34.29404,1.8614199999999999,0.1458,2.7758000000000003,0.83458,-0.27702,10.6636,36.0822,1.6997,0.81984,9.876,0.358,38.842600000000004,6.5656,17.8308,1.9722,11.954999999999998,6.6136,4.1886,15.080599999999999,1.9736,22.697,27.311600000000002,21.6914,1714.547122851598,1659.88769531,1.4664000000000001,2.2468,0.74202,1.96434,49.949999999999996,8.3496,2.4242000000000004,37.83594000000001,0.74202,0.10070599999999999,5.6777999999999995,1.9657200000000001,-0.30085999999999996,17.6616,21.8202,0.55054,0.5645,6.3751999999999995,0.41759999999999997,24.019799999999996,3.3973999999999998,11.214400000000001,1.6896,11.1204,4.4584,2.6124,9.8698,1.3978,13.923,13.9938,15.682000000000002,1658.845312524848,0,287.76770020000004
2024-12-22_Leganes_Villarreal,2024-12-22,18:30,La Liga,Matchweek 18,Sun,2025,2.0,5.0,Leganes,Villarreal,Away Win,1583.5760498,1,18.0,0.7318,1.392,0.82346,1.19418,45.827799999999996,7.477600000000001,1.7938,23.09386,0.6652199999999999,0.086118,4.4252,1.36334,-0.02865999999999999,11.072600000000001,23.5042,0.58058,0.43056,5.1892,1.6907999999999999,28.932,4.607200000000001,13.421599999999998,0.9581999999999999,13.101400000000002,2.5328,1.2658,9.387400000000001,1.2484,13.466800000000003,8.5796,12.3052,1733.835125560704,1726.75671387,1.1556,1.642,1.5925799999999999,0.8439399999999999,53.0696,14.675999999999998,4.162,25.254579999999997,1.4167399999999999,0.10065,2.906,1.01978,-0.42686,11.7348,34.62,1.17208,1.1534,11.741200000000001,2.926,44.492599999999996,10.2678,12.6118,2.1468,16.8778,4.728,2.0914,20.1996,2.2814,26.8622,25.0688,19.8784,1721.9444285162622,2,-143.18066407000015
2024-12-22_Espanyol_Las Palmas,2024-12-22,17:30,La Liga,Matchweek 18,Sun,2025,1.0,0.0,Las Palmas,Espanyol,Home Win,1608.8581543,1,17.0,1.286,1.2418,1.102,1.25658,55.567800000000005,13.6488,3.4644,27.00602,0.9261600000000001,0.07458600000000001,2.7201999999999997,1.0351400000000002,-0.20666,14.0942,32.510200000000005,0.6625,0.74538,9.993400000000001,3.7186000000000003,36.5512,9.0844,15.250599999999999,1.0,20.4978,4.3233999999999995,1.9102000000000001,20.613,1.1076,25.4028,23.051999999999996,16.9528,1647.980692186092,1579.85473633,0.5956,2.5890000000000004,0.57456,1.79084,39.522999999999996,8.3256,1.5735999999999999,20.206899999999997,0.57456,0.069038,7.174600000000001,2.5197000000000003,-0.06929999999999997,14.528199999999998,17.9364,0.38151999999999997,0.43235999999999997,5.7776,3.0860000000000003,25.642,6.3498,11.679400000000001,0.5778,17.573,3.9118,1.1912,10.3894,1.9602000000000002,15.2514,16.6768,11.719,1736.686177075308,0,29.0034179700001
2024-12-22_Betis_Rayo Vallecano,2024-12-22,21:00,La Liga,Matchweek 18,Sun,2025,1.0,1.0,Betis,Rayo Vallecano,Draw,1684.52722168,1,21.0,1.464,1.2484,2.01852,1.0758400000000001,49.1022,17.5548,5.630199999999999,33.67736,1.70518,0.106762,2.9048000000000003,1.07946,-0.16894,12.233799999999999,28.328200000000002,1.3329,1.0177,14.247400000000003,3.7496,40.556000000000004,9.823400000000001,13.8172,1.178,21.6692,4.8834,2.5324,23.926,2.2244,31.7352,29.2428,18.4906,1685.1428721667003,1627.90344238,0.7844,0.7802,1.06946,1.5216,49.8536,11.998,1.7426,14.95638,1.06946,0.097384,4.6044,1.28804,0.50784,19.745,24.001400000000004,0.90096,0.8079200000000001,9.599,2.0986000000000002,29.6638,5.355,10.432400000000001,0.6242,18.0644,5.6206,1.4086,17.750799999999998,1.9768000000000001,22.732,18.547,13.0708,1649.9626533691742,1,56.623779300000024
2024-12-22_Alaves_Valencia,2024-12-22,14:00,La Liga,Matchweek 18,Sun,2025,2.0,2.0,Valencia,Alaves,Draw,1614.63745117,1,14.0,1.5952,1.2772,1.15232,0.89596,49.2394,11.4696,4.3612,37.2022,1.01386,0.087066,2.9270000000000005,0.81274,-0.24466,9.4666,27.0698,0.7782,0.93222,8.315,3.0422,37.010400000000004,6.9398,14.713,1.0638,26.401400000000002,7.3942000000000005,2.3928000000000003,13.3906,2.8166,20.930600000000002,23.2752,19.526400000000002,1645.446692189736,1616.27770996,0.7081999999999999,2.0198,0.8544800000000001,1.76256,41.2512,8.0166,2.7322,28.88756,0.67864,0.09028,6.2989999999999995,1.9435000000000002,0.10170000000000004,20.6254,18.613599999999998,0.54462,0.5784,5.178,2.2082,24.6266,5.5944,16.9858,0.4884,12.8324,1.8046000000000002,1.1966,11.142199999999999,1.3204,14.1812,12.581999999999999,7.291399999999999,1642.5040068331723,1,-1.6402587899999617
2025-01-03_Real Madrid_Valencia,2025-01-03,21:00,La Liga,Matchweek 12,Fri,2025,1.0,2.0,Valencia,Real Madrid,Away Win,1612.65710449,1,21.0,1.6356,1.6378,1.34568,1.13938,54.697199999999995,10.878400000000001,4.125,36.860479999999995,1.02572,0.095568,2.9342,1.07006,-0.36993999999999994,9.72,30.226,0.78922,1.08436,7.7952,3.4264,40.83760000000001,8.2552,15.418399999999998,1.0574000000000001,28.9244,7.1548,2.6976,13.540000000000001,2.8792,20.581799999999998,22.0032,19.1296,1617.6607770277901,1949.76184082,2.4442,1.2884000000000002,1.1375600000000001,1.14084,61.7436,11.6028,5.6996,49.15636,0.97932,0.08434599999999999,3.4946,1.17002,-0.11838000000000001,12.4406,44.363800000000005,0.77432,0.94584,9.4182,0.4884,47.1854,6.7894,16.769000000000002,1.9736,13.0944,2.82,4.1922,16.1732,1.8177999999999999,21.7758,22.2558,25.2074,1664.645902662848,2,-337.10473633000015
2025-01-10_Celta Vigo_Rayo Vallecano,2025-01-10,21:00,La Liga,Matchweek 19,Fri,2025,2.0,1.0,Rayo Vallecano,Celta Vigo,Home Win,1631.42919922,1,21.0,1.4884,1.9258000000000002,1.3917799999999998,0.84676,49.2412,16.7556,4.9602,35.910399999999996,1.3917799999999998,0.084694,5.3238,1.24056,-0.48744000000000004,13.64,30.954800000000002,1.15662,0.79466,12.751000000000001,2.0876,40.5584,6.619200000000001,9.9092,1.7824,22.987399999999997,5.4392000000000005,1.5414,21.630000000000003,2.3450000000000006,29.389599999999998,22.101599999999998,17.8928,1712.6396476326481,1655.64904785,0.7756000000000001,1.8332,1.1704400000000001,1.1783000000000001,56.5446,10.818,2.154,26.50082,0.9946,0.146312,4.5314,1.37072,-0.46248,15.2376,38.2808,0.8823400000000001,0.90292,8.363800000000001,1.3978,42.735,6.449599999999999,13.559600000000001,0.8684000000000001,13.7658,2.7521999999999998,1.1556,16.2194,0.46399999999999997,19.796999999999997,18.511400000000002,19.6068,1610.211982787966,0,-24.219848629999888
2025-01-11_Espanyol_Leganes,2025-01-11,18:30,La Liga,Matchweek 19,Sat,2025,1.0,1.0,Espanyol,Leganes,Draw,1574.23815918,1,18.0,1.1580000000000001,0.9581999999999999,1.11456,1.2695400000000001,38.8784,10.33,3.0396000000000005,32.77192,1.11456,0.113318,2.7074,1.3742000000000003,0.41600000000000004,16.9256,25.286599999999996,0.9220200000000001,0.7479800000000001,7.819999999999999,3.1106,25.937199999999997,7.4178,11.884400000000001,1.6346,21.3924,5.4262,1.9203999999999999,12.267399999999999,2.1441999999999997,17.5458,16.875999999999998,15.934800000000001,1647.4165167469,1572.94177246,1.3956,1.7052,0.5722,2.1996800000000003,36.9742,7.3389999999999995,3.4618,50.46126000000001,0.5722,0.080068,5.8431999999999995,2.0858600000000003,0.57846,25.6746,18.1502,0.47053999999999996,0.49968,5.3026,0.6374,22.2384,2.8638000000000003,13.671600000000002,1.7182,12.209999999999999,3.6016,2.5934,8.1912,1.0828,12.4526,10.4006,11.078800000000001,1702.64475476112,1,1.296386719999873
2025-01-11_Sevilla_Valencia,2025-01-11,21:00,La Liga,Matchweek 19,Sat,2025,1.0,1.0,Sevilla,Valencia,Draw,1657.78125,1,21.0,0.822,0.5758,1.0943399999999999,0.95046,53.49980000000001,10.2736,3.0658,28.65726,0.9822,0.09642400000000001,2.3602000000000003,0.6902200000000001,0.11442000000000002,11.347,30.6858,0.73914,0.53142,7.5576,1.6152,28.6012,5.7816,15.5186,0.9578,15.3332,4.9448,1.4838,13.4348,1.5844,17.6512,17.4332,15.8792,1659.25395737296,1610.20080566,0.62,1.0376,1.12608,1.3227000000000002,51.1752,9.0,1.5348000000000002,20.120040000000003,0.96784,0.13833600000000001,2.2578,1.04028,0.002680000000000002,14.5546,31.299,0.6855800000000001,0.61904,6.7118,3.1874000000000002,35.5522,7.1373999999999995,17.4272,1.0042,27.751599999999996,5.1112,0.6862,13.063199999999998,1.5844,16.2938,15.028400000000001,12.1792,1588.3341487517241,1,47.580444339999985
2025-01-11_Alaves_Girona,2025-01-11,14:00,La Liga,Matchweek 19,Sat,2025,0.0,1.0,Alaves,Girona,Away Win,1618.25793457,1,14.0,1.0178,1.4786000000000001,0.88028,1.3274,51.656,11.5352,3.897,35.36504,0.88028,0.090176,3.6972,1.5865,0.1079,11.2374,29.245399999999997,0.5744199999999999,0.65866,8.5684,2.0994,33.4868,6.2948,15.4374,1.3846,26.496599999999997,7.3826,1.2376,11.513,3.468,18.7678,20.9576,15.100999999999999,1689.749782959358,1717.32397461,1.0418,1.2662,0.57978,1.09162,59.6326,9.4912,3.1334,39.01624,0.57978,0.06397,2.222,1.06818,-0.19802,13.7728,45.458200000000005,0.43776000000000004,0.77088,7.0072,1.2198,49.1066,7.7522,14.2422,0.1602,24.0694,4.0022,1.8638,13.629,1.2066,16.743000000000002,19.2498,20.620800000000003,1646.071805519906,2,-99.06604003999996
2025-01-11_Betis_Valladolid,2025-01-11,16:15,La Liga,Matchweek 19,Sat,2025,1.0,0.0,Valladolid,Betis,Home Win,1547.41723633,1,16.0,0.7802,1.9731999999999998,0.87768,1.90822,39.0928,6.804000000000001,2.2144,36.634879999999995,0.75308,0.132912,4.5028,2.4307,0.45749999999999996,23.449400000000004,18.0868,0.62998,0.5306799999999999,5.804,2.0894000000000004,25.7976,2.9678,14.0704,0.4222,16.587999999999997,3.4055999999999997,1.5604,7.2706,2.1113999999999997,12.957400000000002,10.0968,11.2044,1656.886413305226,1681.00146484,1.3824,1.8132,1.0370400000000002,1.96892,48.64240000000001,8.3734,3.683,43.434599999999996,1.0370400000000002,0.12511,4.3266,1.9368199999999998,0.3434199999999999,18.8176,23.117600000000003,0.82332,0.72226,6.168800000000001,1.0,28.8834,4.674,19.023400000000002,2.118,14.1568,3.5678,1.9647999999999999,9.4552,1.1556,14.1122,14.710800000000003,13.369200000000003,1702.9815104267138,0,-133.58422851
2025-01-12_Getafe_Las Palmas,2025-01-12,13:00,La Liga,Matchweek 19,Sun,2025,1.0,2.0,Las Palmas,Getafe,Away Win,1614.47460938,1,13.0,1.2573999999999999,0.9734,1.06738,1.0279,55.9996,13.5722,3.5622000000000003,28.02702,0.9091400000000001,0.07036200000000001,2.2156000000000002,0.8951,-0.07830000000000002,12.919599999999999,34.5452,0.64742,0.702,9.9382,3.6908,37.6612,9.3084,15.6138,1.4884,19.6476,4.2352,1.9192,20.0516,1.241,25.4392,22.8674,16.9576,1622.909432811736,1608.5324707,0.178,1.2198,0.7079799999999999,1.9589,37.4966,10.1272,1.9934,20.65142,0.56558,0.059082,3.5580000000000003,1.45248,0.23268,12.878599999999999,24.706200000000003,0.43176000000000003,0.39996,7.611000000000001,2.7996000000000003,23.442999999999998,6.6638,12.8008,0.178,15.901399999999999,3.4785999999999997,0.356,12.7208,1.5294,17.7734,15.6446,9.9836,1744.422282957808,2,5.942138679999971
2025-01-13_Real Sociedad_Villarreal,2025-01-13,21:00,La Liga,Matchweek 19,Mon,2025,1.0,0.0,Real Sociedad,Villarreal,Home Win,1736.19055176,1,21.0,0.7976,0.5162,1.28506,0.72868,53.785,12.597199999999999,4.887,30.459719999999997,1.10922,,2.0444,0.58646,0.07026000000000002,9.696,32.9322,0.94292,0.85252,9.600200000000001,1.5506,42.348600000000005,8.6734,11.7174,0.5162,23.165200000000002,6.6312,0.9954000000000001,17.1702,1.4942,22.6714,22.3634,21.120400000000004,1682.7634051507903,1737.39111328,1.9726000000000001,1.822,2.00842,0.9949,57.04639999999999,14.952399999999999,4.8782,29.573999999999998,1.45946,0.10158400000000001,3.0596,1.1775600000000002,-0.46859999999999996,9.3754,34.590199999999996,1.09276,1.11362,11.0902,3.4659999999999997,46.073,11.5944,13.5274,2.1319999999999997,17.1664,5.3318,3.5032,21.7888,2.0090000000000003,28.585,26.0266,18.4368,1704.545624779522,0,-1.2005615199998374
2025-01-17_Espanyol_Valladolid,2025-01-17,21:00,La Liga,Matchweek 20,Fri,2025,2.0,1.0,Espanyol,Valladolid,Home Win,1572.28881836,1,21.0,0.998,0.9623999999999999,1.0442999999999998,1.4002999999999999,42.1656,11.8064,3.524,32.21866,1.0442999999999998,0.096896,3.181,1.30148,0.33908000000000005,14.1702,29.842,0.8466,0.97298,8.7148,3.7321999999999997,34.3348,8.785599999999999,12.8404,1.527,24.172000000000004,6.2604,1.64,14.526800000000001,1.9855999999999998,20.509999999999998,18.398,18.2834,1625.559141552014,1557.22729492,0.7004,2.0662000000000003,0.9234,1.44266,40.2286,6.2572,2.1316,50.02976,0.6831,0.095194,5.1502,1.62176,-0.44443999999999995,16.6318,19.4674,0.62134,0.5440200000000001,4.508,1.5512000000000001,17.9006,2.9092000000000002,16.1772,1.1138,14.0476,2.6164000000000005,1.2406000000000001,7.3168,1.2364,11.245800000000001,9.5296,10.1362,1639.370075782768,0,15.061523439999974
2025-01-18_Alaves_Betis,2025-01-18,18:30,La Liga,Matchweek 20,Sat,2025,1.0,3.0,Betis,Alaves,Away Win,1671.19140625,1,18.0,1.4176,1.0794,2.1853000000000002,1.04386,48.82679999999999,16.6664,5.1788,32.424080000000004,1.70792,0.111856,2.726,0.88176,-0.19763999999999998,12.742999999999999,29.627799999999997,1.38728,1.0647600000000002,13.8782,3.2862,40.2234,10.3294,14.38,1.8928,19.4162,4.751,2.4792,23.244600000000002,1.7136,30.7728,29.3066,17.9086,1675.989660398652,1611.08618164,1.1258,2.0178000000000003,1.08766,1.6498000000000002,38.6194,8.3592,2.8032,29.282740000000004,0.7340599999999999,0.09214,5.2482,1.81822,-0.03937999999999998,22.6932,19.229,0.58344,0.6338400000000001,5.448600000000001,2.2874,26.2058,4.7581999999999995,16.654600000000002,0.9279999999999999,13.3376,2.3125999999999998,1.8096,10.2954,1.9768000000000001,14.7516,12.3354,7.2506,1639.3144089576901,2,60.10522461000005
2025-01-18_Barcelona_Getafe,2025-01-18,21:00,La Liga,Matchweek 20,Sat,2025,1.0,1.0,Getafe,Barcelona,Draw,1618.69934082,1,21.0,0.7756000000000001,0.5824,0.8612,1.0808399999999998,52.5316,13.732999999999999,4.0094,27.257299999999997,0.7330399999999999,0.060556000000000006,1.8177999999999999,0.68268,0.10028000000000004,8.6686,32.1136,0.48498,0.6715,8.5608,4.6850000000000005,37.1638,8.1832,18.0616,1.0906,28.814999999999998,4.156999999999999,1.391,15.9284,1.98,23.194399999999998,18.3568,13.6808,1622.987358421638,1892.0892334,2.6237999999999997,1.2818,2.46014,2.0456399999999997,61.1922,12.5152,4.4036,33.649100000000004,2.2843,0.17931000000000002,4.732,1.72934,0.44754000000000005,12.6494,34.6624,1.86294,1.26836,9.2316,1.1822,41.36,7.1982,19.351,3.2176000000000005,14.7682,3.8221999999999996,4.45,15.215399999999999,1.8764,20.8564,22.8208,18.7072,1713.492588842576,1,-273.3898925799999
2025-01-18_Girona_Sevilla,2025-01-18,14:00,La Liga,Matchweek 20,Sat,2025,1.0,2.0,Girona,Sevilla,Away Win,1724.49572754,1,14.0,2.2358000000000002,1.5514000000000001,1.8108,0.64026,58.302,13.9618,4.9482,36.82604,1.6684,0.11526599999999998,3.5114,0.7597,-0.7917,8.9722,42.8698,1.5219999999999998,1.50738,11.2978,2.385,49.1156,11.2546,11.9786,0.9106000000000001,21.895,6.732600000000001,3.3176,20.7708,0.6022,25.3258,28.8204,27.4444,1665.709820410028,1654.58996582,1.664,2.8548,0.82666,1.96794,46.1708,8.082,2.726,40.48998,0.82666,0.109404,6.098599999999999,2.00688,-0.86572,15.974400000000001,24.8244,0.7308399999999999,0.6601400000000001,6.6818,1.1084,27.048,3.9459999999999997,11.037,1.4764,10.443200000000001,4.4684,3.328,11.491999999999999,1.1138,14.086400000000001,13.217400000000001,13.4392,1713.410070996748,2,69.90576171999987
2025-01-19_Osasuna_Rayo Vallecano,2025-01-19,18:30,La Liga,Matchweek 20,Sun,2025,1.0,1.0,Osasuna,Rayo Vallecano,Draw,1658.24853516,1,18.0,1.4176,1.644,1.45196,1.4453,51.773399999999995,12.001199999999999,4.3818,44.26798,1.18692,0.100262,5.4928,1.86904,0.22504000000000002,10.9886,29.118000000000002,0.93976,1.39364,8.7904,3.8196000000000003,42.451800000000006,9.548399999999999,14.2904,0.9714,22.8504,5.5832,2.8352,15.965,2.0122,21.4546,26.364800000000002,17.6414,1682.6246892344261,1638.39245605,0.6617999999999999,0.8022,0.96602,1.59388,47.205799999999996,10.7892,2.1126,20.69084,0.96602,0.096644,4.644,1.3525200000000002,0.55032,17.660800000000002,22.271600000000003,0.8620399999999999,0.6618,8.7626,1.7004,26.558400000000002,3.9662,10.344999999999999,0.6617999999999999,16.572400000000002,4.4052,0.8351999999999999,14.625,2.1234,19.364,15.485999999999999,11.8548,1669.0080195561761,1,19.85607911000011
2025-01-19_Real Sociedad_Valencia,2025-01-19,21:00,La Liga,Matchweek 20,Sun,2025,1.0,0.0,Valencia,Real Sociedad,Home Win,1613.39208984,1,21.0,1.7162,1.9624,1.4276200000000001,1.6126800000000001,51.00880000000001,10.302000000000001,4.5008,44.11048,1.13964,0.11987199999999999,3.5734000000000004,1.16842,-0.61598,10.104,28.5708,0.75586,0.88174,7.571400000000001,2.9954,39.5214,7.353,15.1764,0.9516,24.3806,5.4858,2.672,13.1976,2.3028,19.4466,18.884,19.405,1695.110650122914,1742.60058594,1.1756,0.6862,1.08934,0.98834,52.0056,9.860000000000001,2.5378000000000003,23.14638,0.94694,0.088072,3.4208,0.9734400000000001,0.28724,11.9834,19.9202,0.85658,0.79918,7.3102,1.9666,30.687399999999997,4.7124,15.537199999999999,1.1846,16.8816,5.7232,2.1314,12.134,2.5426,17.017,16.4034,15.139000000000001,1668.8732231672661,0,-129.20849610000005
2025-01-19_Las Palmas_Real Madrid,2025-01-19,16:15,La Liga,Matchweek 20,Sun,2025,4.0,1.0,Real Madrid,Las Palmas,Home Win,1952.21813965,1,16.0,2.528,1.2004,2.15204,1.08616,59.489399999999996,13.4694,4.983599999999999,35.79212,1.9762,0.14422000000000001,3.0423999999999998,0.8378399999999999,-0.36256,10.7974,36.5744,1.83508,1.06206,11.542,0.6664,39.8354,7.53,18.2688,2.6076,12.1918,6.8404,4.8582,18.868199999999998,1.632,25.3018,27.136,21.1012,1709.30604743608,1604.30773926,1.5136,1.0939999999999999,0.7639199999999999,1.7900000000000003,39.4428,7.4128,3.1246000000000005,53.25070000000001,0.7639199999999999,0.093364,5.5774,1.3185,0.4223,21.5078,15.334,0.55796,0.50314,4.982,0.9954000000000001,20.3958,3.8868,14.2524,1.9524000000000001,7.1066,2.7548000000000004,2.2736,8.0656,0.6398,10.6722,12.6398,8.4438,1711.2596146722922,0,347.91040038999995
2025-01-19_Athletic Club_Celta Vigo,2025-01-19,14:00,La Liga,Matchweek 20,Sun,2025,1.0,2.0,Celta Vigo,Athletic Club,Away Win,1648.68579102,1,14.0,1.6618,0.716,1.6363400000000001,0.80628,47.0316,12.1534,5.7258,46.747220000000006,1.6363400000000001,0.132586,2.7512000000000003,0.80538,0.08937999999999996,14.602599999999999,27.8752,1.4468400000000001,1.13032,9.0542,1.7160000000000002,33.2162,6.941400000000001,13.0088,1.8022,11.098,3.5864000000000003,3.3236,16.37,0.358,19.6252,22.0734,18.832,1771.209067725018,1810.31091309,1.2818,0.8398,0.89508,0.5708,54.79480000000001,13.7564,4.116,33.2808,0.89508,0.068696,2.8774,0.81628,-0.02352,12.459599999999998,35.720200000000006,0.6623,0.85852,10.7356,2.8387999999999995,50.567800000000005,8.78,14.7414,1.2244,20.428199999999997,6.129199999999999,2.0752,20.669600000000003,2.156,25.590200000000003,19.0512,21.301399999999997,1619.718725952146,2,-161.6251220700001
2025-01-20_Mallorca_Villarreal,2025-01-20,21:00,La Liga,Matchweek 20,Mon,2025,4.0,0.0,Villarreal,Mallorca,Home Win,1730.9810791,1,21.0,1.5538,1.2396,1.5662800000000001,1.03442,51.9226,13.4648,3.6684,28.059260000000002,1.4238799999999998,0.107542,3.7292,1.31788,0.07828,16.1064,33.1132,1.0482,1.16456,10.121200000000002,2.2596,44.6892,8.837,16.1566,1.8157999999999999,23.093600000000002,5.0532,2.0944,17.0688,2.4421999999999997,23.4966,24.2334,17.3532,1649.397191309164,1663.12963867,0.9978,1.3336000000000001,1.4190800000000001,0.9705199999999999,48.2714,8.7202,2.8738,31.778259999999996,1.2237200000000001,0.141854,3.928,0.84648,-0.48712,15.600000000000001,19.5848,1.01298,0.7329,6.5356,2.9458,26.879800000000003,5.448799999999999,14.527,1.084,18.3968,2.5700000000000003,1.6376,10.554400000000001,2.38,16.0658,14.744399999999999,14.4874,1608.34529870815,0,67.85144042999991
2025-01-24_Las Palmas_Osasuna,2025-01-24,20:00,La Liga,Matchweek 21,Fri,2025,1.0,1.0,Las Palmas,Osasuna,Draw,1602.42358398,1,20.0,1.3758,1.2202,1.09064,1.07834,57.1322,12.029,3.9502000000000006,32.81628,0.7773,0.065884,2.5824000000000003,1.00766,-0.21253999999999998,13.7926,32.5164,0.51176,0.5032,8.546800000000001,2.1681999999999997,33.7672,7.9681999999999995,16.3292,1.6838,16.2666,3.2024,2.2156000000000002,17.9396,1.0286,22.911800000000003,17.8992,15.2318,1614.596262841022,1655.8494873,0.5182,1.154,0.45566,1.7416999999999998,41.9404,6.126600000000001,1.4784,18.971759999999996,0.45566,0.066318,5.7352,1.7902400000000003,0.6362400000000001,17.3198,22.4072,0.36406,0.40306,4.6924,2.0686,24.6444,4.3522,12.8612,0.356,16.1018,2.2518000000000002,1.0364,8.648,0.2198,9.686600000000002,11.2592,15.1692,1681.75932697694,1,-53.42590331999986
2025-01-25_Betis_Mallorca,2025-01-25,14:00,La Liga,Matchweek 21,Sat,2025,0.0,1.0,Mallorca,Betis,Away Win,1653.56262207,1,14.0,1.1038,1.719,0.836,1.75442,41.041199999999996,8.0074,2.3518,27.2204,0.836,0.12055199999999999,2.9364,1.7110400000000001,-0.007960000000000012,17.0978,25.927,0.59412,0.6315,5.1498,3.1122,30.9566,5.548000000000001,14.1272,2.2286,15.2606,2.9276,1.7191999999999998,11.4682,1.2964,14.034600000000001,15.1114,10.2494,1721.095361229938,1654.95898438,0.9558,1.7318,0.8014800000000001,1.7767,51.452200000000005,9.3688,3.1822000000000004,36.45858,0.8014800000000001,0.094528,3.2729999999999997,1.70336,0.16935999999999998,14.841000000000001,26.3126,0.6712199999999999,0.68236,7.1846,1.4884,34.0112,6.1276,20.086,1.3294,17.560000000000002,4.8762,1.3357999999999999,11.075,1.24,15.9664,18.9028,14.986,1672.3759888686877,2,-1.3963623099998586
2025-01-25_Espanyol_Sevilla,2025-01-25,18:30,La Liga,Matchweek 21,Sat,2025,1.0,1.0,Sevilla,Espanyol,Draw,1665.96459961,1,18.0,0.8398,0.7624,0.90512,0.93984,53.98199999999999,11.034600000000001,3.4034000000000004,29.48202,0.90512,0.089338,1.9358000000000002,0.6079600000000001,-0.15443999999999994,10.7682,35.922,0.7152,0.54268,8.6786,1.3094000000000001,30.3824,5.214799999999999,14.0456,1.062,17.153200000000002,6.3154,1.6796,14.6122,2.2144,19.4512,16.7128,13.372599999999998,1644.273169090276,1578.36193848,0.536,2.4300000000000006,0.6159399999999999,1.5286600000000001,39.294999999999995,8.5372,1.7604,21.8046,0.6159399999999999,0.073018,5.6036,2.06252,-0.36748,13.398600000000002,19.8524,0.45661999999999997,0.44354,5.899800000000001,2.5890000000000004,29.729599999999998,5.8264,11.2232,0.62,18.1926,3.4321999999999995,1.072,11.083,1.5757999999999999,15.3704,16.0208,12.135399999999999,1709.822777515558,1,87.60266113000012
2025-01-25_Real Madrid_Valladolid,2025-01-25,21:00,La Liga,Matchweek 21,Sat,2025,0.0,3.0,Valladolid,Real Madrid,Away Win,1551.1541748,1,21.0,0.8022,1.4874,0.79458,1.67198,39.6718,7.179400000000001,1.5162,29.4471,0.6824399999999999,0.122416,4.3524,2.1221600000000005,0.6347600000000001,22.328400000000002,17.4014,0.6004799999999999,0.49551999999999996,6.179399999999999,1.9362,24.2202,2.7826,12.2214,1.1126,13.5102,2.5882000000000005,1.6044,8.2436,1.7118,13.5732,9.722,10.7188,1666.02825534555,1954.10217285,2.3998000000000004,1.2596,1.5821800000000001,1.08468,63.067,12.9078,5.918,47.55742,1.26884,0.09512,3.6452,1.1498,-0.1098,10.3986,43.839,1.0055,1.0722,10.1532,1.1722000000000001,51.1514,7.299,16.1596,2.3646,14.5946,3.4706,3.973,17.221200000000003,1.9802,24.1728,24.905,25.808000000000003,1654.7602628912741,2,-402.94799805
2025-01-26_Girona_Rayo Vallecano,2025-01-26,14:00,La Liga,Matchweek 21,Sun,2025,2.0,1.0,Rayo Vallecano,Girona,Home Win,1635.27368164,1,14.0,1.6838,1.8332,1.2937599999999998,1.14512,48.7398,14.8704,4.82,41.81388,1.2937599999999998,0.08711,6.068200000000001,1.37302,-0.28218,12.0344,28.661,1.0621200000000002,0.71192,10.822199999999999,1.5904,36.93899999999999,5.4362,9.574,1.8482,21.367200000000004,4.9068,2.0758,18.636400000000002,2.4546,25.543200000000002,18.284,16.7384,1720.350117724418,1704.09033203,1.0376,0.9954000000000001,0.52856,1.2278,60.0904,7.977,2.4874,36.84278,0.52856,0.08610999999999999,2.1998,0.89928,-0.09611999999999998,14.8838,42.11540000000001,0.27864,0.5752,5.641400000000001,0.9536,48.2086,7.0004,15.671199999999999,0.2442,23.0306,3.7578,1.8774,11.6128,0.7976,13.982800000000001,17.5716,20.403200000000002,1637.54096179329,0,-68.81665038999995
2025-01-26_Athletic Club_Leganes,2025-01-26,18:30,La Liga,Matchweek 21,Sun,2025,0.0,0.0,Athletic Club,Leganes,Draw,1785.67663574,1,18.0,1.9445999999999999,0.558,1.86608,0.86016,44.370000000000005,11.9102,4.8126,40.033739999999995,1.86608,0.155464,2.5734000000000004,0.7883,0.2303,9.3568,31.991,1.44912,1.01666,9.3344,1.7318,39.617599999999996,5.675999999999999,12.830400000000001,0.9958,21.9082,4.4918,3.0452,16.5382,1.0046,21.2944,22.029999999999998,18.605999999999998,1746.9673033448398,1583.08740234,1.356,1.6346,0.8735999999999999,2.02088,38.120599999999996,8.1494,4.1482,52.55984,0.8735999999999999,0.09615399999999999,5.6146,1.96844,0.5118400000000001,27.5814,15.8722,0.59558,0.5197,5.5724,0.8178,21.705000000000002,3.6100000000000003,14.581,1.3579999999999999,10.4144,3.4972,2.534,8.8606,0.8862,12.9192,12.613999999999999,10.594000000000001,1681.601224413758,1,202.5892334
2025-01-26_Barcelona_Valencia,2025-01-26,21:00,La Liga,Matchweek 21,Sun,2025,7.0,1.0,Barcelona,Valencia,Home Win,1888.57373047,1,21.0,1.777,1.442,2.6149199999999997,0.67816,70.41420000000001,20.072400000000002,6.8347999999999995,35.99184,2.50278,0.129336,3.1436,0.78,-0.6619999999999999,5.6934,70.8696,2.2934,2.2717400000000003,16.6206,2.8074,78.46979999999999,15.5852,14.3598,3.3942000000000005,25.0838,8.2322,3.3938,32.7104,1.2222,38.327,39.0826,30.139200000000002,1584.0742326905502,1617.73937988,0.8022,1.178,1.11232,1.1972,51.37820000000001,8.4558,1.4814,20.58466,0.96992,0.143272,3.253,1.0095,-0.16849999999999998,15.520399999999999,31.966400000000004,0.68146,0.58272,6.1964,2.8244000000000002,34.3408,5.5144,17.252200000000002,0.8595999999999999,24.921999999999997,4.5558000000000005,1.1059999999999999,11.724200000000002,1.2376,14.3992,14.3372,15.2798,1608.222824387166,0,270.8343505900002
2025-01-26_Getafe_Real Sociedad,2025-01-26,16:15,La Liga,Matchweek 21,Sun,2025,0.0,3.0,Real Sociedad,Getafe,Away Win,1721.69604492,1,16.0,0.8178,0.3204,1.2077,0.87676,52.5656,10.4958,4.1216,33.30834,1.04946,,2.9168000000000003,0.66552,0.34512,13.809999999999999,27.4048,0.8753599999999999,0.57542,7.4542,0.8188,36.576800000000006,6.176,10.9132,0.3204,19.6098,5.979799999999999,1.24,13.9906,1.0564,18.565,20.2414,17.925,1712.82618088355,1618.52258301,0.6486000000000001,1.1978,0.8048599999999999,1.80646,39.3214,11.035400000000001,2.3824,22.62864,0.6767000000000001,0.060731999999999994,4.3347999999999995,1.52048,0.32267999999999997,12.6028,25.1448,0.5362600000000001,0.5609,8.4708,2.9638000000000004,24.4962,6.4974,13.785800000000002,0.6486000000000001,15.6228,3.6308,1.2972000000000001,14.2022,1.4764,19.1936,17.677799999999998,11.4502,1690.23100798302,2,103.17346191000001
2025-01-27_Alaves_Celta Vigo,2025-01-27,21:00,La Liga,Matchweek 21,Mon,2025,1.0,1.0,Alaves,Celta Vigo,Draw,1621.80078125,1,21.0,0.916,1.1424,1.00876,0.92746,52.8086,11.481399999999999,3.7072,33.64866,1.00876,0.10036999999999999,2.274,1.03648,-0.10592000000000001,12.9114,32.6044,0.7479,0.8381400000000001,8.6114,3.1104000000000003,34.92380000000001,6.5536,15.137799999999999,1.4462,29.0208,6.5232,1.1138,12.0058,2.8326000000000002,18.6906,19.940400000000004,15.8234,1669.0660254397621,1637.57641602,0.7979999999999999,2.1382000000000003,1.4508400000000001,1.04394,57.3316,14.199200000000001,3.5038,29.471100000000003,1.2926000000000002,0.141676,4.5782,1.2992,-0.839,11.1092,40.9596,1.0883,1.0823800000000001,10.6136,2.0906,44.9242,8.0582,15.3014,1.37,15.1428,2.9212000000000002,1.24,20.7698,0.6617999999999999,26.3432,20.8906,21.6204,1621.00202348621,1,-15.775634769999897
2025-01-31_Leganes_Rayo Vallecano,2025-01-31,21:00,La Liga,Matchweek 22,Fri,2025,0.0,1.0,Leganes,Rayo Vallecano,Away Win,1589.52148438,1,21.0,0.844,2.2264,0.71834,2.08398,39.8108,7.0862,2.0484,29.5944,0.43632,0.060003999999999995,5.4441999999999995,1.99004,-0.23636000000000001,15.427399999999999,16.997400000000003,0.3319,0.3932,4.4398,0.9514,21.5058,4.3036,11.335600000000001,0.5778,9.3234,2.0532,1.5278,7.9778,1.4354,12.703600000000002,7.943199999999999,9.9516,1715.3144248037402,1643.56140137,0.8398,0.822,0.9782400000000001,1.3414799999999998,47.141,10.2218,2.3456,24.8959,0.9782400000000001,0.10274599999999999,4.191199999999999,1.0354,0.2134,19.2154,23.509600000000002,0.88466,0.70886,8.1978,0.9536,26.2584,2.5602,10.1664,1.5724,15.7826,4.4088,1.24,12.5204,2.4994,18.206400000000002,15.625399999999999,11.725,1669.7340026866082,2,-54.039916990000165
2025-02-01_Espanyol_Real Madrid,2025-02-01,21:00,La Liga,Matchweek 22,Sat,2025,1.0,0.0,Espanyol,Real Madrid,Home Win,1576.99438477,1,21.0,1.3866,0.822,1.01102,1.43796,40.5398,11.2492,4.0042,36.21972,1.01102,0.095204,3.4072,1.08834,0.26634,14.918,27.7162,0.85634,0.98012,8.254999999999999,3.2706,31.771800000000002,7.9744,13.577399999999999,1.0418,20.082800000000002,4.0042,2.4528,13.6416,1.7546,19.45,16.5606,17.6668,1604.804139622692,1952.79309082,2.4598,1.1336,1.65286,1.01062,63.7046,13.9498,4.9052,39.44933999999999,1.1754799999999999,0.082958,3.7689999999999997,1.0592200000000003,-0.07438000000000003,9.8702,48.51819999999999,0.9084599999999999,0.93964,10.538,1.2992,51.6484,7.957599999999999,14.6344,1.7956,14.5352,4.2562,4.3198,19.4086,1.738,26.320999999999998,21.9754,24.5854,1641.9545657216,0,-375.7987060500002
2025-02-01_Valladolid_Villarreal,2025-02-01,16:15,La Liga,Matchweek 22,Sat,2025,5.0,1.0,Villarreal,Valladolid,Home Win,1739.95288086,1,16.0,2.231,0.9714,1.86592,0.77914,49.1558,14.094999999999999,4.434200000000001,31.695880000000002,1.73776,0.125322,3.2678,1.0141999999999998,0.04279999999999999,16.9726,32.733999999999995,1.41408,1.4555600000000002,11.23,2.1336000000000004,46.8822,10.806799999999999,14.2992,1.8784,22.483999999999998,5.2922,3.5502000000000002,19.1596,2.298,25.388800000000003,27.0728,17.906,1658.5707991461938,1542.79187012,0.442,2.0596,0.77802,1.47052,46.3546,6.8756,2.6068000000000002,51.03262,0.77802,0.09955399999999999,5.0352,1.58518,-0.47441999999999995,16.3686,22.1508,0.72244,0.5696,4.713,1.3518,23.903599999999997,3.5066000000000006,15.4268,1.2024,14.8194,3.199,0.884,9.0502,1.0244,11.8328,9.388,11.7318,1625.407171753998,0,197.16101073999994
2025-02-01_Getafe_Sevilla,2025-02-01,14:00,La Liga,Matchweek 22,Sat,2025,0.0,0.0,Getafe,Sevilla,Draw,1640.2277832,1,14.0,0.7979999999999999,0.6242,0.77534,1.4335,43.666599999999995,12.783000000000001,4.1526,31.21304,0.77534,0.072828,2.7128,0.93422,0.31002,12.941199999999998,25.1438,0.4044,0.50458,7.4838,3.3072,29.8448,6.5672,16.402,1.3257999999999999,23.673,3.0761999999999996,1.3518,13.982,1.5936,20.5888,16.635,10.4174,1689.156354784806,1656.29663086,1.8418,2.0926,1.23474,1.46744,46.5626,9.439,3.5302000000000002,43.7799,1.03938,0.114908,5.1678,1.52364,-0.58498,15.921,26.8048,0.86988,0.73622,7.5904,0.9976,30.571199999999997,4.2398,9.8564,0.8962,11.8082,4.2774,3.4394000000000005,12.8522,1.2024,16.5198,16.026,15.1046,1691.180868603928,1,-16.068847660000074
2025-02-02_Celta Vigo_Valencia,2025-02-02,16:15,La Liga,Matchweek 22,Sun,2025,2.0,1.0,Valencia,Celta Vigo,Home Win,1618.51623535,1,16.0,1.5004,1.3336000000000001,1.4448599999999998,1.47376,47.776799999999994,9.1066,3.674,40.022400000000005,1.28662,0.15395799999999998,3.0836,0.84528,-0.32812,13.545000000000002,26.615399999999998,0.91562,1.02448,7.27,2.5074,32.022,6.2966,15.8796,1.3448,21.046400000000002,4.3278,2.2164,12.301,1.784,17.2598,16.4444,16.89,1728.356689380712,1643.84326172,0.9623999999999999,1.736,1.2004000000000001,0.92862,55.256,11.405,2.921,32.283860000000004,1.058,0.12518200000000002,3.7878,1.0718400000000001,-0.66416,10.465799999999998,39.9306,0.88854,0.93646,8.2662,1.8374,43.6986,6.7314,14.983,1.9656000000000002,16.1376,3.3174,1.3602,15.7324,0.8398,20.904400000000003,17.294400000000003,16.886,1631.304232226276,0,-25.327026370000112
2025-02-02_Osasuna_Real Sociedad,2025-02-02,18:30,La Liga,Matchweek 22,Sun,2025,2.0,1.0,Osasuna,Real Sociedad,Home Win,1655.60205078,1,18.0,1.3758,1.4354,1.21372,1.1933,51.3636,10.9918,3.8110000000000004,41.388760000000005,0.9752000000000001,0.089026,4.811,1.4149,-0.020500000000000004,11.766399999999999,28.1968,0.7804200000000001,1.20008,7.3578,4.5702,42.13,9.460999999999999,14.793800000000001,0.8742,24.0098,5.0482000000000005,2.7516,13.782200000000003,2.211,18.5578,24.5656,17.0004,1673.2294338622198,1709.67675781,0.9138000000000001,0.8617999999999999,0.93062,1.22254,54.791399999999996,9.053,2.4398,24.83934,0.8024600000000001,0.083938,3.1346,1.06704,0.20523999999999998,10.963999999999999,24.7356,0.64788,0.91252,6.314,1.4374,37.5446,5.718,15.4718,0.7778,19.7682,5.9952000000000005,1.6298,11.2554,2.2,15.617600000000001,18.3724,14.471800000000002,1644.7511585671339,0,-54.07470703000013
2025-02-02_Alaves_Barcelona,2025-02-02,14:00,La Liga,Matchweek 22,Sun,2025,1.0,0.0,Barcelona,Alaves,Home Win,1895.48242188,1,14.0,2.5878,1.3978,2.8799799999999998,0.83246,71.0492,20.5534,7.683999999999999,38.8353,2.8799799999999998,0.144614,3.1734,0.782,-0.6157999999999999,7.722,66.45179999999999,2.6027,2.22454,17.5794,2.8708,72.6152,17.3686,14.8122,3.2664,24.951999999999998,10.1068,4.443,32.439,1.4442,38.6382,39.3066,28.7362,1581.63655717657,1625.39233398,1.7458,1.916,1.2154200000000002,1.3329400000000002,39.902,7.3142,2.4904,31.83066,0.70182,0.09625,4.6348,1.60426,-0.31173999999999996,19.593400000000003,23.081,0.51742,0.5772,4.2504,1.8262,27.553399999999996,3.529,16.2332,0.8351999999999999,14.780999999999999,2.5256000000000003,3.0938,9.1684,2.1234,13.679199999999998,12.1372,8.5582,1649.615918601562,0,270.09008789999984
2025-02-02_Athletic Club_Betis,2025-02-02,21:00,La Liga,Matchweek 22,Sun,2025,2.0,2.0,Betis,Athletic Club,Draw,1664.27954102,1,21.0,1.3758,1.7040000000000002,1.7860400000000003,1.2336399999999998,48.5118,13.9694,3.7074,28.58118,1.47174,0.107668,3.5302000000000002,1.11216,-0.5918399999999999,14.3782,27.079,1.1976,0.88852,12.036800000000001,3.4457999999999998,36.0616,8.643,15.919,1.9036,17.1324,3.6108,2.4312,19.268800000000002,1.3538,25.4348,24.7596,16.8292,1669.894985007868,1788.00463867,1.642,1.0,1.15862,0.58814,49.6664,12.9158,5.0254,39.70762,1.15862,0.08924599999999999,2.6896000000000004,0.91118,-0.08881999999999998,12.546199999999999,32.0762,0.95354,0.9948000000000001,10.718,2.8108,42.611,7.392799999999999,15.976399999999998,0.9578,17.4342,4.4744,2.8444,19.4052,1.8962,23.701200000000004,18.093,19.5412,1621.6271257822261,1,-123.72509765000018
2025-02-03_Girona_Las Palmas,2025-02-03,21:00,La Liga,Matchweek 22,Mon,2025,2.0,1.0,Girona,Las Palmas,Home Win,1697.19689941,1,21.0,2.2564,1.7404000000000002,1.8162200000000002,0.9660200000000001,60.3464,13.121599999999999,4.997599999999999,41.679480000000005,1.68806,0.130714,4.0486,1.2509400000000002,-0.48946,8.9308,39.941,1.52188,1.48548,10.524000000000001,2.1024000000000003,47.559799999999996,10.885200000000001,13.3016,1.0638,21.717399999999998,6.903600000000001,3.4742,19.305600000000002,0.8862,23.949399999999997,29.6482,25.8998,1656.8705656247182,1601.49389648,1.1738,1.673,0.78312,2.8210200000000003,37.5244,6.5506,2.4354,48.1986,0.78312,0.112122,7.1848,2.16368,0.6686799999999999,18.2498,16.833399999999997,0.65542,0.5184,4.9396,0.7516,19.1704,3.6095999999999995,15.104199999999999,1.1362,7.1402,2.6794,1.8136,7.7822,0.5758,9.7956,11.3546,8.055,1782.0793208979098,0,95.70300292999991
2025-02-07_Rayo Vallecano_Valladolid,2025-02-07,21:00,La Liga,Matchweek 23,Fri,2025,1.0,0.0,Rayo Vallecano,Valladolid,Home Win,1657.08740234,1,21.0,1.8596,1.8940000000000001,1.4765000000000001,1.14506,50.4314,15.3718,5.470599999999999,43.84332,1.4765000000000001,0.09384200000000001,5.673,1.46664,-0.26716000000000006,10.721600000000002,32.4346,1.2968600000000001,1.00936,11.9168,2.464,40.784800000000004,6.957800000000001,8.895800000000001,1.7633999999999999,21.6424,4.5278,2.8449999999999998,19.7496,2.0208,26.0332,20.5092,16.976399999999998,1731.6213731191438,1542.63562012,0.642,2.9304,0.79348,1.86092,45.843199999999996,7.1324,2.402,45.847319999999996,0.79348,0.102366,5.908399999999999,1.9173399999999998,-1.0130599999999998,14.3782,20.5266,0.73346,0.62032,4.6418,1.705,22.3604,3.9886,13.442200000000001,0.938,15.526,4.056,1.284,9.189599999999999,1.2662,12.726600000000001,10.170200000000001,13.2122,1647.9226753673702,0,114.45178221999981
2025-02-08_Las Palmas_Villarreal,2025-02-08,17:30,La Liga,Matchweek 23,Sat,2025,1.0,2.0,Las Palmas,Villarreal,Away Win,1597.32910156,1,17.0,1.3381999999999998,1.3424,1.04716,1.5189000000000001,57.672399999999996,13.003,4.832,36.625460000000004,0.7651399999999999,0.06141,2.8684,1.36204,0.01963999999999999,13.280800000000001,34.595,0.46732,0.52288,8.303799999999999,1.3746,34.4112,7.1946,15.131200000000002,1.3712,16.3844,3.4264,2.0940000000000003,17.6016,1.6141999999999999,24.6744,16.8442,15.2528,1607.009276317238,1749.9675293,1.5536,1.536,1.9966400000000002,1.20214,52.1184,13.264800000000001,3.6228,24.01078,1.3566399999999998,0.105214,4.399,1.43556,0.04195999999999997,10.852599999999999,29.346999999999998,1.13642,1.34944,10.137799999999999,3.7558000000000002,37.909,11.230999999999998,13.7512,1.096,20.1266,5.808400000000001,2.7492,19.215,2.3668,25.8014,28.362,15.544599999999999,1660.0176072741579,2,-152.63842774
2025-02-08_Athletic Club_Girona,2025-02-08,16:15,La Liga,Matchweek 23,Sat,2025,3.0,0.0,Athletic Club,Girona,Home Win,1786.33154297,1,16.0,1.1734,0.358,2.00482,0.9894799999999999,48.4638,16.359,4.1988,29.894160000000003,2.00482,0.138264,2.5159999999999996,0.8183,0.46030000000000004,7.8676,40.2506,1.5807400000000003,1.19476,13.352400000000001,3.1238,45.528400000000005,7.4178,10.428800000000003,1.3846,28.1666,7.2288,1.7314,23.4662,1.981,29.8562,26.610799999999998,24.994600000000002,1729.646092356864,1701.36169434,1.178,1.24,0.63338,1.5613,56.362199999999994,8.9558,3.027,37.93448,0.63338,0.085502,3.2565999999999997,1.047,-0.31509999999999994,17.5704,40.8906,0.34402,0.64534,6.453799999999999,1.4466,48.9284,7.777,16.525199999999998,0.2198,20.2408,2.9052,2.178,13.693,0.5736,15.9376,17.5582,18.809,1648.0419169438342,0,84.96984863000012
2025-02-08_Betis_Celta Vigo,2025-02-08,14:00,La Liga,Matchweek 23,Sat,2025,3.0,2.0,Celta Vigo,Betis,Home Win,1636.8458252,1,14.0,1.5956,0.8444,1.35966,1.06424,49.958800000000004,9.796,4.6764,44.6528,1.35966,0.14798,3.5086000000000004,0.9657399999999999,0.12134,14.4308,28.955,1.06702,0.9219200000000001,7.051,1.1118000000000001,32.15259999999999,5.2936000000000005,11.154399999999999,1.5778,11.2,3.0952,2.947,12.581599999999998,0.4222,15.467000000000002,18.314600000000002,16.1302,1752.1334902846081,1665.95275879,0.9601999999999999,1.4144,0.6892400000000001,1.26648,51.7956,9.376199999999999,3.0198000000000005,33.7366,0.6892400000000001,0.07854,2.5248,1.25256,0.01615999999999998,14.7682,26.414,0.60526,0.78064,7.0104,1.4396,35.7524,6.4475999999999996,19.665399999999998,1.2964,17.248399999999997,5.077,1.4022000000000001,10.911800000000001,1.3602,16.4908,18.7454,15.031600000000001,1654.763576514946,0,-29.106933589999926
2025-02-09_Alaves_Getafe,2025-02-09,14:00,La Liga,Matchweek 23,Sun,2025,0.0,1.0,Alaves,Getafe,Away Win,1623.71350098,1,14.0,0.7802,0.8398,1.05556,0.51308,50.553000000000004,9.3796,2.7596,24.51518,0.8846200000000001,0.102658,1.9582,0.68004,-0.15976,13.497000000000002,26.974400000000003,0.63986,0.71224,6.985,2.3668,29.294,5.133,14.7796,1.2573999999999999,26.308999999999997,5.8824,0.9581999999999999,9.7516,2.6492000000000004,15.1468,17.06,14.4642,1678.65795666607,1643.85351562,1.1722000000000001,0.9338,0.79232,1.71576,39.7894,10.2228,2.6884,25.7239,0.79232,0.07286999999999999,4.3014,1.3719200000000003,0.43812,13.0308,29.025600000000004,0.5970799999999999,0.5215799999999999,7.5146,2.8792,25.079,5.971,12.498,0.4396,14.9398,3.0352,1.8559999999999999,12.5962,1.6288,16.7234,17.7338,10.372599999999998,1690.9873840081261,2,-20.140014640000118
2025-02-09_Barcelona_Sevilla,2025-02-09,21:00,La Liga,Matchweek 23,Sun,2025,1.0,4.0,Sevilla,Barcelona,Away Win,1662.52929688,1,21.0,1.0,0.642,0.94902,0.81492,58.7236,14.8826,4.0398,30.4401,0.94902,0.07242600000000002,1.5538,0.5839,-0.058099999999999964,8.9376,40.125600000000006,0.82018,0.6405000000000001,12.073799999999999,1.8668,35.5724,6.17,13.075800000000001,1.2,19.380000000000003,6.183999999999999,2.0,18.846600000000002,2.7256,26.088,20.148600000000002,18.2516,1618.42672724606,1897.16137695,2.0288,1.3978,2.40082,1.94226,65.657,14.2288,4.1748,29.36188,2.24258,0.166168,4.6588,1.67966,0.28186,11.219400000000002,42.643,1.68244,1.5301399999999998,9.264199999999999,1.5082,55.496399999999994,10.6412,15.9646,3.1957999999999998,17.910400000000003,5.449400000000001,3.2398000000000002,18.48,1.2562,24.056800000000003,29.5644,20.8784,1651.5961521972818,2,-234.63208007000003
2025-02-09_Leganes_Valencia,2025-02-09,16:15,La Liga,Matchweek 23,Sun,2025,2.0,0.0,Valencia,Leganes,Home Win,1625.51379395,1,16.0,1.262,1.156,1.4748,1.23656,47.3104,8.5634,3.8066,44.72122,1.3324,0.169658,2.831,0.7142000000000001,-0.4418,12.4138,27.1746,1.05618,1.03646,7.243,2.4566,32.7284,7.0436,15.7592,0.7778,19.7532,4.8276,2.1064,13.291800000000002,1.3172000000000001,16.845399999999998,18.1096,17.2334,1713.5191672855321,1585.85400391,1.0762,1.0386,0.9872000000000001,1.6971600000000002,36.788000000000004,7.8346,3.9334,51.303180000000005,0.9872000000000001,0.128168,4.6322,1.4234399999999998,0.54504,31.9068,14.2758,0.67812,0.55098,5.170999999999999,0.9802,21.3348,3.8374,13.446200000000001,1.4222,10.3172,3.1032,1.9922,8.4304,0.7976,12.283199999999999,11.176000000000002,8.969399999999998,1723.572385375754,0,39.65979003999996
2025-02-09_Espanyol_Real Sociedad,2025-02-09,18:30,La Liga,Matchweek 23,Sun,2025,2.0,1.0,Real Sociedad,Espanyol,Home Win,1701.74841309,1,18.0,0.736,0.7326,1.076,0.98678,50.31399999999999,9.8812,3.3886000000000003,30.6652,0.9336,,3.0252,0.69574,-0.036860000000000004,14.3502,21.5064,0.7525,0.42928,6.8438,0.6486000000000001,31.5844,5.505000000000001,12.098600000000001,0.0,16.2768,4.5842,1.116,12.217200000000002,1.0066,16.6458,18.2548,15.369800000000001,1699.397700879,1597.00305176,0.5824,1.8544,0.69644,1.4813399999999999,35.370000000000005,8.4276,1.5402,17.93508,0.69644,0.08781,5.1548,1.48808,-0.36632,15.7564,15.9602,0.44538,0.47802,5.365600000000001,2.4300000000000006,24.9612,4.9110000000000005,11.0126,0.8022,14.6662,2.6122,0.9206,9.842,1.7624,15.0774,14.830000000000002,11.866,1693.5584138682939,0,104.74536132999992
2025-02-10_Mallorca_Osasuna,2025-02-10,21:00,La Liga,Matchweek 23,Mon,2025,1.0,1.0,Mallorca,Osasuna,Draw,1639.72314453,1,21.0,0.9934,1.7912,0.9245,1.59004,43.8996,10.537,2.705,25.484319999999997,0.9245,0.10152,3.2310000000000003,1.6963599999999999,-0.09483999999999998,14.2256,28.1088,0.64796,0.69602,6.4,3.2452,33.6678,6.6584,14.802999999999999,2.2498000000000005,16.976399999999998,3.4674,1.5472,13.307400000000001,1.6110000000000002,18.359199999999998,18.651600000000002,13.187199999999999,1698.776587061966,1663.53039551,0.4222,1.2828,0.9008200000000001,1.5322200000000001,45.9626,7.9792000000000005,1.7306,17.41186,0.9008200000000001,0.08678,5.5733999999999995,1.5947199999999997,0.31192,13.6596,23.2764,0.7007,0.56928,5.8,2.0618,28.608399999999996,5.0496,13.8958,1.2972000000000001,18.466,1.9382000000000001,0.6002,10.1042,0.442,13.148399999999999,14.652000000000001,17.294,1655.593622409826,1,-23.807250980000163
2025-02-14_Getafe_Girona,2025-02-14,21:00,La Liga,Matchweek 24,Fri,2025,1.0,2.0,Girona,Getafe,Away Win,1696.1619873,1,21.0,1.9424,1.378,1.8346,1.17808,58.00240000000001,12.4766,4.509399999999999,39.0307,1.63924,0.13297,3.4112,1.15938,-0.21862000000000004,8.7054,38.5696,1.47968,1.46134,9.8388,1.6596,45.5498,10.5082,13.227599999999999,1.0574000000000001,22.5224,8.0342,3.5267999999999997,17.5652,2.507,23.465600000000002,29.1714,23.887999999999998,1656.35699929058,1655.72668457,1.2992,0.6962,0.86078,1.61208,38.157,8.491200000000001,2.6196,36.55588,0.66542,0.061815999999999996,4.4154,1.10168,0.40547999999999995,18.0882,24.4394,0.4797,0.44616,5.853800000000001,2.8472,22.240800000000004,5.053,13.4808,0.3956,14.9576,3.1758,1.9145999999999999,10.338799999999999,1.4218,13.6766,15.4628,9.0142,1683.263400537352,2,40.435302729999876
2025-02-15_Valencia_Villarreal,2025-02-15,21:00,La Liga,Matchweek 24,Sat,2025,1.0,1.0,Villarreal,Valencia,Draw,1757.98034668,1,21.0,2.7964,1.1184,2.3177399999999997,0.7512,48.0982,16.3274,5.656,35.0073,2.3177399999999997,0.14321,2.9968,0.82622,-0.29218,16.9196,35.967,1.88434,1.6142,12.6164,1.7318,50.200599999999994,12.3798,13.4042,1.6021999999999998,20.049000000000003,4.4862,4.9164,23.3718,2.0798,30.222199999999997,29.1516,19.3572,1636.4319455337559,1635.81079102,0.822,2.6254,1.26642,1.8347200000000001,48.1302,9.030800000000001,1.6774,18.301000000000002,1.13826,0.135088,5.0372,1.9776799999999999,-0.40352,12.7174,34.1642,0.95516,0.72978,6.7974,2.7860000000000005,37.0894,5.7952,14.1642,0.7736,26.203000000000003,4.7884,1.4838,12.993000000000002,1.1138,15.7446,15.9008,14.1958,1675.3018105212082,1,122.16955566000001
2025-02-15_Osasuna_Real Madrid,2025-02-15,16:15,La Liga,Matchweek 24,Sat,2025,1.0,1.0,Osasuna,Real Madrid,Draw,1667.09484863,1,16.0,1.5823999999999998,1.536,0.94606,1.5335,48.4408,9.8392,3.974,43.85922,0.8179,0.08179600000000001,4.6297999999999995,1.4554600000000002,-0.08054,12.8226,27.7326,0.5837600000000001,0.79962,5.636,4.4132,37.2122,8.55,13.637600000000003,0.7426,22.4878,4.2665999999999995,2.9206,11.397,1.6574,15.2742,19.2838,14.7702,1698.5256512441597,1955.52111816,2.0696000000000003,0.976,1.5599000000000003,0.72324,66.8088,16.385199999999998,5.5472,37.23344,1.2456,0.074894,3.4478,0.86906,-0.10693999999999998,7.6530000000000005,53.904399999999995,0.9896999999999999,1.1987,12.1378,1.1692,61.03960000000001,11.0806,12.640600000000001,1.4718000000000002,17.7444,5.4958,3.7436000000000003,22.086599999999997,1.8641999999999999,29.9846,28.3152,29.5874,1608.6587062252079,1,-288.4262695300001
2025-02-15_Alaves_Leganes,2025-02-15,14:00,La Liga,Matchweek 24,Sat,2025,3.0,3.0,Leganes,Alaves,Draw,1580.26196289,1,14.0,0.6154,2.2478000000000002,0.70766,2.32626,37.931599999999996,6.345,1.411,20.44894,0.39826,0.058002,5.343799999999999,2.09396,-0.15384000000000003,16.9944,16.541800000000002,0.3187,0.37386,4.3957999999999995,0.9561999999999999,19.6574,4.029,13.1554,0.3758,9.5794,2.3362,1.2308,6.859,1.7802,11.7564,7.1162,8.203,1706.2788406735722,1616.54541016,1.5712,1.536,1.04618,1.2275200000000002,38.0026,6.0176,1.8088,23.846,0.58394,0.085296,4.7154,1.47728,-0.05871999999999999,17.7242,21.364,0.44682,0.5006200000000001,3.4486,1.6994,25.500799999999998,2.8994000000000004,14.312,0.7516,14.3264,2.4730000000000003,2.7843999999999998,6.677199999999999,2.011,10.692600000000002,10.326,8.4026,1696.3092456783543,1,-36.283447270000124
2025-02-16_Athletic Club_Espanyol,2025-02-16,14:00,La Liga,Matchweek 24,Sun,2025,1.0,1.0,Espanyol,Athletic Club,Draw,1595.16235352,1,14.0,1.0596,0.5956,0.85338,1.38088,39.173399999999994,10.0474,3.3712,34.34874,0.85338,0.08347199999999999,4.4874,1.04064,0.44504,15.903000000000002,27.276600000000002,0.74742,0.85882,7.3968,2.7992,30.1496,7.1324000000000005,12.186800000000002,1.2818,19.706599999999998,3.5594,2.1192,12.6446,1.435,17.439600000000002,14.4948,18.0766,1684.5491947741161,1796.23620605,1.822,1.2442,1.21162,0.71142,46.6602,12.1034,5.3554,43.01724,1.21162,0.099532,3.4532000000000003,1.14984,-0.09436,13.179799999999998,28.208399999999997,0.80728,0.80556,9.437000000000001,1.8088,38.1686,6.7208000000000006,15.5346,0.8178,17.270000000000003,5.0154,3.0042000000000004,17.723,1.7624,21.701,18.6722,16.968600000000002,1642.238294849994,1,-201.07385253000007
2025-02-16_Betis_Real Sociedad,2025-02-16,21:00,La Liga,Matchweek 24,Sun,2025,3.0,0.0,Betis,Real Sociedad,Home Win,1661.1817627,1,21.0,1.5823999999999998,2.022,1.6020200000000002,1.38004,50.5468,11.5538,4.3692,38.57204,1.31918,0.11466599999999999,3.7214,1.29956,-0.72244,14.5964,27.591800000000003,1.0124600000000001,0.8064,10.435400000000001,3.157,34.6576,8.1902,18.9784,1.8132,17.3632,3.5496000000000003,2.9206,15.9022,1.0742,21.0306,22.9858,14.716000000000001,1713.605760105842,1708.29418945,0.7782,1.264,1.12408,1.1126200000000002,57.9638,10.1686,2.6399999999999997,24.39164,1.12408,0.104522,3.7978,1.18008,-0.08392000000000002,11.0676,26.316200000000002,0.96054,1.1499,7.359399999999999,2.1262,42.0188,9.109200000000001,15.7452,1.5326,22.1218,5.319,1.3783999999999998,13.3276,1.9358000000000002,17.6094,24.428600000000003,15.4016,1643.928169040862,0,-47.11242674999994
2025-02-16_Las Palmas_Mallorca,2025-02-16,18:30,La Liga,Matchweek 24,Sun,2025,3.0,1.0,Mallorca,Las Palmas,Home Win,1640.86376953,1,18.0,1.1382,1.7119999999999997,1.06298,1.6863,43.1008,9.806799999999999,1.9578,20.095119999999998,0.8676200000000001,0.096364,3.5961999999999996,1.5978,-0.11420000000000001,19.163400000000003,23.584600000000002,0.5599000000000001,0.682,5.9276,1.9114000000000002,32.0388,6.4602,13.357600000000001,2.1806,17.0464,3.8207999999999998,1.8808,12.2558,1.75,17.3586,18.009999999999998,12.492,1709.2017784691939,1594.02124023,1.3006,1.7058,1.0711,2.79668,40.5142,8.1932,2.536,33.843540000000004,1.0711,0.131772,7.0106,2.2595199999999998,0.71392,19.0456,21.7786,0.95618,0.7207600000000001,6.4992,1.1648,21.1072,4.7138,15.9706,1.1226,8.691400000000002,2.9998,2.1206,10.6228,0.7624,12.678999999999998,14.426000000000002,7.260999999999999,1792.400525389744,0,46.842529299999796
2025-02-16_Sevilla_Valladolid,2025-02-16,16:15,La Liga,Matchweek 24,Sun,2025,0.0,4.0,Valladolid,Sevilla,Away Win,1541.01428223,1,16.0,0.5778,1.7828,0.6342,1.7047399999999997,37.0302,7.0616,1.5646,29.831999999999997,0.6342,0.11317000000000002,3.5961999999999996,1.62174,-0.16106000000000004,20.7184,16.5402,0.5748599999999999,0.5004,6.0616,1.4542000000000002,22.212,2.3160000000000003,12.6876,0.8572,11.673,1.9968,1.1556,8.0754,1.7406,13.127799999999999,9.2616,11.7798,1726.15469494426,1658.13867188,1.3692,1.8832,1.2157200000000001,1.39182,47.1182,10.8046,2.7446,32.191379999999995,1.0398800000000001,0.101766,4.7508,1.4544799999999998,-0.4287200000000001,12.645199999999999,25.5914,0.8429,0.60608,7.7198,0.9978,29.669800000000002,4.36,9.8382,1.0066,13.0368,4.7822000000000005,2.5186,13.8322,1.4264,18.7984,15.5354,13.529200000000001,1694.185704466976,2,-117.12438965000001
2025-02-17_Barcelona_Rayo Vallecano,2025-02-17,21:00,La Liga,Matchweek 24,Mon,2025,1.0,0.0,Barcelona,Rayo Vallecano,Home Win,1906.25683594,1,21.0,2.1408,1.1138,2.5766400000000003,0.64388,69.83500000000001,19.165399999999998,6.5948,34.56984,2.5766400000000003,0.133386,2.4234,0.6028600000000001,-0.51094,8.0942,62.1864,2.1805600000000003,1.87018,15.9004,2.8278000000000003,67.7448,14.978,18.017400000000002,2.9956,23.912,9.0194,3.378,29.4412,1.1556,35.6648,35.401,26.852800000000002,1593.0692915749423,1663.41369629,1.0,0.5956,1.30228,1.2684600000000001,51.7666,12.5414,2.6994,24.664,1.30228,0.11224,3.5835999999999997,0.9197200000000001,0.32411999999999996,16.840600000000002,28.4308,1.0027,0.89774,9.198799999999999,1.2024,33.2258,4.3576,9.2288,2.1478,18.1902,5.733,1.3602,14.2216,2.8378,21.4042,19.8464,15.592,1654.020328200238,0,242.84313965
2025-02-21_Celta Vigo_Osasuna,2025-02-21,21:00,La Liga,Matchweek 25,Fri,2025,1.0,0.0,Celta Vigo,Osasuna,Home Win,1657.6809082,1,21.0,2.0244,1.2484,1.48696,1.2032,50.175,10.793,5.2412,46.336859999999994,1.48696,0.14486,4.0904,1.3143,0.06589999999999993,14.0108,33.011399999999995,1.19916,0.88646,7.978400000000001,0.8564,41.173,7.2178,11.338799999999999,1.6199999999999999,12.8778,3.7623999999999995,3.8290000000000006,14.0442,0.8684000000000001,17.5736,21.99,17.2262,1750.7128895282658,1677.2734375,0.6242,0.822,1.13824,1.24946,49.9382,11.5328,2.5343999999999998,20.823460000000004,1.13824,0.09575600000000001,4.351,1.1259400000000002,0.30394,14.6586,25.334400000000002,0.82602,0.74214,8.494599999999998,2.6882,33.852199999999996,7.1866,13.5062,0.8792,24.1684,3.9979999999999998,0.7844,14.766200000000001,1.1304,19.3156,18.826800000000002,17.3088,1607.915032712078,0,-19.592529300000024
2025-02-22_Barcelona_Las Palmas,2025-02-22,20:00,La Liga,Matchweek 25,Sat,2025,0.0,2.0,Las Palmas,Barcelona,Away Win,1594.99963379,1,20.0,1.1602000000000001,1.264,1.11128,1.3417000000000001,56.784000000000006,14.7122,5.0371999999999995,35.62596,0.97282,0.068036,3.1258,1.29378,0.02978000000000003,11.254999999999999,34.303,0.61152,0.62828,10.127,2.2256,37.268,8.2078,15.4622,1.0898,18.6672,3.9722,1.9404,19.695,1.9411999999999998,27.825799999999997,19.0252,17.8136,1637.337278344976,1916.95690918,2.8026,1.3579999999999999,2.5237,1.63056,63.794,13.6618,5.2224,41.07666,2.3813,0.18729200000000001,4.3046,1.5928200000000001,0.23482000000000003,12.4624,45.1656,1.78392,1.6048200000000001,9.2378,1.4574,54.44760000000001,11.1982,15.6354,2.832,16.1778,5.5046,4.869199999999999,19.5858,0.5538,23.651400000000002,28.3198,19.4932,1645.777986329676,2,-321.95727538999995
2025-02-22_Alaves_Espanyol,2025-02-22,14:00,La Liga,Matchweek 25,Sat,2025,0.0,1.0,Alaves,Espanyol,Away Win,1626.10266113,1,14.0,0.558,1.0,1.13326,0.60944,54.016600000000004,9.4974,3.0278,26.8636,0.9794,0.108716,2.2066,0.93506,-0.06493999999999998,13.5914,26.488400000000002,0.76796,0.8719400000000002,7.086399999999999,3.451,32.6832,6.829000000000001,15.29,1.3758,29.3966,6.2383999999999995,0.7182,11.4856,2.496,16.2204,20.3844,14.7618,1673.307943530566,1607.64978027,0.6242,1.7247999999999999,0.7168,1.48882,36.1856,6.875399999999999,0.9536,11.81584,0.52144,0.073378,4.0742,1.29302,-0.43178,17.4346,15.375200000000001,0.32432,0.38254,4.408,1.6102,22.743000000000002,3.9430000000000005,10.1904,0.5778,11.912999999999998,1.6300000000000001,0.7844,8.2482,1.1536,12.4392,12.316400000000002,11.1584,1661.7124495375801,2,18.452880859999823
2025-02-22_Rayo Vallecano_Villarreal,2025-02-22,16:15,La Liga,Matchweek 25,Sat,2025,0.0,1.0,Rayo Vallecano,Villarreal,Away Win,1670.1640625,1,16.0,1.7736,1.272,1.54448,0.9696,53.00999999999999,13.816400000000002,5.2794,43.02528000000001,1.54448,0.103668,5.4056,1.25902,-0.012980000000000005,10.737599999999999,31.284999999999997,1.37164,1.0929,10.9278,2.7178,36.6374,7.4182,9.8948,1.0662,19.6276,3.3216,3.0488,18.5566,0.9536,23.6584,19.628800000000002,18.7442,1708.9591176518538,1761.77978516,1.5981999999999998,1.3381999999999998,1.65626,1.27962,49.1434,11.972999999999999,3.372,26.683439999999997,1.1956200000000001,0.10181000000000001,4.5034,1.25224,0.042200000000000015,14.663,23.975,0.97302,1.10148,9.3472,3.0476,31.1272,8.145,13.719999999999999,0.7979999999999999,16.951,5.295,3.0183999999999997,18.028,1.5534,23.1464,23.6092,15.7902,1644.7901673814079,2,-91.61572266000007
2025-02-23_Athletic Club_Valladolid,2025-02-23,14:00,La Liga,Matchweek 25,Sun,2025,7.0,1.0,Athletic Club,Valladolid,Home Win,1801.19921875,1,14.0,1.6444,0.178,2.10672,0.78516,47.3972,17.6446,4.3347999999999995,27.8783,1.91136,0.12013400000000002,1.9317999999999997,0.5446,0.36660000000000004,7.6366,40.0588,1.51854,1.29534,13.806000000000001,3.4558,42.7902,7.8764,11.1626,1.4462,30.236600000000003,8.3272,2.4908,22.3994,2.7156000000000002,31.2926,30.3692,23.2306,1728.27992673346,1536.26574707,0.5778,2.5932000000000004,0.6532,2.14998,42.6284,7.5076,2.4618,43.208859999999994,0.6532,0.076944,5.8176000000000005,1.78118,-0.81202,14.3194,19.7412,0.55034,0.51178,5.066,1.6904,20.370600000000003,3.9456,12.088600000000001,0.8,14.352599999999999,3.8504,1.1556,9.459,1.9722,13.9192,9.188200000000002,11.9142,1657.280577514956,0,264.9334716799999
2025-02-23_Girona_Real Madrid,2025-02-23,16:15,La Liga,Matchweek 25,Sun,2025,2.0,0.0,Real Madrid,Girona,Home Win,1967.25695801,1,16.0,2.9114000000000004,0.8595999999999999,3.1493599999999997,0.97024,62.90560000000001,19.296,8.035599999999999,40.325140000000005,2.83112,0.1518,2.0090000000000003,0.6901,-0.1695,7.9754000000000005,50.160399999999996,2.6140200000000005,1.93866,16.3924,0.8351999999999999,51.852799999999995,10.269599999999999,16.3508,3.1668000000000003,15.255600000000001,7.0626,5.4184,28.2848,2.0506,37.011,34.388400000000004,26.166800000000002,1616.566239526168,1693.91149902,0.916,1.8486000000000002,0.56562,2.19778,56.513799999999996,8.3602,2.6802,32.656099999999995,0.56562,0.073182,4.8846,1.9191,-0.03939999999999996,17.737000000000002,38.0236,0.28078000000000003,0.54754,5.62,1.1578,47.932,6.910800000000001,12.689000000000002,0.442,19.4484,2.8146,1.6718,12.823599999999999,0.5162,14.9438,16.6462,18.648600000000002,1687.952453663022,0,273.34545899
2025-02-23_Betis_Getafe,2025-02-23,18:30,La Liga,Matchweek 25,Sun,2025,1.0,2.0,Getafe,Betis,Away Win,1675.42749023,1,18.0,0.7182,0.41759999999999997,0.8554999999999999,1.48108,43.51100000000001,12.0602,3.9814000000000003,31.583240000000004,0.8554999999999999,0.0882,2.1532,0.78314,0.36554000000000003,13.656600000000001,24.875799999999998,0.42838,0.44528,7.3794,3.0322,28.5064,6.5546,16.1616,1.1932,20.610200000000003,3.5128000000000004,1.2166000000000001,13.339199999999998,1.6784,19.1968,15.4506,9.687000000000001,1677.154277392686,1691.84350586,1.0642,1.4288,0.7503200000000001,1.46076,50.10680000000001,10.3594,3.5061999999999998,34.36028,0.7503200000000001,0.071594,3.0166000000000004,1.37732,0.10871999999999997,14.0028,25.2074,0.65032,0.74374,7.986000000000001,2.3724,35.1888,7.1912,18.8544,0.8784000000000001,18.6326,5.7018,1.462,12.774,1.4242,18.4834,22.0776,15.360799999999998,1655.8113473407982,2,-16.416015629999947
2025-02-23_Leganes_Real Sociedad,2025-02-23,21:00,La Liga,Matchweek 25,Sun,2025,3.0,0.0,Real Sociedad,Leganes,Home Win,1714.44189453,1,21.0,1.0066,0.9036,1.0951600000000001,1.00694,57.4174,10.049,2.9172000000000002,27.05346,0.9670000000000001,,2.9668,0.82152,-0.08207999999999993,10.908,27.9812,0.69634,0.46077999999999997,6.2828,1.1722000000000001,36.730999999999995,6.3313999999999995,13.986600000000001,0.0,20.777,4.5816,1.6928,13.6724,1.1059999999999999,18.014,18.0968,20.160800000000002,1641.258042749552,1588.1550293,0.536,0.8464,0.9528800000000001,1.70304,40.151399999999995,8.827800000000002,3.7958000000000003,45.29208,0.9528800000000001,0.11791,4.2806,1.4954999999999998,0.6491,30.660400000000003,18.9114,0.66472,0.58472,6.130599999999999,0.738,26.9972,4.7303999999999995,12.6806,1.6242,10.1972,3.3812,1.072,8.6314,1.3062,14.252400000000002,10.625600000000002,8.9282,1699.2569384045798,0,126.28686522999988
2025-02-24_Mallorca_Sevilla,2025-02-24,21:00,La Liga,Matchweek 25,Mon,2025,1.0,1.0,Sevilla,Mallorca,Draw,1680.33752441,1,21.0,1.0,1.5546,0.86646,1.08204,54.977199999999996,13.761999999999999,4.18,35.66888,0.86646,0.072742,2.7194000000000003,1.19484,-0.35975999999999997,10.2088,39.2456,0.7404999999999999,0.77298,11.0782,2.1686,35.6484,6.0532,11.0264,1.4242,18.898,5.633,2.0,17.818,2.4088000000000003,24.447,18.136400000000002,16.2174,1688.051783592416,1657.33569336,0.6784,2.044,1.10168,1.35566,48.2526,9.0464,2.0742000000000003,23.03192,0.9434400000000001,0.10943800000000001,5.1192,1.44196,-0.60204,15.9686,22.5792,0.8055599999999999,0.68412,6.806799999999999,2.811,31.529200000000003,5.8672,12.004399999999999,0.978,18.539,3.0904,1.1966,10.8014,2.178,16.1606,13.621,15.164200000000001,1626.2735791501982,1,23.001831049999964
2025-02-28_Las Palmas_Valladolid,2025-02-28,21:00,La Liga,Matchweek 26,Fri,2025,1.0,1.0,Valladolid,Las Palmas,Draw,1531.75939941,1,21.0,0.3758,2.4372,0.60634,1.6298800000000002,41.1226,7.1996,1.2198,23.13136,0.60634,0.104522,4.5576,2.01358,-0.42361999999999994,18.0156,19.349,0.52852,0.53478,6.1996,2.0972,24.1768,3.6054,11.698,1.0156,12.206,1.8088000000000002,0.7516,8.6004,2.0108,13.4034,10.6006,10.8694,1704.87639023386,1591.38928223,0.9822,2.1236,1.00074,2.5860200000000004,43.726,7.985600000000001,2.8266,37.36462,1.00074,0.126152,6.6652000000000005,2.41214,0.28854,17.9436,25.6966,0.91174,0.7187,6.405200000000001,1.7368000000000001,25.9806,5.7752,15.185,0.5778,13.6064,3.3440000000000003,1.9644,10.6166,0.642,12.967199999999998,15.716399999999998,7.690799999999999,1779.056506444034,1,-59.62988281999992
2025-03-01_Celta Vigo_Girona,2025-03-01,14:00,La Liga,Matchweek 26,Sat,2025,2.0,2.0,Girona,Celta Vigo,Draw,1691.55969238,1,14.0,1.4156,1.5844,1.36626,1.13468,58.7252,12.917200000000001,4.3142,36.098240000000004,1.19042,0.09251000000000001,4.391,1.3320400000000001,-0.25236,8.0582,36.5822,0.98798,1.06798,9.954799999999999,3.0587999999999997,45.0296,10.7456,15.2702,0.9516,25.0004,7.098199999999999,2.6531999999999996,17.9526,3.089,24.1514,27.0118,23.178,1668.58265903118,1668.70300293,0.8398,1.3978,1.08888,0.91296,55.7852,9.7864,3.1342000000000003,38.51386,0.91794,0.093974,3.4,1.03958,-0.35822,8.25,44.104400000000005,0.7707,0.9015199999999999,7.5624,1.3142,48.8168,8.6414,12.9454,2.156,16.7604,4.115,1.4818,14.8508,0.7802,18.6332,19.797,17.2348,1614.4567794906739,1,22.856689449999976
2025-03-01_Betis_Real Madrid,2025-03-01,18:30,La Liga,Matchweek 26,Sat,2025,2.0,1.0,Betis,Real Madrid,Home Win,1701.35119629,1,18.0,1.8684000000000003,1.5314,1.77276,1.1422599999999998,54.0226,13.2754,4.7766,37.58244,1.32286,0.108758,3.0608,0.96774,-0.56366,14.225,31.619,0.87586,0.73366,11.092,2.3204000000000002,38.5666,9.448,18.7688,1.976,16.317800000000002,4.1272,3.2728,18.8658,1.411,25.014000000000003,23.9874,15.4004,1724.044486862734,1969.60864258,1.6742000000000001,1.1226,1.61596,0.9351,65.1954,17.456,5.2042,30.5967,1.33312,0.073962,3.5029999999999997,0.9974999999999999,-0.12510000000000002,10.874,48.730000000000004,1.05398,1.28094,12.8008,1.2964,60.3776,11.8378,14.2742,1.8688,17.1142,5.002000000000001,2.9924000000000004,22.743000000000002,1.7777999999999998,32.1606,30.791,29.749800000000004,1606.56680998446,0,-268.25744628999996
2025-03-01_Rayo Vallecano_Sevilla,2025-03-01,16:15,La Liga,Matchweek 26,Sat,2025,1.0,1.0,Rayo Vallecano,Sevilla,Draw,1662.85705566,1,16.0,1.452,1.1006,1.5077,0.91818,52.9976,13.8674,5.3956,42.69850000000001,1.5077,0.102184,5.0766,1.15658,0.055979999999999974,12.4732,33.675399999999996,1.3277200000000002,1.16012,10.823400000000001,3.4227999999999996,39.3366,7.609,10.9706,0.8154,21.4068,3.5778000000000003,2.7438,18.4778,1.2024,23.6136,19.987,19.535000000000004,1714.084616260624,1677.95178223,2.209,1.5506,1.2762,1.2161,45.909200000000006,10.5358,3.6468,40.0592,1.11796,0.110238,3.9430000000000005,1.14596,-0.40464,14.1784,24.2668,0.88184,0.5322,7.803599999999999,1.2422,29.958399999999997,4.2798,10.831399999999999,0.6175999999999999,12.4564,3.9271999999999996,4.2202,14.248999999999999,1.2396,19.0186,13.928199999999999,14.4204,1675.6167708741,1,-15.09472656999992
2025-03-02_Osasuna_Valencia,2025-03-02,21:00,La Liga,Matchweek 26,Sun,2025,3.0,3.0,Osasuna,Valencia,Draw,1674.67431641,1,21.0,1.3800000000000001,1.3381999999999998,1.04914,1.36158,48.673,10.8646,4.0208,37.18172,0.9758800000000001,0.091384,4.3784,1.21806,-0.12014000000000002,10.698599999999999,29.9662,0.7163200000000001,0.96502,6.493400000000001,4.516,38.965,8.6392,11.776,0.38,26.0666,5.305000000000001,2.5402,12.811,1.98,17.721400000000003,21.6856,14.993199999999998,1754.720685886548,1642.09863281,0.8398,2.3188000000000004,1.2209400000000001,1.8534000000000002,48.028400000000005,10.1928,2.2422,22.5755,1.2209400000000001,0.13058,5.0778,1.7346599999999999,-0.36434,12.8338,35.7454,1.0317399999999999,0.8433200000000001,7.694400000000001,2.419,36.9246,5.4714,13.358999999999998,0.9404,24.3618,4.6654,1.4354,15.1356,0.9581999999999999,17.812,15.8432,14.3642,1699.524321165986,1,32.57568360000005
2025-03-02_Alaves_Mallorca,2025-03-02,18:30,La Liga,Matchweek 26,Sun,2025,1.0,1.0,Mallorca,Alaves,Draw,1659.72143555,1,18.0,1.4686,1.6408,1.25646,1.5256,43.8352,10.947000000000001,2.5504,22.0017,1.08062,0.104494,4.0692,1.5712800000000002,-0.06951999999999998,19.4356,24.5472,0.7348399999999999,0.89358,6.4232,1.776,33.4562,7.1468,13.9542,2.0626,19.9606,3.7388,2.5812,13.3628,1.675,19.032,20.7834,13.375399999999999,1692.644258912402,1615.71643066,2.0024,1.8266,1.22688,1.31362,43.7952,8.645999999999999,3.093,31.228,0.73088,0.090974,3.8230000000000004,1.63284,-0.19376,14.5888,22.3806,0.5730599999999999,0.59264,5.401400000000001,2.5062,29.722400000000004,3.9304000000000006,15.025,0.6764,17.833199999999998,2.714,3.5826000000000002,9.628,2.8865999999999996,16.272000000000002,15.165400000000002,8.4064,1686.658494531362,1,44.00500489000001
2025-03-02_Barcelona_Real Sociedad,2025-03-02,16:15,La Liga,Matchweek 26,Sun,2025,4.0,0.0,Barcelona,Real Sociedad,Home Win,1920.56738281,1,16.0,2.0266,0.714,2.5489,0.75156,67.3096,16.53,5.7584,34.36548,2.3779600000000003,0.13637,2.7252,0.60814,-0.10585999999999998,10.0266,53.5646,1.97148,1.6489400000000003,13.3798,2.2124,60.15560000000001,13.903,17.3718,3.3844,20.990199999999998,8.084600000000002,3.2399999999999998,24.936200000000003,0.7516,30.6048,34.007,24.837400000000002,1613.3291944318821,1721.13134766,0.7004,1.726,1.0128599999999999,1.37554,51.474,9.5076,2.2318,19.544179999999997,1.0128599999999999,0.098188,4.7947999999999995,1.4318399999999998,-0.29416000000000003,11.1168,25.0842,0.84126,1.0172400000000001,6.2468,1.9136,37.742200000000004,7.7658000000000005,13.628599999999999,1.2351999999999999,21.065199999999997,5.4312000000000005,1.2406000000000001,11.674000000000001,2.0422000000000002,16.316,22.797600000000003,13.352,1632.1702547600357,0,199.43603514999995
2025-03-02_Getafe_Leganes,2025-03-02,14:00,La Liga,Matchweek 26,Sun,2025,1.0,0.0,Leganes,Getafe,Home Win,1581.46557617,1,14.0,1.2864,2.323,1.06202,2.24918,39.880399999999995,6.5988,1.514,22.48052,0.41725999999999996,0.057642000000000006,5.3652,2.1833799999999997,-0.13961999999999997,18.881,17.7762,0.32123999999999997,0.41972,4.5004,1.1048,19.7476,4.4586,13.1842,0.3382,10.0658,2.5468,2.5728,6.9172,2.0464,13.2342,8.3696,8.3826,1650.7310818854958,1665.91992188,1.6576,0.5824,0.8491,1.2092600000000002,36.9526,8.9302,3.3902,42.14576,0.67326,0.06163199999999999,4.3738,1.07824,0.49584,20.3542,22.973999999999997,0.44728,0.47036,5.868200000000001,3.0508,19.0536,5.0918,13.477000000000002,0.6002,14.1734,3.1582000000000003,2.2114000000000003,9.183599999999998,1.4796,13.420200000000001,14.7276,6.494,1650.014044066862,0,-84.45434570999987
2025-03-08_Alaves_Villarreal,2025-03-08,16:15,La Liga,Matchweek 27,Sat,2025,1.0,0.0,Alaves,Villarreal,Home Win,1618.68078613,1,16.0,0.358,1.0,1.30088,0.51642,55.104,9.6154,2.6926,25.089079999999996,1.16242,0.11849599999999999,2.0418,0.79506,-0.20493999999999998,12.943800000000001,27.0396,0.8644400000000001,0.9091800000000001,6.5569999999999995,3.0176,32.8388,6.1696,14.9728,1.5823999999999998,26.918,5.4496,0.358,11.0606,2.4582,17.0106,19.3048,15.674199999999999,1672.97197224095,1769.08679199,1.6826,0.916,1.5217600000000002,1.12514,48.0758,11.6314,4.1116,34.91328,1.1072000000000002,0.09618600000000001,4.6972000000000005,1.1493200000000001,0.23332,15.7296,23.156399999999998,0.91128,1.0080399999999998,9.4566,2.8986000000000005,30.7936,7.2094,13.847999999999999,1.4508,18.2648,5.553800000000001,3.205,17.192600000000002,1.5979999999999999,22.343200000000003,21.8826,16.7322,1631.578175242426,0,-150.40600586000005
2025-03-08_Valencia_Valladolid,2025-03-08,18:30,La Liga,Matchweek 27,Sat,2025,2.0,1.0,Valencia,Valladolid,Home Win,1644.76013184,1,18.0,1.1734,1.2508,1.42252,1.08142,43.2314,12.6818,3.5136,34.8142,1.42252,0.145504,3.3424,0.90778,-0.34302,9.352599999999999,29.083199999999998,1.10242,1.22484,9.5816,2.8232,33.4842,8.5412,15.079999999999998,0.5758,21.062599999999996,5.709,2.0086,17.355,1.3676,22.1366,22.9542,16.6792,1678.8545803227403,1531.71020508,0.62,3.7548,0.52252,2.7043,42.809,6.68,2.6598,50.3387,0.52252,0.07204,8.422,2.70216,-1.0526399999999998,16.3738,17.9692,0.45877999999999997,0.39408,4.9152000000000005,1.233,19.1562,3.3626000000000005,11.258799999999999,1.5526,11.931,4.0094,1.24,8.6362,1.6308,12.562000000000001,7.3716,10.1248,1702.389204956016,0,113.04992676000006
2025-03-08_Celta Vigo_Leganes,2025-03-08,14:00,La Liga,Matchweek 27,Sat,2025,2.0,1.0,Celta Vigo,Leganes,Home Win,1671.06164551,1,14.0,1.7777999999999998,0.8351999999999999,1.41738,1.11638,50.47839999999999,10.2372,4.5404,42.90618,1.22202,0.12928,3.3488000000000007,1.06312,0.22791999999999996,16.9726,35.7294,0.97626,0.7768999999999999,7.692399999999999,0.3382,43.3428,7.208,11.7934,2.779,12.3016,3.8862,3.3577999999999997,12.975,1.1258,16.7516,20.7822,15.25,1708.760244533094,1590.43798828,0.3382,1.3502,0.80104,1.5450599999999999,41.357600000000005,9.0334,3.472,39.657880000000006,0.80104,0.091812,4.0642,1.36388,0.013680000000000025,24.224,20.2302,0.5173,0.48974,6.2618,0.3758,27.9074,4.4132,12.28,1.9060000000000001,9.212399999999999,2.6222,0.6764,9.833400000000001,1.4198,14.904,10.3746,7.193600000000001,1716.882785010414,0,80.62365723000016
2025-03-09_Betis_Las Palmas,2025-03-09,18:30,La Liga,Matchweek 27,Sun,2025,1.0,0.0,Betis,Las Palmas,Home Win,1714.44421387,1,18.0,1.8816,1.334,1.73462,0.9738199999999999,53.3972,14.5134,4.2106,31.45644,1.23526,0.08958,2.8104,0.87,-0.46399999999999997,13.4696,33.9206,0.91388,0.7935599999999999,11.6156,1.7558,40.0524,8.715,16.538,1.6342,15.321000000000002,5.0472,3.3456,18.824,2.3026,27.2554,24.1774,17.0142,1757.692282689268,1591.43835449,0.8398,2.0112,0.87738,2.4352400000000003,43.6742,7.4428,2.844,43.29218,0.87738,0.10888199999999999,6.554399999999999,2.4862,0.475,23.0776,27.7896,0.77286,0.64356,5.9204,1.2748,27.613000000000003,5.942,15.787199999999999,0.8642000000000001,14.4996,3.9863999999999997,1.6796,9.6222,1.3104,12.4704,14.9124,6.945200000000001,1699.023156297136,0,123.00585938000017
2025-03-09_Real Sociedad_Sevilla,2025-03-09,21:00,La Liga,Matchweek 27,Sun,2025,0.0,1.0,Real Sociedad,Sevilla,Away Win,1716.07067871,1,21.0,1.3502,0.8132,1.0412400000000002,0.9218,59.1944,11.830200000000001,3.8464,34.530100000000004,1.0412400000000002,0.094808,2.8699999999999997,0.88586,0.07265999999999995,9.94,27.1834,0.77322,0.57122,7.708,1.2992,33.1836,6.5308,16.03,0.7326,22.0856,4.856,2.7004,15.5356,1.7280000000000002,21.2524,19.173000000000002,19.445,1625.033832154424,1679.25598145,1.7998,1.063,1.2373800000000001,1.48986,43.9088,11.3472,3.8263999999999996,35.0081,1.09498,0.09800400000000001,4.2046,1.3890600000000002,0.32606,13.839799999999999,22.1424,0.8824799999999999,0.4513,8.4,1.3621999999999999,28.285800000000002,4.5402,11.192599999999999,0.5558000000000001,14.352599999999999,4.567,3.4216,14.4008,1.7040000000000002,20.1142,14.3118,14.8552,1688.196321606108,2,36.81469726
2025-03-09_Athletic Club_Mallorca,2025-03-09,18:30,La Liga,Matchweek 27,Sun,2025,1.0,1.0,Athletic Club,Mallorca,Draw,1801.01074219,1,18.0,3.0452,0.4044,2.63658,0.75662,50.664199999999994,21.2314,7.2318,33.76888,2.46074,0.126448,2.327,0.5978,0.19340000000000002,6.652,44.6688,1.7164800000000002,1.3746800000000001,16.844,4.5312,48.715599999999995,11.3518,9.781199999999998,1.2573999999999999,29.700999999999997,7.8944,4.8838,28.1082,2.444,37.589,33.5514,24.7606,1682.241260424874,1656.75708008,0.4222,1.7954,1.30802,1.3645,49.28060000000001,10.0186,1.9225999999999999,19.687720000000002,1.16562,0.11505199999999999,4.9072,1.39774,-0.39766000000000007,15.9394,22.3658,0.9815200000000002,0.97434,7.5588,2.4416,33.218399999999995,6.269,11.9038,1.4686,19.2178,3.3255999999999997,0.8444,11.854,2.8928000000000003,18.098200000000002,15.236,14.9596,1646.094287474916,1,144.25366211000005
2025-03-09_Rayo Vallecano_Real Madrid,2025-03-09,16:15,La Liga,Matchweek 27,Sun,2025,2.0,1.0,Real Madrid,Rayo Vallecano,Home Win,1958.61071777,1,16.0,2.5318,0.7736,2.92458,0.95646,62.1942,20.1432,7.2994,35.43332,2.63818,0.136524,2.2964,0.6698999999999999,-0.10369999999999999,8.8546,52.0312,2.44162,2.07452,17.5182,0.7516,52.4446,9.5098,14.6064,3.7826000000000004,14.697600000000001,7.4564,4.3554,29.4654,2.3898,38.175000000000004,36.858799999999995,25.9296,1628.133186179946,1661.55297852,0.7558,0.7802,1.2865,1.5158,50.834399999999995,12.620000000000001,3.2619999999999996,30.63104,1.2865,0.10625000000000001,3.7252,1.06868,0.28848,12.1516,27.6204,0.9436,0.86798,9.1232,1.4264,32.913,5.0988,10.471,2.033,19.2248,5.804,0.9358,14.4322,3.1424,21.585,20.3714,14.788800000000002,1720.0964080839121,0,297.05773925000017
2025-03-10_Espanyol_Girona,2025-03-10,21:00,La Liga,Matchweek 27,Mon,2025,1.0,1.0,Espanyol,Girona,Draw,1616.47021484,1,21.0,1.1978,0.7802,0.92012,1.4437,38.723,10.675,3.5782,34.244,0.92012,0.08645,5.0154,1.05864,0.27844,17.0456,23.297200000000004,0.6782400000000001,0.7496400000000001,6.9686,2.5749999999999997,28.9012,6.8748000000000005,11.291,1.1536,17.7938,2.9708,2.1514,13.512599999999999,1.3914,18.372,13.612400000000001,16.2594,1714.319408250202,1687.63525391,0.536,1.8638,0.53462,2.22688,50.669399999999996,7.1148,2.0354,30.8604,0.53462,0.077186,5.0404,1.94052,-0.022180000000000005,17.4398,34.781800000000004,0.2927,0.56278,4.9812,0.7536,41.857,5.698600000000001,9.9336,0.3978,18.3384,3.0332,1.072,11.431799999999999,0.3204,13.0074,17.1374,19.628,1748.1521946295861,1,-71.16503907000015
2025-03-14_Alaves_Las Palmas,2025-03-14,20:00,La Liga,Matchweek 28,Fri,2025,2.0,2.0,Las Palmas,Alaves,Draw,1587.19055176,1,20.0,0.7558,1.4818,0.93922,1.36192,50.3122,14.096800000000002,4.300800000000001,30.38584,0.81462,0.05658200000000001,3.7458,1.42532,-0.05647999999999996,11.8736,29.5212,0.55154,0.55662,9.9144,1.859,32.346,6.2336,13.118200000000002,1.0808,18.6774,4.3634,1.3138,18.3488,2.2354,26.1664,18.3346,16.2114,1719.702277294502,1628.40649414,1.758,1.5997999999999999,1.30748,1.19136,47.3232,11.5562,4.0606,29.882559999999998,0.8610800000000001,0.072134,3.2640000000000002,1.37216,-0.22763999999999998,13.044,25.849399999999996,0.73346,0.54572,8.191799999999999,3.3324,33.8782,5.0584,15.8554,0.5646,21.6454,4.2078,2.8918,12.0074,4.1632,20.973399999999998,18.400399999999998,9.3424,1683.70896704233,1,-41.21594237999989
